site_id,date,value,unit,parameter_code,parameter_name,record_count,source
USGS-03343395,1984-03-14,0.04,mg/l as P,00665,Total Phosphorus,2,embarrass.xlsx
USGS-03343395,1984-04-09,0.05500000000000001,mg/l as P,00665,Total Phosphorus,2,embarrass.xlsx
USGS-03343395,1984-04-30,0.065,mg/l as P,00665,Total Phosphorus,2,embarrass.xlsx
USGS-03343395,1984-06-07,0.065,mg/l as P,00665,Total Phosphorus,2,embarrass.xlsx
USGS-03343395,1984-07-17,0.07500000000000001,mg/l as P,00665,Total Phosphorus,2,embarrass.xlsx
USGS-03343395,1984-08-28,0.17,mg/l as P,00665,Total Phosphorus,2,embarrass.xlsx
USGS-03343395,1984-10-22,0.13,mg/l as P,00665,Total Phosphorus,2,embarrass.xlsx
USGS-03343395,1984-11-27,0.12,mg/l as P,00665,Total Phosphorus,2,embarrass.xlsx
USGS-03343395,1985-01-07,0.04,mg/l as P,00665,Total Phosphorus,2,embarrass.xlsx
USGS-03343395,1985-02-14,0.04,mg/l as P,00665,Total Phosphorus,2,embarrass.xlsx
USGS-03343395,1985-03-21,0.045,mg/l as P,00665,Total Phosphorus,2,embarrass.xlsx
USGS-03343395,1985-05-09,0.03,mg/l as P,00665,Total Phosphorus,2,embarrass.xlsx
USGS-03343395,1985-06-06,0.065,mg/l as P,00665,Total Phosphorus,2,embarrass.xlsx
USGS-03343395,1985-07-23,0.12,mg/l as P,00665,Total Phosphorus,2,embarrass.xlsx
USGS-03343395,1985-08-29,0.085,mg/l as P,00665,Total Phosphorus,2,embarrass.xlsx
USGS-03343395,1985-10-23,0.5449999999999999,mg/l as P,00665,Total Phosphorus,2,embarrass.xlsx
USGS-03343395,1985-12-09,0.04,mg/l as P,00665,Total Phosphorus,2,embarrass.xlsx
USGS-03343395,1986-02-03,0.025,mg/l as P,00665,Total Phosphorus,2,embarrass.xlsx
USGS-03343395,1986-03-04,0.035,mg/l as P,00665,Total Phosphorus,2,embarrass.xlsx
USGS-03343395,1986-03-27,0.02,mg/l as P,00665,Total Phosphorus,2,embarrass.xlsx
USGS-03343395,1986-04-29,0.05,mg/l as P,00665,Total Phosphorus,2,embarrass.xlsx
USGS-03343395,1986-06-11,0.12,mg/l as P,00665,Total Phosphorus,2,embarrass.xlsx
USGS-03343395,1986-07-10,0.11000000000000001,mg/l as P,00665,Total Phosphorus,2,embarrass.xlsx
USGS-03343395,1986-09-03,0.15,mg/l as P,00665,Total Phosphorus,2,embarrass.xlsx
USGS-03343395,1986-10-02,0.22,mg/l as P,00665,Total Phosphorus,2,embarrass.xlsx
USGS-03343395,1986-11-19,0.065,mg/l as P,00665,Total Phosphorus,2,embarrass.xlsx
USGS-03343395,1987-01-12,0.02,mg/l as P,00665,Total Phosphorus,2,embarrass.xlsx
USGS-03343395,1987-02-11,0.04,mg/l as P,00665,Total Phosphorus,2,embarrass.xlsx
USGS-03343395,1987-03-26,0.01,mg/l as P,00665,Total Phosphorus,2,embarrass.xlsx
USGS-03343395,1987-05-04,0.03,mg/l as P,00665,Total Phosphorus,2,embarrass.xlsx
USGS-03343395,1987-06-16,0.085,mg/l as P,00665,Total Phosphorus,2,embarrass.xlsx
USGS-03343395,1987-08-04,0.175,mg/l as P,00665,Total Phosphorus,2,embarrass.xlsx
USGS-03343395,1987-09-03,0.16,mg/l as P,00665,Total Phosphorus,2,embarrass.xlsx
USGS-03343395,1987-10-14,0.48450000000000004,mg/l as P,00665,Total Phosphorus,2,embarrass.xlsx
USGS-03343395,1987-11-16,0.23,mg/l as P,00665,Total Phosphorus,2,embarrass.xlsx
USGS-03343395,1988-01-06,0.045,mg/l as P,00665,Total Phosphorus,2,embarrass.xlsx
USGS-03343395,1988-02-17,0.05,mg/l as P,00665,Total Phosphorus,2,embarrass.xlsx
USGS-03343395,1988-03-21,0.045,mg/l as P,00665,Total Phosphorus,2,embarrass.xlsx
USGS-03343395,1988-05-10,0.0695,mg/l as P,00665,Total Phosphorus,2,embarrass.xlsx
USGS-03343395,1988-06-16,0.12,mg/l as P,00665,Total Phosphorus,2,embarrass.xlsx
USGS-03343395,1988-07-21,0.37,mg/l as P,00665,Total Phosphorus,2,embarrass.xlsx
USGS-03343395,1988-08-29,0.16,mg/l as P,00665,Total Phosphorus,2,embarrass.xlsx
USGS-03343395,1988-10-31,0.12000000000000001,mg/l as P,00665,Total Phosphorus,2,embarrass.xlsx
USGS-03343395,1988-12-08,0.045,mg/l as P,00665,Total Phosphorus,2,embarrass.xlsx
USGS-03343395,1989-01-11,0.060000000000000005,mg/l as P,00665,Total Phosphorus,2,embarrass.xlsx
USGS-03343395,1989-02-21,0.035,mg/l as P,00665,Total Phosphorus,2,embarrass.xlsx
USGS-03343395,1989-03-29,0.03,mg/l as P,00665,Total Phosphorus,2,embarrass.xlsx
USGS-03343395,1989-05-08,0.045,mg/l as P,00665,Total Phosphorus,2,embarrass.xlsx
USGS-03343395,1989-06-15,0.0805,mg/l as P,00665,Total Phosphorus,2,embarrass.xlsx
USGS-03343395,1989-07-24,0.10500000000000001,mg/l as P,00665,Total Phosphorus,2,embarrass.xlsx
USGS-03343395,1989-08-29,0.20450000000000002,mg/l as P,00665,Total Phosphorus,2,embarrass.xlsx
USGS-03343395,1989-10-30,0.31,mg/l as P,00665,Total Phosphorus,2,embarrass.xlsx
USGS-03343395,1989-11-30,0.08499999999999999,mg/l as P,00665,Total Phosphorus,2,embarrass.xlsx
USGS-03343395,1990-01-10,0.035,mg/l as P,00665,Total Phosphorus,2,embarrass.xlsx
USGS-03343395,1990-02-08,0.05,mg/l as P,00665,Total Phosphorus,2,embarrass.xlsx
USGS-03343395,1990-03-14,0.065,mg/l as P,00665,Total Phosphorus,2,embarrass.xlsx
USGS-03343395,1990-05-01,0.04,mg/l as P,00665,Total Phosphorus,2,embarrass.xlsx
USGS-03343395,1990-06-19,0.19,mg/l as P,00665,Total Phosphorus,2,embarrass.xlsx
USGS-03343395,1990-07-19,0.055,mg/l as P,00665,Total Phosphorus,2,embarrass.xlsx
USGS-03343395,1990-09-06,0.21250000000000002,mg/l as P,00665,Total Phosphorus,2,embarrass.xlsx
USGS-03343395,1990-11-01,0.045,mg/l as P,00665,Total Phosphorus,2,embarrass.xlsx
USGS-03343395,1990-12-11,0.03,mg/l as P,00665,Total Phosphorus,2,embarrass.xlsx
USGS-03343395,1991-01-15,0.065,mg/l as P,00665,Total Phosphorus,2,embarrass.xlsx
USGS-03343395,1991-02-28,0.013,mg/l as P,00665,Total Phosphorus,1,embarrass.xlsx
USGS-03343395,1991-03-25,0.08499999999999999,mg/l as P,00665,Total Phosphorus,2,embarrass.xlsx
USGS-03343395,1991-05-07,0.13,mg/l as P,00665,Total Phosphorus,2,embarrass.xlsx
USGS-03343395,1991-06-03,0.10500000000000001,mg/l as P,00665,Total Phosphorus,2,embarrass.xlsx
USGS-03343395,1991-08-01,0.19,mg/l as P,00665,Total Phosphorus,2,embarrass.xlsx
USGS-03343395,1991-09-18,0.13,mg/l as P,00665,Total Phosphorus,2,embarrass.xlsx
USGS-03343395,1991-10-29,0.157,mg/l as P,00665,Total Phosphorus,2,embarrass.xlsx
USGS-03343395,1991-12-12,0.045,mg/l as P,00665,Total Phosphorus,2,embarrass.xlsx
USGS-03343395,1992-01-29,0.02,mg/l as P,00665,Total Phosphorus,2,embarrass.xlsx
USGS-03343395,1992-03-11,0.035,mg/l as P,00665,Total Phosphorus,2,embarrass.xlsx
USGS-03343395,1992-05-07,0.035,mg/l as P,00665,Total Phosphorus,2,embarrass.xlsx
USGS-03343395,1992-07-01,0.07,mg/l as P,00665,Total Phosphorus,2,embarrass.xlsx
USGS-03343395,1992-09-09,0.13,mg/l as P,00665,Total Phosphorus,2,embarrass.xlsx
USGS-03343395,1993-04-05,0.034,mg/l as P,00665,Total Phosphorus,2,embarrass.xlsx
USGS-03343395,1993-05-19,0.04,mg/l as P,00665,Total Phosphorus,2,embarrass.xlsx
USGS-03343395,1993-06-30,0.11,mg/l as P,00665,Total Phosphorus,2,embarrass.xlsx
USGS-03343395,1993-08-04,0.07,mg/l as P,00665,Total Phosphorus,2,embarrass.xlsx
USGS-03343395,1993-09-14,0.07500000000000001,mg/l as P,00665,Total Phosphorus,2,embarrass.xlsx
USGS-03343395,1994-02-17,0.19,mg/l as P,00665,Total Phosphorus,2,embarrass.xlsx
USGS-03343395,1994-03-09,0.065,mg/l as P,00665,Total Phosphorus,2,embarrass.xlsx
USGS-03343395,1994-04-07,0.055,mg/l as P,00665,Total Phosphorus,2,embarrass.xlsx
USGS-03343395,1994-05-16,0.045,mg/l as P,00665,Total Phosphorus,2,embarrass.xlsx
USGS-03343395,1994-06-27,0.09,mg/l as P,00665,Total Phosphorus,2,embarrass.xlsx
USGS-03343395,1994-08-29,0.155,mg/l as P,00665,Total Phosphorus,2,embarrass.xlsx
USGS-03343395,1994-09-21,0.115,mg/l as P,00665,Total Phosphorus,2,embarrass.xlsx
USGS-03343395,1994-10-26,0.14100000000000001,mg/l as P,00665,Total Phosphorus,2,embarrass.xlsx
USGS-03343395,1994-12-08,0.09,mg/l as P,00665,Total Phosphorus,2,embarrass.xlsx
USGS-03343395,1995-01-24,0.03,mg/l as P,00665,Total Phosphorus,2,embarrass.xlsx
USGS-03343395,1995-02-23,0.02,mg/l as P,00665,Total Phosphorus,2,embarrass.xlsx
USGS-03343395,1995-04-11,0.03,mg/l as P,00665,Total Phosphorus,2,embarrass.xlsx
USGS-03343395,1995-05-18,0.53,mg/l as P,00665,Total Phosphorus,2,embarrass.xlsx
USGS-03343395,1995-07-17,0.09,mg/l as P,00665,Total Phosphorus,2,embarrass.xlsx
USGS-03343395,1995-09-15,0.165,mg/l as P,00665,Total Phosphorus,2,embarrass.xlsx
USGS-03343395,1995-11-01,0.103,mg/l as P,00665,Total Phosphorus,2,embarrass.xlsx
USGS-03343395,1995-12-21,0.03,mg/l as P,00665,Total Phosphorus,2,embarrass.xlsx
USGS-03343395,1996-01-24,0.156,mg/l as P,00665,Total Phosphorus,2,embarrass.xlsx
USGS-03343395,1996-02-27,0.21500000000000002,mg/l as P,00665,Total Phosphorus,2,embarrass.xlsx
USGS-03343395,1996-03-21,0.015,mg/l as P,00665,Total Phosphorus,2,embarrass.xlsx
USGS-03343395,1996-05-07,0.10500000000000001,mg/l as P,00665,Total Phosphorus,2,embarrass.xlsx
USGS-03343395,1996-06-20,0.15,mg/l as P,00665,Total Phosphorus,2,embarrass.xlsx
USGS-03343395,1996-07-24,0.08,mg/l as P,00665,Total Phosphorus,2,embarrass.xlsx
USGS-03343395,1996-08-22,0.11000000000000001,mg/l as P,00665,Total Phosphorus,2,embarrass.xlsx
USGS-03343395,1996-10-31,0.12,mg/l as P,00665,Total Phosphorus,2,embarrass.xlsx
USGS-03343395,1996-12-04,0.045,mg/l as P,00665,Total Phosphorus,2,embarrass.xlsx
USGS-03343395,1997-01-21,0.015,mg/l as P,00665,Total Phosphorus,2,embarrass.xlsx
USGS-03343395,1997-02-20,0.04,mg/l as P,00665,Total Phosphorus,2,embarrass.xlsx
USGS-03343395,1997-03-19,0.055,mg/l as P,00665,Total Phosphorus,2,embarrass.xlsx
USGS-03343395,1997-04-15,0.025,mg/l as P,00665,Total Phosphorus,2,embarrass.xlsx
USGS-03343450,2004-09-29,0.028499999999999998,mg/l as P,00665,Total Phosphorus,2,embarrass.xlsx
USGS-03344000,1973-07-12,0.41000000000000003,mg/l as P,00665,Total Phosphorus,2,embarrass.xlsx
USGS-03344000,1973-08-08,0.24,mg/l as P,00665,Total Phosphorus,2,embarrass.xlsx
USGS-03344000,1973-09-12,0.995,mg/l as P,00665,Total Phosphorus,2,embarrass.xlsx
USGS-03344000,1973-10-12,0.79,mg/l as P,00665,Total Phosphorus,2,embarrass.xlsx
USGS-03344000,1973-11-08,0.9249999999999999,mg/l as P,00665,Total Phosphorus,2,embarrass.xlsx
USGS-03344000,1973-12-07,0.16,mg/l as P,00665,Total Phosphorus,1,embarrass.xlsx
USGS-03344000,1974-01-09,0.07,mg/l as P,00665,Total Phosphorus,1,embarrass.xlsx
USGS-03344000,1974-02-07,0.1,mg/l as P,00665,Total Phosphorus,1,embarrass.xlsx
USGS-03344000,1974-03-07,0.29,mg/l as P,00665,Total Phosphorus,1,embarrass.xlsx
USGS-03344000,1974-04-04,0.11,mg/l as P,00665,Total Phosphorus,1,embarrass.xlsx
USGS-03344000,1974-05-08,0.07,mg/l as P,00665,Total Phosphorus,1,embarrass.xlsx
USGS-03344000,1974-06-05,0.19,mg/l as P,00665,Total Phosphorus,1,embarrass.xlsx
USGS-03344000,1974-07-30,0.17,mg/l as P,00665,Total Phosphorus,2,embarrass.xlsx
USGS-03344000,1974-09-04,0.23,mg/l as P,00665,Total Phosphorus,2,embarrass.xlsx
USGS-03344000,1974-10-09,0.34,mg/l as P,00665,Total Phosphorus,1,embarrass.xlsx
USGS-03344000,1974-11-06,0.73,mg/l as P,00665,Total Phosphorus,1,embarrass.xlsx
USGS-03344000,1974-12-04,0.26,mg/l as P,00665,Total Phosphorus,1,embarrass.xlsx
USGS-03344000,1975-01-07,0.11,mg/l as P,00665,Total Phosphorus,1,embarrass.xlsx
USGS-03344000,1975-02-05,0.15,mg/l as P,00665,Total Phosphorus,1,embarrass.xlsx
USGS-03344000,1975-03-06,0.12,mg/l as P,00665,Total Phosphorus,1,embarrass.xlsx
USGS-03344000,1975-04-08,0.10500000000000001,mg/l as P,00665,Total Phosphorus,2,embarrass.xlsx
USGS-03344000,1975-05-12,0.37,mg/l as P,00665,Total Phosphorus,1,embarrass.xlsx
USGS-03344000,1975-06-04,0.15000000000000002,mg/l as P,00665,Total Phosphorus,2,embarrass.xlsx
USGS-03344000,1975-07-10,0.27,mg/l as P,00665,Total Phosphorus,1,embarrass.xlsx
USGS-03344000,1975-08-08,0.18,mg/l as P,00665,Total Phosphorus,1,embarrass.xlsx
USGS-03344000,1975-09-05,0.28,mg/l as P,00665,Total Phosphorus,1,embarrass.xlsx
USGS-03344000,1975-10-01,0.27,mg/l as P,00665,Total Phosphorus,1,embarrass.xlsx
USGS-03344000,1975-11-07,0.42,mg/l as P,00665,Total Phosphorus,1,embarrass.xlsx
USGS-03344000,1975-12-01,0.2,mg/l as P,00665,Total Phosphorus,1,embarrass.xlsx
USGS-03344000,1976-01-13,0.18,mg/l as P,00665,Total Phosphorus,1,embarrass.xlsx
USGS-03344000,1976-02-11,0.62,mg/l as P,00665,Total Phosphorus,1,embarrass.xlsx
USGS-03344000,1976-03-19,0.11,mg/l as P,00665,Total Phosphorus,1,embarrass.xlsx
USGS-03344000,1976-04-20,0.28,mg/l as P,00665,Total Phosphorus,1,embarrass.xlsx
USGS-03344000,1976-05-19,0.26,mg/l as P,00665,Total Phosphorus,1,embarrass.xlsx
USGS-03344000,1976-06-16,0.37,mg/l as P,00665,Total Phosphorus,1,embarrass.xlsx
USGS-03344000,1976-07-27,0.3,mg/l as P,00665,Total Phosphorus,1,embarrass.xlsx
USGS-03344000,1976-08-17,0.38,mg/l as P,00665,Total Phosphorus,1,embarrass.xlsx
USGS-03344000,1976-10-05,0.99,mg/l as P,00665,Total Phosphorus,1,embarrass.xlsx
USGS-03344000,1978-01-05,0.12,mg/l as P,00665,Total Phosphorus,1,embarrass.xlsx
USGS-03344000,1978-02-08,0.36,mg/l as P,00665,Total Phosphorus,1,embarrass.xlsx
USGS-03344000,1978-04-03,2.0,mg/l as P,00665,Total Phosphorus,1,embarrass.xlsx
USGS-03344000,1978-05-02,0.12,mg/l as P,00665,Total Phosphorus,1,embarrass.xlsx
USGS-03344000,1978-05-24,0.28,mg/l as P,00665,Total Phosphorus,1,embarrass.xlsx
USGS-03344000,1978-07-03,0.37,mg/l as P,00665,Total Phosphorus,1,embarrass.xlsx
USGS-03344000,1978-07-19,0.16,mg/l as P,00665,Total Phosphorus,1,embarrass.xlsx
USGS-03344000,1978-08-01,0.24,mg/l as P,00665,Total Phosphorus,1,embarrass.xlsx
USGS-03344000,1978-09-12,0.16,mg/l as P,00665,Total Phosphorus,1,embarrass.xlsx
USGS-03344000,1978-10-10,0.36,mg/l as P,00665,Total Phosphorus,1,embarrass.xlsx
USGS-03344000,1978-11-14,1.0,mg/l as P,00665,Total Phosphorus,1,embarrass.xlsx
USGS-03344000,1978-12-27,0.12,mg/l as P,00665,Total Phosphorus,1,embarrass.xlsx
USGS-03344000,1979-01-18,0.13,mg/l as P,00665,Total Phosphorus,1,embarrass.xlsx
USGS-03344000,1979-02-14,0.24,mg/l as P,00665,Total Phosphorus,1,embarrass.xlsx
USGS-03344000,1979-03-13,0.15,mg/l as P,00665,Total Phosphorus,1,embarrass.xlsx
USGS-03344000,1979-04-05,0.13,mg/l as P,00665,Total Phosphorus,2,embarrass.xlsx
USGS-03344000,1979-05-15,0.18,mg/l as P,00665,Total Phosphorus,1,embarrass.xlsx
USGS-03344000,1979-06-14,0.265,mg/l as P,00665,Total Phosphorus,2,embarrass.xlsx
USGS-03344000,1979-07-11,0.3,mg/l as P,00665,Total Phosphorus,1,embarrass.xlsx
USGS-03344000,1979-08-09,0.18,mg/l as P,00665,Total Phosphorus,1,embarrass.xlsx
USGS-03344000,1979-09-12,0.18,mg/l as P,00665,Total Phosphorus,1,embarrass.xlsx
USGS-03344000,1979-10-10,0.455,mg/l as P,00665,Total Phosphorus,2,embarrass.xlsx
USGS-03344000,1979-12-17,0.325,mg/l as P,00665,Total Phosphorus,2,embarrass.xlsx
USGS-03344000,1980-01-21,0.19,mg/l as P,00665,Total Phosphorus,2,embarrass.xlsx
USGS-03344000,1980-04-01,0.19,mg/l as P,00665,Total Phosphorus,2,embarrass.xlsx
USGS-03344000,1980-05-01,0.115,mg/l as P,00665,Total Phosphorus,4,embarrass.xlsx
USGS-03344000,1980-07-22,0.2,mg/l as P,00665,Total Phosphorus,1,embarrass.xlsx
USGS-03344000,1980-08-19,0.69,mg/l as P,00665,Total Phosphorus,1,embarrass.xlsx
USGS-03344000,1980-09-18,0.27,mg/l as P,00665,Total Phosphorus,1,embarrass.xlsx
USGS-03344000,1980-10-07,0.16,mg/l as P,00665,Total Phosphorus,1,embarrass.xlsx
USGS-03344000,1981-03-12,0.09,mg/l as P,00665,Total Phosphorus,1,embarrass.xlsx
USGS-03344000,1981-03-25,0.16,mg/l as P,00665,Total Phosphorus,2,embarrass.xlsx
USGS-03344000,1981-04-14,0.13,mg/l as P,00665,Total Phosphorus,1,embarrass.xlsx
USGS-03344000,1981-05-15,0.1,mg/l as P,00665,Total Phosphorus,1,embarrass.xlsx
USGS-03344000,1981-06-18,0.12,mg/l as P,00665,Total Phosphorus,1,embarrass.xlsx
USGS-03344000,1981-09-24,0.14100000000000001,mg/l as P,00665,Total Phosphorus,2,embarrass.xlsx
USGS-03344000,1981-09-30,0.234,mg/l as P,00665,Total Phosphorus,2,embarrass.xlsx
USGS-03344000,1981-11-23,0.15000000000000002,mg/l as P,00665,Total Phosphorus,2,embarrass.xlsx
USGS-03344000,1982-01-07,0.155,mg/l as P,00665,Total Phosphorus,2,embarrass.xlsx
USGS-03344000,1982-03-08,0.085,mg/l as P,00665,Total Phosphorus,2,embarrass.xlsx
USGS-03344000,1982-03-30,0.15,mg/l as P,00665,Total Phosphorus,2,embarrass.xlsx
USGS-03344000,1982-04-28,0.1,mg/l as P,00665,Total Phosphorus,2,embarrass.xlsx
USGS-03344000,1982-06-03,0.325,mg/l as P,00665,Total Phosphorus,2,embarrass.xlsx
USGS-03344000,1982-07-19,0.14,mg/l as P,00665,Total Phosphorus,2,embarrass.xlsx
USGS-03344000,1982-09-22,0.19,mg/l as P,00665,Total Phosphorus,2,embarrass.xlsx
USGS-03344000,1982-10-25,0.18,mg/l as P,00665,Total Phosphorus,2,embarrass.xlsx
USGS-03344000,1982-12-06,0.265,mg/l as P,00665,Total Phosphorus,2,embarrass.xlsx
USGS-03344000,1983-01-10,0.08499999999999999,mg/l as P,00665,Total Phosphorus,2,embarrass.xlsx
USGS-03344000,1983-02-23,0.08,mg/l as P,00665,Total Phosphorus,2,embarrass.xlsx
USGS-03344000,1983-03-24,0.08499999999999999,mg/l as P,00665,Total Phosphorus,2,embarrass.xlsx
USGS-03344000,1983-04-21,0.075,mg/l as P,00665,Total Phosphorus,2,embarrass.xlsx
USGS-03344000,1983-05-31,0.1,mg/l as P,00665,Total Phosphorus,2,embarrass.xlsx
USGS-03344000,1983-08-22,0.375,mg/l as P,00665,Total Phosphorus,2,embarrass.xlsx
USGS-03344000,1983-09-26,0.85,mg/l as P,00665,Total Phosphorus,2,embarrass.xlsx
USGS-03344000,1983-10-20,0.14500000000000002,mg/l as P,00665,Total Phosphorus,2,embarrass.xlsx
USGS-03344000,1983-12-15,0.27,mg/l as P,00665,Total Phosphorus,2,embarrass.xlsx
USGS-03344000,1984-03-13,0.11,mg/l as P,00665,Total Phosphorus,2,embarrass.xlsx
USGS-03344000,1984-04-18,0.065,mg/l as P,00665,Total Phosphorus,2,embarrass.xlsx
USGS-03344000,1984-05-09,0.14,mg/l as P,00665,Total Phosphorus,2,embarrass.xlsx
USGS-03344000,1984-06-18,0.175,mg/l as P,00665,Total Phosphorus,2,embarrass.xlsx
USGS-03344000,1984-07-12,0.195,mg/l as P,00665,Total Phosphorus,2,embarrass.xlsx
USGS-03344000,1984-08-13,0.355,mg/l as P,00665,Total Phosphorus,2,embarrass.xlsx
USGS-03344000,1984-09-13,0.7150000000000001,mg/l as P,00665,Total Phosphorus,2,embarrass.xlsx
USGS-03344000,1984-11-01,0.5549999999999999,mg/l as P,00665,Total Phosphorus,2,embarrass.xlsx
USGS-03344000,1984-12-05,0.185,mg/l as P,00665,Total Phosphorus,2,embarrass.xlsx
USGS-03344000,1985-02-06,0.2,mg/l as P,00665,Total Phosphorus,2,embarrass.xlsx
USGS-03344000,1985-03-06,0.23500000000000001,mg/l as P,00665,Total Phosphorus,2,embarrass.xlsx
USGS-03344000,1985-04-08,0.18,mg/l as P,00665,Total Phosphorus,2,embarrass.xlsx
USGS-03344000,1985-05-20,0.125,mg/l as P,00665,Total Phosphorus,2,embarrass.xlsx
USGS-03344000,1985-06-24,0.155,mg/l as P,00665,Total Phosphorus,2,embarrass.xlsx
USGS-03344000,1985-07-30,0.21500000000000002,mg/l as P,00665,Total Phosphorus,2,embarrass.xlsx
USGS-03344000,1985-09-09,0.325,mg/l as P,00665,Total Phosphorus,2,embarrass.xlsx
USGS-03344000,1985-10-28,0.77,mg/l as P,00665,Total Phosphorus,2,embarrass.xlsx
USGS-03344000,1985-12-03,0.185,mg/l as P,00665,Total Phosphorus,2,embarrass.xlsx
USGS-03344000,1986-01-14,0.135,mg/l as P,00665,Total Phosphorus,2,embarrass.xlsx
USGS-03344000,1986-02-11,0.09000000000000001,mg/l as P,00665,Total Phosphorus,2,embarrass.xlsx
USGS-03344000,1986-03-20,0.135,mg/l as P,00665,Total Phosphorus,2,embarrass.xlsx
USGS-03344000,1986-04-28,0.12000000000000001,mg/l as P,00665,Total Phosphorus,2,embarrass.xlsx
USGS-03344000,1986-06-10,0.21000000000000002,mg/l as P,00665,Total Phosphorus,2,embarrass.xlsx
USGS-03344000,1986-07-09,0.18,mg/l as P,00665,Total Phosphorus,2,embarrass.xlsx
USGS-03344000,1986-08-27,0.28,mg/l as P,00665,Total Phosphorus,2,embarrass.xlsx
USGS-03344000,1986-10-01,0.87,mg/l as P,00665,Total Phosphorus,2,embarrass.xlsx
USGS-03344000,1986-11-12,0.265,mg/l as P,00665,Total Phosphorus,2,embarrass.xlsx
USGS-03344000,1987-01-05,0.165,mg/l as P,00665,Total Phosphorus,2,embarrass.xlsx
USGS-03344000,1987-02-04,0.07500000000000001,mg/l as P,00665,Total Phosphorus,2,embarrass.xlsx
USGS-03344000,1987-03-18,0.12,mg/l as P,00665,Total Phosphorus,2,embarrass.xlsx
USGS-03344000,1987-04-27,0.085,mg/l as P,00665,Total Phosphorus,2,embarrass.xlsx
USGS-03344000,1987-05-26,0.14,mg/l as P,00665,Total Phosphorus,2,embarrass.xlsx
USGS-03344000,1987-07-20,0.14500000000000002,mg/l as P,00665,Total Phosphorus,2,embarrass.xlsx
USGS-03344000,1987-08-20,0.30500000000000005,mg/l as P,00665,Total Phosphorus,2,embarrass.xlsx
USGS-03344000,1987-10-15,0.77,mg/l as P,00665,Total Phosphorus,2,embarrass.xlsx
USGS-03344000,1987-12-01,0.235,mg/l as P,00665,Total Phosphorus,2,embarrass.xlsx
USGS-03344000,1988-01-04,0.115,mg/l as P,00665,Total Phosphorus,2,embarrass.xlsx
USGS-03344000,1988-02-16,0.11000000000000001,mg/l as P,00665,Total Phosphorus,2,embarrass.xlsx
USGS-03344000,1988-03-17,0.07500000000000001,mg/l as P,00665,Total Phosphorus,2,embarrass.xlsx
USGS-03344000,1988-05-04,0.105,mg/l as P,00665,Total Phosphorus,2,embarrass.xlsx
USGS-03344000,1988-06-14,0.21,mg/l as P,00665,Total Phosphorus,2,embarrass.xlsx
USGS-03344000,1988-07-19,0.18,mg/l as P,00665,Total Phosphorus,2,embarrass.xlsx
USGS-03344000,1988-08-24,0.395,mg/l as P,00665,Total Phosphorus,2,embarrass.xlsx
USGS-03344000,1988-10-27,1.45,mg/l as P,00665,Total Phosphorus,2,embarrass.xlsx
USGS-03344000,1988-12-06,0.21000000000000002,mg/l as P,00665,Total Phosphorus,2,embarrass.xlsx
USGS-03344000,1989-01-09,0.2,mg/l as P,00665,Total Phosphorus,2,embarrass.xlsx
USGS-03344000,1989-02-09,0.11499999999999999,mg/l as P,00665,Total Phosphorus,2,embarrass.xlsx
USGS-03344000,1989-03-21,0.24,mg/l as P,00665,Total Phosphorus,2,embarrass.xlsx
USGS-03344000,1989-05-01,0.2,mg/l as P,00665,Total Phosphorus,2,embarrass.xlsx
USGS-03344000,1989-06-01,0.16,mg/l as P,00665,Total Phosphorus,2,embarrass.xlsx
USGS-03344000,1989-07-19,0.155,mg/l as P,00665,Total Phosphorus,2,embarrass.xlsx
USGS-03344000,1989-08-23,0.29500000000000004,mg/l as P,00665,Total Phosphorus,2,embarrass.xlsx
USGS-03344000,1989-10-26,0.27,mg/l as P,00665,Total Phosphorus,2,embarrass.xlsx
USGS-03344000,1989-11-21,0.175,mg/l as P,00665,Total Phosphorus,2,embarrass.xlsx
USGS-03344000,1990-01-08,0.157,mg/l as P,00665,Total Phosphorus,2,embarrass.xlsx
USGS-03344000,1990-02-06,0.1245,mg/l as P,00665,Total Phosphorus,2,embarrass.xlsx
USGS-03344000,1990-03-12,0.225,mg/l as P,00665,Total Phosphorus,2,embarrass.xlsx
USGS-03344000,1990-04-26,0.085,mg/l as P,00665,Total Phosphorus,2,embarrass.xlsx
USGS-03344000,1990-05-31,0.13,mg/l as P,00665,Total Phosphorus,2,embarrass.xlsx
USGS-03344000,1990-07-03,0.131,mg/l as P,00665,Total Phosphorus,2,embarrass.xlsx
USGS-03344000,1990-09-10,0.43000000000000005,mg/l as P,00665,Total Phosphorus,2,embarrass.xlsx
USGS-03344000,1990-10-17,0.20500000000000002,mg/l as P,00665,Total Phosphorus,2,embarrass.xlsx
USGS-03344000,1990-11-19,0.16,mg/l as P,00665,Total Phosphorus,2,embarrass.xlsx
USGS-03344000,1990-12-19,0.14500000000000002,mg/l as P,00665,Total Phosphorus,2,embarrass.xlsx
USGS-03344000,1991-01-30,0.07,mg/l as P,00665,Total Phosphorus,2,embarrass.xlsx
USGS-03344000,1991-03-13,0.17,mg/l as P,00665,Total Phosphorus,2,embarrass.xlsx
USGS-03344000,1991-05-06,0.11,mg/l as P,00665,Total Phosphorus,2,embarrass.xlsx
USGS-03344000,1991-06-03,0.16,mg/l as P,00665,Total Phosphorus,2,embarrass.xlsx
USGS-03344000,1991-08-08,0.29000000000000004,mg/l as P,00665,Total Phosphorus,2,embarrass.xlsx
USGS-03344000,1991-09-25,0.652,mg/l as P,00665,Total Phosphorus,2,embarrass.xlsx
USGS-03344000,1991-11-12,0.315,mg/l as P,00665,Total Phosphorus,2,embarrass.xlsx
USGS-03344000,1991-12-18,0.08,mg/l as P,00665,Total Phosphorus,2,embarrass.xlsx
USGS-03344000,1992-01-08,0.07,mg/l as P,00665,Total Phosphorus,2,embarrass.xlsx
USGS-03344000,1992-03-11,0.095,mg/l as P,00665,Total Phosphorus,2,embarrass.xlsx
USGS-03344000,1992-04-23,0.2,mg/l as P,00665,Total Phosphorus,2,embarrass.xlsx
USGS-03344000,1992-05-21,0.09,mg/l as P,00665,Total Phosphorus,2,embarrass.xlsx
USGS-03344000,1992-07-07,0.25,mg/l as P,00665,Total Phosphorus,2,embarrass.xlsx
USGS-03344000,1992-08-13,0.115,mg/l as P,00665,Total Phosphorus,2,embarrass.xlsx
USGS-03344000,1992-09-03,0.25,mg/l as P,00665,Total Phosphorus,2,embarrass.xlsx
USGS-03344000,1993-01-12,0.1,mg/l as P,00665,Total Phosphorus,2,embarrass.xlsx
USGS-03344000,1993-02-23,0.095,mg/l as P,00665,Total Phosphorus,2,embarrass.xlsx
USGS-03344000,1993-03-15,0.0905,mg/l as P,00665,Total Phosphorus,2,embarrass.xlsx
USGS-03344000,1993-05-12,0.077,mg/l as P,00665,Total Phosphorus,2,embarrass.xlsx
USGS-03344000,1993-06-30,0.14,mg/l as P,00665,Total Phosphorus,2,embarrass.xlsx
USGS-03344000,1993-08-03,0.11499999999999999,mg/l as P,00665,Total Phosphorus,2,embarrass.xlsx
USGS-03344000,1993-09-15,0.271,mg/l as P,00665,Total Phosphorus,2,embarrass.xlsx
USGS-03344000,1993-10-06,0.085,mg/l as P,00665,Total Phosphorus,2,embarrass.xlsx
USGS-03344000,1994-02-16,0.085,mg/l as P,00665,Total Phosphorus,2,embarrass.xlsx
USGS-03344000,1994-03-28,0.065,mg/l as P,00665,Total Phosphorus,2,embarrass.xlsx
USGS-03344000,1994-05-18,0.078,mg/l as P,00665,Total Phosphorus,2,embarrass.xlsx
USGS-03344000,1994-06-29,0.17,mg/l as P,00665,Total Phosphorus,2,embarrass.xlsx
USGS-03344000,1994-08-09,0.125,mg/l as P,00665,Total Phosphorus,2,embarrass.xlsx
USGS-03344000,1994-09-21,0.19,mg/l as P,00665,Total Phosphorus,2,embarrass.xlsx
USGS-03344000,1994-11-14,0.16,mg/l as P,00665,Total Phosphorus,2,embarrass.xlsx
USGS-03344000,1994-12-20,0.11,mg/l as P,00665,Total Phosphorus,1,embarrass.xlsx
USGS-03344000,1995-01-09,0.12,mg/l as P,00665,Total Phosphorus,2,embarrass.xlsx
USGS-03344000,1995-03-14,0.10500000000000001,mg/l as P,00665,Total Phosphorus,2,embarrass.xlsx
USGS-03344000,1995-04-03,0.045,mg/l as P,00665,Total Phosphorus,2,embarrass.xlsx
USGS-03344000,1995-05-16,0.10500000000000001,mg/l as P,00665,Total Phosphorus,2,embarrass.xlsx
USGS-03344000,1995-06-26,0.145,mg/l as P,00665,Total Phosphorus,2,embarrass.xlsx
USGS-03344000,1995-08-14,0.22,mg/l as P,00665,Total Phosphorus,2,embarrass.xlsx
USGS-03344000,1995-09-28,0.245,mg/l as P,00665,Total Phosphorus,2,embarrass.xlsx
USGS-03344000,1995-10-26,0.265,mg/l as P,00665,Total Phosphorus,2,embarrass.xlsx
USGS-03344000,1995-12-18,0.188,mg/l as P,00665,Total Phosphorus,2,embarrass.xlsx
USGS-03344000,1996-02-01,0.08499999999999999,mg/l as P,00665,Total Phosphorus,2,embarrass.xlsx
USGS-03344000,1996-03-11,0.05,mg/l as P,00665,Total Phosphorus,2,embarrass.xlsx
USGS-03344000,1996-04-15,0.06,mg/l as P,00665,Total Phosphorus,2,embarrass.xlsx
USGS-03344000,1996-05-07,0.275,mg/l as P,00665,Total Phosphorus,2,embarrass.xlsx
USGS-03344000,1996-07-01,0.09,mg/l as P,00665,Total Phosphorus,2,embarrass.xlsx
USGS-03344000,1996-08-05,0.13,mg/l as P,00665,Total Phosphorus,2,embarrass.xlsx
USGS-03344000,1996-09-10,0.63,mg/l as P,00665,Total Phosphorus,2,embarrass.xlsx
USGS-03344000,1996-10-07,0.475,mg/l as P,00665,Total Phosphorus,2,embarrass.xlsx
USGS-03344000,1996-12-10,0.125,mg/l as P,00665,Total Phosphorus,2,embarrass.xlsx
USGS-03344000,1997-01-23,0.51,mg/l as P,00665,Total Phosphorus,2,embarrass.xlsx
USGS-03344000,1997-03-10,0.27,mg/l as P,00665,Total Phosphorus,2,embarrass.xlsx
USGS-03344000,1997-04-14,0.035,mg/l as P,00665,Total Phosphorus,2,embarrass.xlsx
USGS-03344435,2004-09-28,0.05500000000000001,mg/l as P,00665,Total Phosphorus,2,embarrass.xlsx
USGS-03345500,1977-10-24,0.22,mg/l as P,00665,Total Phosphorus,1,embarrass.xlsx
USGS-03345500,1977-11-14,0.34,mg/l as P,00665,Total Phosphorus,1,embarrass.xlsx
USGS-03345500,1984-03-06,0.18000000000000002,mg/l as P,00665,Total Phosphorus,2,embarrass.xlsx
USGS-03345500,1984-04-04,0.3,mg/l as P,00665,Total Phosphorus,2,embarrass.xlsx
USGS-03345500,1984-05-29,0.5599999999999999,mg/l as P,00665,Total Phosphorus,2,embarrass.xlsx
USGS-03345500,1984-06-11,0.10500000000000001,mg/l as P,00665,Total Phosphorus,2,embarrass.xlsx
USGS-03345500,1984-07-25,0.07,mg/l as P,00665,Total Phosphorus,2,embarrass.xlsx
USGS-03345500,1984-09-12,0.155,mg/l as P,00665,Total Phosphorus,2,embarrass.xlsx
USGS-03345500,1984-11-07,0.185,mg/l as P,00665,Total Phosphorus,2,embarrass.xlsx
USGS-03345500,1984-12-17,0.19,mg/l as P,00665,Total Phosphorus,2,embarrass.xlsx
USGS-03345500,1985-01-16,0.11,mg/l as P,00665,Total Phosphorus,2,embarrass.xlsx
USGS-03345500,1985-02-25,0.4,mg/l as P,00665,Total Phosphorus,2,embarrass.xlsx
USGS-03345500,1985-04-17,0.10500000000000001,mg/l as P,00665,Total Phosphorus,2,embarrass.xlsx
USGS-03345500,1985-05-28,0.10500000000000001,mg/l as P,00665,Total Phosphorus,2,embarrass.xlsx
USGS-03345500,1985-06-24,0.25,mg/l as P,00665,Total Phosphorus,2,embarrass.xlsx
USGS-03345500,1985-07-22,0.14500000000000002,mg/l as P,00665,Total Phosphorus,2,embarrass.xlsx
USGS-03345500,1985-09-25,0.09,mg/l as P,00665,Total Phosphorus,2,embarrass.xlsx
USGS-03345500,1985-10-29,0.075,mg/l as P,00665,Total Phosphorus,2,embarrass.xlsx
USGS-03345500,1985-11-20,0.47,mg/l as P,00665,Total Phosphorus,2,embarrass.xlsx
USGS-03345500,1986-01-09,0.06,mg/l as P,00665,Total Phosphorus,2,embarrass.xlsx
USGS-03345500,1986-02-10,0.15,mg/l as P,00665,Total Phosphorus,2,embarrass.xlsx
USGS-03345500,1986-04-10,0.049999999999999996,mg/l as P,00665,Total Phosphorus,2,embarrass.xlsx
USGS-03345500,1986-05-28,0.19,mg/l as P,00665,Total Phosphorus,2,embarrass.xlsx
USGS-03345500,1986-06-25,0.14500000000000002,mg/l as P,00665,Total Phosphorus,2,embarrass.xlsx
USGS-03345500,1986-07-23,0.085,mg/l as P,00665,Total Phosphorus,2,embarrass.xlsx
USGS-03345500,1986-08-26,0.065,mg/l as P,00665,Total Phosphorus,2,embarrass.xlsx
USGS-03345500,1986-10-28,0.455,mg/l as P,00665,Total Phosphorus,2,embarrass.xlsx
USGS-03345500,1986-11-17,0.13,mg/l as P,00665,Total Phosphorus,2,embarrass.xlsx
USGS-03345500,1986-12-08,0.19,mg/l as P,00665,Total Phosphorus,2,embarrass.xlsx
USGS-03345500,1987-01-05,0.11,mg/l as P,00665,Total Phosphorus,2,embarrass.xlsx
USGS-03345500,1987-01-22,0.12000000000000001,mg/l as P,00665,Total Phosphorus,2,embarrass.xlsx
USGS-03345500,1987-02-18,0.075,mg/l as P,00665,Total Phosphorus,2,embarrass.xlsx
USGS-03345500,1987-02-23,0.10500000000000001,mg/l as P,00665,Total Phosphorus,2,embarrass.xlsx
USGS-03345500,1987-04-14,1.685,mg/l as P,00665,Total Phosphorus,2,embarrass.xlsx
USGS-03345500,1987-04-16,0.32,mg/l as P,00665,Total Phosphorus,2,embarrass.xlsx
USGS-03345500,1987-05-27,0.034999999999999996,mg/l as P,00665,Total Phosphorus,2,embarrass.xlsx
USGS-03345500,1987-07-14,0.2383333333333333,mg/l as P,00665,Total Phosphorus,6,embarrass.xlsx
USGS-03345500,1987-08-24,0.12,mg/l as P,00665,Total Phosphorus,2,embarrass.xlsx
USGS-03345500,1987-08-26,0.11,mg/l as P,00665,Total Phosphorus,2,embarrass.xlsx
USGS-03345500,1987-09-23,0.08,mg/l as P,00665,Total Phosphorus,2,embarrass.xlsx
USGS-03345500,1987-10-05,0.07,mg/l as P,00665,Total Phosphorus,2,embarrass.xlsx
USGS-03345500,1987-11-17,0.07500000000000001,mg/l as P,00665,Total Phosphorus,6,embarrass.xlsx
USGS-03345500,1988-01-05,0.1325,mg/l as P,00665,Total Phosphorus,4,embarrass.xlsx
USGS-03345500,1988-02-24,0.1275,mg/l as P,00665,Total Phosphorus,4,embarrass.xlsx
USGS-03345500,1988-04-13,0.09000000000000001,mg/l as P,00665,Total Phosphorus,4,embarrass.xlsx
USGS-03345500,1988-05-25,0.1095,mg/l as P,00665,Total Phosphorus,4,embarrass.xlsx
USGS-03345500,1988-07-12,0.1375,mg/l as P,00665,Total Phosphorus,4,embarrass.xlsx
USGS-03345500,1988-08-24,0.14500000000000002,mg/l as P,00665,Total Phosphorus,4,embarrass.xlsx
USGS-03345500,1988-10-24,0.1385,mg/l as P,00665,Total Phosphorus,4,embarrass.xlsx
USGS-03345500,1988-11-17,0.435,mg/l as P,00665,Total Phosphorus,4,embarrass.xlsx
USGS-03345500,1989-01-10,0.23,mg/l as P,00665,Total Phosphorus,4,embarrass.xlsx
USGS-03345500,1989-02-24,0.1175,mg/l as P,00665,Total Phosphorus,4,embarrass.xlsx
USGS-03345500,1989-04-13,0.10250000000000001,mg/l as P,00665,Total Phosphorus,4,embarrass.xlsx
USGS-03345500,1989-05-17,0.096,mg/l as P,00665,Total Phosphorus,4,embarrass.xlsx
USGS-03345500,1989-07-12,0.09000000000000001,mg/l as P,00665,Total Phosphorus,4,embarrass.xlsx
USGS-03345500,1989-08-30,0.33749999999999997,mg/l as P,00665,Total Phosphorus,4,embarrass.xlsx
USGS-03345500,1989-10-18,0.11,mg/l as P,00665,Total Phosphorus,4,embarrass.xlsx
USGS-03345500,1989-11-28,0.11,mg/l as P,00665,Total Phosphorus,4,embarrass.xlsx
USGS-03345500,1990-01-10,0.14750000000000002,mg/l as P,00665,Total Phosphorus,4,embarrass.xlsx
USGS-03345500,1990-02-13,0.125,mg/l as P,00665,Total Phosphorus,6,embarrass.xlsx
USGS-03345500,1990-04-18,0.11249999999999999,mg/l as P,00665,Total Phosphorus,4,embarrass.xlsx
USGS-03345500,1990-05-23,0.24,mg/l as P,00665,Total Phosphorus,2,embarrass.xlsx
USGS-03345500,1990-07-11,0.08,mg/l as P,00665,Total Phosphorus,4,embarrass.xlsx
USGS-03345500,1990-08-22,0.22499999999999998,mg/l as P,00665,Total Phosphorus,4,embarrass.xlsx
USGS-03345500,1990-09-26,0.125,mg/l as P,00665,Total Phosphorus,2,embarrass.xlsx
USGS-03345500,1990-11-14,0.1625714285714286,mg/l as P,00665,Total Phosphorus,7,embarrass.xlsx
USGS-03345500,1991-01-09,0.1654,mg/l,00665,Total Phosphorus,5,embarrass.xlsx
USGS-03345500,1991-02-13,0.13699999999999998,mg/l,00665,Total Phosphorus,5,embarrass.xlsx
USGS-03345500,1991-04-10,0.10771428571428572,mg/l,00665,Total Phosphorus,7,embarrass.xlsx
USGS-03345500,1991-06-05,0.179,mg/l as P,00665,Total Phosphorus,2,embarrass.xlsx
USGS-03345500,1991-07-17,0.21271428571428572,mg/l,00665,Total Phosphorus,7,embarrass.xlsx
USGS-03345500,1991-08-21,0.11614285714285713,mg/l as P,00665,Total Phosphorus,7,embarrass.xlsx
USGS-03345500,1991-10-17,0.05500000000000001,mg/l as P,00665,Total Phosphorus,2,embarrass.xlsx
USGS-03345500,1991-11-18,0.2378,mg/l as P,00665,Total Phosphorus,5,embarrass.xlsx
USGS-03345500,1992-01-08,0.1714,mg/l as P,00665,Total Phosphorus,5,embarrass.xlsx
USGS-03345500,1992-02-19,0.445,mg/l,00665,Total Phosphorus,5,embarrass.xlsx
USGS-03345500,1992-04-15,0.08660000000000001,mg/l as P,00665,Total Phosphorus,5,embarrass.xlsx
USGS-03345500,1992-06-11,0.08,mg/l as P,00665,Total Phosphorus,2,embarrass.xlsx
USGS-03345500,1992-07-15,0.25379999999999997,mg/l as P,00665,Total Phosphorus,5,embarrass.xlsx
USGS-03345500,1992-08-19,0.11259999999999999,mg/l as P,00665,Total Phosphorus,5,embarrass.xlsx
USGS-03345500,1992-10-08,0.14166666666666666,mg/l,00665,Total Phosphorus,3,embarrass.xlsx
USGS-03345500,1993-01-21,0.29500000000000004,mg/l as P,00665,Total Phosphorus,2,embarrass.xlsx
USGS-03345500,1993-03-16,0.09,mg/l as P,00665,Total Phosphorus,2,embarrass.xlsx
USGS-03345500,1993-03-17,0.17,mg/l as P,00665,Total Phosphorus,2,embarrass.xlsx
USGS-03345500,1993-04-14,0.135,mg/l as P,00665,Total Phosphorus,2,embarrass.xlsx
USGS-03345500,1993-05-13,0.14500000000000002,mg/l as P,00665,Total Phosphorus,2,embarrass.xlsx
USGS-03345500,1993-07-01,0.205,mg/l as P,00665,Total Phosphorus,2,embarrass.xlsx
USGS-03345500,1993-07-14,0.26,mg/l as P,00665,Total Phosphorus,2,embarrass.xlsx
USGS-03345500,1993-08-04,0.17,mg/l as P,00665,Total Phosphorus,2,embarrass.xlsx
USGS-03345500,1993-09-07,0.22499999999999998,mg/l as P,00665,Total Phosphorus,2,embarrass.xlsx
USGS-03345500,1993-09-16,0.48,mg/l as P,00665,Total Phosphorus,2,embarrass.xlsx
USGS-03345500,1993-10-07,0.125,mg/l as P,00665,Total Phosphorus,2,embarrass.xlsx
USGS-03345500,1994-02-17,0.18,mg/l as P,00665,Total Phosphorus,1,embarrass.xlsx
USGS-03345500,1994-03-29,0.07,mg/l as P,00665,Total Phosphorus,2,embarrass.xlsx
USGS-03345500,1994-05-19,0.1,mg/l as P,00665,Total Phosphorus,2,embarrass.xlsx
USGS-03345500,1994-06-30,0.14500000000000002,mg/l as P,00665,Total Phosphorus,2,embarrass.xlsx
USGS-03345500,1994-08-08,0.0965,mg/l as P,00665,Total Phosphorus,2,embarrass.xlsx
USGS-03345500,1994-09-20,0.08499999999999999,mg/l as P,00665,Total Phosphorus,2,embarrass.xlsx
USGS-03345500,1994-11-15,0.135,mg/l as P,00665,Total Phosphorus,2,embarrass.xlsx
USGS-03345500,1994-12-21,0.11499999999999999,mg/l as P,00665,Total Phosphorus,2,embarrass.xlsx
USGS-03345500,1995-01-10,0.05500000000000001,mg/l as P,00665,Total Phosphorus,2,embarrass.xlsx
USGS-03345500,1995-03-15,0.15,mg/l as P,00665,Total Phosphorus,2,embarrass.xlsx
USGS-03345500,1995-04-04,0.045000000000000005,mg/l as P,00665,Total Phosphorus,2,embarrass.xlsx
USGS-03345500,1995-05-17,0.47,mg/l as P,00665,Total Phosphorus,2,embarrass.xlsx
USGS-03345500,1995-06-27,0.23,mg/l as P,00665,Total Phosphorus,2,embarrass.xlsx
USGS-03345500,1995-08-15,0.272,mg/l as P,00665,Total Phosphorus,2,embarrass.xlsx
USGS-03345500,1995-09-29,0.055,mg/l as P,00665,Total Phosphorus,2,embarrass.xlsx
USGS-03345500,1995-10-27,0.045,mg/l as P,00665,Total Phosphorus,2,embarrass.xlsx
USGS-03345500,1995-12-19,0.712,mg/l as P,00665,Total Phosphorus,2,embarrass.xlsx
USGS-03345500,1996-01-31,0.14500000000000002,mg/l as P,00665,Total Phosphorus,2,embarrass.xlsx
USGS-03345500,1996-03-12,0.07,mg/l as P,00665,Total Phosphorus,2,embarrass.xlsx
USGS-03345500,1996-04-16,0.07,mg/l as P,00665,Total Phosphorus,2,embarrass.xlsx
USGS-03345500,1996-05-29,0.536,mg/l as P,00665,Total Phosphorus,2,embarrass.xlsx
USGS-03345500,1996-07-02,0.115,mg/l as P,00665,Total Phosphorus,2,embarrass.xlsx
USGS-03345500,1996-08-06,0.015,mg/l as P,00665,Total Phosphorus,2,embarrass.xlsx
USGS-03345500,1996-09-10,0.095,mg/l as P,00665,Total Phosphorus,2,embarrass.xlsx
USGS-03345500,1996-10-08,0.05,mg/l as P,00665,Total Phosphorus,2,embarrass.xlsx
USGS-03345500,1996-12-09,0.21000000000000002,mg/l as P,00665,Total Phosphorus,2,embarrass.xlsx
USGS-03345500,1997-01-24,0.45999999999999996,mg/l as P,00665,Total Phosphorus,2,embarrass.xlsx
USGS-03345500,1997-03-11,0.42,mg/l as P,00665,Total Phosphorus,2,embarrass.xlsx
USGS-03345500,1997-04-15,0.06,mg/l as P,00665,Total Phosphorus,1,embarrass.xlsx
USGS-03346000,1984-03-05,0.15000000000000002,mg/l as P,00665,Total Phosphorus,2,embarrass.xlsx
USGS-03346000,1984-04-04,0.32499999999999996,mg/l as P,00665,Total Phosphorus,2,embarrass.xlsx
USGS-03346000,1984-05-29,0.135,mg/l as P,00665,Total Phosphorus,2,embarrass.xlsx
USGS-03346000,1984-06-11,0.05,mg/l as P,00665,Total Phosphorus,2,embarrass.xlsx
USGS-03346000,1984-07-25,0.08499999999999999,mg/l as P,00665,Total Phosphorus,2,embarrass.xlsx
USGS-03346000,1984-09-12,0.115,mg/l as P,00665,Total Phosphorus,2,embarrass.xlsx
USGS-03346000,1984-11-07,0.095,mg/l as P,00665,Total Phosphorus,2,embarrass.xlsx
USGS-03346000,1984-12-17,0.12,mg/l as P,00665,Total Phosphorus,2,embarrass.xlsx
USGS-03346000,1985-01-16,0.035,mg/l as P,00665,Total Phosphorus,2,embarrass.xlsx
USGS-03346000,1985-02-25,0.2,mg/l as P,00665,Total Phosphorus,2,embarrass.xlsx
USGS-03346000,1985-04-17,0.08499999999999999,mg/l as P,00665,Total Phosphorus,2,embarrass.xlsx
USGS-03346000,1985-05-28,0.075,mg/l as P,00665,Total Phosphorus,2,embarrass.xlsx
USGS-03346000,1985-06-24,0.12,mg/l as P,00665,Total Phosphorus,2,embarrass.xlsx
USGS-03346000,1985-07-22,0.09,mg/l as P,00665,Total Phosphorus,2,embarrass.xlsx
USGS-03346000,1985-09-25,0.07,mg/l as P,00665,Total Phosphorus,2,embarrass.xlsx
USGS-03346000,1985-10-29,0.065,mg/l as P,00665,Total Phosphorus,2,embarrass.xlsx
USGS-03346000,1985-11-20,0.37,mg/l as P,00665,Total Phosphorus,2,embarrass.xlsx
USGS-03346000,1986-01-09,0.030000000000000002,mg/l as P,00665,Total Phosphorus,2,embarrass.xlsx
USGS-03346000,1986-02-10,0.095,mg/l as P,00665,Total Phosphorus,2,embarrass.xlsx
USGS-03346000,1986-04-10,0.060000000000000005,mg/l as P,00665,Total Phosphorus,2,embarrass.xlsx
USGS-03346000,1986-05-28,0.13,mg/l as P,00665,Total Phosphorus,2,embarrass.xlsx
USGS-03346000,1986-06-23,0.135,mg/l as P,00665,Total Phosphorus,2,embarrass.xlsx
USGS-03346000,1986-07-22,0.13,mg/l as P,00665,Total Phosphorus,2,embarrass.xlsx
USGS-03346000,1986-08-27,0.065,mg/l as P,00665,Total Phosphorus,2,embarrass.xlsx
USGS-03346000,1986-10-27,0.36,mg/l as P,00665,Total Phosphorus,2,embarrass.xlsx
USGS-03346000,1986-12-08,0.1,mg/l as P,00665,Total Phosphorus,2,embarrass.xlsx
USGS-03346000,1987-01-22,0.08,mg/l as P,00665,Total Phosphorus,2,embarrass.xlsx
USGS-03346000,1987-02-18,0.034999999999999996,mg/l as P,00665,Total Phosphorus,2,embarrass.xlsx
USGS-03346000,1987-04-16,0.33999999999999997,mg/l as P,00665,Total Phosphorus,2,embarrass.xlsx
USGS-03346000,1987-05-27,0.14,mg/l as P,00665,Total Phosphorus,2,embarrass.xlsx
USGS-03346000,1987-07-14,0.265,mg/l as P,00665,Total Phosphorus,2,embarrass.xlsx
USGS-03346000,1987-08-26,0.10500000000000001,mg/l as P,00665,Total Phosphorus,2,embarrass.xlsx
USGS-03346000,1987-09-22,0.08,mg/l as P,00665,Total Phosphorus,2,embarrass.xlsx
USGS-03346000,1987-11-10,0.1245,mg/l as P,00665,Total Phosphorus,2,embarrass.xlsx
USGS-03346000,1987-12-17,0.31,mg/l as P,00665,Total Phosphorus,2,embarrass.xlsx
USGS-03346000,1988-01-27,0.06999999999999999,mg/l as P,00665,Total Phosphorus,2,embarrass.xlsx
USGS-03346000,1988-03-10,0.11,mg/l as P,00665,Total Phosphorus,2,embarrass.xlsx
USGS-03346000,1988-04-07,0.415,mg/l as P,00665,Total Phosphorus,2,embarrass.xlsx
USGS-03346000,1988-05-25,0.315,mg/l as P,00665,Total Phosphorus,2,embarrass.xlsx
USGS-03346000,1988-06-28,0.12,mg/l as P,00665,Total Phosphorus,2,embarrass.xlsx
USGS-03346000,1988-08-17,0.14500000000000002,mg/l as P,00665,Total Phosphorus,2,embarrass.xlsx
USGS-03346000,1988-09-22,0.07500000000000001,mg/l as P,00665,Total Phosphorus,2,embarrass.xlsx
USGS-03346000,1988-10-24,0.08,mg/l as P,00665,Total Phosphorus,2,embarrass.xlsx
USGS-03346000,1988-11-29,0.1435,mg/l as P,00665,Total Phosphorus,2,embarrass.xlsx
USGS-03346000,1989-01-04,0.2,mg/l as P,00665,Total Phosphorus,2,embarrass.xlsx
USGS-03346000,1989-02-01,0.135,mg/l as P,00665,Total Phosphorus,2,embarrass.xlsx
USGS-03346000,1989-03-15,0.115,mg/l as P,00665,Total Phosphorus,2,embarrass.xlsx
USGS-03346000,1989-05-16,0.05,mg/l as P,00665,Total Phosphorus,2,embarrass.xlsx
USGS-03346000,1989-06-20,0.09,mg/l as P,00665,Total Phosphorus,2,embarrass.xlsx
USGS-03346000,1989-07-26,0.12000000000000001,mg/l as P,00665,Total Phosphorus,2,embarrass.xlsx
USGS-03346000,1989-08-28,0.125,mg/l as P,00665,Total Phosphorus,2,embarrass.xlsx
USGS-03346000,1989-10-18,0.08499999999999999,mg/l as P,00665,Total Phosphorus,2,embarrass.xlsx
USGS-03346000,1989-11-20,0.0595,mg/l as P,00665,Total Phosphorus,2,embarrass.xlsx
USGS-03346000,1990-01-03,0.049999999999999996,mg/l as P,00665,Total Phosphorus,2,embarrass.xlsx
USGS-03346000,1990-02-14,0.075,mg/l as P,00665,Total Phosphorus,2,embarrass.xlsx
USGS-03346000,1990-03-20,0.055,mg/l as P,00665,Total Phosphorus,2,embarrass.xlsx
USGS-03346000,1990-05-09,0.14,mg/l as P,00665,Total Phosphorus,2,embarrass.xlsx
USGS-03346000,1990-06-26,0.165,mg/l as P,00665,Total Phosphorus,2,embarrass.xlsx
USGS-03346000,1990-07-23,0.385,mg/l as P,00665,Total Phosphorus,2,embarrass.xlsx
USGS-03346000,1990-09-12,0.19,mg/l as P,00665,Total Phosphorus,2,embarrass.xlsx
USGS-03346000,1990-11-13,0.13,mg/l as P,00665,Total Phosphorus,2,embarrass.xlsx
USGS-03346000,1990-12-12,0.065,mg/l as P,00665,Total Phosphorus,2,embarrass.xlsx
USGS-03346000,1991-01-22,0.14,mg/l as P,00665,Total Phosphorus,2,embarrass.xlsx
USGS-03346000,1991-03-06,0.065,mg/l as P,00665,Total Phosphorus,2,embarrass.xlsx
USGS-03346000,1991-04-10,0.12000000000000001,mg/l as P,00665,Total Phosphorus,2,embarrass.xlsx
USGS-03346000,1991-05-15,0.135,mg/l as P,00665,Total Phosphorus,2,embarrass.xlsx
USGS-03346000,1991-06-04,0.155,mg/l as P,00665,Total Phosphorus,2,embarrass.xlsx
USGS-03346000,1991-08-07,0.405,mg/l as P,00665,Total Phosphorus,2,embarrass.xlsx
USGS-03346000,1991-09-24,0.06999999999999999,mg/l as P,00665,Total Phosphorus,2,embarrass.xlsx
USGS-03346000,1991-11-13,0.0965,mg/l as P,00665,Total Phosphorus,2,embarrass.xlsx
USGS-03346000,1991-12-17,0.115,mg/l as P,00665,Total Phosphorus,2,embarrass.xlsx
USGS-03346000,1992-01-07,0.125,mg/l as P,00665,Total Phosphorus,2,embarrass.xlsx
USGS-03346000,1992-03-12,0.235,mg/l as P,00665,Total Phosphorus,2,embarrass.xlsx
USGS-03346000,1992-04-22,0.21,mg/l as P,00665,Total Phosphorus,2,embarrass.xlsx
USGS-03346000,1992-05-20,0.052000000000000005,mg/l as P,00665,Total Phosphorus,2,embarrass.xlsx
USGS-03346000,1992-07-06,0.11,mg/l as P,00665,Total Phosphorus,2,embarrass.xlsx
USGS-03346000,1992-08-12,0.11,mg/l as P,00665,Total Phosphorus,2,embarrass.xlsx
USGS-03346000,1992-09-02,0.11,mg/l as P,00665,Total Phosphorus,2,embarrass.xlsx
USGS-03346000,1993-03-16,0.045000000000000005,mg/l as P,00665,Total Phosphorus,2,embarrass.xlsx
USGS-03346000,1993-05-12,0.08,mg/l as P,00665,Total Phosphorus,2,embarrass.xlsx
USGS-03346000,1993-06-30,0.195,mg/l as P,00665,Total Phosphorus,2,embarrass.xlsx
USGS-03346000,1993-08-03,0.16,mg/l as P,00665,Total Phosphorus,2,embarrass.xlsx
USGS-03346000,1993-09-16,0.42000000000000004,mg/l as P,00665,Total Phosphorus,2,embarrass.xlsx
USGS-03346000,1993-10-06,0.06,mg/l as P,00665,Total Phosphorus,2,embarrass.xlsx
USGS-03346000,1994-02-16,0.155,mg/l as P,00665,Total Phosphorus,2,embarrass.xlsx
USGS-03346000,1994-03-28,0.065,mg/l as P,00665,Total Phosphorus,2,embarrass.xlsx
USGS-03346000,1994-05-18,0.09,mg/l as P,00665,Total Phosphorus,2,embarrass.xlsx
USGS-03346000,1994-06-29,0.10500000000000001,mg/l as P,00665,Total Phosphorus,2,embarrass.xlsx
USGS-03346000,1994-08-08,0.085,mg/l as P,00665,Total Phosphorus,2,embarrass.xlsx
USGS-03346000,1994-09-20,0.07,mg/l as P,00665,Total Phosphorus,2,embarrass.xlsx
USGS-03346000,1994-11-14,0.085,mg/l as P,00665,Total Phosphorus,2,embarrass.xlsx
USGS-03346000,1994-12-21,0.060000000000000005,mg/l as P,00665,Total Phosphorus,2,embarrass.xlsx
USGS-03346000,1995-01-09,0.034999999999999996,mg/l as P,00665,Total Phosphorus,2,embarrass.xlsx
USGS-03346000,1995-03-15,0.065,mg/l as P,00665,Total Phosphorus,2,embarrass.xlsx
USGS-03346000,1995-04-03,0.04,mg/l as P,00665,Total Phosphorus,2,embarrass.xlsx
USGS-03346000,1995-05-16,0.335,mg/l as P,00665,Total Phosphorus,2,embarrass.xlsx
USGS-03346000,1995-06-26,0.095,mg/l as P,00665,Total Phosphorus,2,embarrass.xlsx
USGS-03346000,1995-08-14,0.175,mg/l as P,00665,Total Phosphorus,2,embarrass.xlsx
USGS-03346000,1995-09-28,0.045,mg/l as P,00665,Total Phosphorus,2,embarrass.xlsx
USGS-03346000,1995-10-26,0.075,mg/l as P,00665,Total Phosphorus,2,embarrass.xlsx
USGS-03346000,1995-12-19,0.5035000000000001,mg/l as P,00665,Total Phosphorus,2,embarrass.xlsx
USGS-03346000,1996-02-01,0.09,mg/l as P,00665,Total Phosphorus,2,embarrass.xlsx
USGS-03346000,1996-03-12,0.065,mg/l as P,00665,Total Phosphorus,2,embarrass.xlsx
USGS-03346000,1996-04-16,0.045000000000000005,mg/l as P,00665,Total Phosphorus,2,embarrass.xlsx
USGS-03346000,1996-05-28,0.54,mg/l as P,00665,Total Phosphorus,2,embarrass.xlsx
USGS-03346000,1996-07-01,0.08,mg/l as P,00665,Total Phosphorus,2,embarrass.xlsx
USGS-03346000,1996-08-06,0.115,mg/l as P,00665,Total Phosphorus,2,embarrass.xlsx
USGS-03346000,1996-09-11,0.1,mg/l as P,00665,Total Phosphorus,2,embarrass.xlsx
USGS-03346000,1996-10-08,0.049999999999999996,mg/l as P,00665,Total Phosphorus,2,embarrass.xlsx
USGS-03346000,1996-12-09,0.155,mg/l as P,00665,Total Phosphorus,2,embarrass.xlsx
USGS-03346000,1997-01-24,0.365,mg/l as P,00665,Total Phosphorus,2,embarrass.xlsx
USGS-03346000,1997-03-11,0.29000000000000004,mg/l as P,00665,Total Phosphorus,2,embarrass.xlsx
USGS-03346000,1997-04-15,0.045,mg/l as P,00665,Total Phosphorus,2,embarrass.xlsx
USGS-03346500,2015-11-03,0.13,mg/l as P,00665,Total Phosphorus,1,embarrass.xlsx
USGS-03346500,2016-01-01,0.45,mg/l as P,00665,Total Phosphorus,1,embarrass.xlsx
USGS-03346500,2016-01-22,0.09,mg/l as P,00665,Total Phosphorus,1,embarrass.xlsx
USGS-03346500,2016-01-29,0.12,mg/l as P,00665,Total Phosphorus,1,embarrass.xlsx
USGS-03346500,2016-03-02,0.23,mg/l as P,00665,Total Phosphorus,1,embarrass.xlsx
USGS-03346500,2016-03-22,0.13,mg/l as P,00665,Total Phosphorus,1,embarrass.xlsx
USGS-03346500,2016-05-24,0.13,mg/l as P,00665,Total Phosphorus,1,embarrass.xlsx
USGS-03346500,2016-06-16,0.38,mg/l as P,00665,Total Phosphorus,1,embarrass.xlsx
USGS-03346500,2016-07-06,0.41,mg/l as P,00665,Total Phosphorus,1,embarrass.xlsx
USGS-03346500,2016-08-15,0.41,mg/l as P,00665,Total Phosphorus,1,embarrass.xlsx
USGS-03346500,2016-08-18,0.4,mg/l as P,00665,Total Phosphorus,1,embarrass.xlsx
USGS-03346500,2016-09-20,0.32,mg/l as P,00665,Total Phosphorus,1,embarrass.xlsx
USGS-03346500,2016-11-08,0.15,mg/l as P,00665,Total Phosphorus,1,embarrass.xlsx
USGS-03346500,2016-12-02,0.54,mg/l as P,00665,Total Phosphorus,1,embarrass.xlsx
USGS-03346500,2017-02-06,0.1,mg/l as P,00665,Total Phosphorus,1,embarrass.xlsx
USGS-03346500,2017-03-01,0.29,mg/l as P,00665,Total Phosphorus,1,embarrass.xlsx
USGS-03346500,2017-03-07,0.53,mg/l as P,00665,Total Phosphorus,1,embarrass.xlsx
USGS-03346500,2017-03-20,0.07,mg/l as P,00665,Total Phosphorus,1,embarrass.xlsx
USGS-03346500,2017-04-30,0.72,mg/l as P,00665,Total Phosphorus,1,embarrass.xlsx
USGS-03346500,2017-05-01,0.49,mg/l as P,00665,Total Phosphorus,2,embarrass.xlsx
USGS-03346500,2017-06-01,0.18,mg/l as P,00665,Total Phosphorus,1,embarrass.xlsx
USGS-03346500,2017-06-20,0.22,mg/l as P,00665,Total Phosphorus,1,embarrass.xlsx
USGS-03346500,2017-07-05,0.17,mg/l as P,00665,Total Phosphorus,1,embarrass.xlsx
USGS-03346500,2017-07-18,0.16,mg/l as P,00665,Total Phosphorus,1,embarrass.xlsx
USGS-03346500,2017-07-26,0.2,mg/l as P,00665,Total Phosphorus,1,embarrass.xlsx
USGS-03346500,2017-09-14,0.13,mg/l as P,00665,Total Phosphorus,1,embarrass.xlsx
USGS-03346500,2017-09-22,0.18,mg/l as P,00665,Total Phosphorus,1,embarrass.xlsx
USGS-03346500,2017-10-04,0.16,mg/l as P,00665,Total Phosphorus,1,embarrass.xlsx
USGS-03346500,2017-10-11,0.28500000000000003,mg/l as P,00665,Total Phosphorus,2,embarrass.xlsx
USGS-03346500,2017-10-19,0.18,mg/l as P,00665,Total Phosphorus,1,embarrass.xlsx
USGS-03346500,2017-10-25,0.11,mg/l as P,00665,Total Phosphorus,1,embarrass.xlsx
USGS-03346500,2017-11-06,0.56,mg/l as P,00665,Total Phosphorus,1,embarrass.xlsx
USGS-03346500,2017-12-01,0.24,mg/l as P,00665,Total Phosphorus,1,embarrass.xlsx
USGS-03346500,2018-02-16,0.27,mg/l as P,00665,Total Phosphorus,1,embarrass.xlsx
USGS-03346500,2018-02-22,0.8,mg/l as P,00665,Total Phosphorus,1,embarrass.xlsx
USGS-03346500,2018-03-16,0.11,mg/l as P,00665,Total Phosphorus,1,embarrass.xlsx
USGS-03346500,2018-03-26,0.72,mg/l as P,00665,Total Phosphorus,1,embarrass.xlsx
USGS-03346500,2018-03-28,0.75,mg/l as P,00665,Total Phosphorus,1,embarrass.xlsx
USGS-03346500,2018-05-31,0.24,mg/l as P,00665,Total Phosphorus,1,embarrass.xlsx
USGS-03346500,2018-06-12,0.55,mg/l as P,00665,Total Phosphorus,1,embarrass.xlsx
USGS-03346500,2018-07-10,0.2,mg/l as P,00665,Total Phosphorus,1,embarrass.xlsx
USGS-03346500,2018-08-01,0.47,mg/l as P,00665,Total Phosphorus,1,embarrass.xlsx
USGS-03346500,2018-08-30,0.22,mg/l as P,00665,Total Phosphorus,1,embarrass.xlsx
USGS-03346500,2018-10-17,0.23,mg/l as P,00665,Total Phosphorus,1,embarrass.xlsx
USGS-03346500,2018-12-12,0.12,mg/l as P,00665,Total Phosphorus,1,embarrass.xlsx
USGS-03346500,2019-02-06,0.4033333333333333,mg/l as P,00665,Total Phosphorus,3,embarrass.xlsx
USGS-03346500,2019-02-07,0.68,mg/l as P,00665,Total Phosphorus,1,embarrass.xlsx
USGS-03346500,2019-02-27,0.25,mg/l as P,00665,Total Phosphorus,1,embarrass.xlsx
USGS-03346500,2019-03-11,0.8,mg/l as P,00665,Total Phosphorus,1,embarrass.xlsx
USGS-03346500,2019-03-25,0.32,mg/l as P,00665,Total Phosphorus,1,embarrass.xlsx
USGS-03346500,2019-05-31,0.94,mg/l as P,00665,Total Phosphorus,1,embarrass.xlsx
USGS-03346500,2019-06-17,0.94,mg/l as P,00665,Total Phosphorus,1,embarrass.xlsx
USGS-03346500,2019-07-02,0.23,mg/l as P,00665,Total Phosphorus,1,embarrass.xlsx
USGS-03346500,2019-07-17,0.47,mg/l as P,00665,Total Phosphorus,1,embarrass.xlsx
USGS-03346500,2019-08-21,0.25,mg/l as P,00665,Total Phosphorus,1,embarrass.xlsx
USGS-03346500,2019-10-17,0.27,mg/l as P,00665,Total Phosphorus,1,embarrass.xlsx
USGS-03346500,2019-12-03,0.29,mg/l as P,00665,Total Phosphorus,1,embarrass.xlsx
USGS-03346500,2020-01-10,0.48,mg/l as P,00665,Total Phosphorus,1,embarrass.xlsx
USGS-03346500,2020-01-14,0.46499999999999997,mg/l as P,00665,Total Phosphorus,2,embarrass.xlsx
USGS-03346500,2020-03-19,0.25,mg/l as P,00665,Total Phosphorus,2,embarrass.xlsx
USGS-03346500,2020-04-26,0.43,mg/l as P,00665,Total Phosphorus,1,embarrass.xlsx
USGS-03346500,2020-05-17,0.41,mg/l as P,00665,Total Phosphorus,1,embarrass.xlsx
USGS-03346500,2020-07-09,0.23,mg/l as P,00665,Total Phosphorus,1,embarrass.xlsx
USGS-03346500,2020-07-20,0.82,mg/l as P,00665,Total Phosphorus,1,embarrass.xlsx
USGS-03346500,2020-09-09,0.17,mg/l as P,00665,Total Phosphorus,1,embarrass.xlsx
USGS-03346500,2020-10-07,0.08,mg/l as P,00665,Total Phosphorus,1,embarrass.xlsx
USGS-03346500,2020-11-19,0.39,mg/l as P,00665,Total Phosphorus,1,embarrass.xlsx
USGS-03346500,2021-06-15,0.2,mg/l as P,00665,Total Phosphorus,1,embarrass.xlsx
USGS-03346500,2021-10-19,0.46,mg/l as P,00665,Total Phosphorus,1,embarrass.xlsx
USGS-03346500,2022-02-16,0.45,mg/l as P,00665,Total Phosphorus,1,embarrass.xlsx
USGS-03346500,2022-03-07,0.52,mg/l as P,00665,Total Phosphorus,1,embarrass.xlsx
USGS-03346500,2022-03-31,0.39,mg/l as P,00665,Total Phosphorus,1,embarrass.xlsx
USGS-03346500,2022-04-19,0.16,mg/l as P,00665,Total Phosphorus,1,embarrass.xlsx
USGS-03346500,2022-06-22,0.2,mg/l as P,00665,Total Phosphorus,1,embarrass.xlsx
USGS-03346500,2022-08-02,0.61,mg/l as P,00665,Total Phosphorus,1,embarrass.xlsx
USGS-03346500,2022-08-24,0.17,mg/l as P,00665,Total Phosphorus,1,embarrass.xlsx
USGS-03346500,2022-11-02,0.09,mg/l as P,00665,Total Phosphorus,1,embarrass.xlsx
USGS-03346500,2022-12-15,0.33,mg/l as P,00665,Total Phosphorus,1,embarrass.xlsx
USGS-03346500,2023-01-26,0.39,mg/l as P,00665,Total Phosphorus,1,embarrass.xlsx
USGS-03346500,2023-02-09,0.49,mg/l as P,00665,Total Phosphorus,1,embarrass.xlsx
USGS-03346500,2023-03-03,0.26,mg/l as P,00665,Total Phosphorus,1,embarrass.xlsx
USGS-03346500,2023-03-20,0.21,mg/l as P,00665,Total Phosphorus,1,embarrass.xlsx
USGS-03346500,2023-03-24,0.51,mg/l as P,00665,Total Phosphorus,1,embarrass.xlsx
USGS-03346500,2023-03-27,0.39,mg/l as P,00665,Total Phosphorus,1,embarrass.xlsx
USGS-03346500,2023-05-11,0.3,mg/l as P,00665,Total Phosphorus,1,embarrass.xlsx
USGS-03346500,2023-06-26,0.24,mg/l as P,00665,Total Phosphorus,1,embarrass.xlsx
USGS-03346500,2023-06-30,0.28,mg/l as P,00665,Total Phosphorus,1,embarrass.xlsx
USGS-03346500,2023-08-15,0.23,mg/l as P,00665,Total Phosphorus,1,embarrass.xlsx
USGS-03346550,1977-10-25,0.23,mg/l as P,00665,Total Phosphorus,1,embarrass.xlsx
USGS-03346550,1984-03-05,0.155,mg/l as P,00665,Total Phosphorus,2,embarrass.xlsx
USGS-03346550,1984-04-05,0.16,mg/l as P,00665,Total Phosphorus,2,embarrass.xlsx
USGS-03346550,1984-05-30,0.365,mg/l as P,00665,Total Phosphorus,2,embarrass.xlsx
USGS-03346550,1984-06-12,0.075,mg/l as P,00665,Total Phosphorus,2,embarrass.xlsx
USGS-03346550,1984-07-26,0.09,mg/l as P,00665,Total Phosphorus,2,embarrass.xlsx
USGS-03346550,1984-09-13,0.15,mg/l as P,00665,Total Phosphorus,2,embarrass.xlsx
USGS-03346550,1984-11-08,0.195,mg/l as P,00665,Total Phosphorus,2,embarrass.xlsx
USGS-03346550,1984-12-18,0.2,mg/l as P,00665,Total Phosphorus,2,embarrass.xlsx
USGS-03346550,1985-01-17,0.07,mg/l as P,00665,Total Phosphorus,2,embarrass.xlsx
USGS-03346550,1985-04-18,0.115,mg/l as P,00665,Total Phosphorus,2,embarrass.xlsx
USGS-03346550,1985-04-22,0.09,mg/l as P,00665,Total Phosphorus,2,embarrass.xlsx
USGS-03346550,1985-05-29,0.11,mg/l as P,00665,Total Phosphorus,2,embarrass.xlsx
USGS-03346550,1985-06-25,0.235,mg/l as P,00665,Total Phosphorus,2,embarrass.xlsx
USGS-03346550,1985-07-23,0.13,mg/l as P,00665,Total Phosphorus,2,embarrass.xlsx
USGS-03346550,1985-09-26,0.1,mg/l as P,00665,Total Phosphorus,2,embarrass.xlsx
USGS-03346550,1985-10-28,0.085,mg/l as P,00665,Total Phosphorus,2,embarrass.xlsx
USGS-03346550,1985-12-31,0.1,mg/l as P,00665,Total Phosphorus,2,embarrass.xlsx
USGS-03346550,1986-01-08,0.06,mg/l as P,00665,Total Phosphorus,2,embarrass.xlsx
USGS-03346550,1986-02-11,0.155,mg/l as P,00665,Total Phosphorus,2,embarrass.xlsx
USGS-03346550,1986-04-09,0.12,mg/l as P,00665,Total Phosphorus,1,embarrass.xlsx
USGS-03346550,1986-05-27,0.275,mg/l as P,00665,Total Phosphorus,2,embarrass.xlsx
USGS-03346550,1986-06-23,0.155,mg/l as P,00665,Total Phosphorus,2,embarrass.xlsx
USGS-03346550,1986-07-22,0.11,mg/l as P,00665,Total Phosphorus,2,embarrass.xlsx
USGS-03346550,1986-08-26,0.11499999999999999,mg/l as P,00665,Total Phosphorus,2,embarrass.xlsx
USGS-03346550,1986-10-27,0.325,mg/l as P,00665,Total Phosphorus,2,embarrass.xlsx
USGS-03346550,1986-12-09,0.165,mg/l as P,00665,Total Phosphorus,2,embarrass.xlsx
USGS-03346550,1987-01-21,0.125,mg/l as P,00665,Total Phosphorus,2,embarrass.xlsx
USGS-03346550,1987-02-19,0.085,mg/l as P,00665,Total Phosphorus,2,embarrass.xlsx
USGS-03346550,1987-04-15,0.345,mg/l as P,00665,Total Phosphorus,2,embarrass.xlsx
USGS-03346550,1987-05-26,0.085,mg/l as P,00665,Total Phosphorus,2,embarrass.xlsx
USGS-03346550,1987-06-17,0.18000000000000002,mg/l as P,00665,Total Phosphorus,2,embarrass.xlsx
USGS-03346550,1987-08-17,0.191,mg/l as P,00665,Total Phosphorus,2,embarrass.xlsx
USGS-03346550,1987-09-29,0.155,mg/l as P,00665,Total Phosphorus,2,embarrass.xlsx
USGS-03346550,1987-11-09,0.08499999999999999,mg/l as P,00665,Total Phosphorus,2,embarrass.xlsx
USGS-03346550,1987-12-14,0.18,mg/l as P,00665,Total Phosphorus,2,embarrass.xlsx
USGS-03346550,1988-02-03,0.41500000000000004,mg/l as P,00665,Total Phosphorus,2,embarrass.xlsx
USGS-03346550,1988-03-09,0.2,mg/l as P,00665,Total Phosphorus,2,embarrass.xlsx
USGS-03346550,1988-04-13,0.1,mg/l as P,00665,Total Phosphorus,2,embarrass.xlsx
USGS-03346550,1988-05-11,0.09,mg/l as P,00665,Total Phosphorus,2,embarrass.xlsx
USGS-03346550,1988-06-15,0.0935,mg/l as P,00665,Total Phosphorus,2,embarrass.xlsx
USGS-03346550,1988-08-15,0.20500000000000002,mg/l as P,00665,Total Phosphorus,2,embarrass.xlsx
USGS-03346550,1988-09-07,0.135,mg/l as P,00665,Total Phosphorus,2,embarrass.xlsx
USGS-03346550,1988-10-12,0.11,mg/l as P,00665,Total Phosphorus,2,embarrass.xlsx
USGS-03346550,1988-11-28,0.26,mg/l as P,00665,Total Phosphorus,2,embarrass.xlsx
USGS-03346550,1989-01-04,0.16999999999999998,mg/l as P,00665,Total Phosphorus,2,embarrass.xlsx
USGS-03346550,1989-02-14,0.315,mg/l as P,00665,Total Phosphorus,2,embarrass.xlsx
USGS-03346550,1989-03-27,0.13,mg/l as P,00665,Total Phosphorus,2,embarrass.xlsx
USGS-03346550,1989-05-30,0.41500000000000004,mg/l as P,00665,Total Phosphorus,2,embarrass.xlsx
USGS-03346550,1989-06-28,0.1385,mg/l as P,00665,Total Phosphorus,2,embarrass.xlsx
USGS-03346550,1989-08-07,0.155,mg/l as P,00665,Total Phosphorus,2,embarrass.xlsx
USGS-03346550,1989-09-05,0.24,mg/l as P,00665,Total Phosphorus,2,embarrass.xlsx
USGS-03346550,1989-10-30,0.06999999999999999,mg/l as P,00665,Total Phosphorus,2,embarrass.xlsx
USGS-03346550,1989-12-13,0.045,mg/l as P,00665,Total Phosphorus,2,embarrass.xlsx
USGS-03346550,1990-01-17,0.10500000000000001,mg/l as P,00665,Total Phosphorus,2,embarrass.xlsx
USGS-03346550,1990-02-21,0.195,mg/l as P,00665,Total Phosphorus,2,embarrass.xlsx
USGS-03346550,1990-04-04,0.245,mg/l as P,00665,Total Phosphorus,2,embarrass.xlsx
USGS-03346550,1990-05-30,0.195,mg/l as P,00665,Total Phosphorus,2,embarrass.xlsx
USGS-03346550,1990-06-25,0.2435,mg/l as P,00665,Total Phosphorus,2,embarrass.xlsx
USGS-03346550,1990-08-15,0.22,mg/l as P,00665,Total Phosphorus,2,embarrass.xlsx
USGS-03346550,1990-09-19,0.16,mg/l as P,00665,Total Phosphorus,2,embarrass.xlsx
USGS-03346550,1990-11-07,0.115,mg/l as P,00665,Total Phosphorus,2,embarrass.xlsx
USGS-03346550,1990-12-17,0.11000000000000001,mg/l as P,00665,Total Phosphorus,2,embarrass.xlsx
USGS-03346550,1991-01-30,0.065,mg/l as P,00665,Total Phosphorus,2,embarrass.xlsx
USGS-03346550,1991-02-25,0.0875,mg/l as P,00665,Total Phosphorus,2,embarrass.xlsx
USGS-03346550,1991-04-10,0.115,mg/l as P,00665,Total Phosphorus,2,embarrass.xlsx
USGS-03346550,1991-05-20,0.32,mg/l as P,00665,Total Phosphorus,2,embarrass.xlsx
USGS-03346550,1991-06-19,0.12,mg/l as P,00665,Total Phosphorus,2,embarrass.xlsx
USGS-03346550,1991-08-12,0.155,mg/l as P,00665,Total Phosphorus,2,embarrass.xlsx
USGS-03346550,1991-09-16,0.13,mg/l as P,00665,Total Phosphorus,2,embarrass.xlsx
USGS-03346550,1991-11-04,0.31,mg/l as P,00665,Total Phosphorus,2,embarrass.xlsx
USGS-03346550,1991-12-09,0.14500000000000002,mg/l as P,00665,Total Phosphorus,2,embarrass.xlsx
USGS-03346550,1992-01-22,0.09,mg/l as P,00665,Total Phosphorus,2,embarrass.xlsx
USGS-03346550,1992-02-19,0.46,mg/l as P,00665,Total Phosphorus,2,embarrass.xlsx
USGS-03346550,1992-03-25,0.09,mg/l as P,00665,Total Phosphorus,2,embarrass.xlsx
USGS-03346550,1992-05-11,0.07,mg/l as P,00665,Total Phosphorus,2,embarrass.xlsx
USGS-03346550,1992-06-03,0.095,mg/l as P,00665,Total Phosphorus,2,embarrass.xlsx
USGS-03346550,1992-08-10,0.21500000000000002,mg/l as P,00665,Total Phosphorus,2,embarrass.xlsx
USGS-03346550,1992-09-21,0.135,mg/l as P,00665,Total Phosphorus,2,embarrass.xlsx
USGS-03346550,1993-03-29,0.124,mg/l as P,00665,Total Phosphorus,2,embarrass.xlsx
USGS-03346550,1993-05-05,0.21,mg/l as P,00665,Total Phosphorus,2,embarrass.xlsx
USGS-03346550,1993-06-02,0.08499999999999999,mg/l as P,00665,Total Phosphorus,2,embarrass.xlsx
USGS-03346550,1993-07-21,0.26,mg/l as P,00665,Total Phosphorus,2,embarrass.xlsx
USGS-03346550,1993-09-22,0.257,mg/l as P,00665,Total Phosphorus,2,embarrass.xlsx
USGS-03346550,1994-01-26,0.42000000000000004,mg/l as P,00665,Total Phosphorus,2,embarrass.xlsx
USGS-03346550,1994-03-07,0.08249999999999999,mg/l as P,00665,Total Phosphorus,2,embarrass.xlsx
USGS-03346550,1994-04-19,0.29000000000000004,mg/l as P,00665,Total Phosphorus,2,embarrass.xlsx
USGS-03346550,1994-05-16,0.22,mg/l as P,00665,Total Phosphorus,2,embarrass.xlsx
USGS-03346550,1994-06-20,0.14,mg/l as P,00665,Total Phosphorus,2,embarrass.xlsx
USGS-03346550,1994-07-20,0.165,mg/l as P,00665,Total Phosphorus,2,embarrass.xlsx
USGS-03346550,1994-08-29,0.18,mg/l as P,00665,Total Phosphorus,2,embarrass.xlsx
USGS-03346550,1994-10-05,0.1,mg/l as P,00665,Total Phosphorus,2,embarrass.xlsx
USGS-03346550,1994-11-28,0.24,mg/l as P,00665,Total Phosphorus,2,embarrass.xlsx
USGS-03346550,1995-01-11,0.19,mg/l as P,00665,Total Phosphorus,2,embarrass.xlsx
USGS-03346550,1995-02-22,0.16,mg/l as P,00665,Total Phosphorus,2,embarrass.xlsx
USGS-03346550,1995-03-27,0.07,mg/l as P,00665,Total Phosphorus,2,embarrass.xlsx
USGS-03346550,1995-05-30,0.255,mg/l as P,00665,Total Phosphorus,2,embarrass.xlsx
USGS-03346550,1995-06-28,0.26,mg/l as P,00665,Total Phosphorus,2,embarrass.xlsx
USGS-03346550,1995-07-26,0.235,mg/l as P,00665,Total Phosphorus,2,embarrass.xlsx
USGS-03346550,1995-09-20,0.12,mg/l as P,00665,Total Phosphorus,2,embarrass.xlsx
USGS-03346550,1995-11-08,0.07500000000000001,mg/l as P,00665,Total Phosphorus,2,embarrass.xlsx
USGS-03346550,1995-12-06,0.04,mg/l as P,00665,Total Phosphorus,2,embarrass.xlsx
USGS-03346550,1996-01-22,0.409,mg/l as P,00665,Total Phosphorus,2,embarrass.xlsx
USGS-03346550,1996-02-26,0.08,mg/l as P,00665,Total Phosphorus,2,embarrass.xlsx
USGS-03346550,1996-04-03,0.43,mg/l as P,00665,Total Phosphorus,2,embarrass.xlsx
USGS-03346550,1996-05-28,0.65,mg/l as P,00665,Total Phosphorus,2,embarrass.xlsx
USGS-03346550,1996-06-10,0.3595,mg/l as P,00665,Total Phosphorus,2,embarrass.xlsx
USGS-03346550,1996-07-22,0.10500000000000001,mg/l as P,00665,Total Phosphorus,2,embarrass.xlsx
USGS-03346550,1996-09-18,0.12,mg/l as P,00665,Total Phosphorus,2,embarrass.xlsx
USGS-03346550,1996-11-06,0.08,mg/l as P,00665,Total Phosphorus,2,embarrass.xlsx
USGS-03346550,1996-12-09,0.24,mg/l as P,00665,Total Phosphorus,2,embarrass.xlsx
USGS-03346550,1997-02-03,0.245,mg/l as P,00665,Total Phosphorus,2,embarrass.xlsx
USGS-03346550,1997-03-03,0.26,mg/l as P,00665,Total Phosphorus,2,embarrass.xlsx
USGS-03346550,1997-04-14,0.096,mg/l as P,00665,Total Phosphorus,2,embarrass.xlsx
USGS-384224087353601,2013-05-08,0.195,mg/l as P,00665,Total Phosphorus,1,embarrass.xlsx
USGS-384224087353601,2013-05-16,0.143,mg/l as P,00665,Total Phosphorus,1,embarrass.xlsx
USGS-384224087353601,2013-05-30,0.013,mg/l as P,00665,Total Phosphorus,1,embarrass.xlsx
USGS-384224087353601,2013-06-06,0.06,mg/l as P,00665,Total Phosphorus,1,embarrass.xlsx
USGS-384224087353601,2013-06-12,0.136,mg/l as P,00665,Total Phosphorus,1,embarrass.xlsx
USGS-384224087353601,2013-06-19,0.025,mg/l as P,00665,Total Phosphorus,1,embarrass.xlsx
USGS-384224087353601,2013-06-26,0.071,mg/l as P,00665,Total Phosphorus,1,embarrass.xlsx
USGS-384224087353601,2013-07-10,0.012,mg/l as P,00665,Total Phosphorus,1,embarrass.xlsx
USGS-384224087353601,2013-07-17,0.009,mg/l as P,00665,Total Phosphorus,1,embarrass.xlsx
USGS-384224087353601,2013-07-24,0.008,mg/l as P,00665,Total Phosphorus,1,embarrass.xlsx
USGS-384224087353601,2013-07-31,0.009,mg/l as P,00665,Total Phosphorus,1,embarrass.xlsx
USGS-384224087353601,2013-08-08,215.007,mg/kg as P,00665,Total Phosphorus,2,embarrass.xlsx
USGS-IL_EPA-BE-01,2005-09-29,0.16899999999999998,mg/l,00665,Total Phosphorus,2,embarrass.xlsx
USGS-IL_EPA-BE-01,2005-10-26,0.096,mg/l,00665,Total Phosphorus,2,embarrass.xlsx
USGS-IL_EPA-BE-07,2005-09-28,0.154,mg/l,00665,Total Phosphorus,2,embarrass.xlsx
USGS-IL_EPA-BE-07,2005-10-27,0.1355,mg/l,00665,Total Phosphorus,2,embarrass.xlsx
USGS-IL_EPA-BE-09,2005-09-28,0.9355,mg/l,00665,Total Phosphorus,2,embarrass.xlsx
USGS-IL_EPA-BE-09,2005-10-27,0.2595,mg/l,00665,Total Phosphorus,2,embarrass.xlsx
USGS-IL_EPA-BE-14,2005-09-29,175.0,ug/l,00665,Total Phosphorus,2,embarrass.xlsx
USGS-IL_EPA-BE-14,2005-11-08,100.05,ug/l,00665,Total Phosphorus,2,embarrass.xlsx
USGS-IL_EPA-BEF-05,2005-09-28,0.10650000000000001,mg/l,00665,Total Phosphorus,2,embarrass.xlsx
USGS-IL_EPA-BEF-05,2005-10-26,0.064,mg/l,00665,Total Phosphorus,2,embarrass.xlsx
USGS-IL_EPA_WQX-BE-01,1999-01-19,0.30000000000000004,mg/L,00665,Total Phosphorus,2,embarrass.xlsx
USGS-IL_EPA_WQX-BE-01,1999-03-08,0.2,mg/L,00665,Total Phosphorus,2,embarrass.xlsx
USGS-IL_EPA_WQX-BE-01,1999-04-12,0.16999999999999998,mg/L,00665,Total Phosphorus,2,embarrass.xlsx
USGS-IL_EPA_WQX-BE-01,1999-05-17,0.11,mg/L,00665,Total Phosphorus,2,embarrass.xlsx
USGS-IL_EPA_WQX-BE-01,1999-06-14,0.17500000000000002,mg/L,00665,Total Phosphorus,2,embarrass.xlsx
USGS-IL_EPA_WQX-BE-01,1999-07-21,0.09,mg/L,00665,Total Phosphorus,2,embarrass.xlsx
USGS-IL_EPA_WQX-BE-01,1999-08-30,0.074,mg/L,00665,Total Phosphorus,2,embarrass.xlsx
USGS-IL_EPA_WQX-BE-01,1999-10-12,0.06,mg/L,00665,Total Phosphorus,2,embarrass.xlsx
USGS-IL_EPA_WQX-BE-01,1999-11-15,0.06,mg/L,00665,Total Phosphorus,2,embarrass.xlsx
USGS-IL_EPA_WQX-BE-01,2000-01-12,0.04,mg/L,00665,Total Phosphorus,2,embarrass.xlsx
USGS-IL_EPA_WQX-BE-01,2000-02-14,0.12,mg/L,00665,Total Phosphorus,1,embarrass.xlsx
USGS-IL_EPA_WQX-BE-01,2000-03-27,0.095,mg/L,00665,Total Phosphorus,2,embarrass.xlsx
USGS-IL_EPA_WQX-BE-01,2000-04-24,0.15,mg/L,00665,Total Phosphorus,2,embarrass.xlsx
USGS-IL_EPA_WQX-BE-01,2000-05-30,0.25,mg/L,00665,Total Phosphorus,2,embarrass.xlsx
USGS-IL_EPA_WQX-BE-01,2000-08-07,0.18,mg/L,00665,Total Phosphorus,2,embarrass.xlsx
USGS-IL_EPA_WQX-BE-01,2000-08-28,0.225,mg/L,00665,Total Phosphorus,2,embarrass.xlsx
USGS-IL_EPA_WQX-BE-01,2000-10-16,0.105,mg/L,00665,Total Phosphorus,2,embarrass.xlsx
USGS-IL_EPA_WQX-BE-01,2000-12-04,0.095,mg/L,00665,Total Phosphorus,2,embarrass.xlsx
USGS-IL_EPA_WQX-BE-01,2001-01-22,0.14500000000000002,mg/L,00665,Total Phosphorus,2,embarrass.xlsx
USGS-IL_EPA_WQX-BE-01,2001-02-26,0.5900000000000001,mg/L,00665,Total Phosphorus,2,embarrass.xlsx
USGS-IL_EPA_WQX-BE-01,2001-04-09,0.11,mg/L,00665,Total Phosphorus,1,embarrass.xlsx
USGS-IL_EPA_WQX-BE-01,2001-05-14,0.26,mg/L,00665,Total Phosphorus,1,embarrass.xlsx
USGS-IL_EPA_WQX-BE-01,2001-06-05,0.45,mg/L,00665,Total Phosphorus,2,embarrass.xlsx
USGS-IL_EPA_WQX-BE-01,2001-08-06,0.175,mg/L,00665,Total Phosphorus,2,embarrass.xlsx
USGS-IL_EPA_WQX-BE-01,2001-09-26,221.40999999999997,mg/L,00665,Total Phosphorus,3,embarrass.xlsx
USGS-IL_EPA_WQX-BE-01,2001-10-22,0.26,mg/L,00665,Total Phosphorus,2,embarrass.xlsx
USGS-IL_EPA_WQX-BE-01,2001-11-26,0.21,mg/L,00665,Total Phosphorus,2,embarrass.xlsx
USGS-IL_EPA_WQX-BE-01,2002-01-28,0.055,mg/L,00665,Total Phosphorus,2,embarrass.xlsx
USGS-IL_EPA_WQX-BE-01,2002-02-19,0.06,mg/L,00665,Total Phosphorus,2,embarrass.xlsx
USGS-IL_EPA_WQX-BE-01,2002-04-08,0.07500000000000001,mg/L,00665,Total Phosphorus,2,embarrass.xlsx
USGS-IL_EPA_WQX-BE-01,2002-05-30,0.18000000000000002,mg/L,00665,Total Phosphorus,2,embarrass.xlsx
USGS-IL_EPA_WQX-BE-01,2002-06-17,0.32,mg/L,00665,Total Phosphorus,2,embarrass.xlsx
USGS-IL_EPA_WQX-BE-01,2002-08-08,0.11000000000000001,mg/L,00665,Total Phosphorus,2,embarrass.xlsx
USGS-IL_EPA_WQX-BE-01,2002-09-16,0.12,mg/L,00665,Total Phosphorus,2,embarrass.xlsx
USGS-IL_EPA_WQX-BE-01,2002-10-21,0.095,mg/L,00665,Total Phosphorus,2,embarrass.xlsx
USGS-IL_EPA_WQX-BE-01,2002-12-04,0.060000000000000005,mg/L,00665,Total Phosphorus,2,embarrass.xlsx
USGS-IL_EPA_WQX-BE-01,2003-05-29,0.1,mg/L,00665,Total Phosphorus,2,embarrass.xlsx
USGS-IL_EPA_WQX-BE-01,2003-07-02,0.13,mg/L,00665,Total Phosphorus,2,embarrass.xlsx
USGS-IL_EPA_WQX-BE-01,2003-08-13,0.135,mg/L,00665,Total Phosphorus,2,embarrass.xlsx
USGS-IL_EPA_WQX-BE-01,2003-09-24,0.105,mg/L,00665,Total Phosphorus,2,embarrass.xlsx
USGS-IL_EPA_WQX-BE-01,2003-11-05,0.1,mg/L,00665,Total Phosphorus,2,embarrass.xlsx
USGS-IL_EPA_WQX-BE-01,2003-12-10,0.1,mg/L,00665,Total Phosphorus,2,embarrass.xlsx
USGS-IL_EPA_WQX-BE-01,2004-01-29,0.065,mg/L,00665,Total Phosphorus,2,embarrass.xlsx
USGS-IL_EPA_WQX-BE-01,2004-03-10,0.23349999999999999,mg/L,00665,Total Phosphorus,2,embarrass.xlsx
USGS-IL_EPA_WQX-BE-01,2004-04-21,0.13,mg/L,00665,Total Phosphorus,1,embarrass.xlsx
USGS-IL_EPA_WQX-BE-01,2004-05-26,0.17149999999999999,mg/L,00665,Total Phosphorus,2,embarrass.xlsx
USGS-IL_EPA_WQX-BE-01,2004-06-30,0.10350000000000001,mg/L,00665,Total Phosphorus,2,embarrass.xlsx
USGS-IL_EPA_WQX-BE-01,2004-09-15,0.131,mg/L,00665,Total Phosphorus,2,embarrass.xlsx
USGS-IL_EPA_WQX-BE-01,2005-03-15,0.067,mg/L,00665,Total Phosphorus,1,embarrass.xlsx
USGS-IL_EPA_WQX-BE-01,2005-04-19,0.0985,mg/L,00665,Total Phosphorus,2,embarrass.xlsx
USGS-IL_EPA_WQX-BE-01,2005-05-09,0.167,mg/L,00665,Total Phosphorus,1,embarrass.xlsx
USGS-IL_EPA_WQX-BE-01,2005-06-22,0.15100000000000002,mg/L,00665,Total Phosphorus,2,embarrass.xlsx
USGS-IL_EPA_WQX-BE-01,2005-08-24,0.1775,mg/L,00665,Total Phosphorus,2,embarrass.xlsx
USGS-IL_EPA_WQX-BE-01,2005-09-29,0.16899999999999998,mg/L,00665,Total Phosphorus,2,embarrass.xlsx
USGS-IL_EPA_WQX-BE-01,2005-10-26,0.096,mg/L,00665,Total Phosphorus,2,embarrass.xlsx
USGS-IL_EPA_WQX-BE-01,2005-12-08,0.094,mg/L,00665,Total Phosphorus,2,embarrass.xlsx
USGS-IL_EPA_WQX-BE-01,2006-01-30,0.132,mg/L,00665,Total Phosphorus,2,embarrass.xlsx
USGS-IL_EPA_WQX-BE-01,2006-03-06,0.0415,mg/L,00665,Total Phosphorus,2,embarrass.xlsx
USGS-IL_EPA_WQX-BE-01,2006-04-19,0.27,mg/L,00665,Total Phosphorus,2,embarrass.xlsx
USGS-IL_EPA_WQX-BE-01,2006-05-30,0.1515,mg/L,00665,Total Phosphorus,2,embarrass.xlsx
USGS-IL_EPA_WQX-BE-01,2006-06-28,0.16899999999999998,mg/L,00665,Total Phosphorus,2,embarrass.xlsx
USGS-IL_EPA_WQX-BE-01,2006-08-08,0.107,mg/L,00665,Total Phosphorus,2,embarrass.xlsx
USGS-IL_EPA_WQX-BE-01,2006-09-06,0.1275,mg/L,00665,Total Phosphorus,2,embarrass.xlsx
USGS-IL_EPA_WQX-BE-01,2006-10-17,0.7130000000000001,mg/L,00665,Total Phosphorus,2,embarrass.xlsx
USGS-IL_EPA_WQX-BE-01,2006-11-28,0.101,mg/L,00665,Total Phosphorus,2,embarrass.xlsx
USGS-IL_EPA_WQX-BE-01,2007-01-03,0.26249999999999996,mg/L,00665,Total Phosphorus,2,embarrass.xlsx
USGS-IL_EPA_WQX-BE-01,2007-03-07,0.47150000000000003,mg/L,00665,Total Phosphorus,2,embarrass.xlsx
USGS-IL_EPA_WQX-BE-01,2007-04-18,0.133,mg/L,00665,Total Phosphorus,2,embarrass.xlsx
USGS-IL_EPA_WQX-BE-01,2007-05-15,0.128,mg/L,00665,Total Phosphorus,2,embarrass.xlsx
USGS-IL_EPA_WQX-BE-01,2007-06-18,0.148,mg/L,00665,Total Phosphorus,2,embarrass.xlsx
USGS-IL_EPA_WQX-BE-01,2007-08-22,275.805,mg/L,00665,Total Phosphorus,3,embarrass.xlsx
USGS-IL_EPA_WQX-BE-01,2007-09-12,0.1625,mg/L,00665,Total Phosphorus,2,embarrass.xlsx
USGS-IL_EPA_WQX-BE-01,2008-05-19,0.1765,mg/L,00665,Total Phosphorus,2,embarrass.xlsx
USGS-IL_EPA_WQX-BE-01,2008-07-01,0.2435,mg/L,00665,Total Phosphorus,2,embarrass.xlsx
USGS-IL_EPA_WQX-BE-01,2008-08-28,0.13949999999999999,mg/L,00665,Total Phosphorus,2,embarrass.xlsx
USGS-IL_EPA_WQX-BE-01,2008-09-23,0.1965,mg/L,00665,Total Phosphorus,2,embarrass.xlsx
USGS-IL_EPA_WQX-BE-01,2008-12-16,0.10200000000000001,mg/L,00665,Total Phosphorus,2,embarrass.xlsx
USGS-IL_EPA_WQX-BE-01,2009-01-27,0.0755,mg/L,00665,Total Phosphorus,2,embarrass.xlsx
USGS-IL_EPA_WQX-BE-01,2009-02-23,0.13,mg/L,00665,Total Phosphorus,2,embarrass.xlsx
USGS-IL_EPA_WQX-BE-01,2009-03-24,0.045000000000000005,mg/L,00665,Total Phosphorus,2,embarrass.xlsx
USGS-IL_EPA_WQX-BE-01,2009-04-20,0.2005,mg/L,00665,Total Phosphorus,2,embarrass.xlsx
USGS-IL_EPA_WQX-BE-01,2009-06-02,0.195,mg/L,00665,Total Phosphorus,2,embarrass.xlsx
USGS-IL_EPA_WQX-BE-01,2009-07-07,0.1335,mg/L,00665,Total Phosphorus,2,embarrass.xlsx
USGS-IL_EPA_WQX-BE-01,2009-08-04,0.095,mg/L,00665,Total Phosphorus,2,embarrass.xlsx
USGS-IL_EPA_WQX-BE-01,2009-09-15,0.121,mg/L,00665,Total Phosphorus,2,embarrass.xlsx
USGS-IL_EPA_WQX-BE-01,2009-10-21,0.16849999999999998,mg/L,00665,Total Phosphorus,2,embarrass.xlsx
USGS-IL_EPA_WQX-BE-01,2009-12-01,0.14300000000000002,mg/L,00665,Total Phosphorus,2,embarrass.xlsx
USGS-IL_EPA_WQX-BE-01,2010-01-05,0.08549999999999999,mg/L,00665,Total Phosphorus,2,embarrass.xlsx
USGS-IL_EPA_WQX-BE-01,2010-02-16,0.0575,mg/L,00665,Total Phosphorus,2,embarrass.xlsx
USGS-IL_EPA_WQX-BE-01,2010-03-30,0.181,mg/L,00665,Total Phosphorus,2,embarrass.xlsx
USGS-IL_EPA_WQX-BE-01,2010-05-25,0.194,mg/L,00665,Total Phosphorus,2,embarrass.xlsx
USGS-IL_EPA_WQX-BE-01,2010-06-29,0.2715,mg/L,00665,Total Phosphorus,2,embarrass.xlsx
USGS-IL_EPA_WQX-BE-01,2010-08-03,0.156,mg/L,00665,Total Phosphorus,2,embarrass.xlsx
USGS-IL_EPA_WQX-BE-01,2010-09-21,0.1255,mg/L,00665,Total Phosphorus,2,embarrass.xlsx
USGS-IL_EPA_WQX-BE-01,2010-11-02,0.08299999999999999,mg/L,00665,Total Phosphorus,2,embarrass.xlsx
USGS-IL_EPA_WQX-BE-01,2010-12-07,0.196,mg/L,00665,Total Phosphorus,2,embarrass.xlsx
USGS-IL_EPA_WQX-BE-01,2011-01-25,0.0755,mg/L,00665,Total Phosphorus,2,embarrass.xlsx
USGS-IL_EPA_WQX-BE-01,2011-03-23,0.1865,mg/L,00665,Total Phosphorus,2,embarrass.xlsx
USGS-IL_EPA_WQX-BE-01,2011-04-19,0.15,mg/L,00665,Total Phosphorus,2,embarrass.xlsx
USGS-IL_EPA_WQX-BE-01,2011-05-24,0.07500000000000001,mg/L,00665,Total Phosphorus,2,embarrass.xlsx
USGS-IL_EPA_WQX-BE-01,2011-07-12,0.1195,mg/L,00665,Total Phosphorus,2,embarrass.xlsx
USGS-IL_EPA_WQX-BE-01,2011-08-09,0.114,mg/L,00665,Total Phosphorus,2,embarrass.xlsx
USGS-IL_EPA_WQX-BE-01,2011-09-27,0.2115,mg/L,00665,Total Phosphorus,2,embarrass.xlsx
USGS-IL_EPA_WQX-BE-01,2011-11-01,0.1005,mg/L,00665,Total Phosphorus,2,embarrass.xlsx
USGS-IL_EPA_WQX-BE-01,2011-12-13,0.151,mg/L,00665,Total Phosphorus,2,embarrass.xlsx
USGS-IL_EPA_WQX-BE-01,2012-02-28,0.066,mg/L,00665,Total Phosphorus,2,embarrass.xlsx
USGS-IL_EPA_WQX-BE-01,2012-03-27,0.07400000000000001,mg/L,00665,Total Phosphorus,2,embarrass.xlsx
USGS-IL_EPA_WQX-BE-01,2012-04-24,0.1175,mg/L,00665,Total Phosphorus,2,embarrass.xlsx
USGS-IL_EPA_WQX-BE-01,2012-05-22,0.1125,mg/L,00665,Total Phosphorus,2,embarrass.xlsx
USGS-IL_EPA_WQX-BE-01,2012-07-10,0.23049999999999998,mg/L,00665,Total Phosphorus,2,embarrass.xlsx
USGS-IL_EPA_WQX-BE-01,2012-08-07,0.2035,mg/L,00665,Total Phosphorus,2,embarrass.xlsx
USGS-IL_EPA_WQX-BE-01,2012-09-25,0.1335,mg/L,00665,Total Phosphorus,2,embarrass.xlsx
USGS-IL_EPA_WQX-BE-01,2012-10-30,0.10400000000000001,mg/L,00665,Total Phosphorus,2,embarrass.xlsx
USGS-IL_EPA_WQX-BE-01,2012-11-27,0.045000000000000005,mg/L,00665,Total Phosphorus,2,embarrass.xlsx
USGS-IL_EPA_WQX-BE-01,2013-01-29,0.0915,mg/L,00665,Total Phosphorus,2,embarrass.xlsx
USGS-IL_EPA_WQX-BE-01,2013-03-05,0.2185,mg/L,00665,Total Phosphorus,2,embarrass.xlsx
USGS-IL_EPA_WQX-BE-01,2013-04-09,0.0785,mg/L,00665,Total Phosphorus,2,embarrass.xlsx
USGS-IL_EPA_WQX-BE-01,2013-05-21,0.176,mg/L,00665,Total Phosphorus,2,embarrass.xlsx
USGS-IL_EPA_WQX-BE-01,2013-06-25,0.395,mg/L,00665,Total Phosphorus,2,embarrass.xlsx
USGS-IL_EPA_WQX-BE-01,2013-08-06,0.0965,mg/L,00665,Total Phosphorus,2,embarrass.xlsx
USGS-IL_EPA_WQX-BE-01,2013-09-24,0.127,mg/L,00665,Total Phosphorus,2,embarrass.xlsx
USGS-IL_EPA_WQX-BE-01,2013-10-22,0.08850000000000001,mg/L,00665,Total Phosphorus,2,embarrass.xlsx
USGS-IL_EPA_WQX-BE-01,2013-11-19,0.8725,mg/L,00665,Total Phosphorus,2,embarrass.xlsx
USGS-IL_EPA_WQX-BE-01,2014-01-28,0.111,mg/L,00665,Total Phosphorus,2,embarrass.xlsx
USGS-IL_EPA_WQX-BE-01,2014-03-18,0.253,mg/L,00665,Total Phosphorus,2,embarrass.xlsx
USGS-IL_EPA_WQX-BE-01,2014-04-22,0.08299999999999999,mg/L,00665,Total Phosphorus,2,embarrass.xlsx
USGS-IL_EPA_WQX-BE-01,2014-05-20,0.1895,mg/L,00665,Total Phosphorus,2,embarrass.xlsx
USGS-IL_EPA_WQX-BE-01,2014-06-24,0.111,mg/L,00665,Total Phosphorus,2,embarrass.xlsx
USGS-IL_EPA_WQX-BE-01,2014-08-05,0.1495,mg/L,00665,Total Phosphorus,2,embarrass.xlsx
USGS-IL_EPA_WQX-BE-01,2014-09-09,0.1545,mg/L,00665,Total Phosphorus,2,embarrass.xlsx
USGS-IL_EPA_WQX-BE-01,2014-10-21,0.20500000000000002,mg/L,00665,Total Phosphorus,2,embarrass.xlsx
USGS-IL_EPA_WQX-BE-01,2014-12-02,0.1335,mg/L,00665,Total Phosphorus,2,embarrass.xlsx
USGS-IL_EPA_WQX-BE-01,2015-01-27,0.399,mg/L,00665,Total Phosphorus,2,embarrass.xlsx
USGS-IL_EPA_WQX-BE-01,2015-03-03,0.04,mg/L,00665,Total Phosphorus,2,embarrass.xlsx
USGS-IL_EPA_WQX-BE-01,2015-04-14,0.2575,mg/L,00665,Total Phosphorus,2,embarrass.xlsx
USGS-IL_EPA_WQX-BE-01,2015-05-19,0.196,mg/L,00665,Total Phosphorus,2,embarrass.xlsx
USGS-IL_EPA_WQX-BE-01,2015-07-14,0.1515,mg/L,00665,Total Phosphorus,2,embarrass.xlsx
USGS-IL_EPA_WQX-BE-01,2015-08-11,0.1345,mg/L,00665,Total Phosphorus,2,embarrass.xlsx
USGS-IL_EPA_WQX-BE-01,2015-09-15,0.129,mg/L,00665,Total Phosphorus,2,embarrass.xlsx
USGS-IL_EPA_WQX-BE-01,2015-11-03,0.09,mg/L,00665,Total Phosphorus,2,embarrass.xlsx
USGS-IL_EPA_WQX-BE-01,2015-12-08,0.129,mg/L,00665,Total Phosphorus,2,embarrass.xlsx
USGS-IL_EPA_WQX-BE-01,2016-01-26,0.0615,mg/L,00665,Total Phosphorus,2,embarrass.xlsx
USGS-IL_EPA_WQX-BE-01,2016-03-01,0.1675,mg/L,00665,Total Phosphorus,2,embarrass.xlsx
USGS-IL_EPA_WQX-BE-01,2016-04-12,0.4495,mg/L,00665,Total Phosphorus,2,embarrass.xlsx
USGS-IL_EPA_WQX-BE-01,2016-05-17,0.148,mg/L,00665,Total Phosphorus,2,embarrass.xlsx
USGS-IL_EPA_WQX-BE-01,2016-06-21,0.1875,mg/L,00665,Total Phosphorus,2,embarrass.xlsx
USGS-IL_EPA_WQX-BE-01,2016-08-02,0.2095,mg/L,00665,Total Phosphorus,2,embarrass.xlsx
USGS-IL_EPA_WQX-BE-01,2016-09-20,0.2925,mg/L,00665,Total Phosphorus,2,embarrass.xlsx
USGS-IL_EPA_WQX-BE-01,2016-11-08,0.1315,mg/L,00665,Total Phosphorus,2,embarrass.xlsx
USGS-IL_EPA_WQX-BE-01,2016-12-13,0.10650000000000001,mg/L,00665,Total Phosphorus,2,embarrass.xlsx
USGS-IL_EPA_WQX-BE-01,2017-01-24,0.34750000000000003,mg/L,00665,Total Phosphorus,2,embarrass.xlsx
USGS-IL_EPA_WQX-BE-01,2017-03-07,0.159,mg/L,00665,Total Phosphorus,2,embarrass.xlsx
USGS-IL_EPA_WQX-BE-01,2017-04-11,0.189,mg/L,00665,Total Phosphorus,2,embarrass.xlsx
USGS-IL_EPA_WQX-BE-01,2017-05-30,0.139,mg/L,00665,Total Phosphorus,2,embarrass.xlsx
USGS-IL_EPA_WQX-BE-01,2017-06-27,0.21,mg/L,00665,Total Phosphorus,2,embarrass.xlsx
USGS-IL_EPA_WQX-BE-01,2017-08-08,0.135,mg/L,00665,Total Phosphorus,2,embarrass.xlsx
USGS-IL_EPA_WQX-BE-01,2017-09-19,0.23149999999999998,mg/L,00665,Total Phosphorus,2,embarrass.xlsx
USGS-IL_EPA_WQX-BE-01,2017-10-24,0.1705,mg/L,00665,Total Phosphorus,2,embarrass.xlsx
USGS-IL_EPA_WQX-BE-01,2017-12-12,0.08800000000000001,mg/L,00665,Total Phosphorus,2,embarrass.xlsx
USGS-IL_EPA_WQX-BE-01,2018-01-23,0.364,mg/L,00665,Total Phosphorus,2,embarrass.xlsx
USGS-IL_EPA_WQX-BE-01,2018-04-24,0.0755,mg/L,00665,Total Phosphorus,2,embarrass.xlsx
USGS-IL_EPA_WQX-BE-01,2018-06-05,0.17049999999999998,mg/L,00665,Total Phosphorus,2,embarrass.xlsx
USGS-IL_EPA_WQX-BE-01,2018-07-17,0.1585,mg/L,00665,Total Phosphorus,2,embarrass.xlsx
USGS-IL_EPA_WQX-BE-01,2018-08-21,0.1845,mg/L,00665,Total Phosphorus,2,embarrass.xlsx
USGS-IL_EPA_WQX-BE-01,2018-09-25,0.10899999999999999,mg/L,00665,Total Phosphorus,2,embarrass.xlsx
USGS-IL_EPA_WQX-BE-01,2018-11-05,0.6605,mg/L,00665,Total Phosphorus,2,embarrass.xlsx
USGS-IL_EPA_WQX-BE-01,2018-12-11,0.10600000000000001,mg/L,00665,Total Phosphorus,2,embarrass.xlsx
USGS-IL_EPA_WQX-BE-01,2019-03-06,0.062,mg/L,00665,Total Phosphorus,2,embarrass.xlsx
USGS-IL_EPA_WQX-BE-01,2019-07-25,0.1625,mg/L,00665,Total Phosphorus,2,embarrass.xlsx
USGS-IL_EPA_WQX-BE-01,2019-09-05,0.1345,mg/L,00665,Total Phosphorus,2,embarrass.xlsx
USGS-IL_EPA_WQX-BE-01,2019-10-17,0.2405,mg/L,00665,Total Phosphorus,2,embarrass.xlsx
USGS-IL_EPA_WQX-BE-01,2019-12-04,0.3645,mg/L,00665,Total Phosphorus,2,embarrass.xlsx
USGS-IL_EPA_WQX-BE-01,2020-03-03,0.3925,mg/L,00665,Total Phosphorus,2,embarrass.xlsx
USGS-IL_EPA_WQX-BE-01,2020-06-16,0.1835,mg/L,00665,Total Phosphorus,2,embarrass.xlsx
USGS-IL_EPA_WQX-BE-01,2020-07-29,0.1645,mg/L,00665,Total Phosphorus,2,embarrass.xlsx
USGS-IL_EPA_WQX-BE-01,2020-09-17,0.1085,mg/L,00665,Total Phosphorus,2,embarrass.xlsx
USGS-IL_EPA_WQX-BE-01,2020-11-04,0.21450000000000002,mg/L,00665,Total Phosphorus,2,embarrass.xlsx
USGS-IL_EPA_WQX-BE-01,2020-12-16,0.203,mg/L,00665,Total Phosphorus,2,embarrass.xlsx
USGS-IL_EPA_WQX-BE-01,2021-01-27,0.1835,mg/L,00665,Total Phosphorus,2,embarrass.xlsx
USGS-IL_EPA_WQX-BE-01,2021-03-10,0.1195,mg/L,00665,Total Phosphorus,2,embarrass.xlsx
USGS-IL_EPA_WQX-BE-01,2021-04-20,0.059500000000000004,mg/L,00665,Total Phosphorus,2,embarrass.xlsx
USGS-IL_EPA_WQX-BE-01,2021-05-25,0.161,mg/L,00665,Total Phosphorus,2,embarrass.xlsx
USGS-IL_EPA_WQX-BE-01,2021-06-29,0.4025,mg/L,00665,Total Phosphorus,2,embarrass.xlsx
USGS-IL_EPA_WQX-BE-01,2021-08-18,0.0965,mg/L,00665,Total Phosphorus,2,embarrass.xlsx
USGS-IL_EPA_WQX-BE-01,2021-09-29,0.092,mg/L,00665,Total Phosphorus,2,embarrass.xlsx
USGS-IL_EPA_WQX-BE-01,2021-11-09,0.165,mg/L,00665,Total Phosphorus,2,embarrass.xlsx
USGS-IL_EPA_WQX-BE-01,2021-12-15,0.496,mg/L,00665,Total Phosphorus,2,embarrass.xlsx
USGS-IL_EPA_WQX-BE-01,2022-02-16,0.355,mg/L,00665,Total Phosphorus,2,embarrass.xlsx
USGS-IL_EPA_WQX-BE-01,2022-04-11,0.134,mg/L,00665,Total Phosphorus,2,embarrass.xlsx
USGS-IL_EPA_WQX-BE-01,2022-05-26,0.187,mg/L,00665,Total Phosphorus,2,embarrass.xlsx
USGS-IL_EPA_WQX-BE-01,2022-06-21,0.16,mg/L,00665,Total Phosphorus,2,embarrass.xlsx
USGS-IL_EPA_WQX-BE-01,2022-07-26,0.3895,mg/L,00665,Total Phosphorus,2,embarrass.xlsx
USGS-IL_EPA_WQX-BE-01,2022-09-27,0.08399999999999999,mg/L,00665,Total Phosphorus,2,embarrass.xlsx
USGS-IL_EPA_WQX-BE-03,2001-06-21,0.19,mg/L,00665,Total Phosphorus,1,embarrass.xlsx
USGS-IL_EPA_WQX-BE-03,2001-08-06,193.3066666666667,mg/L,00665,Total Phosphorus,3,embarrass.xlsx
USGS-IL_EPA_WQX-BE-03,2001-09-25,0.12000000000000001,mg/L,00665,Total Phosphorus,2,embarrass.xlsx
USGS-IL_EPA_WQX-BE-03,2006-08-08,579.2,mg/kg,00665,Total Phosphorus,1,embarrass.xlsx
USGS-IL_EPA_WQX-BE-03,2011-06-08,0.11699999999999999,mg/L,00665,Total Phosphorus,2,embarrass.xlsx
USGS-IL_EPA_WQX-BE-03,2011-06-15,0.212,mg/L,00665,Total Phosphorus,1,embarrass.xlsx
USGS-IL_EPA_WQX-BE-03,2011-07-11,0.183,mg/L,00665,Total Phosphorus,1,embarrass.xlsx
USGS-IL_EPA_WQX-BE-03,2011-07-12,0.1475,mg/L,00665,Total Phosphorus,2,embarrass.xlsx
USGS-IL_EPA_WQX-BE-03,2011-08-16,0.159,mg/L,00665,Total Phosphorus,1,embarrass.xlsx
USGS-IL_EPA_WQX-BE-03,2011-09-29,0.1325,mg/L,00665,Total Phosphorus,2,embarrass.xlsx
USGS-IL_EPA_WQX-BE-03,2016-05-25,0.0765,mg/L,00665,Total Phosphorus,2,embarrass.xlsx
USGS-IL_EPA_WQX-BE-03,2016-06-16,0.267,mg/L,00665,Total Phosphorus,1,embarrass.xlsx
USGS-IL_EPA_WQX-BE-03,2016-08-03,0.192,mg/L,00665,Total Phosphorus,1,embarrass.xlsx
USGS-IL_EPA_WQX-BE-03,2016-08-10,0.125,mg/L,00665,Total Phosphorus,2,embarrass.xlsx
USGS-IL_EPA_WQX-BE-03,2016-09-06,0.1085,mg/L,00665,Total Phosphorus,2,embarrass.xlsx
USGS-IL_EPA_WQX-BE-07,1999-01-20,0.325,mg/L,00665,Total Phosphorus,2,embarrass.xlsx
USGS-IL_EPA_WQX-BE-07,1999-03-10,0.16,mg/L,00665,Total Phosphorus,2,embarrass.xlsx
USGS-IL_EPA_WQX-BE-07,1999-04-21,0.14500000000000002,mg/L,00665,Total Phosphorus,2,embarrass.xlsx
USGS-IL_EPA_WQX-BE-07,1999-05-26,0.095,mg/L,00665,Total Phosphorus,2,embarrass.xlsx
USGS-IL_EPA_WQX-BE-07,1999-06-08,0.19,mg/L,00665,Total Phosphorus,2,embarrass.xlsx
USGS-IL_EPA_WQX-BE-07,1999-07-20,0.06,mg/L,00665,Total Phosphorus,1,embarrass.xlsx
USGS-IL_EPA_WQX-BE-07,1999-09-21,0.04,mg/L,00665,Total Phosphorus,2,embarrass.xlsx
USGS-IL_EPA_WQX-BE-07,1999-10-27,0.03,mg/L,00665,Total Phosphorus,2,embarrass.xlsx
USGS-IL_EPA_WQX-BE-07,1999-12-07,0.03,mg/L,00665,Total Phosphorus,2,embarrass.xlsx
USGS-IL_EPA_WQX-BE-07,2000-01-04,0.07,mg/L,00665,Total Phosphorus,2,embarrass.xlsx
USGS-IL_EPA_WQX-BE-07,2000-03-13,0.065,mg/L,00665,Total Phosphorus,2,embarrass.xlsx
USGS-IL_EPA_WQX-BE-07,2000-04-26,0.05,mg/L,00665,Total Phosphorus,2,embarrass.xlsx
USGS-IL_EPA_WQX-BE-07,2000-05-23,0.115,mg/L,00665,Total Phosphorus,2,embarrass.xlsx
USGS-IL_EPA_WQX-BE-07,2000-06-21,0.22000000000000003,mg/L,00665,Total Phosphorus,2,embarrass.xlsx
USGS-IL_EPA_WQX-BE-07,2000-07-10,0.22000000000000003,mg/L,00665,Total Phosphorus,2,embarrass.xlsx
USGS-IL_EPA_WQX-BE-07,2000-09-26,0.175,mg/L,00665,Total Phosphorus,2,embarrass.xlsx
USGS-IL_EPA_WQX-BE-07,2000-10-24,0.085,mg/L,00665,Total Phosphorus,2,embarrass.xlsx
USGS-IL_EPA_WQX-BE-07,2000-11-28,0.28,mg/L,00665,Total Phosphorus,2,embarrass.xlsx
USGS-IL_EPA_WQX-BE-07,2001-01-31,0.455,mg/L,00665,Total Phosphorus,2,embarrass.xlsx
USGS-IL_EPA_WQX-BE-07,2001-03-06,0.09,mg/L,00665,Total Phosphorus,2,embarrass.xlsx
USGS-IL_EPA_WQX-BE-07,2001-04-19,0.11499999999999999,mg/L,00665,Total Phosphorus,2,embarrass.xlsx
USGS-IL_EPA_WQX-BE-07,2001-06-06,0.425,mg/L,00665,Total Phosphorus,2,embarrass.xlsx
USGS-IL_EPA_WQX-BE-07,2001-08-07,206.09,mg/L,00665,Total Phosphorus,2,embarrass.xlsx
USGS-IL_EPA_WQX-BE-07,2001-10-23,0.195,mg/L,00665,Total Phosphorus,2,embarrass.xlsx
USGS-IL_EPA_WQX-BE-07,2001-11-14,0.095,mg/L,00665,Total Phosphorus,2,embarrass.xlsx
USGS-IL_EPA_WQX-BE-07,2002-01-23,0.07,mg/L,00665,Total Phosphorus,2,embarrass.xlsx
USGS-IL_EPA_WQX-BE-07,2002-03-12,0.24,mg/L,00665,Total Phosphorus,2,embarrass.xlsx
USGS-IL_EPA_WQX-BE-07,2002-04-17,0.16,mg/L,00665,Total Phosphorus,2,embarrass.xlsx
USGS-IL_EPA_WQX-BE-07,2002-05-15,0.27,mg/L,00665,Total Phosphorus,2,embarrass.xlsx
USGS-IL_EPA_WQX-BE-07,2002-06-11,0.095,mg/L,00665,Total Phosphorus,2,embarrass.xlsx
USGS-IL_EPA_WQX-BE-07,2002-07-25,0.135,mg/L,00665,Total Phosphorus,2,embarrass.xlsx
USGS-IL_EPA_WQX-BE-07,2002-09-04,0.11499999999999999,mg/L,00665,Total Phosphorus,2,embarrass.xlsx
USGS-IL_EPA_WQX-BE-07,2002-11-07,0.045,mg/L,00665,Total Phosphorus,2,embarrass.xlsx
USGS-IL_EPA_WQX-BE-07,2002-12-03,0.065,mg/L,00665,Total Phosphorus,2,embarrass.xlsx
USGS-IL_EPA_WQX-BE-07,2003-01-13,0.08499999999999999,mg/L,00665,Total Phosphorus,2,embarrass.xlsx
USGS-IL_EPA_WQX-BE-07,2003-05-27,0.105,mg/L,00665,Total Phosphorus,2,embarrass.xlsx
USGS-IL_EPA_WQX-BE-07,2003-06-30,0.18,mg/L,00665,Total Phosphorus,1,embarrass.xlsx
USGS-IL_EPA_WQX-BE-07,2003-08-11,0.14,mg/L,00665,Total Phosphorus,1,embarrass.xlsx
USGS-IL_EPA_WQX-BE-07,2003-09-22,0.07500000000000001,mg/L,00665,Total Phosphorus,2,embarrass.xlsx
USGS-IL_EPA_WQX-BE-07,2003-11-03,0.065,mg/L,00665,Total Phosphorus,2,embarrass.xlsx
USGS-IL_EPA_WQX-BE-07,2003-12-08,0.105,mg/L,00665,Total Phosphorus,2,embarrass.xlsx
USGS-IL_EPA_WQX-BE-07,2004-01-26,0.08,mg/L,00665,Total Phosphorus,2,embarrass.xlsx
USGS-IL_EPA_WQX-BE-07,2004-03-08,0.28700000000000003,mg/L,00665,Total Phosphorus,2,embarrass.xlsx
USGS-IL_EPA_WQX-BE-07,2004-04-19,0.11,mg/L,00665,Total Phosphorus,1,embarrass.xlsx
USGS-IL_EPA_WQX-BE-07,2004-05-24,0.156,mg/L,00665,Total Phosphorus,2,embarrass.xlsx
USGS-IL_EPA_WQX-BE-07,2004-06-21,0.2135,mg/L,00665,Total Phosphorus,2,embarrass.xlsx
USGS-IL_EPA_WQX-BE-07,2004-09-13,0.0365,mg/L,00665,Total Phosphorus,2,embarrass.xlsx
USGS-IL_EPA_WQX-BE-07,2005-03-16,0.039,mg/L,00665,Total Phosphorus,2,embarrass.xlsx
USGS-IL_EPA_WQX-BE-07,2005-04-19,0.08349999999999999,mg/L,00665,Total Phosphorus,2,embarrass.xlsx
USGS-IL_EPA_WQX-BE-07,2005-05-10,0.121,mg/L,00665,Total Phosphorus,2,embarrass.xlsx
USGS-IL_EPA_WQX-BE-07,2005-06-22,0.084,mg/L,00665,Total Phosphorus,1,embarrass.xlsx
USGS-IL_EPA_WQX-BE-07,2005-08-25,0.0925,mg/L,00665,Total Phosphorus,2,embarrass.xlsx
USGS-IL_EPA_WQX-BE-07,2005-09-28,0.154,mg/L,00665,Total Phosphorus,2,embarrass.xlsx
USGS-IL_EPA_WQX-BE-07,2005-10-27,0.1355,mg/L,00665,Total Phosphorus,2,embarrass.xlsx
USGS-IL_EPA_WQX-BE-07,2005-12-07,0.094,mg/L,00665,Total Phosphorus,2,embarrass.xlsx
USGS-IL_EPA_WQX-BE-07,2006-01-31,0.261,mg/L,00665,Total Phosphorus,2,embarrass.xlsx
USGS-IL_EPA_WQX-BE-07,2006-03-07,0.0375,mg/L,00665,Total Phosphorus,2,embarrass.xlsx
USGS-IL_EPA_WQX-BE-07,2006-04-20,0.37,mg/L,00665,Total Phosphorus,2,embarrass.xlsx
USGS-IL_EPA_WQX-BE-07,2006-05-22,0.099,mg/L,00665,Total Phosphorus,2,embarrass.xlsx
USGS-IL_EPA_WQX-BE-07,2006-06-27,0.149,mg/L,00665,Total Phosphorus,2,embarrass.xlsx
USGS-IL_EPA_WQX-BE-07,2006-08-08,169.47166666666666,mg/L,00665,Total Phosphorus,3,embarrass.xlsx
USGS-IL_EPA_WQX-BE-07,2006-09-14,0.2555,mg/L,00665,Total Phosphorus,2,embarrass.xlsx
USGS-IL_EPA_WQX-BE-07,2006-10-18,0.8634999999999999,mg/L,00665,Total Phosphorus,2,embarrass.xlsx
USGS-IL_EPA_WQX-BE-07,2006-11-13,0.2085,mg/L,00665,Total Phosphorus,2,embarrass.xlsx
USGS-IL_EPA_WQX-BE-07,2007-01-08,0.3305,mg/L,00665,Total Phosphorus,2,embarrass.xlsx
USGS-IL_EPA_WQX-BE-07,2008-05-29,0.052,mg/L,00665,Total Phosphorus,2,embarrass.xlsx
USGS-IL_EPA_WQX-BE-07,2008-06-30,0.288,mg/L,00665,Total Phosphorus,2,embarrass.xlsx
USGS-IL_EPA_WQX-BE-07,2008-08-27,0.10550000000000001,mg/L,00665,Total Phosphorus,2,embarrass.xlsx
USGS-IL_EPA_WQX-BE-07,2008-09-24,0.17099999999999999,mg/L,00665,Total Phosphorus,2,embarrass.xlsx
USGS-IL_EPA_WQX-BE-07,2008-12-16,0.1205,mg/L,00665,Total Phosphorus,2,embarrass.xlsx
USGS-IL_EPA_WQX-BE-07,2009-01-27,0.096,mg/L,00665,Total Phosphorus,2,embarrass.xlsx
USGS-IL_EPA_WQX-BE-07,2009-02-24,0.096,mg/L,00665,Total Phosphorus,2,embarrass.xlsx
USGS-IL_EPA_WQX-BE-07,2009-03-24,0.0485,mg/L,00665,Total Phosphorus,2,embarrass.xlsx
USGS-IL_EPA_WQX-BE-07,2009-04-21,0.2815,mg/L,00665,Total Phosphorus,2,embarrass.xlsx
USGS-IL_EPA_WQX-BE-07,2009-06-02,0.1395,mg/L,00665,Total Phosphorus,2,embarrass.xlsx
USGS-IL_EPA_WQX-BE-07,2009-07-07,0.2225,mg/L,00665,Total Phosphorus,2,embarrass.xlsx
USGS-IL_EPA_WQX-BE-07,2009-08-04,0.061,mg/L,00665,Total Phosphorus,2,embarrass.xlsx
USGS-IL_EPA_WQX-BE-07,2009-09-15,0.076,mg/L,00665,Total Phosphorus,2,embarrass.xlsx
USGS-IL_EPA_WQX-BE-07,2009-10-20,0.1565,mg/L,00665,Total Phosphorus,2,embarrass.xlsx
USGS-IL_EPA_WQX-BE-07,2009-12-01,0.11000000000000001,mg/L,00665,Total Phosphorus,2,embarrass.xlsx
USGS-IL_EPA_WQX-BE-07,2010-01-05,0.0805,mg/L,00665,Total Phosphorus,2,embarrass.xlsx
USGS-IL_EPA_WQX-BE-07,2010-02-16,0.063,mg/L,00665,Total Phosphorus,2,embarrass.xlsx
USGS-IL_EPA_WQX-BE-07,2010-03-30,0.1425,mg/L,00665,Total Phosphorus,2,embarrass.xlsx
USGS-IL_EPA_WQX-BE-07,2010-05-25,0.1935,mg/L,00665,Total Phosphorus,2,embarrass.xlsx
USGS-IL_EPA_WQX-BE-07,2010-06-29,0.23450000000000001,mg/L,00665,Total Phosphorus,2,embarrass.xlsx
USGS-IL_EPA_WQX-BE-07,2010-08-03,0.1105,mg/L,00665,Total Phosphorus,2,embarrass.xlsx
USGS-IL_EPA_WQX-BE-07,2010-09-21,0.08850000000000001,mg/L,00665,Total Phosphorus,2,embarrass.xlsx
USGS-IL_EPA_WQX-BE-07,2010-11-02,0.067,mg/L,00665,Total Phosphorus,2,embarrass.xlsx
USGS-IL_EPA_WQX-BE-07,2010-12-07,0.155,mg/L,00665,Total Phosphorus,2,embarrass.xlsx
USGS-IL_EPA_WQX-BE-07,2011-01-25,0.0925,mg/L,00665,Total Phosphorus,2,embarrass.xlsx
USGS-IL_EPA_WQX-BE-07,2011-03-08,0.2475,mg/L,00665,Total Phosphorus,2,embarrass.xlsx
USGS-IL_EPA_WQX-BE-07,2011-04-19,0.09,mg/L,00665,Total Phosphorus,2,embarrass.xlsx
USGS-IL_EPA_WQX-BE-07,2011-05-24,0.0835,mg/L,00665,Total Phosphorus,2,embarrass.xlsx
USGS-IL_EPA_WQX-BE-07,2011-06-08,0.11850000000000001,mg/L,00665,Total Phosphorus,2,embarrass.xlsx
USGS-IL_EPA_WQX-BE-07,2011-06-15,0.31,mg/L,00665,Total Phosphorus,1,embarrass.xlsx
USGS-IL_EPA_WQX-BE-07,2011-07-12,0.1025,mg/L,00665,Total Phosphorus,2,embarrass.xlsx
USGS-IL_EPA_WQX-BE-07,2011-08-09,0.089,mg/L,00665,Total Phosphorus,2,embarrass.xlsx
USGS-IL_EPA_WQX-BE-07,2011-08-17,0.138,mg/L,00665,Total Phosphorus,1,embarrass.xlsx
USGS-IL_EPA_WQX-BE-07,2011-09-19,0.0755,mg/L,00665,Total Phosphorus,2,embarrass.xlsx
USGS-IL_EPA_WQX-BE-07,2011-09-27,0.0725,mg/L,00665,Total Phosphorus,2,embarrass.xlsx
USGS-IL_EPA_WQX-BE-07,2011-11-01,0.066,mg/L,00665,Total Phosphorus,2,embarrass.xlsx
USGS-IL_EPA_WQX-BE-07,2011-12-13,0.1355,mg/L,00665,Total Phosphorus,2,embarrass.xlsx
USGS-IL_EPA_WQX-BE-07,2012-02-28,0.053,mg/L,00665,Total Phosphorus,2,embarrass.xlsx
USGS-IL_EPA_WQX-BE-07,2012-03-27,0.0735,mg/L,00665,Total Phosphorus,2,embarrass.xlsx
USGS-IL_EPA_WQX-BE-07,2012-04-24,0.10200000000000001,mg/L,00665,Total Phosphorus,2,embarrass.xlsx
USGS-IL_EPA_WQX-BE-07,2012-05-22,0.041,mg/L,00665,Total Phosphorus,2,embarrass.xlsx
USGS-IL_EPA_WQX-BE-07,2012-07-10,0.112,mg/L,00665,Total Phosphorus,2,embarrass.xlsx
USGS-IL_EPA_WQX-BE-07,2012-08-07,0.136,mg/L,00665,Total Phosphorus,2,embarrass.xlsx
USGS-IL_EPA_WQX-BE-07,2012-09-25,0.1,mg/L,00665,Total Phosphorus,2,embarrass.xlsx
USGS-IL_EPA_WQX-BE-07,2012-10-30,0.15000000000000002,mg/L,00665,Total Phosphorus,2,embarrass.xlsx
USGS-IL_EPA_WQX-BE-07,2012-11-27,0.0415,mg/L,00665,Total Phosphorus,2,embarrass.xlsx
USGS-IL_EPA_WQX-BE-07,2013-01-29,0.22899999999999998,mg/L,00665,Total Phosphorus,2,embarrass.xlsx
USGS-IL_EPA_WQX-BE-07,2013-03-05,0.164,mg/L,00665,Total Phosphorus,2,embarrass.xlsx
USGS-IL_EPA_WQX-BE-07,2013-04-08,0.0645,mg/L,00665,Total Phosphorus,2,embarrass.xlsx
USGS-IL_EPA_WQX-BE-07,2013-05-21,0.1135,mg/L,00665,Total Phosphorus,2,embarrass.xlsx
USGS-IL_EPA_WQX-BE-07,2013-06-25,0.3265,mg/L,00665,Total Phosphorus,2,embarrass.xlsx
USGS-IL_EPA_WQX-BE-07,2013-08-06,0.078,mg/L,00665,Total Phosphorus,2,embarrass.xlsx
USGS-IL_EPA_WQX-BE-07,2013-09-24,0.0905,mg/L,00665,Total Phosphorus,2,embarrass.xlsx
USGS-IL_EPA_WQX-BE-07,2013-10-22,0.052000000000000005,mg/L,00665,Total Phosphorus,2,embarrass.xlsx
USGS-IL_EPA_WQX-BE-07,2013-11-19,0.4975,mg/L,00665,Total Phosphorus,2,embarrass.xlsx
USGS-IL_EPA_WQX-BE-07,2014-01-28,0.11000000000000001,mg/L,00665,Total Phosphorus,2,embarrass.xlsx
USGS-IL_EPA_WQX-BE-07,2014-03-18,0.191,mg/L,00665,Total Phosphorus,2,embarrass.xlsx
USGS-IL_EPA_WQX-BE-07,2014-04-22,0.0575,mg/L,00665,Total Phosphorus,2,embarrass.xlsx
USGS-IL_EPA_WQX-BE-07,2014-05-20,0.14,mg/L,00665,Total Phosphorus,2,embarrass.xlsx
USGS-IL_EPA_WQX-BE-07,2014-06-24,0.067,mg/L,00665,Total Phosphorus,2,embarrass.xlsx
USGS-IL_EPA_WQX-BE-07,2014-08-05,0.08800000000000001,mg/L,00665,Total Phosphorus,2,embarrass.xlsx
USGS-IL_EPA_WQX-BE-07,2014-09-08,0.11,mg/L,00665,Total Phosphorus,2,embarrass.xlsx
USGS-IL_EPA_WQX-BE-07,2014-10-21,0.156,mg/L,00665,Total Phosphorus,2,embarrass.xlsx
USGS-IL_EPA_WQX-BE-07,2014-12-02,0.104,mg/L,00665,Total Phosphorus,2,embarrass.xlsx
USGS-IL_EPA_WQX-BE-07,2015-01-26,0.112,mg/L,00665,Total Phosphorus,2,embarrass.xlsx
USGS-IL_EPA_WQX-BE-07,2015-03-03,0.051000000000000004,mg/L,00665,Total Phosphorus,2,embarrass.xlsx
USGS-IL_EPA_WQX-BE-07,2015-04-14,0.174,mg/L,00665,Total Phosphorus,2,embarrass.xlsx
USGS-IL_EPA_WQX-BE-07,2015-05-18,0.1395,mg/L,00665,Total Phosphorus,2,embarrass.xlsx
USGS-IL_EPA_WQX-BE-07,2015-06-30,0.369,mg/L,00665,Total Phosphorus,2,embarrass.xlsx
USGS-IL_EPA_WQX-BE-07,2015-08-10,0.07550000000000001,mg/L,00665,Total Phosphorus,2,embarrass.xlsx
USGS-IL_EPA_WQX-BE-07,2015-09-15,0.1125,mg/L,00665,Total Phosphorus,2,embarrass.xlsx
USGS-IL_EPA_WQX-BE-07,2015-11-02,0.061,mg/L,00665,Total Phosphorus,2,embarrass.xlsx
USGS-IL_EPA_WQX-BE-07,2015-12-08,0.1265,mg/L,00665,Total Phosphorus,2,embarrass.xlsx
USGS-IL_EPA_WQX-BE-07,2016-01-25,0.0745,mg/L,00665,Total Phosphorus,2,embarrass.xlsx
USGS-IL_EPA_WQX-BE-07,2016-02-29,0.1285,mg/L,00665,Total Phosphorus,2,embarrass.xlsx
USGS-IL_EPA_WQX-BE-07,2016-04-12,0.3705,mg/L,00665,Total Phosphorus,2,embarrass.xlsx
USGS-IL_EPA_WQX-BE-07,2016-05-16,0.1325,mg/L,00665,Total Phosphorus,2,embarrass.xlsx
USGS-IL_EPA_WQX-BE-07,2016-06-13,0.209,mg/L,00665,Total Phosphorus,1,embarrass.xlsx
USGS-IL_EPA_WQX-BE-07,2016-06-20,0.1755,mg/L,00665,Total Phosphorus,2,embarrass.xlsx
USGS-IL_EPA_WQX-BE-07,2016-08-02,0.18333333333333335,mg/L,00665,Total Phosphorus,3,embarrass.xlsx
USGS-IL_EPA_WQX-BE-07,2016-08-10,0.068,mg/L,00665,Total Phosphorus,2,embarrass.xlsx
USGS-IL_EPA_WQX-BE-07,2016-09-07,0.0955,mg/L,00665,Total Phosphorus,2,embarrass.xlsx
USGS-IL_EPA_WQX-BE-07,2016-09-19,0.274,mg/L,00665,Total Phosphorus,2,embarrass.xlsx
USGS-IL_EPA_WQX-BE-07,2016-10-05,0.0615,mg/L,00665,Total Phosphorus,2,embarrass.xlsx
USGS-IL_EPA_WQX-BE-07,2016-11-07,0.16099999999999998,mg/L,00665,Total Phosphorus,2,embarrass.xlsx
USGS-IL_EPA_WQX-BE-07,2016-12-13,0.093,mg/L,00665,Total Phosphorus,2,embarrass.xlsx
USGS-IL_EPA_WQX-BE-07,2017-01-23,0.4195,mg/L,00665,Total Phosphorus,2,embarrass.xlsx
USGS-IL_EPA_WQX-BE-07,2017-03-06,0.077,mg/L,00665,Total Phosphorus,2,embarrass.xlsx
USGS-IL_EPA_WQX-BE-07,2017-04-11,0.1825,mg/L,00665,Total Phosphorus,2,embarrass.xlsx
USGS-IL_EPA_WQX-BE-07,2017-05-29,0.14450000000000002,mg/L,00665,Total Phosphorus,2,embarrass.xlsx
USGS-IL_EPA_WQX-BE-07,2017-06-26,0.1965,mg/L,00665,Total Phosphorus,2,embarrass.xlsx
USGS-IL_EPA_WQX-BE-07,2017-08-08,0.0905,mg/L,00665,Total Phosphorus,2,embarrass.xlsx
USGS-IL_EPA_WQX-BE-07,2017-09-18,0.1135,mg/L,00665,Total Phosphorus,2,embarrass.xlsx
USGS-IL_EPA_WQX-BE-07,2017-10-24,0.14450000000000002,mg/L,00665,Total Phosphorus,2,embarrass.xlsx
USGS-IL_EPA_WQX-BE-07,2017-12-12,0.064,mg/L,00665,Total Phosphorus,2,embarrass.xlsx
USGS-IL_EPA_WQX-BE-07,2018-01-23,0.852,mg/L,00665,Total Phosphorus,2,embarrass.xlsx
USGS-IL_EPA_WQX-BE-07,2018-03-06,0.14,mg/L,00665,Total Phosphorus,2,embarrass.xlsx
USGS-IL_EPA_WQX-BE-07,2018-04-24,0.07050000000000001,mg/L,00665,Total Phosphorus,2,embarrass.xlsx
USGS-IL_EPA_WQX-BE-07,2018-06-04,0.2115,mg/L,00665,Total Phosphorus,2,embarrass.xlsx
USGS-IL_EPA_WQX-BE-07,2018-07-17,0.163,mg/L,00665,Total Phosphorus,2,embarrass.xlsx
USGS-IL_EPA_WQX-BE-07,2018-08-21,0.3775,mg/L,00665,Total Phosphorus,2,embarrass.xlsx
USGS-IL_EPA_WQX-BE-07,2018-09-24,0.08199999999999999,mg/L,00665,Total Phosphorus,2,embarrass.xlsx
USGS-IL_EPA_WQX-BE-07,2018-10-29,0.051500000000000004,mg/L,00665,Total Phosphorus,2,embarrass.xlsx
USGS-IL_EPA_WQX-BE-07,2018-12-04,0.262,mg/L,00665,Total Phosphorus,2,embarrass.xlsx
USGS-IL_EPA_WQX-BE-07,2019-03-07,0.0765,mg/L,00665,Total Phosphorus,2,embarrass.xlsx
USGS-IL_EPA_WQX-BE-07,2019-04-17,0.144,mg/L,00665,Total Phosphorus,2,embarrass.xlsx
USGS-IL_EPA_WQX-BE-07,2019-05-21,0.064,mg/L,00665,Total Phosphorus,2,embarrass.xlsx
USGS-IL_EPA_WQX-BE-07,2019-06-24,0.25,mg/L,00665,Total Phosphorus,2,embarrass.xlsx
USGS-IL_EPA_WQX-BE-07,2019-07-23,0.07100000000000001,mg/L,00665,Total Phosphorus,2,embarrass.xlsx
USGS-IL_EPA_WQX-BE-07,2019-09-03,0.1105,mg/L,00665,Total Phosphorus,2,embarrass.xlsx
USGS-IL_EPA_WQX-BE-07,2019-10-15,0.305,mg/L,00665,Total Phosphorus,2,embarrass.xlsx
USGS-IL_EPA_WQX-BE-07,2019-12-04,0.373,mg/L,00665,Total Phosphorus,2,embarrass.xlsx
USGS-IL_EPA_WQX-BE-07,2020-01-23,0.2295,mg/L,00665,Total Phosphorus,2,embarrass.xlsx
USGS-IL_EPA_WQX-BE-07,2020-03-05,0.27,mg/L,00665,Total Phosphorus,2,embarrass.xlsx
USGS-IL_EPA_WQX-BE-07,2020-06-18,0.1275,mg/L,00665,Total Phosphorus,2,embarrass.xlsx
USGS-IL_EPA_WQX-BE-07,2020-07-28,0.179,mg/L,00665,Total Phosphorus,2,embarrass.xlsx
USGS-IL_EPA_WQX-BE-07,2020-09-15,0.0625,mg/L,00665,Total Phosphorus,2,embarrass.xlsx
USGS-IL_EPA_WQX-BE-07,2020-11-05,0.174,mg/L,00665,Total Phosphorus,2,embarrass.xlsx
USGS-IL_EPA_WQX-BE-07,2020-12-17,0.099,mg/L,00665,Total Phosphorus,2,embarrass.xlsx
USGS-IL_EPA_WQX-BE-07,2021-01-27,0.123,mg/L,00665,Total Phosphorus,2,embarrass.xlsx
USGS-IL_EPA_WQX-BE-07,2021-03-11,0.1205,mg/L,00665,Total Phosphorus,2,embarrass.xlsx
USGS-IL_EPA_WQX-BE-07,2021-04-21,0.094,mg/L,00665,Total Phosphorus,1,embarrass.xlsx
USGS-IL_EPA_WQX-BE-07,2021-05-26,0.11699999999999999,mg/L,00665,Total Phosphorus,2,embarrass.xlsx
USGS-IL_EPA_WQX-BE-07,2021-06-30,0.254,mg/L,00665,Total Phosphorus,2,embarrass.xlsx
USGS-IL_EPA_WQX-BE-07,2021-08-18,0.0785,mg/L,00665,Total Phosphorus,2,embarrass.xlsx
USGS-IL_EPA_WQX-BE-07,2021-09-30,0.10750000000000001,mg/L,00665,Total Phosphorus,2,embarrass.xlsx
USGS-IL_EPA_WQX-BE-07,2021-11-10,0.1295,mg/L,00665,Total Phosphorus,2,embarrass.xlsx
USGS-IL_EPA_WQX-BE-07,2021-12-15,0.2445,mg/L,00665,Total Phosphorus,2,embarrass.xlsx
USGS-IL_EPA_WQX-BE-07,2022-02-07,0.246,mg/L,00665,Total Phosphorus,2,embarrass.xlsx
USGS-IL_EPA_WQX-BE-07,2022-04-05,0.2835,mg/L,00665,Total Phosphorus,2,embarrass.xlsx
USGS-IL_EPA_WQX-BE-07,2022-05-18,0.084,mg/L,00665,Total Phosphorus,2,embarrass.xlsx
USGS-IL_EPA_WQX-BE-07,2022-06-21,0.1385,mg/L,00665,Total Phosphorus,2,embarrass.xlsx
USGS-IL_EPA_WQX-BE-07,2022-07-28,0.149,mg/L,00665,Total Phosphorus,2,embarrass.xlsx
USGS-IL_EPA_WQX-BE-07,2022-09-26,0.067,mg/L,00665,Total Phosphorus,2,embarrass.xlsx
USGS-IL_EPA_WQX-BE-09,1999-01-21,0.195,mg/L,00665,Total Phosphorus,2,embarrass.xlsx
USGS-IL_EPA_WQX-BE-09,1999-03-09,0.055,mg/L,00665,Total Phosphorus,2,embarrass.xlsx
USGS-IL_EPA_WQX-BE-09,1999-04-20,0.115,mg/L,00665,Total Phosphorus,2,embarrass.xlsx
USGS-IL_EPA_WQX-BE-09,1999-05-27,0.075,mg/L,00665,Total Phosphorus,2,embarrass.xlsx
USGS-IL_EPA_WQX-BE-09,1999-06-08,0.14500000000000002,mg/L,00665,Total Phosphorus,2,embarrass.xlsx
USGS-IL_EPA_WQX-BE-09,1999-07-20,0.075,mg/L,00665,Total Phosphorus,2,embarrass.xlsx
USGS-IL_EPA_WQX-BE-09,1999-09-22,0.165,mg/L,00665,Total Phosphorus,2,embarrass.xlsx
USGS-IL_EPA_WQX-BE-09,1999-10-26,0.305,mg/L,00665,Total Phosphorus,2,embarrass.xlsx
USGS-IL_EPA_WQX-BE-09,1999-12-06,0.495,mg/L,00665,Total Phosphorus,2,embarrass.xlsx
USGS-IL_EPA_WQX-BE-09,2000-01-04,0.505,mg/L,00665,Total Phosphorus,2,embarrass.xlsx
USGS-IL_EPA_WQX-BE-09,2000-03-14,0.14,mg/L,00665,Total Phosphorus,2,embarrass.xlsx
USGS-IL_EPA_WQX-BE-09,2000-04-25,0.125,mg/L,00665,Total Phosphorus,2,embarrass.xlsx
USGS-IL_EPA_WQX-BE-09,2000-05-24,0.15500000000000003,mg/L,00665,Total Phosphorus,2,embarrass.xlsx
USGS-IL_EPA_WQX-BE-09,2000-06-20,0.14500000000000002,mg/L,00665,Total Phosphorus,2,embarrass.xlsx
USGS-IL_EPA_WQX-BE-09,2000-07-11,0.265,mg/L,00665,Total Phosphorus,2,embarrass.xlsx
USGS-IL_EPA_WQX-BE-09,2000-09-27,0.53,mg/L,00665,Total Phosphorus,2,embarrass.xlsx
USGS-IL_EPA_WQX-BE-09,2000-10-25,0.11,mg/L,00665,Total Phosphorus,2,embarrass.xlsx
USGS-IL_EPA_WQX-BE-09,2000-11-29,0.08499999999999999,mg/L,00665,Total Phosphorus,2,embarrass.xlsx
USGS-IL_EPA_WQX-BE-09,2001-01-30,0.36,mg/L,00665,Total Phosphorus,2,embarrass.xlsx
USGS-IL_EPA_WQX-BE-09,2001-03-06,0.065,mg/L,00665,Total Phosphorus,2,embarrass.xlsx
USGS-IL_EPA_WQX-BE-09,2001-04-18,0.08,mg/L,00665,Total Phosphorus,2,embarrass.xlsx
USGS-IL_EPA_WQX-BE-09,2001-05-08,0.09,mg/L,00665,Total Phosphorus,2,embarrass.xlsx
USGS-IL_EPA_WQX-BE-09,2001-07-17,132.41,mg/kg,00665,Total Phosphorus,3,embarrass.xlsx
USGS-IL_EPA_WQX-BE-09,2001-09-19,0.17,mg/L,00665,Total Phosphorus,2,embarrass.xlsx
USGS-IL_EPA_WQX-BE-09,2001-10-22,0.14500000000000002,mg/L,00665,Total Phosphorus,2,embarrass.xlsx
USGS-IL_EPA_WQX-BE-09,2001-11-13,0.08,mg/L,00665,Total Phosphorus,2,embarrass.xlsx
USGS-IL_EPA_WQX-BE-09,2002-01-22,0.08,mg/L,00665,Total Phosphorus,2,embarrass.xlsx
USGS-IL_EPA_WQX-BE-09,2002-03-13,0.11,mg/L,00665,Total Phosphorus,2,embarrass.xlsx
USGS-IL_EPA_WQX-BE-09,2002-04-16,0.10500000000000001,mg/L,00665,Total Phosphorus,2,embarrass.xlsx
USGS-IL_EPA_WQX-BE-09,2002-05-14,0.33,mg/L,00665,Total Phosphorus,2,embarrass.xlsx
USGS-IL_EPA_WQX-BE-09,2002-06-10,0.08,mg/L,00665,Total Phosphorus,2,embarrass.xlsx
USGS-IL_EPA_WQX-BE-09,2002-07-24,0.21999999999999997,mg/L,00665,Total Phosphorus,2,embarrass.xlsx
USGS-IL_EPA_WQX-BE-09,2002-09-05,0.11,mg/L,00665,Total Phosphorus,2,embarrass.xlsx
USGS-IL_EPA_WQX-BE-09,2002-11-06,0.45999999999999996,mg/L,00665,Total Phosphorus,2,embarrass.xlsx
USGS-IL_EPA_WQX-BE-09,2002-12-03,0.44499999999999995,mg/L,00665,Total Phosphorus,2,embarrass.xlsx
USGS-IL_EPA_WQX-BE-09,2003-01-13,0.19,mg/L,00665,Total Phosphorus,2,embarrass.xlsx
USGS-IL_EPA_WQX-BE-09,2003-05-27,0.08499999999999999,mg/L,00665,Total Phosphorus,2,embarrass.xlsx
USGS-IL_EPA_WQX-BE-09,2003-06-30,0.095,mg/L,00665,Total Phosphorus,2,embarrass.xlsx
USGS-IL_EPA_WQX-BE-09,2003-08-11,0.125,mg/L,00665,Total Phosphorus,2,embarrass.xlsx
USGS-IL_EPA_WQX-BE-09,2003-09-22,0.16,mg/L,00665,Total Phosphorus,1,embarrass.xlsx
USGS-IL_EPA_WQX-BE-09,2003-11-03,0.375,mg/L,00665,Total Phosphorus,2,embarrass.xlsx
USGS-IL_EPA_WQX-BE-09,2003-12-08,0.08,mg/L,00665,Total Phosphorus,2,embarrass.xlsx
USGS-IL_EPA_WQX-BE-09,2004-01-26,0.07,mg/L,00665,Total Phosphorus,2,embarrass.xlsx
USGS-IL_EPA_WQX-BE-09,2004-03-08,0.1825,mg/L,00665,Total Phosphorus,2,embarrass.xlsx
USGS-IL_EPA_WQX-BE-09,2004-04-19,0.056,mg/L,00665,Total Phosphorus,2,embarrass.xlsx
USGS-IL_EPA_WQX-BE-09,2004-05-24,0.26849999999999996,mg/L,00665,Total Phosphorus,2,embarrass.xlsx
USGS-IL_EPA_WQX-BE-09,2004-06-21,0.163,mg/L,00665,Total Phosphorus,2,embarrass.xlsx
USGS-IL_EPA_WQX-BE-09,2004-09-13,0.1295,mg/L,00665,Total Phosphorus,2,embarrass.xlsx
USGS-IL_EPA_WQX-BE-09,2004-10-27,0.0485,mg/L,00665,Total Phosphorus,2,embarrass.xlsx
USGS-IL_EPA_WQX-BE-09,2005-01-12,0.198,mg/L,00665,Total Phosphorus,2,embarrass.xlsx
USGS-IL_EPA_WQX-BE-09,2005-03-16,0.038000000000000006,mg/L,00665,Total Phosphorus,2,embarrass.xlsx
USGS-IL_EPA_WQX-BE-09,2005-04-18,0.06,mg/L,00665,Total Phosphorus,2,embarrass.xlsx
USGS-IL_EPA_WQX-BE-09,2005-05-10,0.0885,mg/L,00665,Total Phosphorus,2,embarrass.xlsx
USGS-IL_EPA_WQX-BE-09,2005-06-22,0.10250000000000001,mg/L,00665,Total Phosphorus,2,embarrass.xlsx
USGS-IL_EPA_WQX-BE-09,2005-08-24,0.425,mg/L,00665,Total Phosphorus,2,embarrass.xlsx
USGS-IL_EPA_WQX-BE-09,2005-09-28,0.9355,mg/L,00665,Total Phosphorus,2,embarrass.xlsx
USGS-IL_EPA_WQX-BE-09,2005-10-27,0.2595,mg/L,00665,Total Phosphorus,2,embarrass.xlsx
USGS-IL_EPA_WQX-BE-09,2005-12-07,0.11549999999999999,mg/L,00665,Total Phosphorus,2,embarrass.xlsx
USGS-IL_EPA_WQX-BE-09,2006-01-31,0.089,mg/L,00665,Total Phosphorus,2,embarrass.xlsx
USGS-IL_EPA_WQX-BE-09,2006-03-07,0.088,mg/L,00665,Total Phosphorus,2,embarrass.xlsx
USGS-IL_EPA_WQX-BE-09,2006-04-19,0.2945,mg/L,00665,Total Phosphorus,2,embarrass.xlsx
USGS-IL_EPA_WQX-BE-09,2006-05-22,0.063,mg/L,00665,Total Phosphorus,2,embarrass.xlsx
USGS-IL_EPA_WQX-BE-09,2006-06-27,0.1535,mg/L,00665,Total Phosphorus,2,embarrass.xlsx
USGS-IL_EPA_WQX-BE-09,2006-07-19,524.7393333333333,mg/L,00665,Total Phosphorus,3,embarrass.xlsx
USGS-IL_EPA_WQX-BE-09,2006-09-14,0.16,mg/L,00665,Total Phosphorus,2,embarrass.xlsx
USGS-IL_EPA_WQX-BE-09,2006-10-17,0.295,mg/L,00665,Total Phosphorus,2,embarrass.xlsx
USGS-IL_EPA_WQX-BE-09,2006-11-13,0.22999999999999998,mg/L,00665,Total Phosphorus,2,embarrass.xlsx
USGS-IL_EPA_WQX-BE-09,2007-01-08,0.131,mg/L,00665,Total Phosphorus,2,embarrass.xlsx
USGS-IL_EPA_WQX-BE-09,2008-12-17,0.16499999999999998,mg/L,00665,Total Phosphorus,2,embarrass.xlsx
USGS-IL_EPA_WQX-BE-09,2009-01-28,0.1375,mg/L,00665,Total Phosphorus,2,embarrass.xlsx
USGS-IL_EPA_WQX-BE-09,2009-02-25,0.08549999999999999,mg/L,00665,Total Phosphorus,2,embarrass.xlsx
USGS-IL_EPA_WQX-BE-09,2009-03-25,0.0615,mg/L,00665,Total Phosphorus,2,embarrass.xlsx
USGS-IL_EPA_WQX-BE-09,2009-04-20,0.08399999999999999,mg/L,00665,Total Phosphorus,2,embarrass.xlsx
USGS-IL_EPA_WQX-BE-09,2009-06-01,0.1235,mg/L,00665,Total Phosphorus,2,embarrass.xlsx
USGS-IL_EPA_WQX-BE-09,2009-07-06,0.139,mg/L,00665,Total Phosphorus,2,embarrass.xlsx
USGS-IL_EPA_WQX-BE-09,2009-08-03,0.066,mg/L,00665,Total Phosphorus,2,embarrass.xlsx
USGS-IL_EPA_WQX-BE-09,2009-09-14,0.2225,mg/L,00665,Total Phosphorus,2,embarrass.xlsx
USGS-IL_EPA_WQX-BE-09,2009-10-19,0.1345,mg/L,00665,Total Phosphorus,2,embarrass.xlsx
USGS-IL_EPA_WQX-BE-09,2009-11-30,0.0875,mg/L,00665,Total Phosphorus,2,embarrass.xlsx
USGS-IL_EPA_WQX-BE-09,2010-01-04,0.07450000000000001,mg/L,00665,Total Phosphorus,2,embarrass.xlsx
USGS-IL_EPA_WQX-BE-09,2010-02-15,0.0695,mg/L,00665,Total Phosphorus,2,embarrass.xlsx
USGS-IL_EPA_WQX-BE-09,2010-03-29,0.107,mg/L,00665,Total Phosphorus,2,embarrass.xlsx
USGS-IL_EPA_WQX-BE-09,2010-05-24,0.1965,mg/L,00665,Total Phosphorus,2,embarrass.xlsx
USGS-IL_EPA_WQX-BE-09,2010-06-28,0.1645,mg/L,00665,Total Phosphorus,2,embarrass.xlsx
USGS-IL_EPA_WQX-BE-09,2010-08-02,0.15,mg/L,00665,Total Phosphorus,2,embarrass.xlsx
USGS-IL_EPA_WQX-BE-09,2010-09-20,0.2325,mg/L,00665,Total Phosphorus,2,embarrass.xlsx
USGS-IL_EPA_WQX-BE-09,2010-11-01,0.567,mg/L,00665,Total Phosphorus,2,embarrass.xlsx
USGS-IL_EPA_WQX-BE-09,2010-12-06,0.154,mg/L,00665,Total Phosphorus,2,embarrass.xlsx
USGS-IL_EPA_WQX-BE-09,2011-01-24,0.094,mg/L,00665,Total Phosphorus,2,embarrass.xlsx
USGS-IL_EPA_WQX-BE-09,2011-03-07,0.264,mg/L,00665,Total Phosphorus,2,embarrass.xlsx
USGS-IL_EPA_WQX-BE-09,2011-04-18,0.084,mg/L,00665,Total Phosphorus,2,embarrass.xlsx
USGS-IL_EPA_WQX-BE-09,2011-05-23,0.0975,mg/L,00665,Total Phosphorus,2,embarrass.xlsx
USGS-IL_EPA_WQX-BE-09,2011-07-11,0.0925,mg/L,00665,Total Phosphorus,2,embarrass.xlsx
USGS-IL_EPA_WQX-BE-09,2011-08-08,0.14350000000000002,mg/L,00665,Total Phosphorus,2,embarrass.xlsx
USGS-IL_EPA_WQX-BE-09,2011-09-26,0.5665,mg/L,00665,Total Phosphorus,2,embarrass.xlsx
USGS-IL_EPA_WQX-BE-09,2011-10-31,0.28400000000000003,mg/L,00665,Total Phosphorus,2,embarrass.xlsx
USGS-IL_EPA_WQX-BE-09,2011-12-12,0.11599999999999999,mg/L,00665,Total Phosphorus,2,embarrass.xlsx
USGS-IL_EPA_WQX-BE-09,2012-02-27,0.0525,mg/L,00665,Total Phosphorus,2,embarrass.xlsx
USGS-IL_EPA_WQX-BE-09,2012-03-26,0.0805,mg/L,00665,Total Phosphorus,2,embarrass.xlsx
USGS-IL_EPA_WQX-BE-09,2012-04-23,0.093,mg/L,00665,Total Phosphorus,2,embarrass.xlsx
USGS-IL_EPA_WQX-BE-09,2012-05-21,0.057499999999999996,mg/L,00665,Total Phosphorus,2,embarrass.xlsx
USGS-IL_EPA_WQX-BE-09,2012-07-09,0.1625,mg/L,00665,Total Phosphorus,2,embarrass.xlsx
USGS-IL_EPA_WQX-BE-09,2012-08-06,0.14400000000000002,mg/L,00665,Total Phosphorus,2,embarrass.xlsx
USGS-IL_EPA_WQX-BE-09,2012-09-24,0.34199999999999997,mg/L,00665,Total Phosphorus,2,embarrass.xlsx
USGS-IL_EPA_WQX-BE-09,2012-10-29,0.216,mg/L,00665,Total Phosphorus,2,embarrass.xlsx
USGS-IL_EPA_WQX-BE-09,2012-11-26,0.22799999999999998,mg/L,00665,Total Phosphorus,2,embarrass.xlsx
USGS-IL_EPA_WQX-BE-09,2013-01-28,0.097,mg/L,00665,Total Phosphorus,2,embarrass.xlsx
USGS-IL_EPA_WQX-BE-09,2013-03-04,0.1255,mg/L,00665,Total Phosphorus,2,embarrass.xlsx
USGS-IL_EPA_WQX-BE-09,2013-04-08,0.06,mg/L,00665,Total Phosphorus,2,embarrass.xlsx
USGS-IL_EPA_WQX-BE-09,2013-05-20,0.08249999999999999,mg/L,00665,Total Phosphorus,2,embarrass.xlsx
USGS-IL_EPA_WQX-BE-09,2013-06-24,0.29600000000000004,mg/L,00665,Total Phosphorus,2,embarrass.xlsx
USGS-IL_EPA_WQX-BE-09,2013-08-05,0.095,mg/L,00665,Total Phosphorus,2,embarrass.xlsx
USGS-IL_EPA_WQX-BE-09,2013-09-23,0.10350000000000001,mg/L,00665,Total Phosphorus,2,embarrass.xlsx
USGS-IL_EPA_WQX-BE-09,2013-10-21,0.14450000000000002,mg/L,00665,Total Phosphorus,2,embarrass.xlsx
USGS-IL_EPA_WQX-BE-09,2013-11-18,0.3895,mg/L,00665,Total Phosphorus,2,embarrass.xlsx
USGS-IL_EPA_WQX-BE-09,2014-01-27,0.21000000000000002,mg/L,00665,Total Phosphorus,2,embarrass.xlsx
USGS-IL_EPA_WQX-BE-09,2014-03-17,0.491,mg/L,00665,Total Phosphorus,2,embarrass.xlsx
USGS-IL_EPA_WQX-BE-09,2014-04-21,0.0495,mg/L,00665,Total Phosphorus,2,embarrass.xlsx
USGS-IL_EPA_WQX-BE-09,2014-05-19,0.083,mg/L,00665,Total Phosphorus,2,embarrass.xlsx
USGS-IL_EPA_WQX-BE-09,2014-06-23,0.166,mg/L,00665,Total Phosphorus,2,embarrass.xlsx
USGS-IL_EPA_WQX-BE-09,2014-08-04,0.0695,mg/L,00665,Total Phosphorus,2,embarrass.xlsx
USGS-IL_EPA_WQX-BE-09,2014-09-08,0.4435,mg/L,00665,Total Phosphorus,2,embarrass.xlsx
USGS-IL_EPA_WQX-BE-09,2014-10-20,0.1325,mg/L,00665,Total Phosphorus,2,embarrass.xlsx
USGS-IL_EPA_WQX-BE-09,2014-12-01,0.088,mg/L,00665,Total Phosphorus,2,embarrass.xlsx
USGS-IL_EPA_WQX-BE-09,2015-01-26,0.0915,mg/L,00665,Total Phosphorus,2,embarrass.xlsx
USGS-IL_EPA_WQX-BE-09,2015-03-10,0.387,mg/L,00665,Total Phosphorus,2,embarrass.xlsx
USGS-IL_EPA_WQX-BE-09,2015-04-13,0.11349999999999999,mg/L,00665,Total Phosphorus,2,embarrass.xlsx
USGS-IL_EPA_WQX-BE-09,2015-05-18,0.087,mg/L,00665,Total Phosphorus,2,embarrass.xlsx
USGS-IL_EPA_WQX-BE-09,2015-06-29,0.3335,mg/L,00665,Total Phosphorus,2,embarrass.xlsx
USGS-IL_EPA_WQX-BE-09,2015-08-10,0.112,mg/L,00665,Total Phosphorus,2,embarrass.xlsx
USGS-IL_EPA_WQX-BE-09,2015-09-14,0.24,mg/L,00665,Total Phosphorus,2,embarrass.xlsx
USGS-IL_EPA_WQX-BE-09,2015-11-02,0.361,mg/L,00665,Total Phosphorus,2,embarrass.xlsx
USGS-IL_EPA_WQX-BE-09,2015-12-07,0.10250000000000001,mg/L,00665,Total Phosphorus,2,embarrass.xlsx
USGS-IL_EPA_WQX-BE-09,2016-01-25,0.08499999999999999,mg/L,00665,Total Phosphorus,2,embarrass.xlsx
USGS-IL_EPA_WQX-BE-09,2016-02-29,0.082,mg/L,00665,Total Phosphorus,2,embarrass.xlsx
USGS-IL_EPA_WQX-BE-09,2016-04-11,0.20850000000000002,mg/L,00665,Total Phosphorus,2,embarrass.xlsx
USGS-IL_EPA_WQX-BE-09,2016-05-16,0.0915,mg/L,00665,Total Phosphorus,2,embarrass.xlsx
USGS-IL_EPA_WQX-BE-09,2016-06-20,0.1335,mg/L,00665,Total Phosphorus,2,embarrass.xlsx
USGS-IL_EPA_WQX-BE-09,2016-08-01,0.197,mg/L,00665,Total Phosphorus,2,embarrass.xlsx
USGS-IL_EPA_WQX-BE-09,2016-09-19,0.2985,mg/L,00665,Total Phosphorus,2,embarrass.xlsx
USGS-IL_EPA_WQX-BE-09,2016-11-07,0.121,mg/L,00665,Total Phosphorus,2,embarrass.xlsx
USGS-IL_EPA_WQX-BE-09,2016-12-12,0.08099999999999999,mg/L,00665,Total Phosphorus,2,embarrass.xlsx
USGS-IL_EPA_WQX-BE-09,2017-01-23,0.476,mg/L,00665,Total Phosphorus,2,embarrass.xlsx
USGS-IL_EPA_WQX-BE-09,2017-03-06,0.073,mg/L,00665,Total Phosphorus,2,embarrass.xlsx
USGS-IL_EPA_WQX-BE-09,2017-04-10,0.099,mg/L,00665,Total Phosphorus,2,embarrass.xlsx
USGS-IL_EPA_WQX-BE-09,2017-05-29,0.098,mg/L,00665,Total Phosphorus,2,embarrass.xlsx
USGS-IL_EPA_WQX-BE-09,2017-06-26,0.116,mg/L,00665,Total Phosphorus,2,embarrass.xlsx
USGS-IL_EPA_WQX-BE-09,2017-08-07,0.1015,mg/L,00665,Total Phosphorus,2,embarrass.xlsx
USGS-IL_EPA_WQX-BE-09,2017-09-18,0.091,mg/L,00665,Total Phosphorus,2,embarrass.xlsx
USGS-IL_EPA_WQX-BE-09,2017-10-23,0.1995,mg/L,00665,Total Phosphorus,2,embarrass.xlsx
USGS-IL_EPA_WQX-BE-09,2017-12-11,0.2995,mg/L,00665,Total Phosphorus,2,embarrass.xlsx
USGS-IL_EPA_WQX-BE-09,2018-01-22,0.494,mg/L,00665,Total Phosphorus,2,embarrass.xlsx
USGS-IL_EPA_WQX-BE-09,2018-03-05,0.1005,mg/L,00665,Total Phosphorus,2,embarrass.xlsx
USGS-IL_EPA_WQX-BE-09,2018-04-23,0.0605,mg/L,00665,Total Phosphorus,2,embarrass.xlsx
USGS-IL_EPA_WQX-BE-09,2018-06-04,0.1205,mg/L,00665,Total Phosphorus,2,embarrass.xlsx
USGS-IL_EPA_WQX-BE-09,2018-07-16,0.20600000000000002,mg/L,00665,Total Phosphorus,2,embarrass.xlsx
USGS-IL_EPA_WQX-BE-09,2018-08-20,0.2625,mg/L,00665,Total Phosphorus,2,embarrass.xlsx
USGS-IL_EPA_WQX-BE-09,2018-09-24,0.1435,mg/L,00665,Total Phosphorus,2,embarrass.xlsx
USGS-IL_EPA_WQX-BE-09,2018-10-29,0.135,mg/L,00665,Total Phosphorus,2,embarrass.xlsx
USGS-IL_EPA_WQX-BE-09,2018-12-05,0.104,mg/L,00665,Total Phosphorus,2,embarrass.xlsx
USGS-IL_EPA_WQX-BE-09,2019-02-26,0.10800000000000001,mg/L,00665,Total Phosphorus,2,embarrass.xlsx
USGS-IL_EPA_WQX-BE-09,2019-04-16,0.152,mg/L,00665,Total Phosphorus,2,embarrass.xlsx
USGS-IL_EPA_WQX-BE-09,2019-05-21,0.08600000000000001,mg/L,00665,Total Phosphorus,2,embarrass.xlsx
USGS-IL_EPA_WQX-BE-09,2019-07-08,0.161,mg/L,00665,Total Phosphorus,2,embarrass.xlsx
USGS-IL_EPA_WQX-BE-09,2019-08-06,0.055,mg/L,00665,Total Phosphorus,2,embarrass.xlsx
USGS-IL_EPA_WQX-BE-09,2019-09-17,0.1615,mg/L,00665,Total Phosphorus,2,embarrass.xlsx
USGS-IL_EPA_WQX-BE-09,2019-11-05,0.1915,mg/L,00665,Total Phosphorus,2,embarrass.xlsx
USGS-IL_EPA_WQX-BE-09,2019-12-19,0.1165,mg/L,00665,Total Phosphorus,2,embarrass.xlsx
USGS-IL_EPA_WQX-BE-09,2020-01-28,0.091,mg/L,00665,Total Phosphorus,2,embarrass.xlsx
USGS-IL_EPA_WQX-BE-09,2020-03-10,0.0915,mg/L,00665,Total Phosphorus,2,embarrass.xlsx
USGS-IL_EPA_WQX-BE-09,2020-07-07,0.1005,mg/L,00665,Total Phosphorus,2,embarrass.xlsx
USGS-IL_EPA_WQX-BE-09,2020-08-12,0.1145,mg/L,00665,Total Phosphorus,2,embarrass.xlsx
USGS-IL_EPA_WQX-BE-09,2020-09-23,0.1885,mg/L,00665,Total Phosphorus,2,embarrass.xlsx
USGS-IL_EPA_WQX-BE-09,2020-11-05,0.176,mg/L,00665,Total Phosphorus,2,embarrass.xlsx
USGS-IL_EPA_WQX-BE-09,2020-12-14,0.087,mg/L,00665,Total Phosphorus,2,embarrass.xlsx
USGS-IL_EPA_WQX-BE-09,2021-01-26,0.07350000000000001,mg/L,00665,Total Phosphorus,2,embarrass.xlsx
USGS-IL_EPA_WQX-BE-09,2021-02-25,0.3085,mg/L,00665,Total Phosphorus,2,embarrass.xlsx
USGS-IL_EPA_WQX-BE-09,2021-04-20,0.047,mg/L,00665,Total Phosphorus,2,embarrass.xlsx
USGS-IL_EPA_WQX-BE-09,2021-05-18,0.2705,mg/L,00665,Total Phosphorus,2,embarrass.xlsx
USGS-IL_EPA_WQX-BE-09,2021-07-06,0.179,mg/L,00665,Total Phosphorus,2,embarrass.xlsx
USGS-IL_EPA_WQX-BE-09,2021-08-16,0.07100000000000001,mg/L,00665,Total Phosphorus,2,embarrass.xlsx
USGS-IL_EPA_WQX-BE-09,2021-09-14,0.16899999999999998,mg/L,00665,Total Phosphorus,2,embarrass.xlsx
USGS-IL_EPA_WQX-BE-09,2021-11-08,0.0935,mg/L,00665,Total Phosphorus,2,embarrass.xlsx
USGS-IL_EPA_WQX-BE-09,2021-12-14,0.156,mg/L,00665,Total Phosphorus,2,embarrass.xlsx
USGS-IL_EPA_WQX-BE-09,2022-01-12,0.0825,mg/L,00665,Total Phosphorus,2,embarrass.xlsx
USGS-IL_EPA_WQX-BE-09,2022-02-24,0.21300000000000002,mg/L,00665,Total Phosphorus,2,embarrass.xlsx
USGS-IL_EPA_WQX-BE-09,2022-03-08,0.4785,mg/L,00665,Total Phosphorus,2,embarrass.xlsx
USGS-IL_EPA_WQX-BE-09,2022-04-11,0.0665,mg/L,00665,Total Phosphorus,2,embarrass.xlsx
USGS-IL_EPA_WQX-BE-09,2022-05-25,0.091,mg/L,00665,Total Phosphorus,2,embarrass.xlsx
USGS-IL_EPA_WQX-BE-09,2022-06-29,0.129,mg/L,00665,Total Phosphorus,2,embarrass.xlsx
USGS-IL_EPA_WQX-BE-09,2022-10-25,0.1015,mg/L,00665,Total Phosphorus,2,embarrass.xlsx
USGS-IL_EPA_WQX-BE-14,1999-01-28,0.10500000000000001,mg/L,00665,Total Phosphorus,2,embarrass.xlsx
USGS-IL_EPA_WQX-BE-14,1999-03-02,0.07,mg/L,00665,Total Phosphorus,2,embarrass.xlsx
USGS-IL_EPA_WQX-BE-14,1999-04-05,0.035,mg/L,00665,Total Phosphorus,2,embarrass.xlsx
USGS-IL_EPA_WQX-BE-14,1999-05-19,0.075,mg/L,00665,Total Phosphorus,2,embarrass.xlsx
USGS-IL_EPA_WQX-BE-14,1999-06-29,0.08,mg/L,00665,Total Phosphorus,2,embarrass.xlsx
USGS-IL_EPA_WQX-BE-14,1999-08-18,0.195,mg/L,00665,Total Phosphorus,2,embarrass.xlsx
USGS-IL_EPA_WQX-BE-14,1999-09-22,0.095,mg/L,00665,Total Phosphorus,2,embarrass.xlsx
USGS-IL_EPA_WQX-BE-14,1999-10-28,0.05500000000000001,mg/L,00665,Total Phosphorus,2,embarrass.xlsx
USGS-IL_EPA_WQX-BE-14,1999-12-01,0.05,mg/L,00665,Total Phosphorus,2,embarrass.xlsx
USGS-IL_EPA_WQX-BE-14,2000-01-25,0.01,mg/L,00665,Total Phosphorus,2,embarrass.xlsx
USGS-IL_EPA_WQX-BE-14,2000-03-06,0.03,mg/L,00665,Total Phosphorus,2,embarrass.xlsx
USGS-IL_EPA_WQX-BE-14,2000-04-12,0.03,mg/L,00665,Total Phosphorus,2,embarrass.xlsx
USGS-IL_EPA_WQX-BE-14,2000-05-31,0.12000000000000001,mg/L,00665,Total Phosphorus,2,embarrass.xlsx
USGS-IL_EPA_WQX-BE-14,2000-08-01,0.085,mg/L,00665,Total Phosphorus,2,embarrass.xlsx
USGS-IL_EPA_WQX-BE-14,2000-08-25,0.125,mg/L,00665,Total Phosphorus,2,embarrass.xlsx
USGS-IL_EPA_WQX-BE-14,2000-11-01,0.1,mg/L,00665,Total Phosphorus,2,embarrass.xlsx
USGS-IL_EPA_WQX-BE-14,2000-12-13,0.035,mg/L,00665,Total Phosphorus,2,embarrass.xlsx
USGS-IL_EPA_WQX-BE-14,2001-01-18,0.095,mg/L,00665,Total Phosphorus,2,embarrass.xlsx
USGS-IL_EPA_WQX-BE-14,2001-02-26,0.395,mg/L,00665,Total Phosphorus,2,embarrass.xlsx
USGS-IL_EPA_WQX-BE-14,2001-04-10,0.06,mg/L,00665,Total Phosphorus,2,embarrass.xlsx
USGS-IL_EPA_WQX-BE-14,2001-05-24,0.065,mg/L,00665,Total Phosphorus,2,embarrass.xlsx
USGS-IL_EPA_WQX-BE-14,2001-06-14,0.07,mg/L,00665,Total Phosphorus,2,embarrass.xlsx
USGS-IL_EPA_WQX-BE-14,2001-07-25,0.10500000000000001,mg/L,00665,Total Phosphorus,2,embarrass.xlsx
USGS-IL_EPA_WQX-BE-14,2001-07-31,500.0,mg/kg,00665,Total Phosphorus,1,embarrass.xlsx
USGS-IL_EPA_WQX-BE-14,2001-09-06,0.125,mg/L,00665,Total Phosphorus,2,embarrass.xlsx
USGS-IL_EPA_WQX-BE-14,2001-10-24,0.065,mg/L,00665,Total Phosphorus,2,embarrass.xlsx
USGS-IL_EPA_WQX-BE-14,2001-12-10,0.035,mg/L,00665,Total Phosphorus,2,embarrass.xlsx
USGS-IL_EPA_WQX-BE-14,2002-01-15,0.015,mg/L,00665,Total Phosphorus,2,embarrass.xlsx
USGS-IL_EPA_WQX-BE-14,2002-03-07,0.05500000000000001,mg/L,00665,Total Phosphorus,2,embarrass.xlsx
USGS-IL_EPA_WQX-BE-14,2002-04-01,0.07,mg/L,00665,Total Phosphorus,2,embarrass.xlsx
USGS-IL_EPA_WQX-BE-14,2002-05-13,0.72,mg/L,00665,Total Phosphorus,2,embarrass.xlsx
USGS-IL_EPA_WQX-BE-14,2002-06-18,0.075,mg/L,00665,Total Phosphorus,2,embarrass.xlsx
USGS-IL_EPA_WQX-BE-14,2002-07-31,0.11,mg/L,00665,Total Phosphorus,2,embarrass.xlsx
USGS-IL_EPA_WQX-BE-14,2002-09-17,0.11,mg/L,00665,Total Phosphorus,2,embarrass.xlsx
USGS-IL_EPA_WQX-BE-14,2002-10-23,0.065,mg/L,00665,Total Phosphorus,2,embarrass.xlsx
USGS-IL_EPA_WQX-BE-14,2002-12-03,0.045,mg/L,00665,Total Phosphorus,2,embarrass.xlsx
USGS-IL_EPA_WQX-BE-14,2003-07-15,0.08,mg/L,00665,Total Phosphorus,2,embarrass.xlsx
USGS-IL_EPA_WQX-BE-14,2003-08-11,0.10500000000000001,mg/L,00665,Total Phosphorus,2,embarrass.xlsx
USGS-IL_EPA_WQX-BE-14,2003-09-16,0.09,mg/L,00665,Total Phosphorus,2,embarrass.xlsx
USGS-IL_EPA_WQX-BE-14,2003-10-29,0.035,mg/L,00665,Total Phosphorus,2,embarrass.xlsx
USGS-IL_EPA_WQX-BE-14,2003-12-08,0.025,mg/L,00665,Total Phosphorus,2,embarrass.xlsx
USGS-IL_EPA_WQX-BE-14,2004-01-28,0.025,mg/L,00665,Total Phosphorus,2,embarrass.xlsx
USGS-IL_EPA_WQX-BE-14,2004-03-11,0.0255,mg/L,00665,Total Phosphorus,2,embarrass.xlsx
USGS-IL_EPA_WQX-BE-14,2004-04-13,0.016,mg/L,00665,Total Phosphorus,1,embarrass.xlsx
USGS-IL_EPA_WQX-BE-14,2004-05-24,0.056,mg/L,00665,Total Phosphorus,2,embarrass.xlsx
USGS-IL_EPA_WQX-BE-14,2004-09-16,0.19849999999999998,mg/L,00665,Total Phosphorus,2,embarrass.xlsx
USGS-IL_EPA_WQX-BE-14,2004-12-27,0.0545,mg/L,00665,Total Phosphorus,2,embarrass.xlsx
USGS-IL_EPA_WQX-BE-14,2005-04-20,0.0175,mg/L,00665,Total Phosphorus,2,embarrass.xlsx
USGS-IL_EPA_WQX-BE-14,2005-06-02,0.058,mg/L,00665,Total Phosphorus,2,embarrass.xlsx
USGS-IL_EPA_WQX-BE-14,2005-07-13,0.1755,mg/L,00665,Total Phosphorus,2,embarrass.xlsx
USGS-IL_EPA_WQX-BE-14,2005-08-11,0.224,mg/L,00665,Total Phosphorus,2,embarrass.xlsx
USGS-IL_EPA_WQX-BE-14,2005-09-29,0.175,mg/L,00665,Total Phosphorus,2,embarrass.xlsx
USGS-IL_EPA_WQX-BE-14,2005-11-08,0.10005,mg/L,00665,Total Phosphorus,2,embarrass.xlsx
USGS-IL_EPA_WQX-BE-14,2005-12-20,0.017,mg/L,00665,Total Phosphorus,2,embarrass.xlsx
USGS-IL_EPA_WQX-BE-14,2006-03-20,0.021,mg/L,00665,Total Phosphorus,2,embarrass.xlsx
USGS-IL_EPA_WQX-BE-14,2006-04-12,0.018,mg/L,00665,Total Phosphorus,1,embarrass.xlsx
USGS-IL_EPA_WQX-BE-14,2006-05-15,0.03,mg/L,00665,Total Phosphorus,2,embarrass.xlsx
USGS-IL_EPA_WQX-BE-14,2006-06-29,0.074,mg/L,00665,Total Phosphorus,1,embarrass.xlsx
USGS-IL_EPA_WQX-BE-14,2006-07-10,611.7146666666666,mg/kg,00665,Total Phosphorus,3,embarrass.xlsx
USGS-IL_EPA_WQX-BE-14,2006-07-18,0.105,mg/L,00665,Total Phosphorus,1,embarrass.xlsx
USGS-IL_EPA_WQX-BE-14,2006-07-25,0.094,mg/L,00665,Total Phosphorus,1,embarrass.xlsx
USGS-IL_EPA_WQX-BE-14,2006-09-07,0.11299999999999999,mg/L,00665,Total Phosphorus,3,embarrass.xlsx
USGS-IL_EPA_WQX-BE-14,2006-09-14,0.126,mg/L,00665,Total Phosphorus,1,embarrass.xlsx
USGS-IL_EPA_WQX-BE-14,2006-09-26,0.0955,mg/L,00665,Total Phosphorus,2,embarrass.xlsx
USGS-IL_EPA_WQX-BE-14,2006-11-14,0.0475,mg/L,00665,Total Phosphorus,2,embarrass.xlsx
USGS-IL_EPA_WQX-BE-14,2007-01-11,0.123,mg/L,00665,Total Phosphorus,2,embarrass.xlsx
USGS-IL_EPA_WQX-BE-14,2007-02-26,1.165,mg/L,00665,Total Phosphorus,2,embarrass.xlsx
USGS-IL_EPA_WQX-BE-14,2008-05-27,0.03,mg/L,00665,Total Phosphorus,2,embarrass.xlsx
USGS-IL_EPA_WQX-BE-14,2008-06-26,0.05,mg/L,00665,Total Phosphorus,2,embarrass.xlsx
USGS-IL_EPA_WQX-BE-14,2008-08-12,0.0865,mg/L,00665,Total Phosphorus,2,embarrass.xlsx
USGS-IL_EPA_WQX-BE-14,2008-09-17,0.1845,mg/L,00665,Total Phosphorus,2,embarrass.xlsx
USGS-IL_EPA_WQX-BE-14,2008-12-10,0.012,mg/L,00665,Total Phosphorus,2,embarrass.xlsx
USGS-IL_EPA_WQX-BE-14,2009-01-14,0.0475,mg/L,00665,Total Phosphorus,2,embarrass.xlsx
USGS-IL_EPA_WQX-BE-14,2009-02-18,0.052000000000000005,mg/L,00665,Total Phosphorus,2,embarrass.xlsx
USGS-IL_EPA_WQX-BE-14,2009-03-11,0.082,mg/L,00665,Total Phosphorus,2,embarrass.xlsx
USGS-IL_EPA_WQX-BE-14,2009-04-07,0.1245,mg/L,00665,Total Phosphorus,2,embarrass.xlsx
USGS-IL_EPA_WQX-BE-14,2009-05-11,0.052500000000000005,mg/L,00665,Total Phosphorus,2,embarrass.xlsx
USGS-IL_EPA_WQX-BE-14,2009-06-17,0.091,mg/L,00665,Total Phosphorus,2,embarrass.xlsx
USGS-IL_EPA_WQX-BE-14,2009-07-22,0.086,mg/L,00665,Total Phosphorus,1,embarrass.xlsx
USGS-IL_EPA_WQX-BE-14,2009-08-25,0.092,mg/L,00665,Total Phosphorus,2,embarrass.xlsx
USGS-IL_EPA_WQX-BE-14,2009-10-06,0.0865,mg/L,00665,Total Phosphorus,2,embarrass.xlsx
USGS-IL_EPA_WQX-BE-14,2009-11-10,0.0415,mg/L,00665,Total Phosphorus,2,embarrass.xlsx
USGS-IL_EPA_WQX-BE-14,2009-12-15,0.087,mg/L,00665,Total Phosphorus,1,embarrass.xlsx
USGS-IL_EPA_WQX-BE-14,2009-12-19,0.034999999999999996,mg/L,00665,Total Phosphorus,2,embarrass.xlsx
USGS-IL_EPA_WQX-BE-14,2010-02-02,0.038,mg/L,00665,Total Phosphorus,2,embarrass.xlsx
USGS-IL_EPA_WQX-BE-14,2010-03-16,0.10850000000000001,mg/L,00665,Total Phosphorus,2,embarrass.xlsx
USGS-IL_EPA_WQX-BE-14,2010-04-27,0.0415,mg/L,00665,Total Phosphorus,2,embarrass.xlsx
USGS-IL_EPA_WQX-BE-14,2010-06-08,0.0805,mg/L,00665,Total Phosphorus,2,embarrass.xlsx
USGS-IL_EPA_WQX-BE-14,2010-07-20,0.11199999999999999,mg/L,00665,Total Phosphorus,2,embarrass.xlsx
USGS-IL_EPA_WQX-BE-14,2010-09-07,0.1585,mg/L,00665,Total Phosphorus,2,embarrass.xlsx
USGS-IL_EPA_WQX-BE-14,2010-10-12,0.083,mg/L,00665,Total Phosphorus,2,embarrass.xlsx
USGS-IL_EPA_WQX-BE-14,2010-11-16,0.1325,mg/L,00665,Total Phosphorus,2,embarrass.xlsx
USGS-IL_EPA_WQX-BE-14,2011-01-11,0.041,mg/L,00665,Total Phosphorus,2,embarrass.xlsx
USGS-IL_EPA_WQX-BE-14,2011-02-22,0.202,mg/L,00665,Total Phosphorus,2,embarrass.xlsx
USGS-IL_EPA_WQX-BE-14,2011-04-05,0.043,mg/L,00665,Total Phosphorus,2,embarrass.xlsx
USGS-IL_EPA_WQX-BE-14,2011-05-10,0.117,mg/L,00665,Total Phosphorus,2,embarrass.xlsx
USGS-IL_EPA_WQX-BE-14,2011-06-01,0.0885,mg/L,00665,Total Phosphorus,2,embarrass.xlsx
USGS-IL_EPA_WQX-BE-14,2011-06-21,0.0915,mg/L,00665,Total Phosphorus,2,embarrass.xlsx
USGS-IL_EPA_WQX-BE-14,2011-07-06,0.128,mg/L,00665,Total Phosphorus,1,embarrass.xlsx
USGS-IL_EPA_WQX-BE-14,2011-07-26,0.1125,mg/L,00665,Total Phosphorus,2,embarrass.xlsx
USGS-IL_EPA_WQX-BE-14,2011-08-01,0.193,mg/L,00665,Total Phosphorus,2,embarrass.xlsx
USGS-IL_EPA_WQX-BE-14,2011-08-03,0.295,mg/L,00665,Total Phosphorus,1,embarrass.xlsx
USGS-IL_EPA_WQX-BE-14,2011-09-13,0.16449999999999998,mg/L,00665,Total Phosphorus,2,embarrass.xlsx
USGS-IL_EPA_WQX-BE-14,2011-09-19,0.123,mg/L,00665,Total Phosphorus,2,embarrass.xlsx
USGS-IL_EPA_WQX-BE-14,2011-10-18,0.2865,mg/L,00665,Total Phosphorus,2,embarrass.xlsx
USGS-IL_EPA_WQX-BE-14,2011-11-29,0.113,mg/L,00665,Total Phosphorus,2,embarrass.xlsx
USGS-IL_EPA_WQX-BE-14,2012-02-07,0.0215,mg/L,00665,Total Phosphorus,2,embarrass.xlsx
USGS-IL_EPA_WQX-BE-14,2012-03-13,0.0165,mg/L,00665,Total Phosphorus,2,embarrass.xlsx
USGS-IL_EPA_WQX-BE-14,2012-04-10,0.04,mg/L,00665,Total Phosphorus,2,embarrass.xlsx
USGS-IL_EPA_WQX-BE-14,2012-05-08,0.0435,mg/L,00665,Total Phosphorus,2,embarrass.xlsx
USGS-IL_EPA_WQX-BE-14,2012-06-12,0.0775,mg/L,00665,Total Phosphorus,2,embarrass.xlsx
USGS-IL_EPA_WQX-BE-14,2012-07-24,0.427,mg/L,00665,Total Phosphorus,2,embarrass.xlsx
USGS-IL_EPA_WQX-BE-14,2012-09-18,0.10300000000000001,mg/L,00665,Total Phosphorus,2,embarrass.xlsx
USGS-IL_EPA_WQX-BE-14,2012-10-16,0.075,mg/L,00665,Total Phosphorus,2,embarrass.xlsx
USGS-IL_EPA_WQX-BE-14,2012-11-13,0.061,mg/L,00665,Total Phosphorus,2,embarrass.xlsx
USGS-IL_EPA_WQX-BE-14,2013-01-15,0.068,mg/L,00665,Total Phosphorus,2,embarrass.xlsx
USGS-IL_EPA_WQX-BE-14,2013-02-19,0.0195,mg/L,00665,Total Phosphorus,2,embarrass.xlsx
USGS-IL_EPA_WQX-BE-14,2013-04-02,0.027499999999999997,mg/L,00665,Total Phosphorus,2,embarrass.xlsx
USGS-IL_EPA_WQX-BE-14,2013-05-14,0.0305,mg/L,00665,Total Phosphorus,2,embarrass.xlsx
USGS-IL_EPA_WQX-BE-14,2013-06-11,0.05349999999999999,mg/L,00665,Total Phosphorus,2,embarrass.xlsx
USGS-IL_EPA_WQX-BE-14,2013-07-23,0.2665,mg/L,00665,Total Phosphorus,2,embarrass.xlsx
USGS-IL_EPA_WQX-BE-14,2013-08-27,0.11,mg/L,00665,Total Phosphorus,2,embarrass.xlsx
USGS-IL_EPA_WQX-BE-14,2013-10-08,0.1285,mg/L,00665,Total Phosphorus,2,embarrass.xlsx
USGS-IL_EPA_WQX-BE-14,2013-11-12,0.1355,mg/L,00665,Total Phosphorus,2,embarrass.xlsx
USGS-IL_EPA_WQX-BE-14,2014-01-14,0.139,mg/L,00665,Total Phosphorus,2,embarrass.xlsx
USGS-IL_EPA_WQX-BE-14,2014-02-25,0.257,mg/L,00665,Total Phosphorus,2,embarrass.xlsx
USGS-IL_EPA_WQX-BE-14,2014-04-08,0.032,mg/L,00665,Total Phosphorus,2,embarrass.xlsx
USGS-IL_EPA_WQX-BE-14,2014-05-06,0.026,mg/L,00665,Total Phosphorus,2,embarrass.xlsx
USGS-IL_EPA_WQX-BE-14,2014-06-11,0.09,mg/L,00665,Total Phosphorus,2,embarrass.xlsx
USGS-IL_EPA_WQX-BE-14,2014-07-22,0.19999999999999998,mg/L,00665,Total Phosphorus,2,embarrass.xlsx
USGS-IL_EPA_WQX-BE-14,2014-08-19,0.08449999999999999,mg/L,00665,Total Phosphorus,2,embarrass.xlsx
USGS-IL_EPA_WQX-BE-14,2014-10-07,0.0765,mg/L,00665,Total Phosphorus,2,embarrass.xlsx
USGS-IL_EPA_WQX-BE-14,2014-11-19,0.0185,mg/L,00665,Total Phosphorus,2,embarrass.xlsx
USGS-IL_EPA_WQX-BE-14,2015-01-06,0.029500000000000002,mg/L,00665,Total Phosphorus,2,embarrass.xlsx
USGS-IL_EPA_WQX-BE-14,2015-02-17,0.018500000000000003,mg/L,00665,Total Phosphorus,2,embarrass.xlsx
USGS-IL_EPA_WQX-BE-14,2015-04-01,0.0225,mg/L,00665,Total Phosphorus,2,embarrass.xlsx
USGS-IL_EPA_WQX-BE-14,2015-05-07,0.0565,mg/L,00665,Total Phosphorus,2,embarrass.xlsx
USGS-IL_EPA_WQX-BE-14,2015-06-17,0.0865,mg/L,00665,Total Phosphorus,2,embarrass.xlsx
USGS-IL_EPA_WQX-BE-14,2015-07-21,0.07050000000000001,mg/L,00665,Total Phosphorus,2,embarrass.xlsx
USGS-IL_EPA_WQX-BE-14,2015-09-01,0.1365,mg/L,00665,Total Phosphorus,2,embarrass.xlsx
USGS-IL_EPA_WQX-BE-14,2015-10-20,0.0695,mg/L,00665,Total Phosphorus,2,embarrass.xlsx
USGS-IL_EPA_WQX-BE-14,2015-11-18,0.0905,mg/L,00665,Total Phosphorus,2,embarrass.xlsx
USGS-IL_EPA_WQX-BE-14,2016-01-05,0.075,mg/L,00665,Total Phosphorus,2,embarrass.xlsx
USGS-IL_EPA_WQX-BE-14,2016-02-09,0.022,mg/L,00665,Total Phosphorus,2,embarrass.xlsx
USGS-IL_EPA_WQX-BE-14,2016-03-23,0.0205,mg/L,00665,Total Phosphorus,2,embarrass.xlsx
USGS-IL_EPA_WQX-BE-14,2016-05-03,0.052000000000000005,mg/L,00665,Total Phosphorus,4,embarrass.xlsx
USGS-IL_EPA_WQX-BE-14,2016-06-02,0.07450000000000001,mg/L,00665,Total Phosphorus,2,embarrass.xlsx
USGS-IL_EPA_WQX-BE-14,2016-06-06,0.078,mg/L,00665,Total Phosphorus,1,embarrass.xlsx
USGS-IL_EPA_WQX-BE-14,2016-06-07,0.058499999999999996,mg/L,00665,Total Phosphorus,2,embarrass.xlsx
USGS-IL_EPA_WQX-BE-14,2016-07-20,0.0915,mg/L,00665,Total Phosphorus,2,embarrass.xlsx
USGS-IL_EPA_WQX-BE-14,2016-08-04,0.08,mg/L,00665,Total Phosphorus,2,embarrass.xlsx
USGS-IL_EPA_WQX-BE-14,2016-08-29,0.097,mg/L,00665,Total Phosphorus,1,embarrass.xlsx
USGS-IL_EPA_WQX-BE-14,2016-09-01,0.0865,mg/L,00665,Total Phosphorus,2,embarrass.xlsx
USGS-IL_EPA_WQX-BE-14,2016-09-13,0.14700000000000002,mg/L,00665,Total Phosphorus,2,embarrass.xlsx
USGS-IL_EPA_WQX-BE-14,2016-10-04,0.0575,mg/L,00665,Total Phosphorus,2,embarrass.xlsx
USGS-IL_EPA_WQX-BE-14,2016-11-30,0.26949999999999996,mg/L,00665,Total Phosphorus,2,embarrass.xlsx
USGS-IL_EPA_WQX-BE-14,2017-01-10,0.0225,mg/L,00665,Total Phosphorus,2,embarrass.xlsx
USGS-IL_EPA_WQX-BE-14,2017-02-21,0.023,mg/L,00665,Total Phosphorus,2,embarrass.xlsx
USGS-IL_EPA_WQX-BE-14,2017-03-29,0.0275,mg/L,00665,Total Phosphorus,2,embarrass.xlsx
USGS-IL_EPA_WQX-BE-14,2017-05-02,0.5025,mg/L,00665,Total Phosphorus,2,embarrass.xlsx
USGS-IL_EPA_WQX-BE-14,2017-06-13,0.0495,mg/L,00665,Total Phosphorus,2,embarrass.xlsx
USGS-IL_EPA_WQX-BE-14,2017-07-26,0.153,mg/L,00665,Total Phosphorus,2,embarrass.xlsx
USGS-IL_EPA_WQX-BE-14,2017-09-06,0.133,mg/L,00665,Total Phosphorus,2,embarrass.xlsx
USGS-IL_EPA_WQX-BE-14,2017-10-17,0.1305,mg/L,00665,Total Phosphorus,2,embarrass.xlsx
USGS-IL_EPA_WQX-BE-14,2017-11-29,0.07250000000000001,mg/L,00665,Total Phosphorus,2,embarrass.xlsx
USGS-IL_EPA_WQX-BE-14,2018-01-10,0.044,mg/L,00665,Total Phosphorus,2,embarrass.xlsx
USGS-IL_EPA_WQX-BE-14,2018-02-20,0.2445,mg/L,00665,Total Phosphorus,2,embarrass.xlsx
USGS-IL_EPA_WQX-BE-14,2018-04-02,0.055,mg/L,00665,Total Phosphorus,2,embarrass.xlsx
USGS-IL_EPA_WQX-BE-14,2018-05-15,0.077,mg/L,00665,Total Phosphorus,2,embarrass.xlsx
USGS-IL_EPA_WQX-BE-14,2018-06-26,0.078,mg/L,00665,Total Phosphorus,2,embarrass.xlsx
USGS-IL_EPA_WQX-BE-14,2018-08-08,0.1325,mg/L,00665,Total Phosphorus,2,embarrass.xlsx
USGS-IL_EPA_WQX-BE-14,2018-09-11,0.161,mg/L,00665,Total Phosphorus,2,embarrass.xlsx
USGS-IL_EPA_WQX-BE-14,2018-10-15,0.0615,mg/L,00665,Total Phosphorus,2,embarrass.xlsx
USGS-IL_EPA_WQX-BE-14,2018-11-28,0.063,mg/L,00665,Total Phosphorus,2,embarrass.xlsx
USGS-IL_EPA_WQX-BE-14,2019-02-26,0.0575,mg/L,00665,Total Phosphorus,2,embarrass.xlsx
USGS-IL_EPA_WQX-BE-14,2019-04-16,0.096,mg/L,00665,Total Phosphorus,2,embarrass.xlsx
USGS-IL_EPA_WQX-BE-14,2019-05-21,0.034,mg/L,00665,Total Phosphorus,2,embarrass.xlsx
USGS-IL_EPA_WQX-BE-14,2019-07-08,0.133,mg/L,00665,Total Phosphorus,2,embarrass.xlsx
USGS-IL_EPA_WQX-BE-14,2019-08-06,0.1725,mg/L,00665,Total Phosphorus,2,embarrass.xlsx
USGS-IL_EPA_WQX-BE-14,2019-09-17,0.217,mg/L,00665,Total Phosphorus,2,embarrass.xlsx
USGS-IL_EPA_WQX-BE-14,2019-11-05,0.109,mg/L,00665,Total Phosphorus,2,embarrass.xlsx
USGS-IL_EPA_WQX-BE-14,2019-12-10,0.077,mg/L,00665,Total Phosphorus,2,embarrass.xlsx
USGS-IL_EPA_WQX-BE-14,2020-01-15,0.20600000000000002,mg/L,00665,Total Phosphorus,2,embarrass.xlsx
USGS-IL_EPA_WQX-BE-14,2020-02-18,0.162,mg/L,00665,Total Phosphorus,2,embarrass.xlsx
USGS-IL_EPA_WQX-BE-14,2020-06-17,0.0435,mg/L,00665,Total Phosphorus,2,embarrass.xlsx
USGS-IL_EPA_WQX-BE-14,2020-08-05,0.078,mg/L,00665,Total Phosphorus,2,embarrass.xlsx
USGS-IL_EPA_WQX-BE-14,2020-09-14,0.1745,mg/L,00665,Total Phosphorus,2,embarrass.xlsx
USGS-IL_EPA_WQX-BE-14,2020-10-26,0.223,mg/L,00665,Total Phosphorus,2,embarrass.xlsx
USGS-IL_EPA_WQX-BE-14,2020-12-07,0.0245,mg/L,00665,Total Phosphorus,2,embarrass.xlsx
USGS-IL_EPA_WQX-BE-14,2021-01-26,0.033,mg/L,00665,Total Phosphorus,1,embarrass.xlsx
USGS-IL_EPA_WQX-BE-14,2021-04-20,0.026000000000000002,mg/L,00665,Total Phosphorus,2,embarrass.xlsx
USGS-IL_EPA_WQX-BE-14,2021-05-18,0.0335,mg/L,00665,Total Phosphorus,2,embarrass.xlsx
USGS-IL_EPA_WQX-BE-14,2021-07-06,0.094,mg/L,00665,Total Phosphorus,2,embarrass.xlsx
USGS-IL_EPA_WQX-BE-14,2021-08-16,0.113,mg/L,00665,Total Phosphorus,2,embarrass.xlsx
USGS-IL_EPA_WQX-BE-14,2021-09-14,0.091,mg/L,00665,Total Phosphorus,2,embarrass.xlsx
USGS-IL_EPA_WQX-BE-14,2021-11-08,0.051000000000000004,mg/L,00665,Total Phosphorus,2,embarrass.xlsx
USGS-IL_EPA_WQX-BE-14,2021-12-14,0.03949999999999999,mg/L,00665,Total Phosphorus,2,embarrass.xlsx
USGS-IL_EPA_WQX-BE-14,2022-01-19,0.019,mg/L,00665,Total Phosphorus,2,embarrass.xlsx
USGS-IL_EPA_WQX-BE-14,2022-02-16,0.2565,mg/L,00665,Total Phosphorus,2,embarrass.xlsx
USGS-IL_EPA_WQX-BE-14,2022-04-26,0.068,mg/L,00665,Total Phosphorus,2,embarrass.xlsx
USGS-IL_EPA_WQX-BE-14,2022-05-24,0.0485,mg/L,00665,Total Phosphorus,2,embarrass.xlsx
USGS-IL_EPA_WQX-BE-14,2022-06-28,0.1205,mg/L,00665,Total Phosphorus,2,embarrass.xlsx
USGS-IL_EPA_WQX-BE-14,2022-11-01,0.32399999999999995,mg/L,00665,Total Phosphorus,2,embarrass.xlsx
USGS-IL_EPA_WQX-BE-15,2016-06-01,0.0745,mg/L,00665,Total Phosphorus,2,embarrass.xlsx
USGS-IL_EPA_WQX-BE-15,2016-06-07,0.2,mg/L,00665,Total Phosphorus,1,embarrass.xlsx
USGS-IL_EPA_WQX-BE-15,2016-08-01,0.165,mg/L,00665,Total Phosphorus,1,embarrass.xlsx
USGS-IL_EPA_WQX-BE-15,2016-08-08,0.052000000000000005,mg/L,00665,Total Phosphorus,2,embarrass.xlsx
USGS-IL_EPA_WQX-BE-15,2016-08-31,0.1875,mg/L,00665,Total Phosphorus,2,embarrass.xlsx
USGS-IL_EPA_WQX-BE-17,2001-06-20,0.09,mg/L,00665,Total Phosphorus,2,embarrass.xlsx
USGS-IL_EPA_WQX-BE-17,2001-07-30,170.08666666666667,mg/kg,00665,Total Phosphorus,3,embarrass.xlsx
USGS-IL_EPA_WQX-BE-17,2001-09-17,0.11000000000000001,mg/L,00665,Total Phosphorus,2,embarrass.xlsx
USGS-IL_EPA_WQX-BE-17,2006-05-25,0.11900000000000001,mg/L,00665,Total Phosphorus,2,embarrass.xlsx
USGS-IL_EPA_WQX-BE-17,2006-07-18,1659.744,mg/L,00665,Total Phosphorus,3,embarrass.xlsx
USGS-IL_EPA_WQX-BE-17,2006-09-14,0.153,mg/L,00665,Total Phosphorus,2,embarrass.xlsx
USGS-IL_EPA_WQX-BE-25,2006-05-24,0.014,mg/L,00665,Total Phosphorus,1,embarrass.xlsx
USGS-IL_EPA_WQX-BE-25,2006-07-10,1461.0,mg/kg,00665,Total Phosphorus,1,embarrass.xlsx
USGS-IL_EPA_WQX-BE-25,2006-09-07,0.07300000000000001,mg/L,00665,Total Phosphorus,2,embarrass.xlsx
USGS-IL_EPA_WQX-BE-25,2011-06-01,0.0645,mg/L,00665,Total Phosphorus,2,embarrass.xlsx
USGS-IL_EPA_WQX-BE-25,2011-06-02,0.061,mg/L,00665,Total Phosphorus,1,embarrass.xlsx
USGS-IL_EPA_WQX-BE-25,2011-06-20,0.025,mg/L,00665,Total Phosphorus,2,embarrass.xlsx
USGS-IL_EPA_WQX-BE-25,2011-08-16,0.032,mg/L,00665,Total Phosphorus,1,embarrass.xlsx
USGS-IL_EPA_WQX-BE-25,2011-09-19,0.013999999999999999,mg/L,00665,Total Phosphorus,2,embarrass.xlsx
USGS-IL_EPA_WQX-BE-25,2021-06-22,0.0185,mg/L,00665,Total Phosphorus,2,embarrass.xlsx
USGS-IL_EPA_WQX-BE-25,2021-08-05,0.0195,mg/L,00665,Total Phosphorus,2,embarrass.xlsx
USGS-IL_EPA_WQX-BE-27,2016-06-02,0.062,mg/L,00665,Total Phosphorus,2,embarrass.xlsx
USGS-IL_EPA_WQX-BE-27,2016-06-06,0.111,mg/L,00665,Total Phosphorus,1,embarrass.xlsx
USGS-IL_EPA_WQX-BE-27,2016-08-04,0.0955,mg/L,00665,Total Phosphorus,2,embarrass.xlsx
USGS-IL_EPA_WQX-BE-27,2016-09-01,0.1135,mg/L,00665,Total Phosphorus,2,embarrass.xlsx
USGS-IL_EPA_WQX-BE-27,2016-09-22,0.11,mg/L,00665,Total Phosphorus,1,embarrass.xlsx
USGS-IL_EPA_WQX-BE-27,2021-06-07,0.045,mg/L,00665,Total Phosphorus,2,embarrass.xlsx
USGS-IL_EPA_WQX-BE-27,2021-08-04,0.0885,mg/L,00665,Total Phosphorus,2,embarrass.xlsx
USGS-IL_EPA_WQX-BE-36,2001-06-18,0.15000000000000002,mg/L,00665,Total Phosphorus,2,embarrass.xlsx
USGS-IL_EPA_WQX-BE-36,2001-08-08,200.07,mg/kg,00665,Total Phosphorus,2,embarrass.xlsx
USGS-IL_EPA_WQX-BE-36,2001-09-24,0.07500000000000001,mg/L,00665,Total Phosphorus,2,embarrass.xlsx
USGS-IL_EPA_WQX-BE-36,2016-06-07,0.476,mg/L,00665,Total Phosphorus,1,embarrass.xlsx
USGS-IL_EPA_WQX-BE-36,2016-06-15,0.106,mg/L,00665,Total Phosphorus,1,embarrass.xlsx
USGS-IL_EPA_WQX-BE-36,2016-08-01,0.162,mg/L,00665,Total Phosphorus,1,embarrass.xlsx
USGS-IL_EPA_WQX-BE-36,2016-08-08,0.07666666666666667,mg/L,00665,Total Phosphorus,3,embarrass.xlsx
USGS-IL_EPA_WQX-BE-36,2016-09-07,0.1075,mg/L,00665,Total Phosphorus,2,embarrass.xlsx
USGS-IL_EPA_WQX-BE-36,2016-10-04,0.08600000000000001,mg/L,00665,Total Phosphorus,2,embarrass.xlsx
USGS-IL_EPA_WQX-BE-96,2006-05-23,0.047,mg/L,00665,Total Phosphorus,2,embarrass.xlsx
USGS-IL_EPA_WQX-BE-96,2006-07-18,0.09949999999999999,mg/L,00665,Total Phosphorus,2,embarrass.xlsx
USGS-IL_EPA_WQX-BE-96,2006-09-14,0.07,mg/L,00665,Total Phosphorus,2,embarrass.xlsx
USGS-IL_EPA_WQX-BE-96,2011-06-07,0.0765,mg/L,00665,Total Phosphorus,2,embarrass.xlsx
USGS-IL_EPA_WQX-BE-96,2011-06-27,0.351,mg/L,00665,Total Phosphorus,2,embarrass.xlsx
USGS-IL_EPA_WQX-BE-96,2011-07-12,0.089,mg/L,00665,Total Phosphorus,1,embarrass.xlsx
USGS-IL_EPA_WQX-BE-96,2011-08-01,0.078,mg/L,00665,Total Phosphorus,2,embarrass.xlsx
USGS-IL_EPA_WQX-BE-96,2011-08-16,0.135,mg/L,00665,Total Phosphorus,1,embarrass.xlsx
USGS-IL_EPA_WQX-BE-96,2011-09-19,0.0755,mg/L,00665,Total Phosphorus,2,embarrass.xlsx
USGS-IL_EPA_WQX-BEA-01,2006-05-16,0.2535,mg/L,00665,Total Phosphorus,2,embarrass.xlsx
USGS-IL_EPA_WQX-BEA-01,2006-09-06,260.73033333333336,mg/L,00665,Total Phosphorus,3,embarrass.xlsx
USGS-IL_EPA_WQX-BEA-01,2006-09-26,0.3115,mg/L,00665,Total Phosphorus,2,embarrass.xlsx
USGS-IL_EPA_WQX-BEA-01,2016-05-25,0.089,mg/L,00665,Total Phosphorus,2,embarrass.xlsx
USGS-IL_EPA_WQX-BEA-01,2016-06-14,1.26,mg/L,00665,Total Phosphorus,1,embarrass.xlsx
USGS-IL_EPA_WQX-BEA-01,2016-06-21,0.1575,mg/L,00665,Total Phosphorus,2,embarrass.xlsx
USGS-IL_EPA_WQX-BEA-01,2016-06-22,0.133,mg/L,00665,Total Phosphorus,1,embarrass.xlsx
USGS-IL_EPA_WQX-BEA-01,2016-08-02,0.296,mg/L,00665,Total Phosphorus,1,embarrass.xlsx
USGS-IL_EPA_WQX-BEA-01,2016-09-06,0.39349999999999996,mg/L,00665,Total Phosphorus,2,embarrass.xlsx
USGS-IL_EPA_WQX-BEB-03,2006-05-16,0.0775,mg/L,00665,Total Phosphorus,2,embarrass.xlsx
USGS-IL_EPA_WQX-BEB-03,2006-08-17,116.73166666666667,mg/L,00665,Total Phosphorus,3,embarrass.xlsx
USGS-IL_EPA_WQX-BEB-03,2006-09-06,0.072,mg/L,00665,Total Phosphorus,1,embarrass.xlsx
USGS-IL_EPA_WQX-BEB-03,2021-07-27,0.0635,mg/L,00665,Total Phosphorus,2,embarrass.xlsx
USGS-IL_EPA_WQX-BEB-05,2011-06-08,0.0495,mg/L,00665,Total Phosphorus,2,embarrass.xlsx
USGS-IL_EPA_WQX-BEB-05,2011-06-15,0.101,mg/L,00665,Total Phosphorus,1,embarrass.xlsx
USGS-IL_EPA_WQX-BEB-05,2011-07-11,0.06433333333333334,mg/L,00665,Total Phosphorus,3,embarrass.xlsx
USGS-IL_EPA_WQX-BEB-05,2011-08-16,0.07,mg/L,00665,Total Phosphorus,1,embarrass.xlsx
USGS-IL_EPA_WQX-BEB-05,2011-09-29,0.092,mg/L,00665,Total Phosphorus,2,embarrass.xlsx
USGS-IL_EPA_WQX-BEB-05,2021-06-23,0.0505,mg/L,00665,Total Phosphorus,2,embarrass.xlsx
USGS-IL_EPA_WQX-BEC-01,2016-05-25,0.0655,mg/L,00665,Total Phosphorus,2,embarrass.xlsx
USGS-IL_EPA_WQX-BEC-01,2016-06-13,0.16799999999999998,mg/L,00665,Total Phosphorus,2,embarrass.xlsx
USGS-IL_EPA_WQX-BEC-01,2016-06-14,0.097,mg/L,00665,Total Phosphorus,1,embarrass.xlsx
USGS-IL_EPA_WQX-BEC-01,2016-08-02,0.327,mg/L,00665,Total Phosphorus,1,embarrass.xlsx
USGS-IL_EPA_WQX-BEC-01,2016-10-05,0.114,mg/L,00665,Total Phosphorus,2,embarrass.xlsx
USGS-IL_EPA_WQX-BED-01,2001-06-21,0.06,mg/L,00665,Total Phosphorus,2,embarrass.xlsx
USGS-IL_EPA_WQX-BED-01,2001-08-07,116.71666666666665,mg/L,00665,Total Phosphorus,3,embarrass.xlsx
USGS-IL_EPA_WQX-BED-01,2001-09-26,0.035,mg/L,00665,Total Phosphorus,2,embarrass.xlsx
USGS-IL_EPA_WQX-BED-01,2006-05-16,0.33999999999999997,mg/L,00665,Total Phosphorus,2,embarrass.xlsx
USGS-IL_EPA_WQX-BED-03,2011-06-08,0.06999999999999999,mg/L,00665,Total Phosphorus,2,embarrass.xlsx
USGS-IL_EPA_WQX-BED-03,2011-06-13,0.0865,mg/L,00665,Total Phosphorus,2,embarrass.xlsx
USGS-IL_EPA_WQX-BED-03,2011-06-15,0.135,mg/L,00665,Total Phosphorus,1,embarrass.xlsx
USGS-IL_EPA_WQX-BED-03,2011-08-17,0.435,mg/L,00665,Total Phosphorus,1,embarrass.xlsx
USGS-IL_EPA_WQX-BED-03,2011-09-29,0.265,mg/L,00665,Total Phosphorus,2,embarrass.xlsx
USGS-IL_EPA_WQX-BED-03,2021-06-15,0.11249999999999999,mg/L,00665,Total Phosphorus,2,embarrass.xlsx
USGS-IL_EPA_WQX-BED-03,2021-08-03,0.041499999999999995,mg/L,00665,Total Phosphorus,2,embarrass.xlsx
USGS-IL_EPA_WQX-BED-04,2006-08-07,142.07433333333333,mg/kg,00665,Total Phosphorus,3,embarrass.xlsx
USGS-IL_EPA_WQX-BED-04,2006-09-07,0.0975,mg/L,00665,Total Phosphorus,2,embarrass.xlsx
USGS-IL_EPA_WQX-BEDB-01,2011-06-08,0.2385,mg/L,00665,Total Phosphorus,2,embarrass.xlsx
USGS-IL_EPA_WQX-BEDB-01,2011-06-15,0.56,mg/L,00665,Total Phosphorus,1,embarrass.xlsx
USGS-IL_EPA_WQX-BEDB-01,2011-08-17,1.44,mg/L,00665,Total Phosphorus,1,embarrass.xlsx
USGS-IL_EPA_WQX-BEDB-02,2006-05-31,0.6025,mg/L,00665,Total Phosphorus,2,embarrass.xlsx
USGS-IL_EPA_WQX-BEDB-02,2006-08-07,198.33666666666667,mg/L,00665,Total Phosphorus,3,embarrass.xlsx
USGS-IL_EPA_WQX-BEDB-02,2006-09-07,0.9924999999999999,mg/L,00665,Total Phosphorus,2,embarrass.xlsx
USGS-IL_EPA_WQX-BEDB-02,2016-05-25,0.2245,mg/L,00665,Total Phosphorus,2,embarrass.xlsx
USGS-IL_EPA_WQX-BEDB-02,2016-06-09,0.249,mg/L,00665,Total Phosphorus,2,embarrass.xlsx
USGS-IL_EPA_WQX-BEDB-02,2016-06-13,0.423,mg/L,00665,Total Phosphorus,1,embarrass.xlsx
USGS-IL_EPA_WQX-BEDB-02,2016-06-20,0.4,mg/L,00665,Total Phosphorus,1,embarrass.xlsx
USGS-IL_EPA_WQX-BEDB-02,2016-08-02,0.887,mg/L,00665,Total Phosphorus,1,embarrass.xlsx
USGS-IL_EPA_WQX-BEDB-02,2016-10-05,0.5685,mg/L,00665,Total Phosphorus,2,embarrass.xlsx
USGS-IL_EPA_WQX-BEF-02,2001-06-19,0.12,mg/L,00665,Total Phosphorus,2,embarrass.xlsx
USGS-IL_EPA_WQX-BEF-02,2001-07-16,141.06,mg/L,00665,Total Phosphorus,3,embarrass.xlsx
USGS-IL_EPA_WQX-BEF-02,2001-09-19,0.11,mg/L,00665,Total Phosphorus,2,embarrass.xlsx
USGS-IL_EPA_WQX-BEF-03,2001-08-08,462.0,mg/kg,00665,Total Phosphorus,1,embarrass.xlsx
USGS-IL_EPA_WQX-BEF-03,2006-08-08,628.3,mg/kg,00665,Total Phosphorus,1,embarrass.xlsx
USGS-IL_EPA_WQX-BEF-03,2011-06-08,0.1025,mg/L,00665,Total Phosphorus,2,embarrass.xlsx
USGS-IL_EPA_WQX-BEF-03,2011-06-15,0.198,mg/L,00665,Total Phosphorus,1,embarrass.xlsx
USGS-IL_EPA_WQX-BEF-03,2011-07-13,0.128,mg/L,00665,Total Phosphorus,2,embarrass.xlsx
USGS-IL_EPA_WQX-BEF-03,2011-08-17,0.421,mg/L,00665,Total Phosphorus,1,embarrass.xlsx
USGS-IL_EPA_WQX-BEF-03,2016-06-13,0.147,mg/L,00665,Total Phosphorus,1,embarrass.xlsx
USGS-IL_EPA_WQX-BEF-03,2016-08-01,0.151,mg/L,00665,Total Phosphorus,1,embarrass.xlsx
USGS-IL_EPA_WQX-BEF-03,2016-08-09,0.08,mg/L,00665,Total Phosphorus,2,embarrass.xlsx
USGS-IL_EPA_WQX-BEF-03,2016-09-07,0.071,mg/L,00665,Total Phosphorus,2,embarrass.xlsx
USGS-IL_EPA_WQX-BEF-03,2016-10-04,0.0755,mg/L,00665,Total Phosphorus,2,embarrass.xlsx
USGS-IL_EPA_WQX-BEF-03,2018-12-04,0.329,mg/L,00665,Total Phosphorus,2,embarrass.xlsx
USGS-IL_EPA_WQX-BEF-03,2019-03-07,0.0355,mg/L,00665,Total Phosphorus,2,embarrass.xlsx
USGS-IL_EPA_WQX-BEF-03,2019-04-17,0.1695,mg/L,00665,Total Phosphorus,2,embarrass.xlsx
USGS-IL_EPA_WQX-BEF-03,2019-05-21,0.08549999999999999,mg/L,00665,Total Phosphorus,2,embarrass.xlsx
USGS-IL_EPA_WQX-BEF-03,2019-06-24,0.266,mg/L,00665,Total Phosphorus,2,embarrass.xlsx
USGS-IL_EPA_WQX-BEF-03,2019-07-23,0.254,mg/L,00665,Total Phosphorus,2,embarrass.xlsx
USGS-IL_EPA_WQX-BEF-03,2019-09-03,0.10750000000000001,mg/L,00665,Total Phosphorus,2,embarrass.xlsx
USGS-IL_EPA_WQX-BEF-03,2019-10-15,0.218,mg/L,00665,Total Phosphorus,2,embarrass.xlsx
USGS-IL_EPA_WQX-BEF-03,2019-12-03,0.29,mg/L,00665,Total Phosphorus,2,embarrass.xlsx
USGS-IL_EPA_WQX-BEF-03,2020-01-23,0.0945,mg/L,00665,Total Phosphorus,2,embarrass.xlsx
USGS-IL_EPA_WQX-BEF-03,2020-03-05,0.1715,mg/L,00665,Total Phosphorus,2,embarrass.xlsx
USGS-IL_EPA_WQX-BEF-03,2020-06-18,0.1,mg/L,00665,Total Phosphorus,2,embarrass.xlsx
USGS-IL_EPA_WQX-BEF-03,2020-07-28,0.154,mg/L,00665,Total Phosphorus,2,embarrass.xlsx
USGS-IL_EPA_WQX-BEF-03,2020-09-15,0.0695,mg/L,00665,Total Phosphorus,2,embarrass.xlsx
USGS-IL_EPA_WQX-BEF-03,2020-11-05,0.16499999999999998,mg/L,00665,Total Phosphorus,2,embarrass.xlsx
USGS-IL_EPA_WQX-BEF-03,2020-12-17,0.111,mg/L,00665,Total Phosphorus,2,embarrass.xlsx
USGS-IL_EPA_WQX-BEF-03,2021-01-27,0.137,mg/L,00665,Total Phosphorus,2,embarrass.xlsx
USGS-IL_EPA_WQX-BEF-03,2021-03-11,0.0645,mg/L,00665,Total Phosphorus,2,embarrass.xlsx
USGS-IL_EPA_WQX-BEF-03,2021-08-18,0.081,mg/L,00665,Total Phosphorus,2,embarrass.xlsx
USGS-IL_EPA_WQX-BEF-03,2021-09-30,0.11,mg/L,00665,Total Phosphorus,2,embarrass.xlsx
USGS-IL_EPA_WQX-BEF-03,2021-11-10,0.148,mg/L,00665,Total Phosphorus,2,embarrass.xlsx
USGS-IL_EPA_WQX-BEF-03,2021-12-15,0.33,mg/L,00665,Total Phosphorus,2,embarrass.xlsx
USGS-IL_EPA_WQX-BEF-03,2022-03-08,0.365,mg/L,00665,Total Phosphorus,2,embarrass.xlsx
USGS-IL_EPA_WQX-BEF-03,2022-04-05,0.093,mg/L,00665,Total Phosphorus,2,embarrass.xlsx
USGS-IL_EPA_WQX-BEF-03,2022-05-18,0.1525,mg/L,00665,Total Phosphorus,2,embarrass.xlsx
USGS-IL_EPA_WQX-BEF-03,2022-06-21,0.11149999999999999,mg/L,00665,Total Phosphorus,2,embarrass.xlsx
USGS-IL_EPA_WQX-BEF-03,2022-07-28,0.114,mg/L,00665,Total Phosphorus,2,embarrass.xlsx
USGS-IL_EPA_WQX-BEF-03,2022-09-26,0.087,mg/L,00665,Total Phosphorus,2,embarrass.xlsx
USGS-IL_EPA_WQX-BEF-05,1999-01-20,0.255,mg/L,00665,Total Phosphorus,2,embarrass.xlsx
USGS-IL_EPA_WQX-BEF-05,1999-03-09,0.195,mg/L,00665,Total Phosphorus,2,embarrass.xlsx
USGS-IL_EPA_WQX-BEF-05,1999-04-20,0.08,mg/L,00665,Total Phosphorus,2,embarrass.xlsx
USGS-IL_EPA_WQX-BEF-05,1999-05-25,0.125,mg/L,00665,Total Phosphorus,2,embarrass.xlsx
USGS-IL_EPA_WQX-BEF-05,1999-06-09,0.315,mg/L,00665,Total Phosphorus,2,embarrass.xlsx
USGS-IL_EPA_WQX-BEF-05,1999-07-20,0.08,mg/L,00665,Total Phosphorus,2,embarrass.xlsx
USGS-IL_EPA_WQX-BEF-05,1999-09-21,0.055,mg/L,00665,Total Phosphorus,2,embarrass.xlsx
USGS-IL_EPA_WQX-BEF-05,1999-10-26,0.05,mg/L,00665,Total Phosphorus,2,embarrass.xlsx
USGS-IL_EPA_WQX-BEF-05,1999-12-07,0.05,mg/L,00665,Total Phosphorus,2,embarrass.xlsx
USGS-IL_EPA_WQX-BEF-05,2000-01-04,0.06,mg/L,00665,Total Phosphorus,1,embarrass.xlsx
USGS-IL_EPA_WQX-BEF-05,2000-03-13,0.05,mg/L,00665,Total Phosphorus,2,embarrass.xlsx
USGS-IL_EPA_WQX-BEF-05,2000-04-25,0.12,mg/L,00665,Total Phosphorus,2,embarrass.xlsx
USGS-IL_EPA_WQX-BEF-05,2000-05-23,0.11499999999999999,mg/L,00665,Total Phosphorus,2,embarrass.xlsx
USGS-IL_EPA_WQX-BEF-05,2000-06-20,0.16999999999999998,mg/L,00665,Total Phosphorus,2,embarrass.xlsx
USGS-IL_EPA_WQX-BEF-05,2000-07-10,0.095,mg/L,00665,Total Phosphorus,2,embarrass.xlsx
USGS-IL_EPA_WQX-BEF-05,2000-09-26,0.37,mg/L,00665,Total Phosphorus,2,embarrass.xlsx
USGS-IL_EPA_WQX-BEF-05,2000-10-24,0.07,mg/L,00665,Total Phosphorus,2,embarrass.xlsx
USGS-IL_EPA_WQX-BEF-05,2000-11-28,0.23,mg/L,00665,Total Phosphorus,2,embarrass.xlsx
USGS-IL_EPA_WQX-BEF-05,2001-01-31,0.33999999999999997,mg/L,00665,Total Phosphorus,2,embarrass.xlsx
USGS-IL_EPA_WQX-BEF-05,2001-03-06,0.04,mg/L,00665,Total Phosphorus,2,embarrass.xlsx
USGS-IL_EPA_WQX-BEF-05,2001-04-18,0.065,mg/L,00665,Total Phosphorus,2,embarrass.xlsx
USGS-IL_EPA_WQX-BEF-05,2001-05-08,0.08,mg/L,00665,Total Phosphorus,2,embarrass.xlsx
USGS-IL_EPA_WQX-BEF-05,2001-06-06,0.29500000000000004,mg/L,00665,Total Phosphorus,2,embarrass.xlsx
USGS-IL_EPA_WQX-BEF-05,2001-08-07,0.09000000000000001,mg/L,00665,Total Phosphorus,2,embarrass.xlsx
USGS-IL_EPA_WQX-BEF-05,2001-09-24,0.08,mg/L,00665,Total Phosphorus,2,embarrass.xlsx
USGS-IL_EPA_WQX-BEF-05,2001-10-23,0.135,mg/L,00665,Total Phosphorus,2,embarrass.xlsx
USGS-IL_EPA_WQX-BEF-05,2001-11-14,0.055,mg/L,00665,Total Phosphorus,2,embarrass.xlsx
USGS-IL_EPA_WQX-BEF-05,2002-01-22,0.04,mg/L,00665,Total Phosphorus,2,embarrass.xlsx
USGS-IL_EPA_WQX-BEF-05,2002-03-12,0.19,mg/L,00665,Total Phosphorus,2,embarrass.xlsx
USGS-IL_EPA_WQX-BEF-05,2002-04-17,0.12000000000000001,mg/L,00665,Total Phosphorus,2,embarrass.xlsx
USGS-IL_EPA_WQX-BEF-05,2002-05-14,0.255,mg/L,00665,Total Phosphorus,2,embarrass.xlsx
USGS-IL_EPA_WQX-BEF-05,2002-06-10,0.15000000000000002,mg/L,00665,Total Phosphorus,2,embarrass.xlsx
USGS-IL_EPA_WQX-BEF-05,2002-07-25,0.30000000000000004,mg/L,00665,Total Phosphorus,2,embarrass.xlsx
USGS-IL_EPA_WQX-BEF-05,2002-09-04,0.08499999999999999,mg/L,00665,Total Phosphorus,2,embarrass.xlsx
USGS-IL_EPA_WQX-BEF-05,2002-11-06,0.075,mg/L,00665,Total Phosphorus,2,embarrass.xlsx
USGS-IL_EPA_WQX-BEF-05,2002-12-03,0.115,mg/L,00665,Total Phosphorus,2,embarrass.xlsx
USGS-IL_EPA_WQX-BEF-05,2003-01-13,0.08,mg/L,00665,Total Phosphorus,2,embarrass.xlsx
USGS-IL_EPA_WQX-BEF-05,2003-05-27,0.055,mg/L,00665,Total Phosphorus,2,embarrass.xlsx
USGS-IL_EPA_WQX-BEF-05,2003-06-30,0.105,mg/L,00665,Total Phosphorus,2,embarrass.xlsx
USGS-IL_EPA_WQX-BEF-05,2003-08-11,0.11499999999999999,mg/L,00665,Total Phosphorus,2,embarrass.xlsx
USGS-IL_EPA_WQX-BEF-05,2003-09-22,0.07,mg/L,00665,Total Phosphorus,2,embarrass.xlsx
USGS-IL_EPA_WQX-BEF-05,2003-11-03,0.1,mg/L,00665,Total Phosphorus,2,embarrass.xlsx
USGS-IL_EPA_WQX-BEF-05,2003-12-08,0.06,mg/L,00665,Total Phosphorus,2,embarrass.xlsx
USGS-IL_EPA_WQX-BEF-05,2004-01-26,0.05,mg/L,00665,Total Phosphorus,2,embarrass.xlsx
USGS-IL_EPA_WQX-BEF-05,2004-03-08,0.164,mg/L,00665,Total Phosphorus,2,embarrass.xlsx
USGS-IL_EPA_WQX-BEF-05,2004-04-19,0.05449999999999999,mg/L,00665,Total Phosphorus,2,embarrass.xlsx
USGS-IL_EPA_WQX-BEF-05,2004-05-24,0.099,mg/L,00665,Total Phosphorus,2,embarrass.xlsx
USGS-IL_EPA_WQX-BEF-05,2004-06-21,0.169,mg/L,00665,Total Phosphorus,2,embarrass.xlsx
USGS-IL_EPA_WQX-BEF-05,2004-09-13,0.054,mg/L,00665,Total Phosphorus,1,embarrass.xlsx
USGS-IL_EPA_WQX-BEF-05,2005-01-12,0.196,mg/L,00665,Total Phosphorus,2,embarrass.xlsx
USGS-IL_EPA_WQX-BEF-05,2005-03-16,0.047,mg/L,00665,Total Phosphorus,1,embarrass.xlsx
USGS-IL_EPA_WQX-BEF-05,2005-04-19,0.0895,mg/L,00665,Total Phosphorus,2,embarrass.xlsx
USGS-IL_EPA_WQX-BEF-05,2005-05-10,0.0905,mg/L,00665,Total Phosphorus,2,embarrass.xlsx
USGS-IL_EPA_WQX-BEF-05,2005-06-22,0.106,mg/L,00665,Total Phosphorus,2,embarrass.xlsx
USGS-IL_EPA_WQX-BEF-05,2005-08-25,0.091,mg/L,00665,Total Phosphorus,2,embarrass.xlsx
USGS-IL_EPA_WQX-BEF-05,2005-09-28,0.10650000000000001,mg/L,00665,Total Phosphorus,2,embarrass.xlsx
USGS-IL_EPA_WQX-BEF-05,2005-10-26,0.064,mg/L,00665,Total Phosphorus,2,embarrass.xlsx
USGS-IL_EPA_WQX-BEF-05,2005-12-07,0.179,mg/L,00665,Total Phosphorus,2,embarrass.xlsx
USGS-IL_EPA_WQX-BEF-05,2006-01-31,0.41700000000000004,mg/L,00665,Total Phosphorus,2,embarrass.xlsx
USGS-IL_EPA_WQX-BEF-05,2006-03-07,0.055,mg/L,00665,Total Phosphorus,2,embarrass.xlsx
USGS-IL_EPA_WQX-BEF-05,2006-04-19,0.375,mg/L,00665,Total Phosphorus,2,embarrass.xlsx
USGS-IL_EPA_WQX-BEF-05,2006-05-22,0.10400000000000001,mg/L,00665,Total Phosphorus,2,embarrass.xlsx
USGS-IL_EPA_WQX-BEF-05,2006-06-27,0.16399999999999998,mg/L,00665,Total Phosphorus,2,embarrass.xlsx
USGS-IL_EPA_WQX-BEF-05,2006-08-07,0.10350000000000001,mg/L,00665,Total Phosphorus,2,embarrass.xlsx
USGS-IL_EPA_WQX-BEF-05,2006-09-14,0.298,mg/L,00665,Total Phosphorus,2,embarrass.xlsx
USGS-IL_EPA_WQX-BEF-05,2006-10-18,0.937,mg/L,00665,Total Phosphorus,2,embarrass.xlsx
USGS-IL_EPA_WQX-BEF-05,2006-11-13,0.303,mg/L,00665,Total Phosphorus,2,embarrass.xlsx
USGS-IL_EPA_WQX-BEF-05,2007-01-08,0.2475,mg/L,00665,Total Phosphorus,2,embarrass.xlsx
USGS-IL_EPA_WQX-BEF-05,2008-12-17,0.14400000000000002,mg/L,00665,Total Phosphorus,2,embarrass.xlsx
USGS-IL_EPA_WQX-BEF-05,2009-01-27,0.0335,mg/L,00665,Total Phosphorus,2,embarrass.xlsx
USGS-IL_EPA_WQX-BEF-05,2009-02-24,0.040499999999999994,mg/L,00665,Total Phosphorus,2,embarrass.xlsx
USGS-IL_EPA_WQX-BEF-05,2009-03-24,0.0535,mg/L,00665,Total Phosphorus,2,embarrass.xlsx
USGS-IL_EPA_WQX-BEF-05,2009-04-20,0.2535,mg/L,00665,Total Phosphorus,2,embarrass.xlsx
USGS-IL_EPA_WQX-BEF-05,2009-06-02,0.245,mg/L,00665,Total Phosphorus,2,embarrass.xlsx
USGS-IL_EPA_WQX-BEF-05,2009-07-07,0.255,mg/L,00665,Total Phosphorus,2,embarrass.xlsx
USGS-IL_EPA_WQX-BEF-05,2009-08-04,0.115,mg/L,00665,Total Phosphorus,2,embarrass.xlsx
USGS-IL_EPA_WQX-BEF-05,2009-09-15,0.0925,mg/L,00665,Total Phosphorus,2,embarrass.xlsx
USGS-IL_EPA_WQX-BEF-05,2009-10-20,0.1405,mg/L,00665,Total Phosphorus,2,embarrass.xlsx
USGS-IL_EPA_WQX-BEF-05,2009-12-01,0.061,mg/L,00665,Total Phosphorus,2,embarrass.xlsx
USGS-IL_EPA_WQX-BEF-05,2010-01-05,0.039,mg/L,00665,Total Phosphorus,2,embarrass.xlsx
USGS-IL_EPA_WQX-BEF-05,2010-02-16,0.032,mg/L,00665,Total Phosphorus,2,embarrass.xlsx
USGS-IL_EPA_WQX-BEF-05,2010-03-30,0.1445,mg/L,00665,Total Phosphorus,2,embarrass.xlsx
USGS-IL_EPA_WQX-BEF-05,2010-05-25,0.146,mg/L,00665,Total Phosphorus,2,embarrass.xlsx
USGS-IL_EPA_WQX-BEF-05,2010-06-29,0.2105,mg/L,00665,Total Phosphorus,2,embarrass.xlsx
USGS-IL_EPA_WQX-BEF-05,2010-08-03,0.084,mg/L,00665,Total Phosphorus,2,embarrass.xlsx
USGS-IL_EPA_WQX-BEF-05,2010-09-21,0.091,mg/L,00665,Total Phosphorus,2,embarrass.xlsx
USGS-IL_EPA_WQX-BEF-05,2010-11-02,0.14450000000000002,mg/L,00665,Total Phosphorus,2,embarrass.xlsx
USGS-IL_EPA_WQX-BEF-05,2010-12-07,0.221,mg/L,00665,Total Phosphorus,2,embarrass.xlsx
USGS-IL_EPA_WQX-BEF-05,2011-01-25,0.0485,mg/L,00665,Total Phosphorus,2,embarrass.xlsx
USGS-IL_EPA_WQX-BEF-05,2011-03-08,0.165,mg/L,00665,Total Phosphorus,2,embarrass.xlsx
USGS-IL_EPA_WQX-BEF-05,2011-04-19,0.1285,mg/L,00665,Total Phosphorus,2,embarrass.xlsx
USGS-IL_EPA_WQX-BEF-05,2011-05-24,0.34850000000000003,mg/L,00665,Total Phosphorus,2,embarrass.xlsx
USGS-IL_EPA_WQX-BEF-05,2011-07-12,0.10450000000000001,mg/L,00665,Total Phosphorus,2,embarrass.xlsx
USGS-IL_EPA_WQX-BEF-05,2011-08-09,0.1205,mg/L,00665,Total Phosphorus,2,embarrass.xlsx
USGS-IL_EPA_WQX-BEF-05,2011-09-19,0.089,mg/L,00665,Total Phosphorus,2,embarrass.xlsx
USGS-IL_EPA_WQX-BEF-05,2011-09-27,0.0685,mg/L,00665,Total Phosphorus,2,embarrass.xlsx
USGS-IL_EPA_WQX-BEF-05,2011-11-01,0.1785,mg/L,00665,Total Phosphorus,2,embarrass.xlsx
USGS-IL_EPA_WQX-BEF-05,2011-12-13,0.10500000000000001,mg/L,00665,Total Phosphorus,2,embarrass.xlsx
USGS-IL_EPA_WQX-BEF-05,2012-02-28,0.0375,mg/L,00665,Total Phosphorus,2,embarrass.xlsx
USGS-IL_EPA_WQX-BEF-05,2012-03-27,0.0595,mg/L,00665,Total Phosphorus,2,embarrass.xlsx
USGS-IL_EPA_WQX-BEF-05,2012-04-24,0.08249999999999999,mg/L,00665,Total Phosphorus,2,embarrass.xlsx
USGS-IL_EPA_WQX-BEF-05,2012-05-22,0.076,mg/L,00665,Total Phosphorus,2,embarrass.xlsx
USGS-IL_EPA_WQX-BEF-05,2012-07-10,0.20550000000000002,mg/L,00665,Total Phosphorus,2,embarrass.xlsx
USGS-IL_EPA_WQX-BEF-05,2012-08-07,0.2095,mg/L,00665,Total Phosphorus,2,embarrass.xlsx
USGS-IL_EPA_WQX-BEF-05,2012-09-25,0.08700000000000001,mg/L,00665,Total Phosphorus,2,embarrass.xlsx
USGS-IL_EPA_WQX-BEF-05,2012-10-30,0.15400000000000003,mg/L,00665,Total Phosphorus,2,embarrass.xlsx
USGS-IL_EPA_WQX-BEF-05,2012-11-27,0.081,mg/L,00665,Total Phosphorus,2,embarrass.xlsx
USGS-IL_EPA_WQX-BEF-05,2013-01-29,0.16999999999999998,mg/L,00665,Total Phosphorus,2,embarrass.xlsx
USGS-IL_EPA_WQX-BEF-05,2013-03-05,0.0905,mg/L,00665,Total Phosphorus,2,embarrass.xlsx
USGS-IL_EPA_WQX-BEF-05,2013-04-09,0.0475,mg/L,00665,Total Phosphorus,2,embarrass.xlsx
USGS-IL_EPA_WQX-BEF-05,2013-05-21,0.103,mg/L,00665,Total Phosphorus,2,embarrass.xlsx
USGS-IL_EPA_WQX-BEF-05,2013-06-25,0.2155,mg/L,00665,Total Phosphorus,2,embarrass.xlsx
USGS-IL_EPA_WQX-BEF-05,2013-08-06,0.05499999999999999,mg/L,00665,Total Phosphorus,2,embarrass.xlsx
USGS-IL_EPA_WQX-BEF-05,2013-09-24,0.078,mg/L,00665,Total Phosphorus,2,embarrass.xlsx
USGS-IL_EPA_WQX-BEF-05,2013-10-22,0.0505,mg/L,00665,Total Phosphorus,2,embarrass.xlsx
USGS-IL_EPA_WQX-BEF-05,2013-11-19,0.742,mg/L,00665,Total Phosphorus,2,embarrass.xlsx
USGS-IL_EPA_WQX-BEF-05,2014-01-28,0.0335,mg/L,00665,Total Phosphorus,2,embarrass.xlsx
USGS-IL_EPA_WQX-BEF-05,2014-03-18,0.0775,mg/L,00665,Total Phosphorus,2,embarrass.xlsx
USGS-IL_EPA_WQX-BEF-05,2014-04-22,0.058,mg/L,00665,Total Phosphorus,2,embarrass.xlsx
USGS-IL_EPA_WQX-BEF-05,2014-05-20,0.1235,mg/L,00665,Total Phosphorus,2,embarrass.xlsx
USGS-IL_EPA_WQX-BEF-05,2014-06-24,0.11349999999999999,mg/L,00665,Total Phosphorus,2,embarrass.xlsx
USGS-IL_EPA_WQX-BEF-05,2014-08-05,0.117,mg/L,00665,Total Phosphorus,2,embarrass.xlsx
USGS-IL_EPA_WQX-BEF-05,2014-09-09,0.1615,mg/L,00665,Total Phosphorus,2,embarrass.xlsx
USGS-IL_EPA_WQX-BEF-05,2014-10-21,0.1435,mg/L,00665,Total Phosphorus,2,embarrass.xlsx
USGS-IL_EPA_WQX-BEF-05,2014-12-02,0.1065,mg/L,00665,Total Phosphorus,2,embarrass.xlsx
USGS-IL_EPA_WQX-BEF-05,2015-01-27,0.157,mg/L,00665,Total Phosphorus,2,embarrass.xlsx
USGS-IL_EPA_WQX-BEF-05,2015-03-03,0.031,mg/L,00665,Total Phosphorus,2,embarrass.xlsx
USGS-IL_EPA_WQX-BEF-05,2015-04-14,0.121,mg/L,00665,Total Phosphorus,2,embarrass.xlsx
USGS-IL_EPA_WQX-BEF-05,2015-05-19,0.11699999999999999,mg/L,00665,Total Phosphorus,2,embarrass.xlsx
USGS-IL_EPA_WQX-BEF-05,2015-06-30,0.3255,mg/L,00665,Total Phosphorus,2,embarrass.xlsx
USGS-IL_EPA_WQX-BEF-05,2015-08-10,0.09849999999999999,mg/L,00665,Total Phosphorus,2,embarrass.xlsx
USGS-IL_EPA_WQX-BEF-05,2015-09-15,0.096,mg/L,00665,Total Phosphorus,2,embarrass.xlsx
USGS-IL_EPA_WQX-BEF-05,2015-11-02,0.1375,mg/L,00665,Total Phosphorus,2,embarrass.xlsx
USGS-IL_EPA_WQX-BEF-05,2015-12-08,0.0755,mg/L,00665,Total Phosphorus,2,embarrass.xlsx
USGS-IL_EPA_WQX-BEF-05,2016-01-26,0.0255,mg/L,00665,Total Phosphorus,2,embarrass.xlsx
USGS-IL_EPA_WQX-BEF-05,2016-02-29,0.1635,mg/L,00665,Total Phosphorus,2,embarrass.xlsx
USGS-IL_EPA_WQX-BEF-05,2016-04-12,0.335,mg/L,00665,Total Phosphorus,2,embarrass.xlsx
USGS-IL_EPA_WQX-BEF-05,2016-05-17,0.107,mg/L,00665,Total Phosphorus,2,embarrass.xlsx
USGS-IL_EPA_WQX-BEF-05,2016-06-20,0.16849999999999998,mg/L,00665,Total Phosphorus,2,embarrass.xlsx
USGS-IL_EPA_WQX-BEF-05,2016-08-02,0.14600000000000002,mg/L,00665,Total Phosphorus,2,embarrass.xlsx
USGS-IL_EPA_WQX-BEF-05,2016-09-20,0.244,mg/L,00665,Total Phosphorus,2,embarrass.xlsx
USGS-IL_EPA_WQX-BEF-05,2016-11-07,0.11,mg/L,00665,Total Phosphorus,2,embarrass.xlsx
USGS-IL_EPA_WQX-BEF-05,2016-12-13,0.0945,mg/L,00665,Total Phosphorus,2,embarrass.xlsx
USGS-IL_EPA_WQX-BEF-05,2017-01-24,0.1595,mg/L,00665,Total Phosphorus,2,embarrass.xlsx
USGS-IL_EPA_WQX-BEF-05,2017-03-06,0.092,mg/L,00665,Total Phosphorus,2,embarrass.xlsx
USGS-IL_EPA_WQX-BEF-05,2017-04-11,0.121,mg/L,00665,Total Phosphorus,2,embarrass.xlsx
USGS-IL_EPA_WQX-BEF-05,2017-05-30,0.10950000000000001,mg/L,00665,Total Phosphorus,2,embarrass.xlsx
USGS-IL_EPA_WQX-BEF-05,2017-06-26,0.195,mg/L,00665,Total Phosphorus,2,embarrass.xlsx
USGS-IL_EPA_WQX-BEF-05,2017-08-08,0.1265,mg/L,00665,Total Phosphorus,2,embarrass.xlsx
USGS-IL_EPA_WQX-BEF-05,2017-09-19,0.0825,mg/L,00665,Total Phosphorus,2,embarrass.xlsx
USGS-IL_EPA_WQX-BEF-05,2017-10-23,0.1175,mg/L,00665,Total Phosphorus,2,embarrass.xlsx
USGS-IL_EPA_WQX-BEF-05,2017-12-12,0.057999999999999996,mg/L,00665,Total Phosphorus,2,embarrass.xlsx
USGS-IL_EPA_WQX-BEF-05,2018-01-23,0.792,mg/L,00665,Total Phosphorus,2,embarrass.xlsx
USGS-IL_EPA_WQX-BEF-05,2018-03-05,0.0915,mg/L,00665,Total Phosphorus,2,embarrass.xlsx
USGS-IL_EPA_WQX-BEF-05,2018-04-24,0.0645,mg/L,00665,Total Phosphorus,2,embarrass.xlsx
USGS-IL_EPA_WQX-BEF-05,2018-06-05,0.176,mg/L,00665,Total Phosphorus,2,embarrass.xlsx
USGS-IL_EPA_WQX-BEF-05,2018-07-16,0.318,mg/L,00665,Total Phosphorus,2,embarrass.xlsx
USGS-IL_EPA_WQX-BEF-05,2018-08-21,0.38,mg/L,00665,Total Phosphorus,2,embarrass.xlsx
USGS-IL_EPA_WQX-BEF-05,2018-09-25,0.102,mg/L,00665,Total Phosphorus,2,embarrass.xlsx
USGS-IL_EPA_WQX-BEF-05,2018-10-29,0.0945,mg/L,00665,Total Phosphorus,2,embarrass.xlsx
USGS-IL_EPA_WQX-BEF-08,2011-06-15,0.031,mg/L,00665,Total Phosphorus,1,embarrass.xlsx
USGS-IL_EPA_WQX-BEF-08,2011-08-17,0.062,mg/L,00665,Total Phosphorus,1,embarrass.xlsx
USGS-IL_EPA_WQX-BEF-08,2016-06-07,0.113,mg/L,00665,Total Phosphorus,1,embarrass.xlsx
USGS-IL_EPA_WQX-BEF-08,2016-08-02,0.054,mg/L,00665,Total Phosphorus,1,embarrass.xlsx
USGS-IL_EPA_WQX-BEF-10,2006-05-31,0.07100000000000001,mg/L,00665,Total Phosphorus,2,embarrass.xlsx
USGS-IL_EPA_WQX-BEF-10,2006-07-26,401.05766666666665,mg/kg,00665,Total Phosphorus,3,embarrass.xlsx
USGS-IL_EPA_WQX-BEF-10,2006-09-13,0.165,mg/L,00665,Total Phosphorus,2,embarrass.xlsx
USGS-IL_EPA_WQX-BEF-10,2011-06-07,0.05,mg/L,00665,Total Phosphorus,2,embarrass.xlsx
USGS-IL_EPA_WQX-BEF-10,2011-07-13,0.055999999999999994,mg/L,00665,Total Phosphorus,2,embarrass.xlsx
USGS-IL_EPA_WQX-BEF-10,2011-09-07,0.0295,mg/L,00665,Total Phosphorus,2,embarrass.xlsx
USGS-IL_EPA_WQX-BEF-10,2016-06-01,0.077,mg/L,00665,Total Phosphorus,2,embarrass.xlsx
USGS-IL_EPA_WQX-BEF-10,2016-08-02,0.0435,mg/L,00665,Total Phosphorus,2,embarrass.xlsx
USGS-IL_EPA_WQX-BEF-10,2016-10-03,0.0425,mg/L,00665,Total Phosphorus,2,embarrass.xlsx
USGS-IL_EPA_WQX-BEF-10,2021-06-14,0.08249999999999999,mg/L,00665,Total Phosphorus,2,embarrass.xlsx
USGS-IL_EPA_WQX-BEF-10,2021-07-28,0.08199999999999999,mg/L,00665,Total Phosphorus,2,embarrass.xlsx
USGS-IL_EPA_WQX-BEFA-02,2006-04-24,0.2045,mg/L,00665,Total Phosphorus,2,embarrass.xlsx
USGS-IL_EPA_WQX-BEFA-04,2006-08-07,130.35066666666665,mg/kg,00665,Total Phosphorus,3,embarrass.xlsx
USGS-IL_EPA_WQX-BEFA-04,2006-09-07,0.0935,mg/L,00665,Total Phosphorus,2,embarrass.xlsx
USGS-IL_EPA_WQX-BEFA-04,2016-06-13,0.18733333333333335,mg/L,00665,Total Phosphorus,3,embarrass.xlsx
USGS-IL_EPA_WQX-BEFA-04,2016-08-01,0.195,mg/L,00665,Total Phosphorus,1,embarrass.xlsx
USGS-IL_EPA_WQX-BEFA-04,2016-09-07,0.0765,mg/L,00665,Total Phosphorus,2,embarrass.xlsx
USGS-IL_EPA_WQX-BEFA-04,2016-10-04,0.125,mg/L,00665,Total Phosphorus,2,embarrass.xlsx
USGS-IL_EPA_WQX-BEFAB-02,2021-06-15,0.3295,mg/L,00665,Total Phosphorus,2,embarrass.xlsx
USGS-IL_EPA_WQX-BEFAB-02,2021-08-03,0.08600000000000001,mg/L,00665,Total Phosphorus,2,embarrass.xlsx
USGS-IL_EPA_WQX-BEG-02,2021-06-15,0.1375,mg/L,00665,Total Phosphorus,2,embarrass.xlsx
USGS-IL_EPA_WQX-BEG-02,2021-08-03,0.0695,mg/L,00665,Total Phosphorus,2,embarrass.xlsx
USGS-IL_EPA_WQX-BEGB-01,2016-06-07,0.364,mg/L,00665,Total Phosphorus,1,embarrass.xlsx
USGS-IL_EPA_WQX-BEGB-01,2016-06-09,0.259,mg/L,00665,Total Phosphorus,2,embarrass.xlsx
USGS-IL_EPA_WQX-BEGB-01,2016-08-01,0.24,mg/L,00665,Total Phosphorus,1,embarrass.xlsx
USGS-IL_EPA_WQX-BEGB-01,2016-09-07,0.077,mg/L,00665,Total Phosphorus,2,embarrass.xlsx
USGS-IL_EPA_WQX-BEGB-01,2016-10-04,0.132,mg/L,00665,Total Phosphorus,2,embarrass.xlsx
USGS-IL_EPA_WQX-BEH-01,2011-06-08,0.0695,mg/L,00665,Total Phosphorus,2,embarrass.xlsx
USGS-IL_EPA_WQX-BEH-01,2011-06-13,0.16949999999999998,mg/L,00665,Total Phosphorus,2,embarrass.xlsx
USGS-IL_EPA_WQX-BEH-01,2011-06-15,0.223,mg/L,00665,Total Phosphorus,1,embarrass.xlsx
USGS-IL_EPA_WQX-BEH-01,2011-08-17,0.049,mg/L,00665,Total Phosphorus,1,embarrass.xlsx
USGS-IL_EPA_WQX-BEH-01,2011-09-19,0.026000000000000002,mg/L,00665,Total Phosphorus,2,embarrass.xlsx
USGS-IL_EPA_WQX-BEI-01,2001-06-18,0.11,mg/L,00665,Total Phosphorus,2,embarrass.xlsx
USGS-IL_EPA_WQX-BEI-01,2001-07-16,124.71333333333335,mg/L,00665,Total Phosphorus,3,embarrass.xlsx
USGS-IL_EPA_WQX-BEI-01,2001-09-19,0.08,mg/L,00665,Total Phosphorus,2,embarrass.xlsx
USGS-IL_EPA_WQX-BEI-01,2006-06-01,0.124,mg/L,00665,Total Phosphorus,2,embarrass.xlsx
USGS-IL_EPA_WQX-BEI-01,2006-07-19,1250.1193333333333,mg/L,00665,Total Phosphorus,3,embarrass.xlsx
USGS-IL_EPA_WQX-BEI-01,2006-09-13,0.3385,mg/L,00665,Total Phosphorus,2,embarrass.xlsx
USGS-IL_EPA_WQX-BEI-01,2016-06-01,0.065,mg/L,00665,Total Phosphorus,2,embarrass.xlsx
USGS-IL_EPA_WQX-BEI-01,2016-06-07,0.204,mg/L,00665,Total Phosphorus,1,embarrass.xlsx
USGS-IL_EPA_WQX-BEI-01,2016-07-25,0.134,mg/L,00665,Total Phosphorus,2,embarrass.xlsx
USGS-IL_EPA_WQX-BEI-01,2016-08-01,0.097,mg/L,00665,Total Phosphorus,1,embarrass.xlsx
USGS-IL_EPA_WQX-BEI-01,2016-08-31,0.0835,mg/L,00665,Total Phosphorus,2,embarrass.xlsx
USGS-IL_EPA_WQX-BEI-01,2021-06-22,0.0865,mg/L,00665,Total Phosphorus,2,embarrass.xlsx
USGS-IL_EPA_WQX-BEI-01,2021-08-03,0.0545,mg/L,00665,Total Phosphorus,2,embarrass.xlsx
USGS-IL_EPA_WQX-BEJ-03,2001-06-18,0.1,mg/L,00665,Total Phosphorus,1,embarrass.xlsx
USGS-IL_EPA_WQX-BEJ-03,2001-07-17,111.05333333333334,mg/L,00665,Total Phosphorus,3,embarrass.xlsx
USGS-IL_EPA_WQX-BEJ-03,2001-09-19,0.08,mg/L,00665,Total Phosphorus,2,embarrass.xlsx
USGS-IL_EPA_WQX-BEJ-05,2016-06-07,0.129,mg/L,00665,Total Phosphorus,1,embarrass.xlsx
USGS-IL_EPA_WQX-BEJ-05,2016-07-25,0.10250000000000001,mg/L,00665,Total Phosphorus,2,embarrass.xlsx
USGS-IL_EPA_WQX-BEJ-05,2016-08-01,0.086,mg/L,00665,Total Phosphorus,1,embarrass.xlsx
USGS-IL_EPA_WQX-BEJ-05,2016-08-31,0.1265,mg/L,00665,Total Phosphorus,2,embarrass.xlsx
USGS-IL_EPA_WQX-BEJ-05,2016-10-03,0.0815,mg/L,00665,Total Phosphorus,2,embarrass.xlsx
USGS-IL_EPA_WQX-BEJ-05,2021-06-10,0.102,mg/L,00665,Total Phosphorus,2,embarrass.xlsx
USGS-IL_EPA_WQX-BEJ-05,2021-08-03,0.07200000000000001,mg/L,00665,Total Phosphorus,2,embarrass.xlsx
USGS-IL_EPA_WQX-BEJ-06,2006-05-25,0.43999999999999995,mg/L,00665,Total Phosphorus,2,embarrass.xlsx
USGS-IL_EPA_WQX-BEJ-06,2006-07-19,572.07,mg/L,00665,Total Phosphorus,3,embarrass.xlsx
USGS-IL_EPA_WQX-BEJ-06,2006-09-13,0.10600000000000001,mg/L,00665,Total Phosphorus,2,embarrass.xlsx
USGS-IL_EPA_WQX-BEJC-01,2021-06-10,0.112,mg/L,00665,Total Phosphorus,2,embarrass.xlsx
USGS-IL_EPA_WQX-BEJC-01,2021-08-03,0.0705,mg/L,00665,Total Phosphorus,2,embarrass.xlsx
USGS-IL_EPA_WQX-BEL-01,2001-06-19,0.08,mg/L,00665,Total Phosphorus,2,embarrass.xlsx
USGS-IL_EPA_WQX-BEL-01,2001-08-02,103.38333333333333,mg/kg,00665,Total Phosphorus,3,embarrass.xlsx
USGS-IL_EPA_WQX-BEL-01,2001-09-18,0.060000000000000005,mg/L,00665,Total Phosphorus,2,embarrass.xlsx
USGS-IL_EPA_WQX-BEL-01,2006-05-25,0.6295000000000001,mg/L,00665,Total Phosphorus,2,embarrass.xlsx
USGS-IL_EPA_WQX-BEL-01,2006-07-27,708.3703333333333,mg/kg,00665,Total Phosphorus,3,embarrass.xlsx
USGS-IL_EPA_WQX-BEL-01,2006-09-08,0.0445,mg/L,00665,Total Phosphorus,2,embarrass.xlsx
USGS-IL_EPA_WQX-BEL-01,2011-06-08,0.06,mg/L,00665,Total Phosphorus,2,embarrass.xlsx
USGS-IL_EPA_WQX-BEL-01,2011-06-15,0.057,mg/L,00665,Total Phosphorus,1,embarrass.xlsx
USGS-IL_EPA_WQX-BEL-01,2011-07-14,0.052000000000000005,mg/L,00665,Total Phosphorus,2,embarrass.xlsx
USGS-IL_EPA_WQX-BEL-01,2011-08-17,0.115,mg/L,00665,Total Phosphorus,1,embarrass.xlsx
USGS-IL_EPA_WQX-BEL-01,2011-09-07,0.056999999999999995,mg/L,00665,Total Phosphorus,2,embarrass.xlsx
USGS-IL_EPA_WQX-BEL-01,2016-06-01,0.048,mg/L,00665,Total Phosphorus,2,embarrass.xlsx
USGS-IL_EPA_WQX-BEL-01,2016-06-07,0.08,mg/L,00665,Total Phosphorus,1,embarrass.xlsx
USGS-IL_EPA_WQX-BEL-01,2016-07-18,0.079,mg/L,00665,Total Phosphorus,2,embarrass.xlsx
USGS-IL_EPA_WQX-BEL-01,2016-08-01,0.064,mg/L,00665,Total Phosphorus,1,embarrass.xlsx
USGS-IL_EPA_WQX-BEL-01,2016-10-03,0.049,mg/L,00665,Total Phosphorus,2,embarrass.xlsx
USGS-IL_EPA_WQX-BEL-01,2021-06-10,0.0635,mg/L,00665,Total Phosphorus,2,embarrass.xlsx
USGS-IL_EPA_WQX-BEL-01,2021-08-03,0.045,mg/L,00665,Total Phosphorus,2,embarrass.xlsx
USGS-IL_EPA_WQX-BEL-03,2001-08-01,347.0,mg/kg,00665,Total Phosphorus,1,embarrass.xlsx
USGS-IL_EPA_WQX-BEN-01,2001-06-19,0.385,mg/L,00665,Total Phosphorus,2,embarrass.xlsx
USGS-IL_EPA_WQX-BEN-01,2001-08-01,628.0,mg/kg,00665,Total Phosphorus,1,embarrass.xlsx
USGS-IL_EPA_WQX-BEN-01,2001-08-02,0.8049999999999999,mg/L,00665,Total Phosphorus,2,embarrass.xlsx
USGS-IL_EPA_WQX-BEN-01,2001-09-18,1.9,mg/L,00665,Total Phosphorus,2,embarrass.xlsx
USGS-IL_EPA_WQX-BEN-01,2006-05-23,0.1885,mg/L,00665,Total Phosphorus,2,embarrass.xlsx
USGS-IL_EPA_WQX-BEN-01,2006-07-27,1656.3086666666668,mg/L,00665,Total Phosphorus,3,embarrass.xlsx
USGS-IL_EPA_WQX-BEN-01,2006-09-13,2.2,mg/L,00665,Total Phosphorus,2,embarrass.xlsx
USGS-IL_EPA_WQX-BEN-01,2011-06-07,0.331,mg/L,00665,Total Phosphorus,2,embarrass.xlsx
USGS-IL_EPA_WQX-BEN-01,2011-06-15,0.48,mg/L,00665,Total Phosphorus,1,embarrass.xlsx
USGS-IL_EPA_WQX-BEN-01,2011-07-12,0.492,mg/L,00665,Total Phosphorus,1,embarrass.xlsx
USGS-IL_EPA_WQX-BEN-01,2011-07-28,1.2149999999999999,mg/L,00665,Total Phosphorus,2,embarrass.xlsx
USGS-IL_EPA_WQX-BEN-01,2011-08-16,1.85,mg/L,00665,Total Phosphorus,1,embarrass.xlsx
USGS-IL_EPA_WQX-BEN-01,2011-09-20,1.7850000000000001,mg/L,00665,Total Phosphorus,2,embarrass.xlsx
USGS-IL_EPA_WQX-BEN-01,2016-05-31,0.388,mg/L,00665,Total Phosphorus,2,embarrass.xlsx
USGS-IL_EPA_WQX-BEN-01,2016-06-06,0.26,mg/L,00665,Total Phosphorus,1,embarrass.xlsx
USGS-IL_EPA_WQX-BEN-01,2016-07-13,1.08,mg/L,00665,Total Phosphorus,2,embarrass.xlsx
USGS-IL_EPA_WQX-BEN-01,2016-08-01,1.1,mg/L,00665,Total Phosphorus,1,embarrass.xlsx
USGS-IL_EPA_WQX-BEN-01,2016-08-29,0.5755,mg/L,00665,Total Phosphorus,2,embarrass.xlsx
USGS-IL_EPA_WQX-BEN-01,2021-06-08,0.299,mg/L,00665,Total Phosphorus,2,embarrass.xlsx
USGS-IL_EPA_WQX-BEN-01,2021-08-02,0.23399999999999999,mg/L,00665,Total Phosphorus,2,embarrass.xlsx
USGS-IL_EPA_WQX-BEN-02,2001-06-19,0.72,mg/L,00665,Total Phosphorus,2,embarrass.xlsx
USGS-IL_EPA_WQX-BEN-02,2001-08-01,507.0,mg/kg,00665,Total Phosphorus,1,embarrass.xlsx
USGS-IL_EPA_WQX-BEN-02,2001-08-02,1.15,mg/L,00665,Total Phosphorus,2,embarrass.xlsx
USGS-IL_EPA_WQX-BEN-02,2001-09-18,2.4,mg/L,00665,Total Phosphorus,2,embarrass.xlsx
USGS-IL_EPA_WQX-BEN-02,2013-05-16,0.2495,mg/L,00665,Total Phosphorus,2,embarrass.xlsx
USGS-IL_EPA_WQX-BEN-02,2013-06-19,0.356,mg/L,00665,Total Phosphorus,2,embarrass.xlsx
USGS-IL_EPA_WQX-BEN-02,2013-07-24,0.275,mg/L,00665,Total Phosphorus,2,embarrass.xlsx
USGS-IL_EPA_WQX-BEN-02,2013-08-26,1.505,mg/L,00665,Total Phosphorus,2,embarrass.xlsx
USGS-IL_EPA_WQX-BEN-02,2013-09-10,2.5999999999999996,mg/L,00665,Total Phosphorus,2,embarrass.xlsx
USGS-IL_EPA_WQX-BEN-02,2013-10-23,3.775,mg/L,00665,Total Phosphorus,2,embarrass.xlsx
USGS-IL_EPA_WQX-BEN-02,2014-02-18,0.986,mg/L,00665,Total Phosphorus,2,embarrass.xlsx
USGS-IL_EPA_WQX-BEN-02,2014-02-20,0.999,mg/L,00665,Total Phosphorus,1,embarrass.xlsx
USGS-IL_EPA_WQX-BEN-02,2014-03-17,0.22399999999999998,mg/L,00665,Total Phosphorus,2,embarrass.xlsx
USGS-IL_EPA_WQX-BEN-02,2014-04-03,0.485,mg/L,00665,Total Phosphorus,1,embarrass.xlsx
USGS-IL_EPA_WQX-BEN-02,2014-04-04,0.504,mg/L,00665,Total Phosphorus,1,embarrass.xlsx
USGS-IL_EPA_WQX-BEN-02,2014-04-25,0.515,mg/L,00665,Total Phosphorus,2,embarrass.xlsx
USGS-IL_EPA_WQX-BEN-02,2014-05-28,0.5435000000000001,mg/L,00665,Total Phosphorus,2,embarrass.xlsx
USGS-IL_EPA_WQX-BEN-02,2014-06-24,0.7115,mg/L,00665,Total Phosphorus,2,embarrass.xlsx
USGS-IL_EPA_WQX-BEN-02,2014-07-22,1.22,mg/L,00665,Total Phosphorus,2,embarrass.xlsx
USGS-IL_EPA_WQX-BEN-02,2014-08-06,1.525,mg/L,00665,Total Phosphorus,2,embarrass.xlsx
USGS-IL_EPA_WQX-BEN-02,2014-08-18,2.74,mg/L,00665,Total Phosphorus,2,embarrass.xlsx
USGS-IL_EPA_WQX-BEN-02,2014-09-10,1.0350000000000001,mg/L,00665,Total Phosphorus,2,embarrass.xlsx
USGS-IL_EPA_WQX-BEN-02,2014-09-19,1.02,mg/L,00665,Total Phosphorus,2,embarrass.xlsx
USGS-IL_EPA_WQX-BEN-02,2014-09-25,1.205,mg/L,00665,Total Phosphorus,2,embarrass.xlsx
USGS-IL_EPA_WQX-BEN-02,2014-10-01,1.725,mg/L,00665,Total Phosphorus,2,embarrass.xlsx
USGS-IL_EPA_WQX-BEN-02,2014-10-16,0.36050000000000004,mg/L,00665,Total Phosphorus,2,embarrass.xlsx
USGS-IL_EPA_WQX-BEN-02,2015-03-24,0.3435,mg/L,00665,Total Phosphorus,2,embarrass.xlsx
USGS-IL_EPA_WQX-BEN-02,2015-04-02,0.022,mg/L,00665,Total Phosphorus,2,embarrass.xlsx
USGS-IL_EPA_WQX-BEN-02,2015-04-28,0.28300000000000003,mg/L,00665,Total Phosphorus,2,embarrass.xlsx
USGS-IL_EPA_WQX-BEN-02,2015-05-11,0.1855,mg/L,00665,Total Phosphorus,2,embarrass.xlsx
USGS-IL_EPA_WQX-BEN-02,2015-05-27,0.753,mg/L,00665,Total Phosphorus,2,embarrass.xlsx
USGS-IL_EPA_WQX-BEN-02,2015-06-18,0.3685,mg/L,00665,Total Phosphorus,2,embarrass.xlsx
USGS-IL_EPA_WQX-BEN-02,2015-06-26,0.35250000000000004,mg/L,00665,Total Phosphorus,2,embarrass.xlsx
USGS-IL_EPA_WQX-BEN-02,2015-06-30,0.2255,mg/L,00665,Total Phosphorus,2,embarrass.xlsx
USGS-IL_EPA_WQX-BEN-02,2015-07-09,0.32,mg/L,00665,Total Phosphorus,2,embarrass.xlsx
USGS-IL_EPA_WQX-BEN-02,2015-07-30,1.04,mg/L,00665,Total Phosphorus,2,embarrass.xlsx
USGS-IL_EPA_WQX-BEN-02,2015-08-12,0.9895,mg/L,00665,Total Phosphorus,2,embarrass.xlsx
USGS-IL_EPA_WQX-BEN-02,2015-08-24,1.4,mg/L,00665,Total Phosphorus,2,embarrass.xlsx
USGS-IL_EPA_WQX-BEN-02,2015-09-10,2.34,mg/L,00665,Total Phosphorus,2,embarrass.xlsx
USGS-IL_EPA_WQX-BEN-02,2015-09-21,2.48,mg/L,00665,Total Phosphorus,2,embarrass.xlsx
USGS-IL_EPA_WQX-BEN-02,2015-09-28,2.51,mg/L,00665,Total Phosphorus,2,embarrass.xlsx
USGS-IL_EPA_WQX-BEN-02,2015-10-05,2.165,mg/L,00665,Total Phosphorus,2,embarrass.xlsx
USGS-IL_EPA_WQX-BEN-02,2015-10-19,3.42,mg/L,00665,Total Phosphorus,2,embarrass.xlsx
USGS-IL_EPA_WQX-BEN-02,2021-06-08,0.706,mg/L,00665,Total Phosphorus,2,embarrass.xlsx
USGS-IL_EPA_WQX-BEN-02,2021-08-02,0.35050000000000003,mg/L,00665,Total Phosphorus,2,embarrass.xlsx
USGS-IL_EPA_WQX-BEN-03,2013-05-16,0.28200000000000003,mg/L,00665,Total Phosphorus,2,embarrass.xlsx
USGS-IL_EPA_WQX-BEN-03,2013-06-19,0.3715,mg/L,00665,Total Phosphorus,2,embarrass.xlsx
USGS-IL_EPA_WQX-BEN-03,2013-07-24,0.28400000000000003,mg/L,00665,Total Phosphorus,2,embarrass.xlsx
USGS-IL_EPA_WQX-BEN-03,2013-08-26,1.525,mg/L,00665,Total Phosphorus,2,embarrass.xlsx
USGS-IL_EPA_WQX-BEN-03,2013-09-10,3.6100000000000003,mg/L,00665,Total Phosphorus,2,embarrass.xlsx
USGS-IL_EPA_WQX-BEN-03,2013-10-23,3.95,mg/L,00665,Total Phosphorus,2,embarrass.xlsx
USGS-IL_EPA_WQX-BEN-03,2014-03-17,0.23099999999999998,mg/L,00665,Total Phosphorus,2,embarrass.xlsx
USGS-IL_EPA_WQX-BEN-03,2014-04-03,0.512,mg/L,00665,Total Phosphorus,1,embarrass.xlsx
USGS-IL_EPA_WQX-BEN-03,2014-04-04,0.462,mg/L,00665,Total Phosphorus,1,embarrass.xlsx
USGS-IL_EPA_WQX-BEN-03,2014-04-25,0.5954999999999999,mg/L,00665,Total Phosphorus,2,embarrass.xlsx
USGS-IL_EPA_WQX-BEN-03,2014-05-28,0.5565,mg/L,00665,Total Phosphorus,2,embarrass.xlsx
USGS-IL_EPA_WQX-BEN-03,2014-06-24,0.858,mg/L,00665,Total Phosphorus,2,embarrass.xlsx
USGS-IL_EPA_WQX-BEN-03,2014-07-22,1.495,mg/L,00665,Total Phosphorus,2,embarrass.xlsx
USGS-IL_EPA_WQX-BEN-03,2014-08-06,1.67,mg/L,00665,Total Phosphorus,2,embarrass.xlsx
USGS-IL_EPA_WQX-BEN-03,2014-08-18,2.64,mg/L,00665,Total Phosphorus,2,embarrass.xlsx
USGS-IL_EPA_WQX-BEN-03,2014-09-10,1.1,mg/L,00665,Total Phosphorus,2,embarrass.xlsx
USGS-IL_EPA_WQX-BEN-03,2014-09-19,1.1150000000000002,mg/L,00665,Total Phosphorus,2,embarrass.xlsx
USGS-IL_EPA_WQX-BEN-03,2014-09-25,1.15,mg/L,00665,Total Phosphorus,2,embarrass.xlsx
USGS-IL_EPA_WQX-BEN-03,2014-10-01,2.005,mg/L,00665,Total Phosphorus,2,embarrass.xlsx
USGS-IL_EPA_WQX-BEN-03,2014-10-16,0.36150000000000004,mg/L,00665,Total Phosphorus,2,embarrass.xlsx
USGS-IL_EPA_WQX-BEN-03,2015-03-24,0.3685,mg/L,00665,Total Phosphorus,2,embarrass.xlsx
USGS-IL_EPA_WQX-BEN-03,2015-04-02,0.029500000000000002,mg/L,00665,Total Phosphorus,2,embarrass.xlsx
USGS-IL_EPA_WQX-BEN-03,2015-04-28,0.317,mg/L,00665,Total Phosphorus,2,embarrass.xlsx
USGS-IL_EPA_WQX-BEN-03,2015-05-04,0.028499999999999998,mg/L,00665,Total Phosphorus,2,embarrass.xlsx
USGS-IL_EPA_WQX-BEN-03,2015-05-10,0.035500000000000004,mg/L,00665,Total Phosphorus,2,embarrass.xlsx
USGS-IL_EPA_WQX-BEN-03,2015-05-27,0.797,mg/L,00665,Total Phosphorus,2,embarrass.xlsx
USGS-IL_EPA_WQX-BEN-03,2015-05-30,0.028499999999999998,mg/L,00665,Total Phosphorus,2,embarrass.xlsx
USGS-IL_EPA_WQX-BEN-03,2015-06-07,0.819,mg/L,00665,Total Phosphorus,2,embarrass.xlsx
USGS-IL_EPA_WQX-BEN-03,2015-06-17,0.7255,mg/L,00665,Total Phosphorus,2,embarrass.xlsx
USGS-IL_EPA_WQX-BEN-03,2015-06-18,0.394,mg/L,00665,Total Phosphorus,2,embarrass.xlsx
USGS-IL_EPA_WQX-BEN-03,2015-06-24,0.04,mg/L,00665,Total Phosphorus,2,embarrass.xlsx
USGS-IL_EPA_WQX-BEN-03,2015-06-26,0.112,mg/L,00665,Total Phosphorus,2,embarrass.xlsx
USGS-IL_EPA_WQX-BEN-03,2015-06-30,0.23800000000000002,mg/L,00665,Total Phosphorus,2,embarrass.xlsx
USGS-IL_EPA_WQX-BEN-03,2015-07-09,0.3385,mg/L,00665,Total Phosphorus,2,embarrass.xlsx
USGS-IL_EPA_WQX-BEN-03,2015-07-30,1.1549999999999998,mg/L,00665,Total Phosphorus,2,embarrass.xlsx
USGS-IL_EPA_WQX-BEN-03,2015-08-12,1.1,mg/L,00665,Total Phosphorus,2,embarrass.xlsx
USGS-IL_EPA_WQX-BEN-03,2015-08-24,1.56,mg/L,00665,Total Phosphorus,2,embarrass.xlsx
USGS-IL_EPA_WQX-BEN-03,2015-09-10,2.815,mg/L,00665,Total Phosphorus,2,embarrass.xlsx
USGS-IL_EPA_WQX-BEN-03,2015-09-21,2.8049999999999997,mg/L,00665,Total Phosphorus,2,embarrass.xlsx
USGS-IL_EPA_WQX-BEN-03,2015-09-28,2.87,mg/L,00665,Total Phosphorus,2,embarrass.xlsx
USGS-IL_EPA_WQX-BEN-03,2015-10-05,2.3,mg/L,00665,Total Phosphorus,2,embarrass.xlsx
USGS-IL_EPA_WQX-BEN-03,2015-10-19,3.8499999999999996,mg/L,00665,Total Phosphorus,2,embarrass.xlsx
USGS-IL_EPA_WQX-BEN-04,2013-05-16,0.6805,mg/L,00665,Total Phosphorus,2,embarrass.xlsx
USGS-IL_EPA_WQX-BEN-04,2013-06-19,0.6779999999999999,mg/L,00665,Total Phosphorus,2,embarrass.xlsx
USGS-IL_EPA_WQX-BEN-04,2013-07-24,0.42800000000000005,mg/L,00665,Total Phosphorus,2,embarrass.xlsx
USGS-IL_EPA_WQX-BEN-04,2013-08-26,3.17,mg/L,00665,Total Phosphorus,2,embarrass.xlsx
USGS-IL_EPA_WQX-BEN-04,2013-09-10,4.63,mg/L,00665,Total Phosphorus,2,embarrass.xlsx
USGS-IL_EPA_WQX-BEN-04,2013-10-23,4.734999999999999,mg/L,00665,Total Phosphorus,2,embarrass.xlsx
USGS-IL_EPA_WQX-BEN-04,2014-02-18,1.09,mg/L,00665,Total Phosphorus,2,embarrass.xlsx
USGS-IL_EPA_WQX-BEN-04,2014-03-17,0.40249999999999997,mg/L,00665,Total Phosphorus,2,embarrass.xlsx
USGS-IL_EPA_WQX-BEN-04,2014-04-03,0.593,mg/L,00665,Total Phosphorus,1,embarrass.xlsx
USGS-IL_EPA_WQX-BEN-04,2014-04-04,0.632,mg/L,00665,Total Phosphorus,1,embarrass.xlsx
USGS-IL_EPA_WQX-BEN-04,2014-04-25,0.9295,mg/L,00665,Total Phosphorus,2,embarrass.xlsx
USGS-IL_EPA_WQX-BEN-04,2014-05-28,1.07,mg/L,00665,Total Phosphorus,2,embarrass.xlsx
USGS-IL_EPA_WQX-BEN-04,2014-06-24,1.115,mg/L,00665,Total Phosphorus,2,embarrass.xlsx
USGS-IL_EPA_WQX-BEN-04,2014-07-22,2.75,mg/L,00665,Total Phosphorus,2,embarrass.xlsx
USGS-IL_EPA_WQX-BEN-04,2014-08-06,2.395,mg/L,00665,Total Phosphorus,2,embarrass.xlsx
USGS-IL_EPA_WQX-BEN-04,2014-08-18,1.9649999999999999,mg/L,00665,Total Phosphorus,2,embarrass.xlsx
USGS-IL_EPA_WQX-BEN-04,2014-09-10,1.975,mg/L,00665,Total Phosphorus,2,embarrass.xlsx
USGS-IL_EPA_WQX-BEN-04,2014-09-19,2.085,mg/L,00665,Total Phosphorus,2,embarrass.xlsx
USGS-IL_EPA_WQX-BEN-04,2014-09-25,1.9,mg/L,00665,Total Phosphorus,2,embarrass.xlsx
USGS-IL_EPA_WQX-BEN-04,2014-10-01,2.865,mg/L,00665,Total Phosphorus,2,embarrass.xlsx
USGS-IL_EPA_WQX-BEN-04,2014-10-16,0.4395,mg/L,00665,Total Phosphorus,2,embarrass.xlsx
USGS-IL_EPA_WQX-BEN-04,2015-03-24,0.728,mg/L,00665,Total Phosphorus,2,embarrass.xlsx
USGS-IL_EPA_WQX-BEN-04,2015-04-02,0.014,mg/L,00665,Total Phosphorus,2,embarrass.xlsx
USGS-IL_EPA_WQX-BEN-04,2015-04-28,0.894,mg/L,00665,Total Phosphorus,2,embarrass.xlsx
USGS-IL_EPA_WQX-BEN-04,2015-05-11,0.41700000000000004,mg/L,00665,Total Phosphorus,2,embarrass.xlsx
USGS-IL_EPA_WQX-BEN-04,2015-05-27,1.5550000000000002,mg/L,00665,Total Phosphorus,2,embarrass.xlsx
USGS-IL_EPA_WQX-BEN-04,2015-06-17,0.6015,mg/L,00665,Total Phosphorus,2,embarrass.xlsx
USGS-IL_EPA_WQX-BEN-04,2015-06-18,0.5945,mg/L,00665,Total Phosphorus,2,embarrass.xlsx
USGS-IL_EPA_WQX-BEN-04,2015-06-26,0.1955,mg/L,00665,Total Phosphorus,2,embarrass.xlsx
USGS-IL_EPA_WQX-BEN-04,2015-06-30,0.274,mg/L,00665,Total Phosphorus,2,embarrass.xlsx
USGS-IL_EPA_WQX-BEN-04,2015-07-09,0.47550000000000003,mg/L,00665,Total Phosphorus,2,embarrass.xlsx
USGS-IL_EPA_WQX-BEN-04,2015-07-30,2.4050000000000002,mg/L,00665,Total Phosphorus,2,embarrass.xlsx
USGS-IL_EPA_WQX-BEN-04,2015-08-12,1.87,mg/L,00665,Total Phosphorus,2,embarrass.xlsx
USGS-IL_EPA_WQX-BEN-04,2015-08-24,2.645,mg/L,00665,Total Phosphorus,2,embarrass.xlsx
USGS-IL_EPA_WQX-BEN-04,2015-09-10,2.62,mg/L,00665,Total Phosphorus,2,embarrass.xlsx
USGS-IL_EPA_WQX-BEN-04,2015-09-21,3.265,mg/L,00665,Total Phosphorus,2,embarrass.xlsx
USGS-IL_EPA_WQX-BEN-04,2015-09-28,4.495,mg/L,00665,Total Phosphorus,2,embarrass.xlsx
USGS-IL_EPA_WQX-BEN-04,2015-10-05,3.065,mg/L,00665,Total Phosphorus,2,embarrass.xlsx
USGS-IL_EPA_WQX-BEN-04,2015-10-19,4.965,mg/L,00665,Total Phosphorus,2,embarrass.xlsx
USGS-IL_EPA_WQX-BEN-05,2013-05-16,0.5715,mg/L,00665,Total Phosphorus,2,embarrass.xlsx
USGS-IL_EPA_WQX-BEN-05,2013-06-19,0.6955,mg/L,00665,Total Phosphorus,2,embarrass.xlsx
USGS-IL_EPA_WQX-BEN-05,2013-07-24,0.48250000000000004,mg/L,00665,Total Phosphorus,2,embarrass.xlsx
USGS-IL_EPA_WQX-BEN-05,2013-08-26,3.34,mg/L,00665,Total Phosphorus,2,embarrass.xlsx
USGS-IL_EPA_WQX-BEN-05,2013-09-10,4.720000000000001,mg/L,00665,Total Phosphorus,2,embarrass.xlsx
USGS-IL_EPA_WQX-BEN-05,2013-10-23,5.0600000000000005,mg/L,00665,Total Phosphorus,2,embarrass.xlsx
USGS-IL_EPA_WQX-BEN-05,2014-02-18,0.9710000000000001,mg/L,00665,Total Phosphorus,2,embarrass.xlsx
USGS-IL_EPA_WQX-BEN-05,2014-03-17,0.4115,mg/L,00665,Total Phosphorus,2,embarrass.xlsx
USGS-IL_EPA_WQX-BEN-05,2014-04-03,0.57,mg/L,00665,Total Phosphorus,1,embarrass.xlsx
USGS-IL_EPA_WQX-BEN-05,2014-04-04,0.713,mg/L,00665,Total Phosphorus,1,embarrass.xlsx
USGS-IL_EPA_WQX-BEN-05,2014-04-25,0.8725,mg/L,00665,Total Phosphorus,2,embarrass.xlsx
USGS-IL_EPA_WQX-BEN-05,2014-05-28,1.095,mg/L,00665,Total Phosphorus,2,embarrass.xlsx
USGS-IL_EPA_WQX-BEN-05,2014-06-24,0.877,mg/L,00665,Total Phosphorus,2,embarrass.xlsx
USGS-IL_EPA_WQX-BEN-05,2014-07-22,2.51,mg/L,00665,Total Phosphorus,2,embarrass.xlsx
USGS-IL_EPA_WQX-BEN-05,2014-08-06,2.75,mg/L,00665,Total Phosphorus,2,embarrass.xlsx
USGS-IL_EPA_WQX-BEN-05,2014-08-18,2.0949999999999998,mg/L,00665,Total Phosphorus,2,embarrass.xlsx
USGS-IL_EPA_WQX-BEN-05,2014-09-10,2.335,mg/L,00665,Total Phosphorus,2,embarrass.xlsx
USGS-IL_EPA_WQX-BEN-05,2014-09-19,1.875,mg/L,00665,Total Phosphorus,2,embarrass.xlsx
USGS-IL_EPA_WQX-BEN-05,2014-09-25,2.15,mg/L,00665,Total Phosphorus,2,embarrass.xlsx
USGS-IL_EPA_WQX-BEN-05,2014-10-01,3.0999999999999996,mg/L,00665,Total Phosphorus,2,embarrass.xlsx
USGS-IL_EPA_WQX-BEN-05,2014-10-16,0.45199999999999996,mg/L,00665,Total Phosphorus,2,embarrass.xlsx
USGS-IL_EPA_WQX-BEN-05,2015-03-24,0.8725,mg/L,00665,Total Phosphorus,2,embarrass.xlsx
USGS-IL_EPA_WQX-BEN-05,2015-04-02,0.0295,mg/L,00665,Total Phosphorus,2,embarrass.xlsx
USGS-IL_EPA_WQX-BEN-05,2015-04-28,0.9485,mg/L,00665,Total Phosphorus,2,embarrass.xlsx
USGS-IL_EPA_WQX-BEN-05,2015-05-27,1.69,mg/L,00665,Total Phosphorus,2,embarrass.xlsx
USGS-IL_EPA_WQX-BEN-05,2015-06-17,0.5295000000000001,mg/L,00665,Total Phosphorus,2,embarrass.xlsx
USGS-IL_EPA_WQX-BEN-05,2015-06-18,0.5994999999999999,mg/L,00665,Total Phosphorus,2,embarrass.xlsx
USGS-IL_EPA_WQX-BEN-05,2015-06-30,0.28,mg/L,00665,Total Phosphorus,2,embarrass.xlsx
USGS-IL_EPA_WQX-BEN-05,2015-07-09,0.505,mg/L,00665,Total Phosphorus,2,embarrass.xlsx
USGS-IL_EPA_WQX-BEN-05,2015-07-30,2.535,mg/L,00665,Total Phosphorus,2,embarrass.xlsx
USGS-IL_EPA_WQX-BEN-05,2015-08-12,2.165,mg/L,00665,Total Phosphorus,2,embarrass.xlsx
USGS-IL_EPA_WQX-BEN-05,2015-08-24,2.85,mg/L,00665,Total Phosphorus,2,embarrass.xlsx
USGS-IL_EPA_WQX-BEN-05,2015-09-10,2.55,mg/L,00665,Total Phosphorus,2,embarrass.xlsx
USGS-IL_EPA_WQX-BEN-05,2015-09-21,3.795,mg/L,00665,Total Phosphorus,2,embarrass.xlsx
USGS-IL_EPA_WQX-BEN-05,2015-09-28,4.65,mg/L,00665,Total Phosphorus,2,embarrass.xlsx
USGS-IL_EPA_WQX-BEN-05,2015-10-05,3.34,mg/L,00665,Total Phosphorus,2,embarrass.xlsx
USGS-IL_EPA_WQX-BEN-05,2015-10-19,5.045,mg/L,00665,Total Phosphorus,2,embarrass.xlsx
USGS-IL_EPA_WQX-BEN-MT-A1,2003-09-17,0.18,mg/L,00665,Total Phosphorus,2,embarrass.xlsx
USGS-IL_EPA_WQX-BEN-MT-C1,2003-09-17,3.7249999999999996,mg/L,00665,Total Phosphorus,2,embarrass.xlsx
USGS-IL_EPA_WQX-BEN-MT-C2,2003-09-17,3.635,mg/L,00665,Total Phosphorus,2,embarrass.xlsx
USGS-IL_EPA_WQX-BEN-MT-C2A,2003-09-17,3.48,mg/L,00665,Total Phosphorus,1,embarrass.xlsx
USGS-IL_EPA_WQX-BENA-01,2001-06-19,0.30500000000000005,mg/L,00665,Total Phosphorus,2,embarrass.xlsx
USGS-IL_EPA_WQX-BENA-01,2006-05-23,0.1625,mg/L,00665,Total Phosphorus,2,embarrass.xlsx
USGS-IL_EPA_WQX-BENA-01,2006-07-17,1028.0796666666668,mg/kg,00665,Total Phosphorus,3,embarrass.xlsx
USGS-IL_EPA_WQX-BENA-01,2006-09-13,1.645,mg/L,00665,Total Phosphorus,2,embarrass.xlsx
USGS-IL_EPA_WQX-BENA-01,2011-06-07,0.3145,mg/L,00665,Total Phosphorus,2,embarrass.xlsx
USGS-IL_EPA_WQX-BENA-01,2011-06-14,0.376,mg/L,00665,Total Phosphorus,1,embarrass.xlsx
USGS-IL_EPA_WQX-BENA-01,2011-07-14,0.523,mg/L,00665,Total Phosphorus,2,embarrass.xlsx
USGS-IL_EPA_WQX-BENA-01,2011-08-16,2.72,mg/L,00665,Total Phosphorus,1,embarrass.xlsx
USGS-IL_EPA_WQX-BENA-01,2011-09-20,3.3049999999999997,mg/L,00665,Total Phosphorus,2,embarrass.xlsx
USGS-IL_EPA_WQX-BENA-01,2016-05-31,0.2415,mg/L,00665,Total Phosphorus,2,embarrass.xlsx
USGS-IL_EPA_WQX-BENA-01,2016-06-06,0.178,mg/L,00665,Total Phosphorus,1,embarrass.xlsx
USGS-IL_EPA_WQX-BENA-01,2016-07-12,1.2,mg/L,00665,Total Phosphorus,2,embarrass.xlsx
USGS-IL_EPA_WQX-BENA-01,2016-08-01,1.51,mg/L,00665,Total Phosphorus,1,embarrass.xlsx
USGS-IL_EPA_WQX-BENA-01,2016-08-29,0.55,mg/L,00665,Total Phosphorus,2,embarrass.xlsx
USGS-IL_EPA_WQX-BENA-01,2021-06-08,0.2175,mg/L,00665,Total Phosphorus,2,embarrass.xlsx
USGS-IL_EPA_WQX-BENA-01,2021-08-04,0.2835,mg/L,00665,Total Phosphorus,2,embarrass.xlsx
USGS-IL_EPA_WQX-BENA-02,2001-06-19,0.05,mg/L,00665,Total Phosphorus,2,embarrass.xlsx
USGS-IL_EPA_WQX-BENA-02,2001-07-19,156.74666666666667,mg/L,00665,Total Phosphorus,3,embarrass.xlsx
USGS-IL_EPA_WQX-BENA-02,2001-09-18,0.115,mg/L,00665,Total Phosphorus,2,embarrass.xlsx
USGS-IL_EPA_WQX-BENA-02,2006-05-23,0.0255,mg/L,00665,Total Phosphorus,2,embarrass.xlsx
USGS-IL_EPA_WQX-BENA-02,2006-07-18,788.0453333333334,mg/L,00665,Total Phosphorus,3,embarrass.xlsx
USGS-IL_EPA_WQX-BENA-02,2006-09-13,0.1855,mg/L,00665,Total Phosphorus,2,embarrass.xlsx
USGS-IL_EPA_WQX-BENA-03,2001-07-19,127.71333333333335,mg/kg,00665,Total Phosphorus,3,embarrass.xlsx
USGS-IL_EPA_WQX-BENA-03,2001-09-18,0.05,mg/L,00665,Total Phosphorus,2,embarrass.xlsx
USGS-IL_EPA_WQX-BENA-03,2006-05-23,0.0165,mg/L,00665,Total Phosphorus,2,embarrass.xlsx
USGS-IL_EPA_WQX-BENA-03,2006-07-17,338.06166666666667,mg/L,00665,Total Phosphorus,3,embarrass.xlsx
USGS-IL_EPA_WQX-BENA-03,2006-09-13,0.1355,mg/L,00665,Total Phosphorus,2,embarrass.xlsx
USGS-IL_EPA_WQX-BENA-03,2011-06-07,0.06,mg/L,00665,Total Phosphorus,2,embarrass.xlsx
USGS-IL_EPA_WQX-BENA-03,2011-06-14,0.057,mg/L,00665,Total Phosphorus,1,embarrass.xlsx
USGS-IL_EPA_WQX-BENA-03,2011-06-27,0.376,mg/L,00665,Total Phosphorus,2,embarrass.xlsx
USGS-IL_EPA_WQX-BENA-03,2011-07-25,0.0645,mg/L,00665,Total Phosphorus,2,embarrass.xlsx
USGS-IL_EPA_WQX-BENA-03,2011-08-17,0.084,mg/L,00665,Total Phosphorus,1,embarrass.xlsx
USGS-IL_EPA_WQX-BENA-03,2011-09-20,0.1005,mg/L,00665,Total Phosphorus,2,embarrass.xlsx
USGS-IL_EPA_WQX-BENA-03,2016-05-31,0.061,mg/L,00665,Total Phosphorus,2,embarrass.xlsx
USGS-IL_EPA_WQX-BENA-03,2016-07-13,0.14250000000000002,mg/L,00665,Total Phosphorus,2,embarrass.xlsx
USGS-IL_EPA_WQX-BENA-03,2016-08-29,0.15250000000000002,mg/L,00665,Total Phosphorus,2,embarrass.xlsx
USGS-IL_EPA_WQX-BENA-03,2021-06-08,0.046,mg/L,00665,Total Phosphorus,2,embarrass.xlsx
USGS-IL_EPA_WQX-BENA-03,2021-08-02,0.0535,mg/L,00665,Total Phosphorus,2,embarrass.xlsx
USGS-IL_EPA_WQX-BENC-01,2006-05-23,0.3215,mg/L,00665,Total Phosphorus,2,embarrass.xlsx
USGS-IL_EPA_WQX-BENC-01,2006-07-17,507.0733333333333,mg/L,00665,Total Phosphorus,3,embarrass.xlsx
USGS-IL_EPA_WQX-BENC-01,2006-09-13,2.0,mg/L,00665,Total Phosphorus,2,embarrass.xlsx
USGS-IL_EPA_WQX-BENC-01,2011-06-07,0.6174999999999999,mg/L,00665,Total Phosphorus,2,embarrass.xlsx
USGS-IL_EPA_WQX-BENC-01,2011-06-14,0.772,mg/L,00665,Total Phosphorus,1,embarrass.xlsx
USGS-IL_EPA_WQX-BENC-01,2011-06-22,0.2645,mg/L,00665,Total Phosphorus,2,embarrass.xlsx
USGS-IL_EPA_WQX-BENC-01,2011-08-17,3.78,mg/L,00665,Total Phosphorus,1,embarrass.xlsx
USGS-IL_EPA_WQX-BENC-01,2011-09-20,3.4299999999999997,mg/L,00665,Total Phosphorus,2,embarrass.xlsx
USGS-IL_EPA_WQX-BENC-01,2021-06-08,0.499,mg/L,00665,Total Phosphorus,2,embarrass.xlsx
USGS-IL_EPA_WQX-BENC-01,2021-08-02,0.47,mg/L,00665,Total Phosphorus,2,embarrass.xlsx
USGS-IL_EPA_WQX-BEO-01,2001-06-20,0.065,mg/L,00665,Total Phosphorus,2,embarrass.xlsx
USGS-IL_EPA_WQX-BEO-01,2001-07-30,103.07999999999998,mg/kg,00665,Total Phosphorus,3,embarrass.xlsx
USGS-IL_EPA_WQX-BEO-01,2001-09-17,0.08,mg/L,00665,Total Phosphorus,2,embarrass.xlsx
USGS-IL_EPA_WQX-BEO-01,2006-05-23,0.0295,mg/L,00665,Total Phosphorus,2,embarrass.xlsx
USGS-IL_EPA_WQX-BEO-01,2006-07-12,538.374,mg/L,00665,Total Phosphorus,3,embarrass.xlsx
USGS-IL_EPA_WQX-BEO-01,2006-09-08,0.0675,mg/L,00665,Total Phosphorus,2,embarrass.xlsx
USGS-IL_EPA_WQX-BEO-01,2011-06-02,0.0595,mg/L,00665,Total Phosphorus,2,embarrass.xlsx
USGS-IL_EPA_WQX-BEO-01,2011-06-03,0.066,mg/L,00665,Total Phosphorus,1,embarrass.xlsx
USGS-IL_EPA_WQX-BEO-01,2011-07-26,0.10400000000000001,mg/L,00665,Total Phosphorus,2,embarrass.xlsx
USGS-IL_EPA_WQX-BEO-01,2011-08-16,0.093,mg/L,00665,Total Phosphorus,1,embarrass.xlsx
USGS-IL_EPA_WQX-BEO-01,2011-09-20,0.0915,mg/L,00665,Total Phosphorus,2,embarrass.xlsx
USGS-IL_EPA_WQX-BEO-01,2016-05-31,0.07150000000000001,mg/L,00665,Total Phosphorus,2,embarrass.xlsx
USGS-IL_EPA_WQX-BEO-01,2016-06-06,0.114,mg/L,00665,Total Phosphorus,1,embarrass.xlsx
USGS-IL_EPA_WQX-BEO-01,2016-06-16,0.237,mg/L,00665,Total Phosphorus,1,embarrass.xlsx
USGS-IL_EPA_WQX-BEO-01,2016-07-12,0.10949999999999999,mg/L,00665,Total Phosphorus,2,embarrass.xlsx
USGS-IL_EPA_WQX-BEO-01,2016-08-01,0.087,mg/L,00665,Total Phosphorus,1,embarrass.xlsx
USGS-IL_EPA_WQX-BEO-01,2016-08-29,0.14150000000000001,mg/L,00665,Total Phosphorus,2,embarrass.xlsx
USGS-IL_EPA_WQX-BEO-01,2021-06-08,0.055,mg/L,00665,Total Phosphorus,2,embarrass.xlsx
USGS-IL_EPA_WQX-BEO-01,2021-08-02,0.045,mg/L,00665,Total Phosphorus,2,embarrass.xlsx
USGS-IL_EPA_WQX-BEP-01,2001-06-20,0.095,mg/L,00665,Total Phosphorus,2,embarrass.xlsx
USGS-IL_EPA_WQX-BEP-01,2001-08-01,137.06,mg/L,00665,Total Phosphorus,3,embarrass.xlsx
USGS-IL_EPA_WQX-BEP-01,2001-09-17,0.095,mg/L,00665,Total Phosphorus,2,embarrass.xlsx
USGS-IL_EPA_WQX-BEP-02,2006-05-24,0.038,mg/L,00665,Total Phosphorus,2,embarrass.xlsx
USGS-IL_EPA_WQX-BEP-02,2006-07-12,570.702,mg/L,00665,Total Phosphorus,3,embarrass.xlsx
USGS-IL_EPA_WQX-BEP-02,2006-09-08,0.0865,mg/L,00665,Total Phosphorus,2,embarrass.xlsx
USGS-IL_EPA_WQX-BEP-02,2016-06-02,0.0585,mg/L,00665,Total Phosphorus,2,embarrass.xlsx
USGS-IL_EPA_WQX-BEP-02,2016-06-06,0.151,mg/L,00665,Total Phosphorus,1,embarrass.xlsx
USGS-IL_EPA_WQX-BEP-02,2016-08-01,0.099,mg/L,00665,Total Phosphorus,2,embarrass.xlsx
USGS-IL_EPA_WQX-BEP-02,2016-09-01,0.1265,mg/L,00665,Total Phosphorus,2,embarrass.xlsx
USGS-IL_EPA_WQX-BEP-02,2016-09-22,0.122,mg/L,00665,Total Phosphorus,1,embarrass.xlsx
USGS-IL_EPA_WQX-BEPC-01,2011-06-02,0.047,mg/L,00665,Total Phosphorus,2,embarrass.xlsx
USGS-IL_EPA_WQX-BEPC-01,2011-06-03,0.049,mg/L,00665,Total Phosphorus,1,embarrass.xlsx
USGS-IL_EPA_WQX-BEPC-01,2011-07-07,0.054,mg/L,00665,Total Phosphorus,2,embarrass.xlsx
USGS-IL_EPA_WQX-BEPC-01,2011-08-03,0.159,mg/L,00665,Total Phosphorus,1,embarrass.xlsx
USGS-IL_EPA_WQX-BEPC-01,2011-09-20,0.0895,mg/L,00665,Total Phosphorus,2,embarrass.xlsx
USGS-IL_EPA_WQX-BEPC-01,2021-06-07,0.0555,mg/L,00665,Total Phosphorus,2,embarrass.xlsx
USGS-IL_EPA_WQX-BEPC-01,2021-07-27,0.07600000000000001,mg/L,00665,Total Phosphorus,2,embarrass.xlsx
USGS-IL_EPA_WQX-BEPD-01,2011-06-02,0.047,mg/L,00665,Total Phosphorus,2,embarrass.xlsx
USGS-IL_EPA_WQX-BEPD-01,2011-06-03,0.047,mg/L,00665,Total Phosphorus,1,embarrass.xlsx
USGS-IL_EPA_WQX-BEPD-01,2011-07-26,0.0625,mg/L,00665,Total Phosphorus,2,embarrass.xlsx
USGS-IL_EPA_WQX-BEPD-01,2011-08-03,0.645,mg/L,00665,Total Phosphorus,1,embarrass.xlsx
USGS-IL_EPA_WQX-BEPD-01,2011-09-20,0.14150000000000001,mg/L,00665,Total Phosphorus,2,embarrass.xlsx
USGS-IL_EPA_WQX-BEPD-01,2021-06-07,0.057999999999999996,mg/L,00665,Total Phosphorus,2,embarrass.xlsx
USGS-IL_EPA_WQX-BEPD-01,2021-07-27,0.0665,mg/L,00665,Total Phosphorus,2,embarrass.xlsx
USGS-IL_EPA_WQX-BEPH-01,2011-06-02,0.052,mg/L,00665,Total Phosphorus,2,embarrass.xlsx
USGS-IL_EPA_WQX-BEPH-01,2011-06-03,0.052,mg/L,00665,Total Phosphorus,1,embarrass.xlsx
USGS-IL_EPA_WQX-BEPH-01,2011-06-14,0.06,mg/L,00665,Total Phosphorus,1,embarrass.xlsx
USGS-IL_EPA_WQX-BEPH-01,2011-06-21,0.06,mg/L,00665,Total Phosphorus,2,embarrass.xlsx
USGS-IL_EPA_WQX-BEPH-01,2011-08-03,0.155,mg/L,00665,Total Phosphorus,1,embarrass.xlsx
USGS-IL_EPA_WQX-BEPH-01,2011-09-20,0.095,mg/L,00665,Total Phosphorus,2,embarrass.xlsx
USGS-IL_EPA_WQX-BEQ-01,2021-06-07,0.032,mg/L,00665,Total Phosphorus,2,embarrass.xlsx
USGS-IL_EPA_WQX-BEQ-01,2021-07-27,0.091,mg/L,00665,Total Phosphorus,2,embarrass.xlsx
USGS-IL_EPA_WQX-BER-03,2001-06-20,0.095,mg/L,00665,Total Phosphorus,2,embarrass.xlsx
USGS-IL_EPA_WQX-BER-03,2001-07-31,217.16,mg/kg,00665,Total Phosphorus,3,embarrass.xlsx
USGS-IL_EPA_WQX-BER-03,2001-09-20,0.925,mg/L,00665,Total Phosphorus,2,embarrass.xlsx
USGS-IL_EPA_WQX-BER-03,2006-05-24,0.0455,mg/L,00665,Total Phosphorus,2,embarrass.xlsx
USGS-IL_EPA_WQX-BER-03,2006-07-11,1069.027,mg/kg,00665,Total Phosphorus,3,embarrass.xlsx
USGS-IL_EPA_WQX-BER-03,2006-09-07,0.529,mg/L,00665,Total Phosphorus,2,embarrass.xlsx
USGS-IL_EPA_WQX-BER-03,2016-06-02,0.08449999999999999,mg/L,00665,Total Phosphorus,2,embarrass.xlsx
USGS-IL_EPA_WQX-BER-03,2016-06-06,0.146,mg/L,00665,Total Phosphorus,1,embarrass.xlsx
USGS-IL_EPA_WQX-BER-03,2016-06-13,0.032,mg/L,00665,Total Phosphorus,1,embarrass.xlsx
USGS-IL_EPA_WQX-BER-03,2016-07-11,0.3645,mg/L,00665,Total Phosphorus,2,embarrass.xlsx
USGS-IL_EPA_WQX-BER-03,2016-08-29,0.288,mg/L,00665,Total Phosphorus,1,embarrass.xlsx
USGS-IL_EPA_WQX-BER-03,2016-09-01,0.3,mg/L,00665,Total Phosphorus,2,embarrass.xlsx
USGS-IL_EPA_WQX-BER-03,2021-06-22,0.07100000000000001,mg/L,00665,Total Phosphorus,2,embarrass.xlsx
USGS-IL_EPA_WQX-BER-03,2021-08-05,0.22099999999999997,mg/L,00665,Total Phosphorus,2,embarrass.xlsx
USGS-IL_EPA_WQX-BERB-01,2011-06-01,0.08,mg/L,00665,Total Phosphorus,2,embarrass.xlsx
USGS-IL_EPA_WQX-BERB-01,2011-06-02,0.073,mg/L,00665,Total Phosphorus,1,embarrass.xlsx
USGS-IL_EPA_WQX-BERB-01,2011-06-20,0.043,mg/L,00665,Total Phosphorus,2,embarrass.xlsx
USGS-IL_EPA_WQX-BERB-01,2011-08-03,0.214,mg/L,00665,Total Phosphorus,1,embarrass.xlsx
USGS-IL_EPA_WQX-BERB-01,2011-09-19,0.175,mg/L,00665,Total Phosphorus,2,embarrass.xlsx
USGS-IL_EPA_WQX-BERB-01,2021-06-22,0.0535,mg/L,00665,Total Phosphorus,2,embarrass.xlsx
USGS-IL_EPA_WQX-BERB-01,2021-08-05,0.1845,mg/L,00665,Total Phosphorus,2,embarrass.xlsx
USGS-IL_EPA_WQX-BERB-TO-A1,2000-10-04,0.52,mg/L,00665,Total Phosphorus,1,embarrass.xlsx
USGS-IL_EPA_WQX-BERB-TO-C1,2000-10-04,2.5,mg/L,00665,Total Phosphorus,1,embarrass.xlsx
USGS-IL_EPA_WQX-BERB-TO-C1A,2000-10-04,1.7,mg/L,00665,Total Phosphorus,1,embarrass.xlsx
USGS-IL_EPA_WQX-BERB-TO-C2,2000-10-04,2.5,mg/L,00665,Total Phosphorus,1,embarrass.xlsx
USGS-IL_EPA_WQX-BES-01,2011-06-01,0.0465,mg/L,00665,Total Phosphorus,2,embarrass.xlsx
USGS-IL_EPA_WQX-BES-01,2011-07-06,0.02666666666666667,mg/L,00665,Total Phosphorus,3,embarrass.xlsx
USGS-IL_EPA_WQX-BES-01,2011-08-04,0.16,mg/L,00665,Total Phosphorus,1,embarrass.xlsx
USGS-IL_EPA_WQX-BES-01,2011-09-19,0.059500000000000004,mg/L,00665,Total Phosphorus,2,embarrass.xlsx
USGS-IL_EPA_WQX-BES-01,2021-07-07,0.0325,mg/L,00665,Total Phosphorus,2,embarrass.xlsx
USGS-IL_EPA_WQX-BES-01,2021-08-05,0.018000000000000002,mg/L,00665,Total Phosphorus,2,embarrass.xlsx
USGS-IL_EPA_WQX-BET-01,2011-06-01,0.077,mg/L,00665,Total Phosphorus,2,embarrass.xlsx
USGS-IL_EPA_WQX-BET-01,2011-06-02,0.072,mg/L,00665,Total Phosphorus,1,embarrass.xlsx
USGS-IL_EPA_WQX-BET-01,2011-07-06,0.0505,mg/L,00665,Total Phosphorus,2,embarrass.xlsx
USGS-IL_EPA_WQX-BET-01,2011-08-16,0.129,mg/L,00665,Total Phosphorus,1,embarrass.xlsx
USGS-IL_EPA_WQX-BET-01,2011-09-19,0.061,mg/L,00665,Total Phosphorus,2,embarrass.xlsx
USGS-IL_EPA_WQX-BET-01,2021-07-07,0.071,mg/L,00665,Total Phosphorus,2,embarrass.xlsx
USGS-IL_EPA_WQX-BET-01,2021-08-05,0.0405,mg/L,00665,Total Phosphorus,2,embarrass.xlsx
USGS-IL_EPA_WQX-BEZB-07,2001-06-21,0.185,mg/L,00665,Total Phosphorus,2,embarrass.xlsx
USGS-IL_EPA_WQX-BEZB-07,2001-08-06,135.38666666666668,mg/kg,00665,Total Phosphorus,3,embarrass.xlsx
USGS-IL_EPA_WQX-BEZB-07,2001-09-25,0.24000000000000002,mg/L,00665,Total Phosphorus,2,embarrass.xlsx
USGS-IL_EPA_WQX-BEZB-07,2006-05-16,0.11249999999999999,mg/L,00665,Total Phosphorus,2,embarrass.xlsx
USGS-IL_EPA_WQX-BEZB-07,2006-06-26,0.186,mg/L,00665,Total Phosphorus,1,embarrass.xlsx
USGS-IL_EPA_WQX-BEZB-07,2006-07-03,0.117,mg/L,00665,Total Phosphorus,1,embarrass.xlsx
USGS-IL_EPA_WQX-BEZB-07,2006-08-16,151.14233333333334,mg/L,00665,Total Phosphorus,3,embarrass.xlsx
USGS-IL_EPA_WQX-BEZB-07,2006-08-23,0.405,mg/L,00665,Total Phosphorus,1,embarrass.xlsx
USGS-IL_EPA_WQX-BEZB-07,2006-09-26,0.36,mg/L,00665,Total Phosphorus,2,embarrass.xlsx
USGS-IL_EPA_WQX-BEZB-07,2011-06-08,0.1305,mg/L,00665,Total Phosphorus,2,embarrass.xlsx
USGS-IL_EPA_WQX-BEZB-07,2011-06-14,0.213,mg/L,00665,Total Phosphorus,1,embarrass.xlsx
USGS-IL_EPA_WQX-BEZB-07,2011-07-11,0.175,mg/L,00665,Total Phosphorus,1,embarrass.xlsx
USGS-IL_EPA_WQX-BEZB-07,2011-08-02,0.0945,mg/L,00665,Total Phosphorus,2,embarrass.xlsx
USGS-IL_EPA_WQX-BEZB-07,2011-08-16,0.123,mg/L,00665,Total Phosphorus,1,embarrass.xlsx
USGS-IL_EPA_WQX-BEZB-07,2011-10-06,0.133,mg/L,00665,Total Phosphorus,2,embarrass.xlsx
USGS-IL_EPA_WQX-BEZB-07,2016-05-25,0.1185,mg/L,00665,Total Phosphorus,2,embarrass.xlsx
USGS-IL_EPA_WQX-BEZB-07,2016-06-14,0.15933333333333333,mg/L,00665,Total Phosphorus,3,embarrass.xlsx
USGS-IL_EPA_WQX-BEZB-07,2016-08-03,0.186,mg/L,00665,Total Phosphorus,1,embarrass.xlsx
USGS-IL_EPA_WQX-BEZB-07,2016-09-06,0.1315,mg/L,00665,Total Phosphorus,2,embarrass.xlsx
USGS-IL_EPA_WQX-BEZB-07,2021-06-23,0.1565,mg/L,00665,Total Phosphorus,2,embarrass.xlsx
USGS-IL_EPA_WQX-BEZB-07,2021-07-27,0.15849999999999997,mg/L,00665,Total Phosphorus,2,embarrass.xlsx
USGS-IL_EPA_WQX-BEZF-01,2011-07-11,0.124,mg/L,00665,Total Phosphorus,1,embarrass.xlsx
USGS-IL_EPA_WQX-BEZF-01,2011-08-16,0.043,mg/L,00665,Total Phosphorus,1,embarrass.xlsx
USGS-IL_EPA_WQX-BEZF-01,2011-08-22,0.0395,mg/L,00665,Total Phosphorus,2,embarrass.xlsx
USGS-IL_EPA_WQX-BEZF-01,2011-10-06,0.0165,mg/L,00665,Total Phosphorus,2,embarrass.xlsx
USGS-IL_EPA_WQX-BEZY-01,2011-06-02,0.03933333333333334,mg/L,00665,Total Phosphorus,3,embarrass.xlsx
USGS-IL_EPA_WQX-BEZY-01,2011-07-07,0.01,mg/L,00665,Total Phosphorus,2,embarrass.xlsx
USGS-IL_EPA_WQX-BEZY-01,2011-08-03,0.233,mg/L,00665,Total Phosphorus,1,embarrass.xlsx
USGS-IL_EPA_WQX-BEZY-01,2011-09-20,0.0655,mg/L,00665,Total Phosphorus,2,embarrass.xlsx
USGS-IL_EPA_WQX-BEZY-01,2021-06-07,0.007,mg/L,00665,Total Phosphorus,2,embarrass.xlsx
USGS-IL_EPA_WQX-BEZY-01,2021-07-27,0.0125,mg/L,00665,Total Phosphorus,2,embarrass.xlsx
USGS-IL_EPA_WQX-BEZZ-02,2006-05-24,0.033,mg/L,00665,Total Phosphorus,1,embarrass.xlsx
USGS-IL_EPA_WQX-BEZZ-02,2006-07-11,851.6946666666666,mg/kg,00665,Total Phosphorus,3,embarrass.xlsx
USGS-IL_EPA_WQX-BEZZ-02,2006-09-07,0.091,mg/L,00665,Total Phosphorus,2,embarrass.xlsx
USGS-IL_EPA_WQX-BEZZ-05,2001-06-20,0.055,mg/L,00665,Total Phosphorus,2,embarrass.xlsx
USGS-IL_EPA_WQX-BEZZ-05,2001-07-31,162.38,mg/kg,00665,Total Phosphorus,3,embarrass.xlsx
USGS-IL_EPA_WQX-BEZZ-05,2001-09-20,0.075,mg/L,00665,Total Phosphorus,2,embarrass.xlsx
USGS-IL_EPA_WQX-BEZZ-05,2016-06-02,0.0455,mg/L,00665,Total Phosphorus,2,embarrass.xlsx
USGS-IL_EPA_WQX-BEZZ-05,2016-06-06,0.06,mg/L,00665,Total Phosphorus,1,embarrass.xlsx
USGS-IL_EPA_WQX-BEZZ-05,2016-07-11,0.0495,mg/L,00665,Total Phosphorus,2,embarrass.xlsx
USGS-IL_EPA_WQX-BEZZ-05,2016-09-01,0.152,mg/L,00665,Total Phosphorus,2,embarrass.xlsx
USGS-IL_EPA_WQX-BEZZ-05,2016-09-22,0.241,mg/L,00665,Total Phosphorus,1,embarrass.xlsx
USGS-NARS_WQX-FW08IL023,2009-06-17,280.8638,mg/L,00665,Total Phosphorus,1,embarrass.xlsx
USGS-NARS_WQX-ILS9-0922,2014-06-19,266.0,ug/L,00665,Total Phosphorus,1,embarrass.xlsx
USGS-NARS_WQX-ILSS-1130,2013-08-08,45.7,ug/L,00665,Total Phosphorus,1,embarrass.xlsx
USGS-NARS_WQX-ILSS-1169,2014-09-30,119.0,ug/L,00665,Total Phosphorus,1,embarrass.xlsx
USGS-NARS_WQX-NRS_IL-10049,2018-06-26,306.945,ug/L,00665,Total Phosphorus,1,embarrass.xlsx
