site_id,date,value,unit,parameter_code,parameter_name,record_count,source
USGS-03343395,1978-09-27,67.0,mg/l,00530,Total Suspended Solids,1,embarrass.xlsx
USGS-03343395,1978-10-25,39.0,mg/l,00530,Total Suspended Solids,1,embarrass.xlsx
USGS-03343395,1978-11-29,5.0,mg/l,00530,Total Suspended Solids,1,embarrass.xlsx
USGS-03343395,1979-01-31,107.0,mg/l,00530,Total Suspended Solids,1,embarrass.xlsx
USGS-03343395,1979-02-14,5.0,mg/l,00530,Total Suspended Solids,1,embarrass.xlsx
USGS-03343395,1979-03-13,22.0,mg/l,00530,Total Suspended Solids,1,embarrass.xlsx
USGS-03343395,1979-04-17,60.0,mg/l,00530,Total Suspended Solids,1,embarrass.xlsx
USGS-03343395,1979-05-03,168.0,mg/l,00530,Total Suspended Solids,1,embarrass.xlsx
USGS-03343395,1979-06-06,156.0,mg/l,00530,Total Suspended Solids,2,embarrass.xlsx
USGS-03343395,1979-07-11,50.0,mg/l,00530,Total Suspended Solids,2,embarrass.xlsx
USGS-03343395,1979-08-09,83.0,mg/l,00530,Total Suspended Solids,1,embarrass.xlsx
USGS-03343395,1979-09-12,25.0,mg/l,00530,Total Suspended Solids,1,embarrass.xlsx
USGS-03343395,1979-10-10,13.0,mg/l,00530,Total Suspended Solids,2,embarrass.xlsx
USGS-03343395,1979-11-20,8.0,mg/l,00530,Total Suspended Solids,1,embarrass.xlsx
USGS-03343395,1979-12-17,4.0,mg/l,00530,Total Suspended Solids,1,embarrass.xlsx
USGS-03343395,1980-01-21,0.0,mg/l,00530,Total Suspended Solids,1,embarrass.xlsx
USGS-03343395,1980-02-28,30.0,mg/l,00530,Total Suspended Solids,1,embarrass.xlsx
USGS-03343395,1980-04-01,19.0,mg/l,00530,Total Suspended Solids,1,embarrass.xlsx
USGS-03343395,1980-05-01,40.0,mg/l,00530,Total Suspended Solids,2,embarrass.xlsx
USGS-03343395,1980-05-21,42.0,mg/l,00530,Total Suspended Solids,1,embarrass.xlsx
USGS-03343395,1980-06-23,70.0,mg/l,00530,Total Suspended Solids,1,embarrass.xlsx
USGS-03343395,1980-07-22,130.0,mg/l,00530,Total Suspended Solids,1,embarrass.xlsx
USGS-03343395,1980-08-19,110.0,mg/l,00530,Total Suspended Solids,1,embarrass.xlsx
USGS-03343395,1980-09-18,38.0,mg/l,00530,Total Suspended Solids,1,embarrass.xlsx
USGS-03343395,1980-10-07,18.0,mg/l,00530,Total Suspended Solids,1,embarrass.xlsx
USGS-03343395,1980-10-30,8.0,mg/l,00530,Total Suspended Solids,1,embarrass.xlsx
USGS-03343395,1980-12-03,6.0,mg/l,00530,Total Suspended Solids,1,embarrass.xlsx
USGS-03343395,1980-12-29,3.0,mg/l,00530,Total Suspended Solids,1,embarrass.xlsx
USGS-03343395,1981-02-19,23.0,mg/l,00530,Total Suspended Solids,1,embarrass.xlsx
USGS-03343395,1981-03-17,7.0,mg/l,00530,Total Suspended Solids,1,embarrass.xlsx
USGS-03343395,1981-03-31,33.0,mg/l,00530,Total Suspended Solids,1,embarrass.xlsx
USGS-03343395,1981-05-07,52.0,mg/l,00530,Total Suspended Solids,1,embarrass.xlsx
USGS-03343395,1981-06-19,172.0,mg/l,00530,Total Suspended Solids,1,embarrass.xlsx
USGS-03343395,1981-08-06,161.0,mg/l,00530,Total Suspended Solids,1,embarrass.xlsx
USGS-03343395,1981-08-17,46.0,mg/l,00530,Total Suspended Solids,1,embarrass.xlsx
USGS-03343395,1981-09-09,43.0,mg/l,00530,Total Suspended Solids,1,embarrass.xlsx
USGS-03343395,1981-10-19,20.0,mg/l,00530,Total Suspended Solids,1,embarrass.xlsx
USGS-03343395,1981-11-12,43.0,mg/l,00530,Total Suspended Solids,1,embarrass.xlsx
USGS-03343395,1982-01-27,3.0,mg/l,00530,Total Suspended Solids,1,embarrass.xlsx
USGS-03343395,1982-03-30,36.0,mg/l,00530,Total Suspended Solids,1,embarrass.xlsx
USGS-03343395,1982-04-25,41.0,mg/l,00530,Total Suspended Solids,1,embarrass.xlsx
USGS-03343395,1982-06-15,120.0,mg/l,00530,Total Suspended Solids,1,embarrass.xlsx
USGS-03343395,1982-08-02,42.0,mg/l,00530,Total Suspended Solids,1,embarrass.xlsx
USGS-03343395,1982-09-01,250.0,mg/l,00530,Total Suspended Solids,1,embarrass.xlsx
USGS-03343395,1982-11-09,30.0,mg/l,00530,Total Suspended Solids,1,embarrass.xlsx
USGS-03343395,1982-12-08,15.0,mg/l,00530,Total Suspended Solids,1,embarrass.xlsx
USGS-03343395,1983-01-25,11.0,mg/l,00530,Total Suspended Solids,1,embarrass.xlsx
USGS-03343395,1983-03-08,57.0,mg/l,00530,Total Suspended Solids,1,embarrass.xlsx
USGS-03343395,1983-04-05,34.0,mg/l,00530,Total Suspended Solids,1,embarrass.xlsx
USGS-03343395,1983-05-10,82.0,mg/l,00530,Total Suspended Solids,1,embarrass.xlsx
USGS-03343395,1983-06-22,100.0,mg/l,00530,Total Suspended Solids,1,embarrass.xlsx
USGS-03343395,1983-09-07,34.0,mg/l,00530,Total Suspended Solids,1,embarrass.xlsx
USGS-03343395,1983-10-06,92.0,mg/l,00530,Total Suspended Solids,1,embarrass.xlsx
USGS-03343395,1983-11-30,9.0,mg/l,00530,Total Suspended Solids,1,embarrass.xlsx
USGS-03343395,1984-01-09,8.0,mg/l,00530,Total Suspended Solids,1,embarrass.xlsx
USGS-03343395,1984-03-14,8.0,mg/l,00530,Total Suspended Solids,1,embarrass.xlsx
USGS-03343395,1984-04-09,18.0,mg/l,00530,Total Suspended Solids,1,embarrass.xlsx
USGS-03343395,1984-04-30,76.0,mg/l,00530,Total Suspended Solids,1,embarrass.xlsx
USGS-03343395,1984-06-07,106.0,mg/l,00530,Total Suspended Solids,1,embarrass.xlsx
USGS-03343395,1984-07-17,60.0,mg/l,00530,Total Suspended Solids,1,embarrass.xlsx
USGS-03343395,1984-08-28,60.0,mg/l,00530,Total Suspended Solids,1,embarrass.xlsx
USGS-03343395,1984-10-22,47.0,mg/l,00530,Total Suspended Solids,1,embarrass.xlsx
USGS-03343395,1985-01-07,12.0,mg/l,00530,Total Suspended Solids,1,embarrass.xlsx
USGS-03343395,1985-02-14,6.0,mg/l,00530,Total Suspended Solids,1,embarrass.xlsx
USGS-03343395,1985-03-21,47.0,mg/l,00530,Total Suspended Solids,1,embarrass.xlsx
USGS-03343395,1985-05-09,32.0,mg/l,00530,Total Suspended Solids,1,embarrass.xlsx
USGS-03343395,1985-06-06,54.0,mg/l,00530,Total Suspended Solids,1,embarrass.xlsx
USGS-03343395,1985-07-23,39.0,mg/l,00530,Total Suspended Solids,1,embarrass.xlsx
USGS-03343395,1985-08-29,36.0,mg/l,00530,Total Suspended Solids,1,embarrass.xlsx
USGS-03343395,1985-10-23,1.0,mg/l,00530,Total Suspended Solids,1,embarrass.xlsx
USGS-03343395,1985-12-09,20.0,mg/l,00530,Total Suspended Solids,1,embarrass.xlsx
USGS-03343395,1986-02-03,6.0,mg/l,00530,Total Suspended Solids,1,embarrass.xlsx
USGS-03343395,1986-03-04,9.0,mg/l,00530,Total Suspended Solids,1,embarrass.xlsx
USGS-03343395,1986-03-27,22.0,mg/l,00530,Total Suspended Solids,1,embarrass.xlsx
USGS-03343395,1986-04-29,25.0,mg/l,00530,Total Suspended Solids,1,embarrass.xlsx
USGS-03343395,1986-06-11,112.0,mg/l,00530,Total Suspended Solids,1,embarrass.xlsx
USGS-03343395,1986-09-03,79.0,mg/l,00530,Total Suspended Solids,1,embarrass.xlsx
USGS-03343395,1986-10-02,105.0,mg/l,00530,Total Suspended Solids,1,embarrass.xlsx
USGS-03343395,1986-11-19,4.0,mg/l,00530,Total Suspended Solids,1,embarrass.xlsx
USGS-03343395,1987-01-12,5.0,mg/l,00530,Total Suspended Solids,1,embarrass.xlsx
USGS-03343395,1987-02-11,13.0,mg/l,00530,Total Suspended Solids,1,embarrass.xlsx
USGS-03343395,1987-03-26,15.0,mg/l,00530,Total Suspended Solids,1,embarrass.xlsx
USGS-03343395,1987-05-04,43.0,mg/l,00530,Total Suspended Solids,1,embarrass.xlsx
USGS-03343395,1987-06-16,47.0,mg/l,00530,Total Suspended Solids,1,embarrass.xlsx
USGS-03343395,1987-09-03,63.0,mg/l,00530,Total Suspended Solids,1,embarrass.xlsx
USGS-03343395,1987-10-14,13.0,mg/l,00530,Total Suspended Solids,1,embarrass.xlsx
USGS-03343395,1987-11-16,5.0,mg/l,00530,Total Suspended Solids,1,embarrass.xlsx
USGS-03343395,1988-02-17,17.0,mg/l,00530,Total Suspended Solids,1,embarrass.xlsx
USGS-03343395,1988-03-21,5.0,mg/l,00530,Total Suspended Solids,1,embarrass.xlsx
USGS-03343395,1988-05-10,28.0,mg/l,00530,Total Suspended Solids,1,embarrass.xlsx
USGS-03343395,1988-06-16,93.0,mg/l,00530,Total Suspended Solids,1,embarrass.xlsx
USGS-03343395,1988-07-21,69.0,mg/l,00530,Total Suspended Solids,1,embarrass.xlsx
USGS-03343395,1988-08-29,70.0,mg/l,00530,Total Suspended Solids,1,embarrass.xlsx
USGS-03343395,1988-10-31,2.0,mg/l,00530,Total Suspended Solids,1,embarrass.xlsx
USGS-03343395,1988-12-08,4.0,mg/l,00530,Total Suspended Solids,1,embarrass.xlsx
USGS-03343395,1989-01-11,16.0,mg/l,00530,Total Suspended Solids,1,embarrass.xlsx
USGS-03343395,1989-02-21,11.0,mg/l,00530,Total Suspended Solids,1,embarrass.xlsx
USGS-03343395,1989-03-29,27.0,mg/l,00530,Total Suspended Solids,1,embarrass.xlsx
USGS-03343395,1989-05-08,28.0,mg/l,00530,Total Suspended Solids,1,embarrass.xlsx
USGS-03343395,1989-06-15,59.0,mg/l,00530,Total Suspended Solids,1,embarrass.xlsx
USGS-03343395,1989-07-24,70.0,mg/l,00530,Total Suspended Solids,1,embarrass.xlsx
USGS-03343395,1989-08-29,142.0,mg/l,00530,Total Suspended Solids,1,embarrass.xlsx
USGS-03343395,1989-10-30,19.0,mg/l,00530,Total Suspended Solids,1,embarrass.xlsx
USGS-03343395,1989-11-30,4.0,mg/l,00530,Total Suspended Solids,1,embarrass.xlsx
USGS-03343395,1990-01-10,1.0,mg/l,00530,Total Suspended Solids,1,embarrass.xlsx
USGS-03343395,1990-02-08,9.0,mg/l,00530,Total Suspended Solids,1,embarrass.xlsx
USGS-03343395,1990-03-14,40.0,mg/l,00530,Total Suspended Solids,1,embarrass.xlsx
USGS-03343395,1990-05-01,37.0,mg/l,00530,Total Suspended Solids,1,embarrass.xlsx
USGS-03343395,1990-06-19,140.0,mg/l,00530,Total Suspended Solids,1,embarrass.xlsx
USGS-03343395,1990-07-19,62.0,mg/l,00530,Total Suspended Solids,1,embarrass.xlsx
USGS-03343395,1990-09-06,65.0,mg/l,00530,Total Suspended Solids,1,embarrass.xlsx
USGS-03343395,1990-11-01,31.0,mg/l,00530,Total Suspended Solids,1,embarrass.xlsx
USGS-03343395,1990-12-11,13.0,mg/l,00530,Total Suspended Solids,1,embarrass.xlsx
USGS-03343395,1991-01-15,33.0,mg/l,00530,Total Suspended Solids,1,embarrass.xlsx
USGS-03343395,1991-02-28,5.0,mg/l,00530,Total Suspended Solids,1,embarrass.xlsx
USGS-03343395,1991-03-25,27.0,mg/l,00530,Total Suspended Solids,1,embarrass.xlsx
USGS-03343395,1991-05-07,80.0,mg/l,00530,Total Suspended Solids,1,embarrass.xlsx
USGS-03343395,1991-06-03,99.0,mg/l,00530,Total Suspended Solids,1,embarrass.xlsx
USGS-03343395,1991-08-01,89.0,mg/l,00530,Total Suspended Solids,1,embarrass.xlsx
USGS-03343395,1991-09-18,81.0,mg/l,00530,Total Suspended Solids,1,embarrass.xlsx
USGS-03343395,1991-10-29,27.0,mg/l,00530,Total Suspended Solids,1,embarrass.xlsx
USGS-03343395,1991-12-12,25.0,mg/l,00530,Total Suspended Solids,1,embarrass.xlsx
USGS-03343395,1992-01-29,2.0,mg/l,00530,Total Suspended Solids,1,embarrass.xlsx
USGS-03343395,1992-03-11,3.0,mg/l,00530,Total Suspended Solids,1,embarrass.xlsx
USGS-03343395,1992-05-07,56.0,mg/l,00530,Total Suspended Solids,1,embarrass.xlsx
USGS-03343395,1992-07-01,47.0,mg/l,00530,Total Suspended Solids,1,embarrass.xlsx
USGS-03343395,1992-09-09,54.0,mg/l,00530,Total Suspended Solids,1,embarrass.xlsx
USGS-03343395,1993-04-05,32.0,mg/l,00530,Total Suspended Solids,1,embarrass.xlsx
USGS-03343395,1993-05-19,38.0,mg/l,00530,Total Suspended Solids,1,embarrass.xlsx
USGS-03343395,1993-06-30,66.0,mg/l,00530,Total Suspended Solids,1,embarrass.xlsx
USGS-03343395,1993-08-04,62.0,mg/l,00530,Total Suspended Solids,1,embarrass.xlsx
USGS-03343395,1993-09-14,8.0,mg/l,00530,Total Suspended Solids,1,embarrass.xlsx
USGS-03343395,1994-02-17,13.0,mg/l,00530,Total Suspended Solids,1,embarrass.xlsx
USGS-03343395,1994-03-09,32.0,mg/l,00530,Total Suspended Solids,1,embarrass.xlsx
USGS-03343395,1994-04-07,2.0,mg/l,00530,Total Suspended Solids,1,embarrass.xlsx
USGS-03343395,1994-05-16,28.0,mg/l,00530,Total Suspended Solids,1,embarrass.xlsx
USGS-03343395,1994-06-27,90.0,mg/l,00530,Total Suspended Solids,1,embarrass.xlsx
USGS-03343395,1994-08-29,78.0,mg/l,00530,Total Suspended Solids,1,embarrass.xlsx
USGS-03343395,1994-09-21,15.0,mg/l,00530,Total Suspended Solids,1,embarrass.xlsx
USGS-03343395,1994-10-26,17.0,mg/l,00530,Total Suspended Solids,1,embarrass.xlsx
USGS-03343395,1994-12-08,50.0,mg/l,00530,Total Suspended Solids,1,embarrass.xlsx
USGS-03343395,1995-01-24,8.0,mg/l,00530,Total Suspended Solids,1,embarrass.xlsx
USGS-03343395,1995-02-23,12.0,mg/l,00530,Total Suspended Solids,1,embarrass.xlsx
USGS-03343395,1995-04-11,9.0,mg/l,00530,Total Suspended Solids,1,embarrass.xlsx
USGS-03343395,1995-05-18,98.0,mg/l,00530,Total Suspended Solids,1,embarrass.xlsx
USGS-03343395,1995-07-17,27.0,mg/l,00530,Total Suspended Solids,1,embarrass.xlsx
USGS-03343395,1995-09-15,60.0,mg/l,00530,Total Suspended Solids,1,embarrass.xlsx
USGS-03343395,1995-11-01,18.0,mg/l,00530,Total Suspended Solids,1,embarrass.xlsx
USGS-03343395,1995-12-21,4.0,mg/l,00530,Total Suspended Solids,1,embarrass.xlsx
USGS-03343395,1996-01-24,42.0,mg/l,00530,Total Suspended Solids,1,embarrass.xlsx
USGS-03343395,1996-02-27,344.0,mg/l,00530,Total Suspended Solids,1,embarrass.xlsx
USGS-03343395,1996-03-21,4.0,mg/l,00530,Total Suspended Solids,1,embarrass.xlsx
USGS-03343395,1996-05-07,62.0,mg/l,00530,Total Suspended Solids,1,embarrass.xlsx
USGS-03343395,1996-06-20,174.0,mg/l,00530,Total Suspended Solids,1,embarrass.xlsx
USGS-03343395,1996-07-24,102.0,mg/l,00530,Total Suspended Solids,1,embarrass.xlsx
USGS-03343395,1996-08-22,28.0,mg/l,00530,Total Suspended Solids,1,embarrass.xlsx
USGS-03343395,1996-10-31,20.0,mg/l,00530,Total Suspended Solids,1,embarrass.xlsx
USGS-03343395,1996-12-04,8.0,mg/l,00530,Total Suspended Solids,1,embarrass.xlsx
USGS-03343395,1997-01-21,5.0,mg/l,00530,Total Suspended Solids,1,embarrass.xlsx
USGS-03343395,1997-02-20,22.0,mg/l,00530,Total Suspended Solids,1,embarrass.xlsx
USGS-03343395,1997-03-19,21.0,mg/l,00530,Total Suspended Solids,1,embarrass.xlsx
USGS-03343395,1997-04-15,36.0,mg/l,00530,Total Suspended Solids,1,embarrass.xlsx
USGS-03343455,1979-07-31,109.0,%,80154,Suspended Sediment Concentration,2,embarrass.xlsx
USGS-03343455,1979-07-31,127.0,tons/day,80155,Suspended Sediment Discharge,1,embarrass.xlsx
USGS-03343455,1979-10-16,46.0,%,80154,Suspended Sediment Concentration,2,embarrass.xlsx
USGS-03343455,1979-10-16,0.2,tons/day,80155,Suspended Sediment Discharge,1,embarrass.xlsx
USGS-03343455,1980-04-01,62.0,%,80154,Suspended Sediment Concentration,2,embarrass.xlsx
USGS-03343455,1980-04-01,34.0,tons/day,80155,Suspended Sediment Discharge,1,embarrass.xlsx
USGS-03343550,1979-03-04,199.16666666666666,%,80154,Suspended Sediment Concentration,6,embarrass.xlsx
USGS-03343550,1979-03-04,19500.0,tons/day,80155,Suspended Sediment Discharge,1,embarrass.xlsx
USGS-03343550,1979-04-13,416.4,%,80154,Suspended Sediment Concentration,5,embarrass.xlsx
USGS-03343550,1979-04-13,39900.0,tons/day,80155,Suspended Sediment Discharge,1,embarrass.xlsx
USGS-03343550,1980-06-02,308.5,%,80154,Suspended Sediment Concentration,2,embarrass.xlsx
USGS-03343550,1980-06-02,2030.0,tons/day,80155,Suspended Sediment Discharge,1,embarrass.xlsx
USGS-03343550,1981-02-18,73.0,%,80154,Suspended Sediment Concentration,2,embarrass.xlsx
USGS-03343550,1981-02-18,207.0,tons/day,80155,Suspended Sediment Discharge,1,embarrass.xlsx
USGS-03343550,1981-04-12,241.5,%,80154,Suspended Sediment Concentration,2,embarrass.xlsx
USGS-03343550,1981-04-12,1000.0,tons/day,80155,Suspended Sediment Discharge,1,embarrass.xlsx
USGS-03343550,1981-04-13,202.5,%,80154,Suspended Sediment Concentration,2,embarrass.xlsx
USGS-03343550,1981-04-13,2220.0,tons/day,80155,Suspended Sediment Discharge,1,embarrass.xlsx
USGS-03343550,1981-04-14,151.0,%,80154,Suspended Sediment Concentration,2,embarrass.xlsx
USGS-03343550,1981-04-14,1580.0,tons/day,80155,Suspended Sediment Discharge,1,embarrass.xlsx
USGS-03343550,1981-07-27,92.0,mg/l,80154,Suspended Sediment Concentration,1,embarrass.xlsx
USGS-03343550,1981-07-27,62.0,tons/day,80155,Suspended Sediment Discharge,1,embarrass.xlsx
USGS-03343550,1981-11-19,51.5,%,80154,Suspended Sediment Concentration,2,embarrass.xlsx
USGS-03343550,1981-11-19,11.0,tons/day,80155,Suspended Sediment Discharge,1,embarrass.xlsx
USGS-03343550,1981-12-29,72.0,mg/l,80154,Suspended Sediment Concentration,1,embarrass.xlsx
USGS-03343550,1981-12-29,34.0,tons/day,80155,Suspended Sediment Discharge,1,embarrass.xlsx
USGS-03343550,1982-03-21,191.0,%,80154,Suspended Sediment Concentration,2,embarrass.xlsx
USGS-03343550,1982-03-21,3050.0,tons/day,80155,Suspended Sediment Discharge,1,embarrass.xlsx
USGS-03343550,1982-03-22,80.11111111111111,%,80154,Suspended Sediment Concentration,9,embarrass.xlsx
USGS-03343550,1982-03-22,849.0,tons/day,80155,Suspended Sediment Discharge,2,embarrass.xlsx
USGS-03343550,1982-03-23,88.0,%,80154,Suspended Sediment Concentration,2,embarrass.xlsx
USGS-03343550,1982-03-23,567.0,tons/day,80155,Suspended Sediment Discharge,1,embarrass.xlsx
USGS-03343550,1982-05-03,77.0,mg/l,80154,Suspended Sediment Concentration,1,embarrass.xlsx
USGS-03343550,1982-05-03,47.0,tons/day,80155,Suspended Sediment Discharge,1,embarrass.xlsx
USGS-03343550,1982-06-14,163.0,mg/l,80154,Suspended Sediment Concentration,1,embarrass.xlsx
USGS-03343550,1982-06-14,238.0,tons/day,80155,Suspended Sediment Discharge,1,embarrass.xlsx
USGS-03343550,1982-07-04,122.5,%,80154,Suspended Sediment Concentration,2,embarrass.xlsx
USGS-03343550,1982-07-04,1900.0,tons/day,80155,Suspended Sediment Discharge,1,embarrass.xlsx
USGS-03343550,1982-09-08,67.0,mg/l,80154,Suspended Sediment Concentration,1,embarrass.xlsx
USGS-03343550,1982-09-08,11.0,tons/day,80155,Suspended Sediment Discharge,1,embarrass.xlsx
USGS-03344000,1978-01-05,12.0,mg/l,00530,Total Suspended Solids,1,embarrass.xlsx
USGS-03344000,1978-02-08,25.0,mg/l,00530,Total Suspended Solids,1,embarrass.xlsx
USGS-03344000,1978-04-03,70.0,mg/l,00530,Total Suspended Solids,1,embarrass.xlsx
USGS-03344000,1978-05-02,16.0,mg/l,00530,Total Suspended Solids,1,embarrass.xlsx
USGS-03344000,1978-05-24,200.0,mg/l,00530,Total Suspended Solids,1,embarrass.xlsx
USGS-03344000,1978-07-03,220.0,mg/l,00530,Total Suspended Solids,1,embarrass.xlsx
USGS-03344000,1978-07-19,75.0,mg/l,00530,Total Suspended Solids,1,embarrass.xlsx
USGS-03344000,1978-08-01,110.0,mg/l,00530,Total Suspended Solids,1,embarrass.xlsx
USGS-03344000,1978-09-12,17.0,mg/l,00530,Total Suspended Solids,1,embarrass.xlsx
USGS-03344000,1978-10-10,12.0,mg/l,00530,Total Suspended Solids,1,embarrass.xlsx
USGS-03344000,1978-11-14,263.0,mg/l,00530,Total Suspended Solids,1,embarrass.xlsx
USGS-03344000,1978-12-27,7.0,mg/l,00530,Total Suspended Solids,1,embarrass.xlsx
USGS-03344000,1979-01-18,7.0,mg/l,00530,Total Suspended Solids,1,embarrass.xlsx
USGS-03344000,1979-02-14,3.0,mg/l,00530,Total Suspended Solids,1,embarrass.xlsx
USGS-03344000,1979-03-13,63.0,mg/l,00530,Total Suspended Solids,1,embarrass.xlsx
USGS-03344000,1979-04-05,69.5,mg/l,00530,Total Suspended Solids,2,embarrass.xlsx
USGS-03344000,1979-05-15,84.0,mg/l,00530,Total Suspended Solids,1,embarrass.xlsx
USGS-03344000,1979-06-14,107.5,mg/l,00530,Total Suspended Solids,2,embarrass.xlsx
USGS-03344000,1979-07-11,32.0,mg/l,00530,Total Suspended Solids,1,embarrass.xlsx
USGS-03344000,1979-08-09,58.0,mg/l,00530,Total Suspended Solids,1,embarrass.xlsx
USGS-03344000,1979-09-12,14.0,mg/l,00530,Total Suspended Solids,1,embarrass.xlsx
USGS-03344000,1979-10-10,14.5,mg/l,00530,Total Suspended Solids,2,embarrass.xlsx
USGS-03344000,1979-11-13,5.0,mg/l,00530,Total Suspended Solids,1,embarrass.xlsx
USGS-03344000,1979-12-17,7.0,mg/l,00530,Total Suspended Solids,1,embarrass.xlsx
USGS-03344000,1980-01-21,4.0,mg/l,00530,Total Suspended Solids,1,embarrass.xlsx
USGS-03344000,1980-02-26,95.0,mg/l,00530,Total Suspended Solids,1,embarrass.xlsx
USGS-03344000,1980-04-01,200.0,mg/l,00530,Total Suspended Solids,1,embarrass.xlsx
USGS-03344000,1980-05-01,57.5,mg/l,00530,Total Suspended Solids,2,embarrass.xlsx
USGS-03344000,1980-05-28,64.0,mg/l,00530,Total Suspended Solids,1,embarrass.xlsx
USGS-03344000,1980-06-23,50.0,mg/l,00530,Total Suspended Solids,1,embarrass.xlsx
USGS-03344000,1980-07-22,50.0,mg/l,00530,Total Suspended Solids,1,embarrass.xlsx
USGS-03344000,1980-08-19,610.0,mg/l,00530,Total Suspended Solids,1,embarrass.xlsx
USGS-03344000,1980-09-18,130.0,mg/l,00530,Total Suspended Solids,1,embarrass.xlsx
USGS-03344000,1980-10-07,29.0,mg/l,00530,Total Suspended Solids,1,embarrass.xlsx
USGS-03344000,1980-10-30,12.0,mg/l,00530,Total Suspended Solids,1,embarrass.xlsx
USGS-03344000,1980-12-03,21.0,mg/l,00530,Total Suspended Solids,1,embarrass.xlsx
USGS-03344000,1980-12-29,2.0,mg/l,00530,Total Suspended Solids,1,embarrass.xlsx
USGS-03344000,1981-03-12,17.0,mg/l,00530,Total Suspended Solids,1,embarrass.xlsx
USGS-03344000,1981-03-25,15.0,mg/l,00530,Total Suspended Solids,1,embarrass.xlsx
USGS-03344000,1981-04-14,365.0,mg/l,00530,Total Suspended Solids,1,embarrass.xlsx
USGS-03344000,1981-05-15,314.0,mg/l,00530,Total Suspended Solids,1,embarrass.xlsx
USGS-03344000,1981-06-18,129.0,mg/l,00530,Total Suspended Solids,1,embarrass.xlsx
USGS-03344000,1981-07-21,74.0,mg/l,00530,Total Suspended Solids,1,embarrass.xlsx
USGS-03344000,1981-09-24,34.0,mg/l,00530,Total Suspended Solids,1,embarrass.xlsx
USGS-03344000,1981-09-30,220.0,mg/l,00530,Total Suspended Solids,1,embarrass.xlsx
USGS-03344000,1981-11-23,10.0,mg/l,00530,Total Suspended Solids,1,embarrass.xlsx
USGS-03344000,1982-01-07,110.0,mg/l,00530,Total Suspended Solids,1,embarrass.xlsx
USGS-03344000,1982-03-08,33.0,mg/l,00530,Total Suspended Solids,1,embarrass.xlsx
USGS-03344000,1982-03-30,34.0,mg/l,00530,Total Suspended Solids,1,embarrass.xlsx
USGS-03344000,1982-04-28,43.0,mg/l,00530,Total Suspended Solids,1,embarrass.xlsx
USGS-03344000,1982-06-03,328.0,mg/l,00530,Total Suspended Solids,1,embarrass.xlsx
USGS-03344000,1982-07-19,72.0,mg/l,00530,Total Suspended Solids,1,embarrass.xlsx
USGS-03344000,1982-09-22,28.0,mg/l,00530,Total Suspended Solids,1,embarrass.xlsx
USGS-03344000,1982-10-25,32.0,mg/l,00530,Total Suspended Solids,1,embarrass.xlsx
USGS-03344000,1982-12-06,200.0,mg/l,00530,Total Suspended Solids,1,embarrass.xlsx
USGS-03344000,1983-01-10,15.0,mg/l,00530,Total Suspended Solids,1,embarrass.xlsx
USGS-03344000,1983-02-23,23.0,mg/l,00530,Total Suspended Solids,1,embarrass.xlsx
USGS-03344000,1983-03-24,280.0,mg/l,00530,Total Suspended Solids,1,embarrass.xlsx
USGS-03344000,1983-05-31,70.0,mg/l,00530,Total Suspended Solids,1,embarrass.xlsx
USGS-03344000,1983-08-22,10.0,mg/l,00530,Total Suspended Solids,1,embarrass.xlsx
USGS-03344000,1983-09-26,2.0,mg/l,00530,Total Suspended Solids,1,embarrass.xlsx
USGS-03344000,1983-10-20,68.0,mg/l,00530,Total Suspended Solids,1,embarrass.xlsx
USGS-03344000,1983-12-15,725.0,mg/l,00530,Total Suspended Solids,1,embarrass.xlsx
USGS-03344000,1984-03-13,6.0,mg/l,00530,Total Suspended Solids,1,embarrass.xlsx
USGS-03344000,1984-04-18,24.0,mg/l,00530,Total Suspended Solids,1,embarrass.xlsx
USGS-03344000,1984-05-09,101.0,mg/l,00530,Total Suspended Solids,1,embarrass.xlsx
USGS-03344000,1984-06-18,58.0,mg/l,00530,Total Suspended Solids,1,embarrass.xlsx
USGS-03344000,1984-07-12,43.0,mg/l,00530,Total Suspended Solids,1,embarrass.xlsx
USGS-03344000,1984-08-13,89.0,mg/l,00530,Total Suspended Solids,1,embarrass.xlsx
USGS-03344000,1984-09-13,24.0,mg/l,00530,Total Suspended Solids,1,embarrass.xlsx
USGS-03344000,1984-11-01,93.0,mg/l,00530,Total Suspended Solids,1,embarrass.xlsx
USGS-03344000,1984-12-05,18.0,mg/l,00530,Total Suspended Solids,1,embarrass.xlsx
USGS-03344000,1985-02-06,2.0,mg/l,00530,Total Suspended Solids,1,embarrass.xlsx
USGS-03344000,1985-03-06,208.0,mg/l,00530,Total Suspended Solids,1,embarrass.xlsx
USGS-03344000,1985-04-08,130.0,mg/l,00530,Total Suspended Solids,1,embarrass.xlsx
USGS-03344000,1985-05-20,73.0,mg/l,00530,Total Suspended Solids,1,embarrass.xlsx
USGS-03344000,1985-06-24,62.0,mg/l,00530,Total Suspended Solids,1,embarrass.xlsx
USGS-03344000,1985-07-30,26.0,mg/l,00530,Total Suspended Solids,1,embarrass.xlsx
USGS-03344000,1985-09-09,36.0,mg/l,00530,Total Suspended Solids,1,embarrass.xlsx
USGS-03344000,1985-10-28,6.0,mg/l,00530,Total Suspended Solids,1,embarrass.xlsx
USGS-03344000,1985-12-03,276.0,mg/l,00530,Total Suspended Solids,1,embarrass.xlsx
USGS-03344000,1986-01-14,23.0,mg/l,00530,Total Suspended Solids,1,embarrass.xlsx
USGS-03344000,1986-02-11,127.0,mg/l,00530,Total Suspended Solids,1,embarrass.xlsx
USGS-03344000,1986-03-20,213.0,mg/l,00530,Total Suspended Solids,1,embarrass.xlsx
USGS-03344000,1986-04-28,24.0,mg/l,00530,Total Suspended Solids,1,embarrass.xlsx
USGS-03344000,1986-06-10,666.0,mg/l,00530,Total Suspended Solids,1,embarrass.xlsx
USGS-03344000,1986-07-09,29.0,mg/l,00530,Total Suspended Solids,1,embarrass.xlsx
USGS-03344000,1986-08-27,19.0,mg/l,00530,Total Suspended Solids,1,embarrass.xlsx
USGS-03344000,1986-10-01,47.0,mg/l,00530,Total Suspended Solids,1,embarrass.xlsx
USGS-03344000,1986-11-12,5.0,mg/l,00530,Total Suspended Solids,1,embarrass.xlsx
USGS-03344000,1987-01-05,2.0,mg/l,00530,Total Suspended Solids,1,embarrass.xlsx
USGS-03344000,1987-02-04,110.0,mg/l,00530,Total Suspended Solids,1,embarrass.xlsx
USGS-03344000,1987-03-18,18.0,mg/l,00530,Total Suspended Solids,1,embarrass.xlsx
USGS-03344000,1987-04-27,31.0,mg/l,00530,Total Suspended Solids,1,embarrass.xlsx
USGS-03344000,1987-05-26,26.0,mg/l,00530,Total Suspended Solids,1,embarrass.xlsx
USGS-03344000,1987-07-20,20.0,mg/l,00530,Total Suspended Solids,1,embarrass.xlsx
USGS-03344000,1987-08-20,34.0,mg/l,00530,Total Suspended Solids,1,embarrass.xlsx
USGS-03344000,1987-10-15,2.0,mg/l,00530,Total Suspended Solids,1,embarrass.xlsx
USGS-03344000,1987-12-01,12.0,mg/l,00530,Total Suspended Solids,1,embarrass.xlsx
USGS-03344000,1988-01-04,34.0,mg/l,00530,Total Suspended Solids,1,embarrass.xlsx
USGS-03344000,1988-02-16,2.0,mg/l,00530,Total Suspended Solids,1,embarrass.xlsx
USGS-03344000,1988-03-17,10.0,mg/l,00530,Total Suspended Solids,1,embarrass.xlsx
USGS-03344000,1988-05-04,6.0,mg/l,00530,Total Suspended Solids,1,embarrass.xlsx
USGS-03344000,1988-06-14,27.0,mg/l,00530,Total Suspended Solids,1,embarrass.xlsx
USGS-03344000,1988-07-19,18.0,mg/l,00530,Total Suspended Solids,1,embarrass.xlsx
USGS-03344000,1988-08-24,8.0,mg/l,00530,Total Suspended Solids,1,embarrass.xlsx
USGS-03344000,1988-10-27,1.0,mg/l,00530,Total Suspended Solids,1,embarrass.xlsx
USGS-03344000,1988-12-06,7.0,mg/l,00530,Total Suspended Solids,1,embarrass.xlsx
USGS-03344000,1989-01-09,142.0,mg/l,00530,Total Suspended Solids,1,embarrass.xlsx
USGS-03344000,1989-02-09,2.0,mg/l,00530,Total Suspended Solids,1,embarrass.xlsx
USGS-03344000,1989-03-21,317.0,mg/l,00530,Total Suspended Solids,1,embarrass.xlsx
USGS-03344000,1989-05-01,148.0,mg/l,00530,Total Suspended Solids,1,embarrass.xlsx
USGS-03344000,1989-06-01,95.0,mg/l,00530,Total Suspended Solids,1,embarrass.xlsx
USGS-03344000,1989-07-19,46.0,mg/l,00530,Total Suspended Solids,1,embarrass.xlsx
USGS-03344000,1989-08-23,86.0,mg/l,00530,Total Suspended Solids,1,embarrass.xlsx
USGS-03344000,1989-10-26,10.0,mg/l,00530,Total Suspended Solids,1,embarrass.xlsx
USGS-03344000,1989-11-21,16.0,mg/l,00530,Total Suspended Solids,1,embarrass.xlsx
USGS-03344000,1990-01-08,6.0,mg/l,00530,Total Suspended Solids,1,embarrass.xlsx
USGS-03344000,1990-02-06,42.0,mg/l,00530,Total Suspended Solids,1,embarrass.xlsx
USGS-03344000,1990-03-12,202.0,mg/l,00530,Total Suspended Solids,1,embarrass.xlsx
USGS-03344000,1990-04-26,34.0,mg/l,00530,Total Suspended Solids,1,embarrass.xlsx
USGS-03344000,1990-05-31,39.0,mg/l,00530,Total Suspended Solids,1,embarrass.xlsx
USGS-03344000,1990-07-03,112.0,mg/l,00530,Total Suspended Solids,1,embarrass.xlsx
USGS-03344000,1990-09-10,79.0,mg/l,00530,Total Suspended Solids,1,embarrass.xlsx
USGS-03344000,1990-10-17,55.0,mg/l,00530,Total Suspended Solids,1,embarrass.xlsx
USGS-03344000,1990-11-19,16.0,mg/l,00530,Total Suspended Solids,1,embarrass.xlsx
USGS-03344000,1990-12-19,55.0,mg/l,00530,Total Suspended Solids,1,embarrass.xlsx
USGS-03344000,1991-01-30,6.0,mg/l,00530,Total Suspended Solids,1,embarrass.xlsx
USGS-03344000,1991-03-13,241.0,mg/l,00530,Total Suspended Solids,1,embarrass.xlsx
USGS-03344000,1991-05-06,54.0,mg/l,00530,Total Suspended Solids,1,embarrass.xlsx
USGS-03344000,1991-06-03,40.0,mg/l,00530,Total Suspended Solids,1,embarrass.xlsx
USGS-03344000,1991-08-08,124.0,mg/l,00530,Total Suspended Solids,1,embarrass.xlsx
USGS-03344000,1991-09-25,23.0,mg/l,00530,Total Suspended Solids,1,embarrass.xlsx
USGS-03344000,1991-11-12,7.0,mg/l,00530,Total Suspended Solids,1,embarrass.xlsx
USGS-03344000,1991-12-18,12.0,mg/l,00530,Total Suspended Solids,1,embarrass.xlsx
USGS-03344000,1992-01-08,6.0,mg/l,00530,Total Suspended Solids,1,embarrass.xlsx
USGS-03344000,1992-03-11,54.0,mg/l,00530,Total Suspended Solids,1,embarrass.xlsx
USGS-03344000,1992-04-23,116.0,mg/l,00530,Total Suspended Solids,1,embarrass.xlsx
USGS-03344000,1992-05-21,42.0,mg/l,00530,Total Suspended Solids,1,embarrass.xlsx
USGS-03344000,1992-07-07,244.0,mg/l,00530,Total Suspended Solids,1,embarrass.xlsx
USGS-03344000,1992-08-13,72.0,mg/l,00530,Total Suspended Solids,1,embarrass.xlsx
USGS-03344000,1992-09-03,42.0,mg/l,00530,Total Suspended Solids,1,embarrass.xlsx
USGS-03344000,1993-01-12,27.0,mg/l,00530,Total Suspended Solids,1,embarrass.xlsx
USGS-03344000,1993-02-23,54.0,mg/l,00530,Total Suspended Solids,1,embarrass.xlsx
USGS-03344000,1993-03-15,23.0,mg/l,00530,Total Suspended Solids,1,embarrass.xlsx
USGS-03344000,1993-05-12,70.0,mg/l,00530,Total Suspended Solids,1,embarrass.xlsx
USGS-03344000,1993-06-30,74.0,mg/l,00530,Total Suspended Solids,1,embarrass.xlsx
USGS-03344000,1993-08-03,8.0,mg/l,00530,Total Suspended Solids,1,embarrass.xlsx
USGS-03344000,1993-09-15,19.0,mg/l,00530,Total Suspended Solids,1,embarrass.xlsx
USGS-03344000,1993-10-06,3.0,mg/l,00530,Total Suspended Solids,1,embarrass.xlsx
USGS-03344000,1994-02-16,9.0,mg/l,00530,Total Suspended Solids,1,embarrass.xlsx
USGS-03344000,1994-03-28,14.0,mg/l,00530,Total Suspended Solids,1,embarrass.xlsx
USGS-03344000,1994-05-18,43.0,mg/l,00530,Total Suspended Solids,1,embarrass.xlsx
USGS-03344000,1994-06-29,85.0,mg/l,00530,Total Suspended Solids,1,embarrass.xlsx
USGS-03344000,1994-08-09,92.0,mg/l,00530,Total Suspended Solids,1,embarrass.xlsx
USGS-03344000,1994-09-21,13.0,mg/l,00530,Total Suspended Solids,1,embarrass.xlsx
USGS-03344000,1994-11-14,31.0,mg/l,00530,Total Suspended Solids,1,embarrass.xlsx
USGS-03344000,1994-12-20,18.0,mg/l,00530,Total Suspended Solids,1,embarrass.xlsx
USGS-03344000,1995-01-09,4.0,mg/l,00530,Total Suspended Solids,1,embarrass.xlsx
USGS-03344000,1995-03-14,92.0,mg/l,00530,Total Suspended Solids,1,embarrass.xlsx
USGS-03344000,1995-04-03,21.0,mg/l,00530,Total Suspended Solids,1,embarrass.xlsx
USGS-03344000,1995-05-16,34.0,mg/l,00530,Total Suspended Solids,1,embarrass.xlsx
USGS-03344000,1995-06-26,84.0,mg/l,00530,Total Suspended Solids,1,embarrass.xlsx
USGS-03344000,1995-08-14,84.0,mg/l,00530,Total Suspended Solids,1,embarrass.xlsx
USGS-03344000,1995-09-28,12.0,mg/l,00530,Total Suspended Solids,1,embarrass.xlsx
USGS-03344000,1995-10-26,2.0,mg/l,00530,Total Suspended Solids,1,embarrass.xlsx
USGS-03344000,1995-12-18,3.0,mg/l,00530,Total Suspended Solids,1,embarrass.xlsx
USGS-03344000,1996-02-01,6.0,mg/l,00530,Total Suspended Solids,1,embarrass.xlsx
USGS-03344000,1996-03-11,9.0,mg/l,00530,Total Suspended Solids,1,embarrass.xlsx
USGS-03344000,1996-04-15,6.0,mg/l,00530,Total Suspended Solids,1,embarrass.xlsx
USGS-03344000,1996-05-07,232.0,mg/l,00530,Total Suspended Solids,1,embarrass.xlsx
USGS-03344000,1996-07-01,41.0,mg/l,00530,Total Suspended Solids,1,embarrass.xlsx
USGS-03344000,1996-08-05,58.0,mg/l,00530,Total Suspended Solids,1,embarrass.xlsx
USGS-03344000,1996-09-10,130.0,mg/l,00530,Total Suspended Solids,1,embarrass.xlsx
USGS-03344000,1996-10-07,20.0,mg/l,00530,Total Suspended Solids,1,embarrass.xlsx
USGS-03344000,1996-12-10,23.0,mg/l,00530,Total Suspended Solids,1,embarrass.xlsx
USGS-03344000,1997-01-23,282.0,mg/l,00530,Total Suspended Solids,1,embarrass.xlsx
USGS-03344000,1997-03-10,202.0,mg/l,00530,Total Suspended Solids,1,embarrass.xlsx
USGS-03344000,1997-04-14,8.0,mg/l,00530,Total Suspended Solids,1,embarrass.xlsx
USGS-03345500,1978-06-12,110.0,mg/l,00530,Total Suspended Solids,1,embarrass.xlsx
USGS-03345500,1978-07-25,100.0,mg/l,00530,Total Suspended Solids,1,embarrass.xlsx
USGS-03345500,1978-09-05,115.0,mg/l,00530,Total Suspended Solids,1,embarrass.xlsx
USGS-03345500,1978-09-25,38.0,mg/l,00530,Total Suspended Solids,1,embarrass.xlsx
USGS-03345500,1978-11-01,24.0,mg/l,00530,Total Suspended Solids,1,embarrass.xlsx
USGS-03345500,1978-12-04,290.0,mg/l,00530,Total Suspended Solids,1,embarrass.xlsx
USGS-03345500,1979-01-16,21.0,mg/l,00530,Total Suspended Solids,1,embarrass.xlsx
USGS-03345500,1979-02-28,241.0,mg/l,00530,Total Suspended Solids,1,embarrass.xlsx
USGS-03345500,1979-03-27,220.0,mg/l,00530,Total Suspended Solids,1,embarrass.xlsx
USGS-03345500,1979-04-18,252.0,mg/l,00530,Total Suspended Solids,1,embarrass.xlsx
USGS-03345500,1979-05-23,80.0,mg/l,00530,Total Suspended Solids,1,embarrass.xlsx
USGS-03345500,1979-07-18,276.0,mg/l,00530,Total Suspended Solids,2,embarrass.xlsx
USGS-03345500,1979-09-05,91.0,mg/l,00530,Total Suspended Solids,1,embarrass.xlsx
USGS-03345500,1979-10-02,49.0,mg/l,00530,Total Suspended Solids,1,embarrass.xlsx
USGS-03345500,1979-12-04,16.0,mg/l,00530,Total Suspended Solids,1,embarrass.xlsx
USGS-03345500,1979-12-19,7.0,mg/l,00530,Total Suspended Solids,1,embarrass.xlsx
USGS-03345500,1980-02-04,9.0,mg/l,00530,Total Suspended Solids,1,embarrass.xlsx
USGS-03345500,1980-03-03,60.0,mg/l,00530,Total Suspended Solids,1,embarrass.xlsx
USGS-03345500,1980-04-02,340.0,mg/l,00530,Total Suspended Solids,1,embarrass.xlsx
USGS-03345500,1980-05-14,65.0,mg/l,00530,Total Suspended Solids,2,embarrass.xlsx
USGS-03345500,1980-06-11,140.0,mg/l,00530,Total Suspended Solids,1,embarrass.xlsx
USGS-03345500,1980-07-16,70.0,mg/l,00530,Total Suspended Solids,1,embarrass.xlsx
USGS-03345500,1980-08-07,70.0,mg/l,00530,Total Suspended Solids,1,embarrass.xlsx
USGS-03345500,1980-09-03,220.0,mg/l,00530,Total Suspended Solids,2,embarrass.xlsx
USGS-03345500,1980-09-23,71.0,mg/l,00530,Total Suspended Solids,2,embarrass.xlsx
USGS-03345500,1980-10-23,40.0,mg/l,00530,Total Suspended Solids,1,embarrass.xlsx
USGS-03345500,1980-12-08,35.0,mg/l,00530,Total Suspended Solids,1,embarrass.xlsx
USGS-03345500,1981-01-21,3.0,mg/l,00530,Total Suspended Solids,1,embarrass.xlsx
USGS-03345500,1981-03-09,95.0,mg/l,00530,Total Suspended Solids,1,embarrass.xlsx
USGS-03345500,1981-04-13,343.0,mg/l,00530,Total Suspended Solids,1,embarrass.xlsx
USGS-03345500,1981-04-27,310.0,mg/l,00530,Total Suspended Solids,1,embarrass.xlsx
USGS-03345500,1981-06-09,185.0,mg/l,00530,Total Suspended Solids,1,embarrass.xlsx
USGS-03345500,1981-07-06,380.0,mg/l,00530,Total Suspended Solids,1,embarrass.xlsx
USGS-03345500,1981-08-11,830.0,mg/l,00530,Total Suspended Solids,1,embarrass.xlsx
USGS-03345500,1981-09-02,290.0,mg/l,00530,Total Suspended Solids,1,embarrass.xlsx
USGS-03345500,1981-09-23,60.0,mg/l,00530,Total Suspended Solids,1,embarrass.xlsx
USGS-03345500,1981-10-13,35.0,mg/l,00530,Total Suspended Solids,1,embarrass.xlsx
USGS-03345500,1981-12-01,115.0,mg/l,00530,Total Suspended Solids,1,embarrass.xlsx
USGS-03345500,1982-01-25,100.0,mg/l,00530,Total Suspended Solids,1,embarrass.xlsx
USGS-03345500,1982-03-09,135.0,mg/l,00530,Total Suspended Solids,1,embarrass.xlsx
USGS-03345500,1982-04-07,160.0,mg/l,00530,Total Suspended Solids,1,embarrass.xlsx
USGS-03345500,1982-05-05,15.0,mg/l,00530,Total Suspended Solids,1,embarrass.xlsx
USGS-03345500,1982-06-29,120.0,mg/l,00530,Total Suspended Solids,1,embarrass.xlsx
USGS-03345500,1982-09-07,85.0,mg/l,00530,Total Suspended Solids,1,embarrass.xlsx
USGS-03345500,1982-10-13,140.0,mg/l,00530,Total Suspended Solids,1,embarrass.xlsx
USGS-03345500,1982-12-20,36.0,mg/l,00530,Total Suspended Solids,1,embarrass.xlsx
USGS-03345500,1983-01-26,19.0,mg/l,00530,Total Suspended Solids,1,embarrass.xlsx
USGS-03345500,1983-02-16,25.0,mg/l,00530,Total Suspended Solids,1,embarrass.xlsx
USGS-03345500,1983-04-06,184.0,mg/l,00530,Total Suspended Solids,1,embarrass.xlsx
USGS-03345500,1983-05-25,25.0,mg/l,00530,Total Suspended Solids,1,embarrass.xlsx
USGS-03345500,1983-06-20,152.0,mg/l,00530,Total Suspended Solids,1,embarrass.xlsx
USGS-03345500,1983-07-25,61.0,mg/l,00530,Total Suspended Solids,1,embarrass.xlsx
USGS-03345500,1983-09-06,32.0,mg/l,00530,Total Suspended Solids,1,embarrass.xlsx
USGS-03345500,1983-10-11,9.0,mg/l,00530,Total Suspended Solids,1,embarrass.xlsx
USGS-03345500,1983-11-14,40.0,mg/l,00530,Total Suspended Solids,1,embarrass.xlsx
USGS-03345500,1984-01-03,18.0,mg/l,00530,Total Suspended Solids,1,embarrass.xlsx
USGS-03345500,1984-03-06,432.0,mg/l,00530,Total Suspended Solids,1,embarrass.xlsx
USGS-03345500,1984-04-04,590.0,mg/l,00530,Total Suspended Solids,1,embarrass.xlsx
USGS-03345500,1984-05-29,720.0,mg/l,00530,Total Suspended Solids,1,embarrass.xlsx
USGS-03345500,1984-06-11,85.0,mg/l,00530,Total Suspended Solids,1,embarrass.xlsx
USGS-03345500,1984-07-25,63.0,mg/l,00530,Total Suspended Solids,1,embarrass.xlsx
USGS-03345500,1984-09-12,35.0,mg/l,00530,Total Suspended Solids,1,embarrass.xlsx
USGS-03345500,1984-11-07,28.0,mg/l,00530,Total Suspended Solids,1,embarrass.xlsx
USGS-03345500,1984-12-17,132.0,mg/l,00530,Total Suspended Solids,1,embarrass.xlsx
USGS-03345500,1985-01-16,23.0,mg/l,00530,Total Suspended Solids,1,embarrass.xlsx
USGS-03345500,1985-02-25,428.0,mg/l,00530,Total Suspended Solids,1,embarrass.xlsx
USGS-03345500,1985-04-17,75.0,mg/l,00530,Total Suspended Solids,1,embarrass.xlsx
USGS-03345500,1985-05-28,54.0,mg/l,00530,Total Suspended Solids,1,embarrass.xlsx
USGS-03345500,1985-06-24,310.0,mg/l,00530,Total Suspended Solids,1,embarrass.xlsx
USGS-03345500,1985-07-22,67.0,mg/l,00530,Total Suspended Solids,1,embarrass.xlsx
USGS-03345500,1985-09-25,18.0,mg/l,00530,Total Suspended Solids,1,embarrass.xlsx
USGS-03345500,1985-10-29,14.0,mg/l,00530,Total Suspended Solids,1,embarrass.xlsx
USGS-03345500,1985-11-20,178.0,mg/l,00530,Total Suspended Solids,1,embarrass.xlsx
USGS-03345500,1986-01-09,11.0,mg/l,00530,Total Suspended Solids,1,embarrass.xlsx
USGS-03345500,1986-02-10,253.0,mg/l,00530,Total Suspended Solids,1,embarrass.xlsx
USGS-03345500,1986-04-10,24.0,mg/l,00530,Total Suspended Solids,1,embarrass.xlsx
USGS-03345500,1986-05-28,147.0,mg/l,00530,Total Suspended Solids,1,embarrass.xlsx
USGS-03345500,1986-06-25,115.0,mg/l,00530,Total Suspended Solids,1,embarrass.xlsx
USGS-03345500,1986-07-23,132.0,mg/l,00530,Total Suspended Solids,1,embarrass.xlsx
USGS-03345500,1986-08-26,25.0,mg/l,00530,Total Suspended Solids,1,embarrass.xlsx
USGS-03345500,1986-10-28,113.0,mg/l,00530,Total Suspended Solids,1,embarrass.xlsx
USGS-03345500,1986-11-17,54.5,%,80154,Suspended Sediment Concentration,2,embarrass.xlsx
USGS-03345500,1986-11-17,11.0,tons/day,80155,Suspended Sediment Discharge,1,embarrass.xlsx
USGS-03345500,1986-12-08,69.0,mg/l,00530,Total Suspended Solids,1,embarrass.xlsx
USGS-03345500,1987-01-05,44.0,%,80154,Suspended Sediment Concentration,2,embarrass.xlsx
USGS-03345500,1987-01-05,23.0,tons/day,80155,Suspended Sediment Discharge,1,embarrass.xlsx
USGS-03345500,1987-01-22,45.0,mg/l,00530,Total Suspended Solids,1,embarrass.xlsx
USGS-03345500,1987-02-18,27.0,mg/l,00530,Total Suspended Solids,1,embarrass.xlsx
USGS-03345500,1987-02-23,79.5,%,80154,Suspended Sediment Concentration,2,embarrass.xlsx
USGS-03345500,1987-02-23,140.0,tons/day,80155,Suspended Sediment Discharge,1,embarrass.xlsx
USGS-03345500,1987-04-14,344.5,%,80154,Suspended Sediment Concentration,2,embarrass.xlsx
USGS-03345500,1987-04-14,2510.0,tons/day,80155,Suspended Sediment Discharge,1,embarrass.xlsx
USGS-03345500,1987-04-16,460.0,mg/l,00530,Total Suspended Solids,1,embarrass.xlsx
USGS-03345500,1987-05-27,66.0,mg/l,00530,Total Suspended Solids,1,embarrass.xlsx
USGS-03345500,1987-07-14,89.0,mg/l,00530,Total Suspended Solids,2,embarrass.xlsx
USGS-03345500,1987-07-14,174.5,%,80154,Suspended Sediment Concentration,2,embarrass.xlsx
USGS-03345500,1987-07-14,862.0,tons/day,80155,Suspended Sediment Discharge,1,embarrass.xlsx
USGS-03345500,1987-08-26,34.0,mg/l,00530,Total Suspended Solids,1,embarrass.xlsx
USGS-03345500,1987-09-23,2.0,mg/l,00530,Total Suspended Solids,1,embarrass.xlsx
USGS-03345500,1987-10-05,1.0,mg/l,00530,Total Suspended Solids,1,embarrass.xlsx
USGS-03345500,1987-11-17,3.5,mg/l,00530,Total Suspended Solids,2,embarrass.xlsx
USGS-03345500,1987-11-17,59.5,%,80154,Suspended Sediment Concentration,2,embarrass.xlsx
USGS-03345500,1987-11-17,2.4,tons/day,80155,Suspended Sediment Discharge,1,embarrass.xlsx
USGS-03345500,1988-01-05,81.0,%,80154,Suspended Sediment Concentration,2,embarrass.xlsx
USGS-03345500,1988-01-05,356.0,tons/day,80155,Suspended Sediment Discharge,1,embarrass.xlsx
USGS-03345500,1988-02-24,101.0,mg/l,00530,Total Suspended Solids,1,embarrass.xlsx
USGS-03345500,1988-02-24,166.5,%,80154,Suspended Sediment Concentration,2,embarrass.xlsx
USGS-03345500,1988-02-24,1900.0,tons/day,80155,Suspended Sediment Discharge,1,embarrass.xlsx
USGS-03345500,1988-04-13,59.0,mg/l,00530,Total Suspended Solids,1,embarrass.xlsx
USGS-03345500,1988-04-13,105.5,%,80154,Suspended Sediment Concentration,2,embarrass.xlsx
USGS-03345500,1988-04-13,491.0,tons/day,80155,Suspended Sediment Discharge,1,embarrass.xlsx
USGS-03345500,1988-05-25,37.0,mg/l,00530,Total Suspended Solids,2,embarrass.xlsx
USGS-03345500,1988-07-12,32.0,mg/l,00530,Total Suspended Solids,1,embarrass.xlsx
USGS-03345500,1988-07-12,57.5,%,80154,Suspended Sediment Concentration,2,embarrass.xlsx
USGS-03345500,1988-07-12,5.4,tons/day,80155,Suspended Sediment Discharge,1,embarrass.xlsx
USGS-03345500,1988-08-24,51.0,mg/l,00530,Total Suspended Solids,1,embarrass.xlsx
USGS-03345500,1988-08-24,74.5,%,80154,Suspended Sediment Concentration,2,embarrass.xlsx
USGS-03345500,1988-08-24,4.4,tons/day,80155,Suspended Sediment Discharge,1,embarrass.xlsx
USGS-03345500,1988-10-24,14.0,mg/l,00530,Total Suspended Solids,2,embarrass.xlsx
USGS-03345500,1988-11-17,141.0,mg/l,00530,Total Suspended Solids,1,embarrass.xlsx
USGS-03345500,1988-11-17,388.5,%,80154,Suspended Sediment Concentration,2,embarrass.xlsx
USGS-03345500,1988-11-17,1560.0,tons/day,80155,Suspended Sediment Discharge,1,embarrass.xlsx
USGS-03345500,1989-01-10,216.0,mg/l,00530,Total Suspended Solids,1,embarrass.xlsx
USGS-03345500,1989-01-10,236.5,%,80154,Suspended Sediment Concentration,2,embarrass.xlsx
USGS-03345500,1989-01-10,2160.0,tons/day,80155,Suspended Sediment Discharge,1,embarrass.xlsx
USGS-03345500,1989-02-24,62.0,mg/l,00530,Total Suspended Solids,1,embarrass.xlsx
USGS-03345500,1989-02-24,217.0,%,80154,Suspended Sediment Concentration,2,embarrass.xlsx
USGS-03345500,1989-02-24,1020.0,tons/day,80155,Suspended Sediment Discharge,1,embarrass.xlsx
USGS-03345500,1989-04-13,76.0,mg/l,00530,Total Suspended Solids,1,embarrass.xlsx
USGS-03345500,1989-05-17,60.0,mg/l,00530,Total Suspended Solids,2,embarrass.xlsx
USGS-03345500,1989-07-12,147.0,mg/l,00530,Total Suspended Solids,1,embarrass.xlsx
USGS-03345500,1989-07-12,107.5,%,80154,Suspended Sediment Concentration,2,embarrass.xlsx
USGS-03345500,1989-07-12,114.0,tons/day,80155,Suspended Sediment Discharge,1,embarrass.xlsx
USGS-03345500,1989-08-30,615.0,mg/l,00530,Total Suspended Solids,1,embarrass.xlsx
USGS-03345500,1989-08-30,396.0,%,80154,Suspended Sediment Concentration,2,embarrass.xlsx
USGS-03345500,1989-08-30,2770.0,tons/day,80155,Suspended Sediment Discharge,1,embarrass.xlsx
USGS-03345500,1989-10-18,25.0,mg/l,00530,Total Suspended Solids,2,embarrass.xlsx
USGS-03345500,1989-11-28,9.0,mg/l,00530,Total Suspended Solids,1,embarrass.xlsx
USGS-03345500,1989-11-28,162.0,%,80154,Suspended Sediment Concentration,2,embarrass.xlsx
USGS-03345500,1989-11-28,138.0,tons/day,80155,Suspended Sediment Discharge,1,embarrass.xlsx
USGS-03345500,1990-01-10,10.0,mg/l,00530,Total Suspended Solids,1,embarrass.xlsx
USGS-03345500,1990-01-10,48.5,%,80154,Suspended Sediment Concentration,2,embarrass.xlsx
USGS-03345500,1990-01-10,17.0,tons/day,80155,Suspended Sediment Discharge,1,embarrass.xlsx
USGS-03345500,1990-02-13,88.5,mg/l,00530,Total Suspended Solids,2,embarrass.xlsx
USGS-03345500,1990-02-13,106.5,%,80154,Suspended Sediment Concentration,2,embarrass.xlsx
USGS-03345500,1990-02-13,459.0,tons/day,80155,Suspended Sediment Discharge,1,embarrass.xlsx
USGS-03345500,1990-04-18,129.0,mg/l,00530,Total Suspended Solids,1,embarrass.xlsx
USGS-03345500,1990-04-18,92.5,mg/l,80154,Suspended Sediment Concentration,2,embarrass.xlsx
USGS-03345500,1990-04-18,451.0,tons/day,80155,Suspended Sediment Discharge,1,embarrass.xlsx
USGS-03345500,1990-05-23,231.0,mg/l,00530,Total Suspended Solids,1,embarrass.xlsx
USGS-03345500,1990-07-11,19.0,mg/l,00530,Total Suspended Solids,1,embarrass.xlsx
USGS-03345500,1990-07-11,91.0,%,80154,Suspended Sediment Concentration,2,embarrass.xlsx
USGS-03345500,1990-07-11,114.0,tons/day,80155,Suspended Sediment Discharge,1,embarrass.xlsx
USGS-03345500,1990-08-22,268.0,mg/l,00530,Total Suspended Solids,1,embarrass.xlsx
USGS-03345500,1990-08-22,291.0,%,80154,Suspended Sediment Concentration,2,embarrass.xlsx
USGS-03345500,1990-08-22,1180.0,tons/day,80155,Suspended Sediment Discharge,1,embarrass.xlsx
USGS-03345500,1990-09-26,50.0,mg/l,00530,Total Suspended Solids,1,embarrass.xlsx
USGS-03345500,1990-11-14,14.5,mg/l,00530,Total Suspended Solids,2,embarrass.xlsx
USGS-03345500,1990-11-14,43.5,mg/l,80154,Suspended Sediment Concentration,2,embarrass.xlsx
USGS-03345500,1990-11-14,30.0,tons/day,80155,Suspended Sediment Discharge,1,embarrass.xlsx
USGS-03345500,1991-01-09,139.0,mg/l,00530,Total Suspended Solids,1,embarrass.xlsx
USGS-03345500,1991-01-09,131.0,%,80154,Suspended Sediment Concentration,2,embarrass.xlsx
USGS-03345500,1991-01-09,1030.0,tons/day,80155,Suspended Sediment Discharge,1,embarrass.xlsx
USGS-03345500,1991-02-13,155.0,mg/l,00530,Total Suspended Solids,1,embarrass.xlsx
USGS-03345500,1991-02-13,92.5,%,80154,Suspended Sediment Concentration,2,embarrass.xlsx
USGS-03345500,1991-02-13,722.0,tons/day,80155,Suspended Sediment Discharge,1,embarrass.xlsx
USGS-03345500,1991-04-10,53.5,mg/l,00530,Total Suspended Solids,2,embarrass.xlsx
USGS-03345500,1991-04-10,66.5,%,80154,Suspended Sediment Concentration,2,embarrass.xlsx
USGS-03345500,1991-04-10,156.0,tons/day,80155,Suspended Sediment Discharge,1,embarrass.xlsx
USGS-03345500,1991-06-05,48.0,mg/l,00530,Total Suspended Solids,1,embarrass.xlsx
USGS-03345500,1991-07-17,114.0,mg/l,00530,Total Suspended Solids,1,embarrass.xlsx
USGS-03345500,1991-07-17,105.5,%,80154,Suspended Sediment Concentration,2,embarrass.xlsx
USGS-03345500,1991-07-17,80.0,tons/day,80155,Suspended Sediment Discharge,1,embarrass.xlsx
USGS-03345500,1991-08-21,75.0,mg/l,00530,Total Suspended Solids,1,embarrass.xlsx
USGS-03345500,1991-08-21,57.0,%,80154,Suspended Sediment Concentration,2,embarrass.xlsx
USGS-03345500,1991-08-21,3.7,tons/day,80155,Suspended Sediment Discharge,1,embarrass.xlsx
USGS-03345500,1991-10-17,5.0,mg/l,00530,Total Suspended Solids,1,embarrass.xlsx
USGS-03345500,1991-11-18,78.0,mg/l,00530,Total Suspended Solids,1,embarrass.xlsx
USGS-03345500,1991-11-18,67.5,%,80154,Suspended Sediment Concentration,2,embarrass.xlsx
USGS-03345500,1992-01-08,7.0,mg/l,00530,Total Suspended Solids,1,embarrass.xlsx
USGS-03345500,1992-01-08,79.0,%,80154,Suspended Sediment Concentration,2,embarrass.xlsx
USGS-03345500,1992-02-19,588.0,mg/l,00530,Total Suspended Solids,1,embarrass.xlsx
USGS-03345500,1992-02-19,327.5,%,80154,Suspended Sediment Concentration,2,embarrass.xlsx
USGS-03345500,1992-04-15,53.0,mg/l,00530,Total Suspended Solids,1,embarrass.xlsx
USGS-03345500,1992-04-15,54.0,%,80154,Suspended Sediment Concentration,2,embarrass.xlsx
USGS-03345500,1992-06-11,164.0,mg/l,00530,Total Suspended Solids,1,embarrass.xlsx
USGS-03345500,1992-07-15,184.0,mg/l,00530,Total Suspended Solids,1,embarrass.xlsx
USGS-03345500,1992-07-15,159.5,%,80154,Suspended Sediment Concentration,2,embarrass.xlsx
USGS-03345500,1992-07-15,467.0,tons/day,80155,Suspended Sediment Discharge,1,embarrass.xlsx
USGS-03345500,1992-08-19,38.0,mg/l,00530,Total Suspended Solids,1,embarrass.xlsx
USGS-03345500,1992-08-19,64.0,%,80154,Suspended Sediment Concentration,2,embarrass.xlsx
USGS-03345500,1992-10-08,45.5,%,80154,Suspended Sediment Concentration,2,embarrass.xlsx
USGS-03345500,1993-01-21,457.5,%,80154,Suspended Sediment Concentration,2,embarrass.xlsx
USGS-03345500,1993-01-21,12100.0,tons/day,80155,Suspended Sediment Discharge,1,embarrass.xlsx
USGS-03345500,1993-03-16,94.0,mg/l,00530,Total Suspended Solids,1,embarrass.xlsx
USGS-03345500,1993-03-17,141.0,%,80154,Suspended Sediment Concentration,2,embarrass.xlsx
USGS-03345500,1993-03-17,1320.0,tons/day,80155,Suspended Sediment Discharge,1,embarrass.xlsx
USGS-03345500,1993-04-14,139.0,%,80154,Suspended Sediment Concentration,2,embarrass.xlsx
USGS-03345500,1993-05-13,112.0,mg/l,00530,Total Suspended Solids,1,embarrass.xlsx
USGS-03345500,1993-07-01,254.0,mg/l,00530,Total Suspended Solids,1,embarrass.xlsx
USGS-03345500,1993-07-14,151.0,%,80154,Suspended Sediment Concentration,2,embarrass.xlsx
USGS-03345500,1993-08-04,101.0,mg/l,00530,Total Suspended Solids,1,embarrass.xlsx
USGS-03345500,1993-09-07,315.0,mg/l,80154,Suspended Sediment Concentration,1,embarrass.xlsx
USGS-03345500,1993-09-16,225.0,mg/l,00530,Total Suspended Solids,1,embarrass.xlsx
USGS-03345500,1993-10-07,19.0,mg/l,00530,Total Suspended Solids,1,embarrass.xlsx
USGS-03345500,1994-02-17,66.0,mg/l,00530,Total Suspended Solids,1,embarrass.xlsx
USGS-03345500,1994-03-29,33.0,mg/l,00530,Total Suspended Solids,1,embarrass.xlsx
USGS-03345500,1994-05-19,50.0,mg/l,00530,Total Suspended Solids,1,embarrass.xlsx
USGS-03345500,1994-06-30,12.0,mg/l,00530,Total Suspended Solids,1,embarrass.xlsx
USGS-03345500,1994-08-08,33.0,mg/l,00530,Total Suspended Solids,1,embarrass.xlsx
USGS-03345500,1994-09-20,28.0,mg/l,00530,Total Suspended Solids,1,embarrass.xlsx
USGS-03345500,1994-11-15,56.0,mg/l,00530,Total Suspended Solids,1,embarrass.xlsx
USGS-03345500,1994-12-21,31.0,mg/l,00530,Total Suspended Solids,1,embarrass.xlsx
USGS-03345500,1995-01-10,13.0,mg/l,00530,Total Suspended Solids,1,embarrass.xlsx
USGS-03345500,1995-03-15,246.0,mg/l,00530,Total Suspended Solids,1,embarrass.xlsx
USGS-03345500,1995-04-04,35.0,mg/l,00530,Total Suspended Solids,1,embarrass.xlsx
USGS-03345500,1995-05-17,318.0,mg/l,00530,Total Suspended Solids,1,embarrass.xlsx
USGS-03345500,1995-06-27,210.0,mg/l,00530,Total Suspended Solids,1,embarrass.xlsx
USGS-03345500,1995-08-15,162.0,mg/l,00530,Total Suspended Solids,1,embarrass.xlsx
USGS-03345500,1995-09-29,35.0,mg/l,00530,Total Suspended Solids,1,embarrass.xlsx
USGS-03345500,1995-10-27,6.0,mg/l,00530,Total Suspended Solids,1,embarrass.xlsx
USGS-03345500,1995-12-19,168.0,mg/l,00530,Total Suspended Solids,1,embarrass.xlsx
USGS-03345500,1996-01-31,67.0,mg/l,00530,Total Suspended Solids,1,embarrass.xlsx
USGS-03345500,1996-03-12,29.0,mg/l,00530,Total Suspended Solids,1,embarrass.xlsx
USGS-03345500,1996-04-16,80.0,mg/l,00530,Total Suspended Solids,1,embarrass.xlsx
USGS-03345500,1996-05-29,412.0,mg/l,00530,Total Suspended Solids,1,embarrass.xlsx
USGS-03345500,1996-07-02,10.0,mg/l,00530,Total Suspended Solids,1,embarrass.xlsx
USGS-03345500,1996-08-06,120.0,mg/l,00530,Total Suspended Solids,1,embarrass.xlsx
USGS-03345500,1996-09-10,112.0,mg/l,00530,Total Suspended Solids,1,embarrass.xlsx
USGS-03345500,1996-10-08,37.0,mg/l,00530,Total Suspended Solids,1,embarrass.xlsx
USGS-03345500,1996-12-09,25.0,mg/l,00530,Total Suspended Solids,1,embarrass.xlsx
USGS-03345500,1997-01-24,160.0,mg/l,00530,Total Suspended Solids,1,embarrass.xlsx
USGS-03345500,1997-03-11,298.0,mg/l,00530,Total Suspended Solids,1,embarrass.xlsx
USGS-03345500,1997-04-15,17.0,mg/l,00530,Total Suspended Solids,1,embarrass.xlsx
USGS-03346000,1978-07-25,300.0,mg/l,00530,Total Suspended Solids,1,embarrass.xlsx
USGS-03346000,1978-09-05,47.0,mg/l,00530,Total Suspended Solids,1,embarrass.xlsx
USGS-03346000,1978-09-25,28.0,mg/l,00530,Total Suspended Solids,1,embarrass.xlsx
USGS-03346000,1978-11-01,30.0,mg/l,00530,Total Suspended Solids,1,embarrass.xlsx
USGS-03346000,1978-12-04,660.0,mg/l,00530,Total Suspended Solids,1,embarrass.xlsx
USGS-03346000,1979-01-16,6.0,mg/l,00530,Total Suspended Solids,1,embarrass.xlsx
USGS-03346000,1979-02-28,74.0,mg/l,00530,Total Suspended Solids,1,embarrass.xlsx
USGS-03346000,1979-03-27,120.0,mg/l,00530,Total Suspended Solids,1,embarrass.xlsx
USGS-03346000,1979-04-18,52.0,mg/l,00530,Total Suspended Solids,1,embarrass.xlsx
USGS-03346000,1979-05-23,40.0,mg/l,00530,Total Suspended Solids,1,embarrass.xlsx
USGS-03346000,1979-07-18,187.0,mg/l,00530,Total Suspended Solids,2,embarrass.xlsx
USGS-03346000,1979-09-04,37.0,mg/l,00530,Total Suspended Solids,1,embarrass.xlsx
USGS-03346000,1979-10-02,27.0,mg/l,00530,Total Suspended Solids,1,embarrass.xlsx
USGS-03346000,1979-10-30,12.5,mg/l,00530,Total Suspended Solids,2,embarrass.xlsx
USGS-03346000,1979-12-04,23.0,mg/l,00530,Total Suspended Solids,1,embarrass.xlsx
USGS-03346000,1979-12-19,4.0,mg/l,00530,Total Suspended Solids,1,embarrass.xlsx
USGS-03346000,1980-02-04,10.0,mg/l,00530,Total Suspended Solids,1,embarrass.xlsx
USGS-03346000,1980-03-03,10.0,mg/l,00530,Total Suspended Solids,1,embarrass.xlsx
USGS-03346000,1980-04-02,220.0,mg/l,00530,Total Suspended Solids,1,embarrass.xlsx
USGS-03346000,1980-05-14,39.0,mg/l,00530,Total Suspended Solids,2,embarrass.xlsx
USGS-03346000,1980-06-11,110.0,mg/l,00530,Total Suspended Solids,1,embarrass.xlsx
USGS-03346000,1980-07-16,40.0,mg/l,00530,Total Suspended Solids,1,embarrass.xlsx
USGS-03346000,1980-08-07,70.0,mg/l,00530,Total Suspended Solids,1,embarrass.xlsx
USGS-03346000,1980-09-03,130.0,mg/l,00530,Total Suspended Solids,1,embarrass.xlsx
USGS-03346000,1980-09-23,43.0,mg/l,00530,Total Suspended Solids,1,embarrass.xlsx
USGS-03346000,1980-10-23,29.0,mg/l,00530,Total Suspended Solids,1,embarrass.xlsx
USGS-03346000,1980-11-06,8.0,mg/l,00530,Total Suspended Solids,1,embarrass.xlsx
USGS-03346000,1980-12-09,33.0,mg/l,00530,Total Suspended Solids,1,embarrass.xlsx
USGS-03346000,1981-01-21,1.0,mg/l,00530,Total Suspended Solids,1,embarrass.xlsx
USGS-03346000,1981-03-09,28.0,mg/l,00530,Total Suspended Solids,1,embarrass.xlsx
USGS-03346000,1981-04-13,72.0,mg/l,00530,Total Suspended Solids,1,embarrass.xlsx
USGS-03346000,1981-04-27,140.0,mg/l,00530,Total Suspended Solids,1,embarrass.xlsx
USGS-03346000,1981-06-09,135.0,mg/l,00530,Total Suspended Solids,1,embarrass.xlsx
USGS-03346000,1981-07-06,330.0,mg/l,00530,Total Suspended Solids,1,embarrass.xlsx
USGS-03346000,1981-08-11,865.0,mg/l,00530,Total Suspended Solids,1,embarrass.xlsx
USGS-03346000,1981-09-02,175.0,mg/l,00530,Total Suspended Solids,1,embarrass.xlsx
USGS-03346000,1981-09-23,35.0,mg/l,00530,Total Suspended Solids,1,embarrass.xlsx
USGS-03346000,1981-10-13,20.0,mg/l,00530,Total Suspended Solids,1,embarrass.xlsx
USGS-03346000,1981-12-01,36.0,mg/l,00530,Total Suspended Solids,1,embarrass.xlsx
USGS-03346000,1982-01-25,75.0,mg/l,00530,Total Suspended Solids,1,embarrass.xlsx
USGS-03346000,1982-03-09,60.0,mg/l,00530,Total Suspended Solids,1,embarrass.xlsx
USGS-03346000,1982-04-07,130.0,mg/l,00530,Total Suspended Solids,1,embarrass.xlsx
USGS-03346000,1982-05-05,10.0,mg/l,00530,Total Suspended Solids,1,embarrass.xlsx
USGS-03346000,1982-06-29,360.0,mg/l,00530,Total Suspended Solids,1,embarrass.xlsx
USGS-03346000,1982-09-07,65.0,mg/l,00530,Total Suspended Solids,1,embarrass.xlsx
USGS-03346000,1982-10-13,55.0,mg/l,00530,Total Suspended Solids,1,embarrass.xlsx
USGS-03346000,1982-12-20,17.0,mg/l,00530,Total Suspended Solids,1,embarrass.xlsx
USGS-03346000,1983-01-26,19.0,mg/l,00530,Total Suspended Solids,1,embarrass.xlsx
USGS-03346000,1983-02-16,8.0,mg/l,00530,Total Suspended Solids,1,embarrass.xlsx
USGS-03346000,1983-04-06,160.0,mg/l,00530,Total Suspended Solids,1,embarrass.xlsx
USGS-03346000,1983-05-25,8.0,mg/l,00530,Total Suspended Solids,1,embarrass.xlsx
USGS-03346000,1983-06-20,280.0,mg/l,00530,Total Suspended Solids,1,embarrass.xlsx
USGS-03346000,1983-07-25,36.0,mg/l,00530,Total Suspended Solids,1,embarrass.xlsx
USGS-03346000,1983-09-06,30.0,mg/l,00530,Total Suspended Solids,1,embarrass.xlsx
USGS-03346000,1983-10-11,16.0,mg/l,00530,Total Suspended Solids,1,embarrass.xlsx
USGS-03346000,1983-11-14,8.0,mg/l,00530,Total Suspended Solids,1,embarrass.xlsx
USGS-03346000,1984-01-03,3.0,mg/l,00530,Total Suspended Solids,1,embarrass.xlsx
USGS-03346000,1984-03-05,240.0,mg/l,00530,Total Suspended Solids,1,embarrass.xlsx
USGS-03346000,1984-04-04,630.0,mg/l,00530,Total Suspended Solids,1,embarrass.xlsx
USGS-03346000,1984-05-29,108.0,mg/l,00530,Total Suspended Solids,1,embarrass.xlsx
USGS-03346000,1984-06-11,40.0,mg/l,00530,Total Suspended Solids,1,embarrass.xlsx
USGS-03346000,1984-07-25,36.0,mg/l,00530,Total Suspended Solids,1,embarrass.xlsx
USGS-03346000,1984-09-12,54.0,mg/l,00530,Total Suspended Solids,1,embarrass.xlsx
USGS-03346000,1984-11-07,18.0,mg/l,00530,Total Suspended Solids,1,embarrass.xlsx
USGS-03346000,1984-12-17,78.0,mg/l,00530,Total Suspended Solids,1,embarrass.xlsx
USGS-03346000,1985-01-16,4.0,mg/l,00530,Total Suspended Solids,1,embarrass.xlsx
USGS-03346000,1985-02-25,117.0,mg/l,00530,Total Suspended Solids,1,embarrass.xlsx
USGS-03346000,1985-04-17,34.0,mg/l,00530,Total Suspended Solids,1,embarrass.xlsx
USGS-03346000,1985-05-28,29.0,mg/l,00530,Total Suspended Solids,1,embarrass.xlsx
USGS-03346000,1985-06-24,74.0,mg/l,00530,Total Suspended Solids,1,embarrass.xlsx
USGS-03346000,1985-07-22,17.0,mg/l,00530,Total Suspended Solids,1,embarrass.xlsx
USGS-03346000,1985-09-25,18.0,mg/l,00530,Total Suspended Solids,1,embarrass.xlsx
USGS-03346000,1985-10-29,19.0,mg/l,00530,Total Suspended Solids,1,embarrass.xlsx
USGS-03346000,1985-11-20,122.0,mg/l,00530,Total Suspended Solids,1,embarrass.xlsx
USGS-03346000,1986-01-09,6.0,mg/l,00530,Total Suspended Solids,1,embarrass.xlsx
USGS-03346000,1986-02-10,63.0,mg/l,00530,Total Suspended Solids,1,embarrass.xlsx
USGS-03346000,1986-04-10,26.0,mg/l,00530,Total Suspended Solids,1,embarrass.xlsx
USGS-03346000,1986-05-28,153.0,mg/l,00530,Total Suspended Solids,1,embarrass.xlsx
USGS-03346000,1986-06-23,34.0,mg/l,00530,Total Suspended Solids,1,embarrass.xlsx
USGS-03346000,1986-07-22,63.0,mg/l,00530,Total Suspended Solids,1,embarrass.xlsx
USGS-03346000,1986-08-27,37.0,mg/l,00530,Total Suspended Solids,1,embarrass.xlsx
USGS-03346000,1986-10-27,87.0,mg/l,00530,Total Suspended Solids,1,embarrass.xlsx
USGS-03346000,1986-12-08,20.0,mg/l,00530,Total Suspended Solids,1,embarrass.xlsx
USGS-03346000,1987-01-22,25.0,mg/l,00530,Total Suspended Solids,1,embarrass.xlsx
USGS-03346000,1987-02-18,5.0,mg/l,00530,Total Suspended Solids,1,embarrass.xlsx
USGS-03346000,1987-04-16,266.0,mg/l,00530,Total Suspended Solids,1,embarrass.xlsx
USGS-03346000,1987-05-27,66.0,mg/l,00530,Total Suspended Solids,1,embarrass.xlsx
USGS-03346000,1987-07-14,313.0,mg/l,00530,Total Suspended Solids,1,embarrass.xlsx
USGS-03346000,1987-08-26,41.0,mg/l,00530,Total Suspended Solids,1,embarrass.xlsx
USGS-03346000,1987-09-22,2.0,mg/l,00530,Total Suspended Solids,1,embarrass.xlsx
USGS-03346000,1987-11-10,12.0,mg/l,00530,Total Suspended Solids,1,embarrass.xlsx
USGS-03346000,1987-12-17,75.0,mg/l,00530,Total Suspended Solids,1,embarrass.xlsx
USGS-03346000,1988-01-27,20.0,mg/l,00530,Total Suspended Solids,1,embarrass.xlsx
USGS-03346000,1988-03-10,61.0,mg/l,00530,Total Suspended Solids,1,embarrass.xlsx
USGS-03346000,1988-04-07,450.0,mg/l,00530,Total Suspended Solids,1,embarrass.xlsx
USGS-03346000,1988-05-25,199.0,mg/l,00530,Total Suspended Solids,1,embarrass.xlsx
USGS-03346000,1988-06-28,9.0,mg/l,00530,Total Suspended Solids,1,embarrass.xlsx
USGS-03346000,1988-08-17,32.0,mg/l,00530,Total Suspended Solids,1,embarrass.xlsx
USGS-03346000,1988-09-22,9.0,mg/l,00530,Total Suspended Solids,1,embarrass.xlsx
USGS-03346000,1988-10-24,16.0,mg/l,00530,Total Suspended Solids,1,embarrass.xlsx
USGS-03346000,1988-11-29,19.0,mg/l,00530,Total Suspended Solids,1,embarrass.xlsx
USGS-03346000,1989-01-04,23.0,mg/l,00530,Total Suspended Solids,1,embarrass.xlsx
USGS-03346000,1989-02-01,39.0,mg/l,00530,Total Suspended Solids,1,embarrass.xlsx
USGS-03346000,1989-03-15,15.0,mg/l,00530,Total Suspended Solids,1,embarrass.xlsx
USGS-03346000,1989-05-16,23.0,mg/l,00530,Total Suspended Solids,1,embarrass.xlsx
USGS-03346000,1989-06-20,32.0,mg/l,00530,Total Suspended Solids,1,embarrass.xlsx
USGS-03346000,1989-07-26,90.0,mg/l,00530,Total Suspended Solids,1,embarrass.xlsx
USGS-03346000,1989-08-28,74.0,mg/l,00530,Total Suspended Solids,1,embarrass.xlsx
USGS-03346000,1989-10-18,15.0,mg/l,00530,Total Suspended Solids,1,embarrass.xlsx
USGS-03346000,1989-11-20,6.0,mg/l,00530,Total Suspended Solids,1,embarrass.xlsx
USGS-03346000,1990-01-03,4.0,mg/l,00530,Total Suspended Solids,1,embarrass.xlsx
USGS-03346000,1990-02-14,24.0,mg/l,00530,Total Suspended Solids,1,embarrass.xlsx
USGS-03346000,1990-03-20,5.0,mg/l,00530,Total Suspended Solids,1,embarrass.xlsx
USGS-03346000,1990-05-09,76.0,mg/l,00530,Total Suspended Solids,1,embarrass.xlsx
USGS-03346000,1990-06-26,125.0,mg/l,00530,Total Suspended Solids,1,embarrass.xlsx
USGS-03346000,1990-07-23,384.0,mg/l,00530,Total Suspended Solids,1,embarrass.xlsx
USGS-03346000,1990-09-12,116.0,mg/l,00530,Total Suspended Solids,1,embarrass.xlsx
USGS-03346000,1990-11-13,10.0,mg/l,00530,Total Suspended Solids,1,embarrass.xlsx
USGS-03346000,1990-12-12,17.0,mg/l,00530,Total Suspended Solids,1,embarrass.xlsx
USGS-03346000,1991-01-22,56.0,mg/l,00530,Total Suspended Solids,1,embarrass.xlsx
USGS-03346000,1991-03-06,47.0,mg/l,00530,Total Suspended Solids,1,embarrass.xlsx
USGS-03346000,1991-04-10,30.0,mg/l,00530,Total Suspended Solids,1,embarrass.xlsx
USGS-03346000,1991-05-15,90.0,mg/l,00530,Total Suspended Solids,1,embarrass.xlsx
USGS-03346000,1991-06-04,57.0,mg/l,00530,Total Suspended Solids,1,embarrass.xlsx
USGS-03346000,1991-08-07,404.0,mg/l,00530,Total Suspended Solids,1,embarrass.xlsx
USGS-03346000,1991-09-24,30.0,mg/l,00530,Total Suspended Solids,1,embarrass.xlsx
USGS-03346000,1991-11-13,4.0,mg/l,00530,Total Suspended Solids,1,embarrass.xlsx
USGS-03346000,1991-12-17,32.0,mg/l,00530,Total Suspended Solids,1,embarrass.xlsx
USGS-03346000,1992-01-07,62.0,mg/l,00530,Total Suspended Solids,1,embarrass.xlsx
USGS-03346000,1992-03-12,82.0,mg/l,00530,Total Suspended Solids,1,embarrass.xlsx
USGS-03346000,1992-04-22,120.0,mg/l,00530,Total Suspended Solids,1,embarrass.xlsx
USGS-03346000,1992-05-20,30.0,mg/l,00530,Total Suspended Solids,1,embarrass.xlsx
USGS-03346000,1992-07-06,136.0,mg/l,00530,Total Suspended Solids,1,embarrass.xlsx
USGS-03346000,1992-08-12,73.0,mg/l,00530,Total Suspended Solids,1,embarrass.xlsx
USGS-03346000,1992-09-02,46.0,mg/l,00530,Total Suspended Solids,1,embarrass.xlsx
USGS-03346000,1993-03-16,30.0,mg/l,00530,Total Suspended Solids,1,embarrass.xlsx
USGS-03346000,1993-05-12,41.0,mg/l,00530,Total Suspended Solids,1,embarrass.xlsx
USGS-03346000,1993-06-30,218.0,mg/l,00530,Total Suspended Solids,1,embarrass.xlsx
USGS-03346000,1993-08-03,56.0,mg/l,00530,Total Suspended Solids,1,embarrass.xlsx
USGS-03346000,1993-09-16,15.0,mg/l,00530,Total Suspended Solids,1,embarrass.xlsx
USGS-03346000,1993-10-06,13.0,mg/l,00530,Total Suspended Solids,1,embarrass.xlsx
USGS-03346000,1994-02-16,93.0,mg/l,00530,Total Suspended Solids,1,embarrass.xlsx
USGS-03346000,1994-03-28,34.0,mg/l,00530,Total Suspended Solids,1,embarrass.xlsx
USGS-03346000,1994-05-18,59.0,mg/l,00530,Total Suspended Solids,1,embarrass.xlsx
USGS-03346000,1994-06-29,11.0,mg/l,00530,Total Suspended Solids,1,embarrass.xlsx
USGS-03346000,1994-08-08,29.0,mg/l,00530,Total Suspended Solids,1,embarrass.xlsx
USGS-03346000,1994-09-20,30.0,mg/l,00530,Total Suspended Solids,1,embarrass.xlsx
USGS-03346000,1994-11-14,43.0,mg/l,00530,Total Suspended Solids,1,embarrass.xlsx
USGS-03346000,1994-12-21,8.0,mg/l,00530,Total Suspended Solids,1,embarrass.xlsx
USGS-03346000,1995-01-09,10.0,mg/l,00530,Total Suspended Solids,1,embarrass.xlsx
USGS-03346000,1995-03-15,49.0,mg/l,00530,Total Suspended Solids,1,embarrass.xlsx
USGS-03346000,1995-04-03,20.0,mg/l,00530,Total Suspended Solids,1,embarrass.xlsx
USGS-03346000,1995-05-16,180.0,mg/l,00530,Total Suspended Solids,1,embarrass.xlsx
USGS-03346000,1995-06-26,64.0,mg/l,00530,Total Suspended Solids,1,embarrass.xlsx
USGS-03346000,1995-08-14,132.0,mg/l,00530,Total Suspended Solids,1,embarrass.xlsx
USGS-03346000,1995-09-28,17.0,mg/l,00530,Total Suspended Solids,1,embarrass.xlsx
USGS-03346000,1995-10-26,16.0,mg/l,00530,Total Suspended Solids,1,embarrass.xlsx
USGS-03346000,1995-12-19,168.0,mg/l,00530,Total Suspended Solids,1,embarrass.xlsx
USGS-03346000,1996-02-01,24.0,mg/l,00530,Total Suspended Solids,1,embarrass.xlsx
USGS-03346000,1996-03-12,2.0,mg/l,00530,Total Suspended Solids,1,embarrass.xlsx
USGS-03346000,1996-04-16,14.0,mg/l,00530,Total Suspended Solids,1,embarrass.xlsx
USGS-03346000,1996-05-28,110.0,mg/l,00530,Total Suspended Solids,1,embarrass.xlsx
USGS-03346000,1996-07-01,19.0,mg/l,00530,Total Suspended Solids,1,embarrass.xlsx
USGS-03346000,1996-08-06,88.0,mg/l,00530,Total Suspended Solids,1,embarrass.xlsx
USGS-03346000,1996-09-11,70.0,mg/l,00530,Total Suspended Solids,1,embarrass.xlsx
USGS-03346000,1996-10-08,28.0,mg/l,00530,Total Suspended Solids,1,embarrass.xlsx
USGS-03346000,1996-12-09,30.0,mg/l,00530,Total Suspended Solids,1,embarrass.xlsx
USGS-03346000,1997-01-24,96.0,mg/l,00530,Total Suspended Solids,1,embarrass.xlsx
USGS-03346000,1997-03-11,132.0,mg/l,00530,Total Suspended Solids,1,embarrass.xlsx
USGS-03346000,1997-04-15,19.0,mg/l,00530,Total Suspended Solids,1,embarrass.xlsx
USGS-03346500,2013-01-01,224.0,mg/l,80154,Suspended Sediment Concentration,1,embarrass.xlsx
USGS-03346500,2016-01-22,26.0,mg/l,80154,Suspended Sediment Concentration,1,embarrass.xlsx
USGS-03346500,2016-01-29,33.0,mg/l,80154,Suspended Sediment Concentration,1,embarrass.xlsx
USGS-03346500,2016-03-02,169.0,mg/l,80154,Suspended Sediment Concentration,1,embarrass.xlsx
USGS-03346500,2016-03-22,61.0,mg/l,80154,Suspended Sediment Concentration,1,embarrass.xlsx
USGS-03346500,2016-05-24,67.0,mg/l,80154,Suspended Sediment Concentration,1,embarrass.xlsx
USGS-03346500,2016-06-16,292.0,mg/l,80154,Suspended Sediment Concentration,1,embarrass.xlsx
USGS-03346500,2016-07-06,279.0,mg/l,80154,Suspended Sediment Concentration,1,embarrass.xlsx
USGS-03346500,2016-08-15,357.0,mg/l,80154,Suspended Sediment Concentration,1,embarrass.xlsx
USGS-03346500,2016-08-18,280.0,mg/l,80154,Suspended Sediment Concentration,1,embarrass.xlsx
USGS-03346500,2016-09-20,86.0,%,80154,Suspended Sediment Concentration,2,embarrass.xlsx
USGS-03346500,2016-11-08,67.0,%,80154,Suspended Sediment Concentration,2,embarrass.xlsx
USGS-03346500,2016-12-02,113.5,%,80154,Suspended Sediment Concentration,2,embarrass.xlsx
USGS-03346500,2017-02-06,61.5,%,80154,Suspended Sediment Concentration,2,embarrass.xlsx
USGS-03346500,2017-03-01,261.5,%,80154,Suspended Sediment Concentration,2,embarrass.xlsx
USGS-03346500,2017-03-07,417.5,%,80154,Suspended Sediment Concentration,2,embarrass.xlsx
USGS-03346500,2017-03-20,60.5,%,80154,Suspended Sediment Concentration,2,embarrass.xlsx
USGS-03346500,2017-04-06,314.0,%,80154,Suspended Sediment Concentration,2,embarrass.xlsx
USGS-03346500,2017-04-30,349.5,%,80154,Suspended Sediment Concentration,2,embarrass.xlsx
USGS-03346500,2017-05-01,591.0,mg/l,80154,Suspended Sediment Concentration,1,embarrass.xlsx
USGS-03346500,2017-06-01,79.5,%,80154,Suspended Sediment Concentration,2,embarrass.xlsx
USGS-03346500,2017-09-14,63.0,%,80154,Suspended Sediment Concentration,2,embarrass.xlsx
USGS-03346500,2017-09-22,56.5,%,80154,Suspended Sediment Concentration,2,embarrass.xlsx
USGS-03346500,2017-10-04,67.5,%,80154,Suspended Sediment Concentration,4,embarrass.xlsx
USGS-03346500,2017-10-11,103.0,%,80154,Suspended Sediment Concentration,4,embarrass.xlsx
USGS-03346500,2017-10-19,72.0,%,80154,Suspended Sediment Concentration,2,embarrass.xlsx
USGS-03346500,2017-10-25,58.0,%,80154,Suspended Sediment Concentration,2,embarrass.xlsx
USGS-03346500,2017-11-06,241.0,%,80154,Suspended Sediment Concentration,2,embarrass.xlsx
USGS-03346500,2017-12-01,62.5,%,80154,Suspended Sediment Concentration,2,embarrass.xlsx
USGS-03346500,2018-02-16,279.0,%,80154,Suspended Sediment Concentration,2,embarrass.xlsx
USGS-03346500,2018-02-22,607.5,%,80154,Suspended Sediment Concentration,2,embarrass.xlsx
USGS-03346500,2018-03-16,65.0,%,80154,Suspended Sediment Concentration,2,embarrass.xlsx
USGS-03346500,2018-03-26,487.5,%,80154,Suspended Sediment Concentration,2,embarrass.xlsx
USGS-03346500,2018-03-28,428.5,%,80154,Suspended Sediment Concentration,2,embarrass.xlsx
USGS-03346500,2018-05-31,121.5,%,80154,Suspended Sediment Concentration,2,embarrass.xlsx
USGS-03346500,2018-07-10,73.5,%,80154,Suspended Sediment Concentration,2,embarrass.xlsx
USGS-03346500,2018-08-01,384.0,%,80154,Suspended Sediment Concentration,2,embarrass.xlsx
USGS-03346500,2018-08-30,71.5,%,80154,Suspended Sediment Concentration,2,embarrass.xlsx
USGS-03346500,2018-10-17,87.5,%,80154,Suspended Sediment Concentration,2,embarrass.xlsx
USGS-03346500,2018-11-02,218.5,%,80154,Suspended Sediment Concentration,2,embarrass.xlsx
USGS-03346500,2018-12-12,51.5,%,80154,Suspended Sediment Concentration,2,embarrass.xlsx
USGS-03346500,2019-02-06,261.5,%,80154,Suspended Sediment Concentration,6,embarrass.xlsx
USGS-03346500,2019-02-07,483.0,%,80154,Suspended Sediment Concentration,2,embarrass.xlsx
USGS-03346500,2019-02-27,105.0,%,80154,Suspended Sediment Concentration,2,embarrass.xlsx
USGS-03346500,2019-03-11,669.0,%,80154,Suspended Sediment Concentration,2,embarrass.xlsx
USGS-03346500,2019-03-25,261.0,%,80154,Suspended Sediment Concentration,2,embarrass.xlsx
USGS-03346500,2019-05-31,629.5,%,80154,Suspended Sediment Concentration,2,embarrass.xlsx
USGS-03346500,2019-06-17,658.5,%,80154,Suspended Sediment Concentration,2,embarrass.xlsx
USGS-03346500,2019-07-02,93.0,%,80154,Suspended Sediment Concentration,2,embarrass.xlsx
USGS-03346500,2019-07-17,294.5,%,80154,Suspended Sediment Concentration,2,embarrass.xlsx
USGS-03346500,2019-08-21,81.0,%,80154,Suspended Sediment Concentration,2,embarrass.xlsx
USGS-03346500,2019-10-17,60.0,%,80154,Suspended Sediment Concentration,2,embarrass.xlsx
USGS-03346500,2019-12-03,158.0,%,80154,Suspended Sediment Concentration,2,embarrass.xlsx
USGS-03346500,2020-01-10,278.0,%,80154,Suspended Sediment Concentration,2,embarrass.xlsx
USGS-03346500,2020-01-14,151.5,%,80154,Suspended Sediment Concentration,4,embarrass.xlsx
USGS-03346500,2020-03-19,274.0,mg/l,80154,Suspended Sediment Concentration,2,embarrass.xlsx
USGS-03346500,2020-04-26,362.0,mg/l,80154,Suspended Sediment Concentration,1,embarrass.xlsx
USGS-03346500,2020-05-17,277.0,mg/l,80154,Suspended Sediment Concentration,1,embarrass.xlsx
USGS-03346500,2020-07-09,105.0,mg/l,80154,Suspended Sediment Concentration,1,embarrass.xlsx
USGS-03346500,2020-07-20,2280.0,mg/l,80154,Suspended Sediment Concentration,1,embarrass.xlsx
USGS-03346500,2021-10-19,307.0,mg/l,80154,Suspended Sediment Concentration,1,embarrass.xlsx
USGS-03346500,2022-02-16,123.0,mg/l,80154,Suspended Sediment Concentration,1,embarrass.xlsx
USGS-03346500,2022-03-07,1150.0,mg/l,80154,Suspended Sediment Concentration,1,embarrass.xlsx
USGS-03346500,2022-03-31,428.0,mg/l,80154,Suspended Sediment Concentration,1,embarrass.xlsx
USGS-03346500,2022-04-19,67.0,mg/l,80154,Suspended Sediment Concentration,1,embarrass.xlsx
USGS-03346500,2022-06-22,63.0,mg/l,80154,Suspended Sediment Concentration,1,embarrass.xlsx
USGS-03346500,2022-08-02,1020.0,mg/l,80154,Suspended Sediment Concentration,1,embarrass.xlsx
USGS-03346500,2022-08-24,51.0,mg/l,80154,Suspended Sediment Concentration,1,embarrass.xlsx
USGS-03346500,2022-11-02,23.0,mg/l,80154,Suspended Sediment Concentration,1,embarrass.xlsx
USGS-03346500,2022-12-15,190.0,mg/l,80154,Suspended Sediment Concentration,1,embarrass.xlsx
USGS-03346500,2023-01-04,319.0,mg/l,80154,Suspended Sediment Concentration,1,embarrass.xlsx
USGS-03346500,2023-01-26,220.0,mg/l,80154,Suspended Sediment Concentration,1,embarrass.xlsx
USGS-03346500,2023-02-09,584.0,mg/l,80154,Suspended Sediment Concentration,1,embarrass.xlsx
USGS-03346500,2023-03-03,655.0,mg/l,80154,Suspended Sediment Concentration,1,embarrass.xlsx
USGS-03346500,2023-03-20,92.0,mg/l,80154,Suspended Sediment Concentration,1,embarrass.xlsx
USGS-03346500,2023-03-24,1180.0,mg/l,80154,Suspended Sediment Concentration,1,embarrass.xlsx
USGS-03346500,2023-03-27,141.0,mg/l,80154,Suspended Sediment Concentration,1,embarrass.xlsx
USGS-03346500,2023-05-11,224.0,mg/l,80154,Suspended Sediment Concentration,1,embarrass.xlsx
USGS-03346500,2023-06-26,46.0,mg/l,80154,Suspended Sediment Concentration,1,embarrass.xlsx
USGS-03346500,2023-06-30,117.0,mg/l,80154,Suspended Sediment Concentration,1,embarrass.xlsx
USGS-03346550,1978-06-19,100.0,mg/l,00530,Total Suspended Solids,1,embarrass.xlsx
USGS-03346550,1978-07-25,290.0,mg/l,00530,Total Suspended Solids,1,embarrass.xlsx
USGS-03346550,1978-09-06,115.0,mg/l,00530,Total Suspended Solids,1,embarrass.xlsx
USGS-03346550,1978-09-26,55.0,mg/l,00530,Total Suspended Solids,1,embarrass.xlsx
USGS-03346550,1978-11-02,25.0,mg/l,00530,Total Suspended Solids,1,embarrass.xlsx
USGS-03346550,1978-12-05,180.0,mg/l,00530,Total Suspended Solids,1,embarrass.xlsx
USGS-03346550,1979-01-17,8.0,mg/l,00530,Total Suspended Solids,1,embarrass.xlsx
USGS-03346550,1979-03-28,165.0,mg/l,00530,Total Suspended Solids,1,embarrass.xlsx
USGS-03346550,1979-04-23,170.0,mg/l,00530,Total Suspended Solids,2,embarrass.xlsx
USGS-03346550,1979-05-15,110.0,mg/l,00530,Total Suspended Solids,1,embarrass.xlsx
USGS-03346550,1979-06-18,95.0,mg/l,00530,Total Suspended Solids,1,embarrass.xlsx
USGS-03346550,1979-07-16,170.0,mg/l,00530,Total Suspended Solids,1,embarrass.xlsx
USGS-03346550,1979-09-04,115.0,mg/l,00530,Total Suspended Solids,2,embarrass.xlsx
USGS-03346550,1979-10-01,72.0,mg/l,00530,Total Suspended Solids,2,embarrass.xlsx
USGS-03346550,1979-11-14,28.0,mg/l,00530,Total Suspended Solids,1,embarrass.xlsx
USGS-03346550,1979-12-05,10.0,mg/l,00530,Total Suspended Solids,1,embarrass.xlsx
USGS-03346550,1980-01-08,9.0,mg/l,00530,Total Suspended Solids,1,embarrass.xlsx
USGS-03346550,1980-02-11,5.0,mg/l,00530,Total Suspended Solids,1,embarrass.xlsx
USGS-03346550,1980-03-12,190.0,mg/l,00530,Total Suspended Solids,1,embarrass.xlsx
USGS-03346550,1980-04-08,275.0,mg/l,00530,Total Suspended Solids,2,embarrass.xlsx
USGS-03346550,1980-05-15,118.0,mg/l,00530,Total Suspended Solids,1,embarrass.xlsx
USGS-03346550,1980-06-19,120.0,mg/l,00530,Total Suspended Solids,1,embarrass.xlsx
USGS-03346550,1980-07-15,130.0,mg/l,00530,Total Suspended Solids,1,embarrass.xlsx
USGS-03346550,1980-08-05,220.0,mg/l,00530,Total Suspended Solids,1,embarrass.xlsx
USGS-03346550,1980-09-22,120.0,mg/l,00530,Total Suspended Solids,1,embarrass.xlsx
USGS-03346550,1980-10-15,50.0,mg/l,00530,Total Suspended Solids,1,embarrass.xlsx
USGS-03346550,1980-11-19,33.0,mg/l,00530,Total Suspended Solids,1,embarrass.xlsx
USGS-03346550,1980-12-22,60.0,mg/l,00530,Total Suspended Solids,1,embarrass.xlsx
USGS-03346550,1981-01-12,20.0,mg/l,00530,Total Suspended Solids,1,embarrass.xlsx
USGS-03346550,1981-02-02,22.0,mg/l,00530,Total Suspended Solids,1,embarrass.xlsx
USGS-03346550,1981-03-04,31.0,mg/l,00530,Total Suspended Solids,1,embarrass.xlsx
USGS-03346550,1981-04-06,44.0,mg/l,00530,Total Suspended Solids,1,embarrass.xlsx
USGS-03346550,1981-04-22,180.0,mg/l,00530,Total Suspended Solids,1,embarrass.xlsx
USGS-03346550,1981-05-12,150.0,mg/l,00530,Total Suspended Solids,1,embarrass.xlsx
USGS-03346550,1981-07-01,120.0,mg/l,00530,Total Suspended Solids,1,embarrass.xlsx
USGS-03346550,1981-08-10,405.0,mg/l,00530,Total Suspended Solids,1,embarrass.xlsx
USGS-03346550,1981-09-02,350.0,mg/l,00530,Total Suspended Solids,1,embarrass.xlsx
USGS-03346550,1981-09-24,72.0,mg/l,00530,Total Suspended Solids,1,embarrass.xlsx
USGS-03346550,1981-10-14,50.0,mg/l,00530,Total Suspended Solids,1,embarrass.xlsx
USGS-03346550,1981-12-02,180.0,mg/l,00530,Total Suspended Solids,1,embarrass.xlsx
USGS-03346550,1982-01-26,110.0,mg/l,00530,Total Suspended Solids,1,embarrass.xlsx
USGS-03346550,1982-03-10,110.0,mg/l,00530,Total Suspended Solids,1,embarrass.xlsx
USGS-03346550,1982-04-08,120.0,mg/l,00530,Total Suspended Solids,1,embarrass.xlsx
USGS-03346550,1982-05-06,40.0,mg/l,00530,Total Suspended Solids,1,embarrass.xlsx
USGS-03346550,1982-06-30,220.0,mg/l,00530,Total Suspended Solids,1,embarrass.xlsx
USGS-03346550,1982-09-08,80.0,mg/l,00530,Total Suspended Solids,1,embarrass.xlsx
USGS-03346550,1982-10-14,110.0,mg/l,00530,Total Suspended Solids,1,embarrass.xlsx
USGS-03346550,1982-12-21,30.0,mg/l,00530,Total Suspended Solids,1,embarrass.xlsx
USGS-03346550,1983-01-27,29.0,mg/l,00530,Total Suspended Solids,1,embarrass.xlsx
USGS-03346550,1983-02-17,30.0,mg/l,00530,Total Suspended Solids,1,embarrass.xlsx
USGS-03346550,1983-04-07,88.0,mg/l,00530,Total Suspended Solids,1,embarrass.xlsx
USGS-03346550,1983-05-26,150.0,mg/l,00530,Total Suspended Solids,1,embarrass.xlsx
USGS-03346550,1983-06-21,520.0,mg/l,00530,Total Suspended Solids,1,embarrass.xlsx
USGS-03346550,1983-07-26,57.0,mg/l,00530,Total Suspended Solids,1,embarrass.xlsx
USGS-03346550,1983-09-07,60.0,mg/l,00530,Total Suspended Solids,1,embarrass.xlsx
USGS-03346550,1983-10-12,50.0,mg/l,00530,Total Suspended Solids,1,embarrass.xlsx
USGS-03346550,1983-11-15,28.0,mg/l,00530,Total Suspended Solids,1,embarrass.xlsx
USGS-03346550,1984-01-04,27.0,mg/l,00530,Total Suspended Solids,1,embarrass.xlsx
USGS-03346550,1984-03-05,366.0,mg/l,00530,Total Suspended Solids,1,embarrass.xlsx
USGS-03346550,1984-04-05,120.0,mg/l,00530,Total Suspended Solids,1,embarrass.xlsx
USGS-03346550,1984-05-30,660.0,mg/l,00530,Total Suspended Solids,1,embarrass.xlsx
USGS-03346550,1984-06-12,135.0,mg/l,00530,Total Suspended Solids,1,embarrass.xlsx
USGS-03346550,1984-07-26,37.0,mg/l,00530,Total Suspended Solids,1,embarrass.xlsx
USGS-03346550,1984-09-13,46.0,mg/l,00530,Total Suspended Solids,1,embarrass.xlsx
USGS-03346550,1984-11-08,27.0,mg/l,00530,Total Suspended Solids,1,embarrass.xlsx
USGS-03346550,1984-12-18,175.0,mg/l,00530,Total Suspended Solids,1,embarrass.xlsx
USGS-03346550,1985-01-17,21.0,mg/l,00530,Total Suspended Solids,1,embarrass.xlsx
USGS-03346550,1985-04-18,81.0,mg/l,00530,Total Suspended Solids,1,embarrass.xlsx
USGS-03346550,1985-04-22,54.0,mg/l,00530,Total Suspended Solids,1,embarrass.xlsx
USGS-03346550,1985-05-29,59.0,mg/l,00530,Total Suspended Solids,1,embarrass.xlsx
USGS-03346550,1985-06-25,460.0,mg/l,00530,Total Suspended Solids,1,embarrass.xlsx
USGS-03346550,1985-07-23,60.0,mg/l,00530,Total Suspended Solids,1,embarrass.xlsx
USGS-03346550,1985-09-26,39.0,mg/l,00530,Total Suspended Solids,1,embarrass.xlsx
USGS-03346550,1985-10-28,35.0,mg/l,00530,Total Suspended Solids,1,embarrass.xlsx
USGS-03346550,1985-12-31,40.0,mg/l,00530,Total Suspended Solids,1,embarrass.xlsx
USGS-03346550,1986-01-08,13.0,mg/l,00530,Total Suspended Solids,1,embarrass.xlsx
USGS-03346550,1986-02-11,197.0,mg/l,00530,Total Suspended Solids,1,embarrass.xlsx
USGS-03346550,1986-04-09,41.0,mg/l,00530,Total Suspended Solids,1,embarrass.xlsx
USGS-03346550,1986-05-27,398.0,mg/l,00530,Total Suspended Solids,1,embarrass.xlsx
USGS-03346550,1986-06-23,82.0,mg/l,00530,Total Suspended Solids,1,embarrass.xlsx
USGS-03346550,1986-07-22,52.0,mg/l,00530,Total Suspended Solids,1,embarrass.xlsx
USGS-03346550,1986-08-26,60.0,mg/l,00530,Total Suspended Solids,1,embarrass.xlsx
USGS-03346550,1986-10-27,320.0,mg/l,00530,Total Suspended Solids,1,embarrass.xlsx
USGS-03346550,1986-12-09,56.0,mg/l,00530,Total Suspended Solids,1,embarrass.xlsx
USGS-03346550,1987-01-21,54.0,mg/l,00530,Total Suspended Solids,1,embarrass.xlsx
USGS-03346550,1987-02-19,19.0,mg/l,00530,Total Suspended Solids,1,embarrass.xlsx
USGS-03346550,1987-04-15,566.0,mg/l,00530,Total Suspended Solids,1,embarrass.xlsx
USGS-03346550,1987-05-26,80.0,mg/l,00530,Total Suspended Solids,1,embarrass.xlsx
USGS-03346550,1987-06-17,270.0,mg/l,00530,Total Suspended Solids,1,embarrass.xlsx
USGS-03346550,1987-08-17,129.0,mg/l,00530,Total Suspended Solids,1,embarrass.xlsx
USGS-03346550,1987-09-29,15.0,mg/l,00530,Total Suspended Solids,1,embarrass.xlsx
USGS-03346550,1987-11-09,23.0,mg/l,00530,Total Suspended Solids,1,embarrass.xlsx
USGS-03346550,1987-12-14,30.0,mg/l,00530,Total Suspended Solids,1,embarrass.xlsx
USGS-03346550,1988-02-03,18.0,mg/l,00530,Total Suspended Solids,1,embarrass.xlsx
USGS-03346550,1988-03-09,153.0,mg/l,00530,Total Suspended Solids,1,embarrass.xlsx
USGS-03346550,1988-04-13,39.0,mg/l,00530,Total Suspended Solids,1,embarrass.xlsx
USGS-03346550,1988-05-11,61.0,mg/l,00530,Total Suspended Solids,1,embarrass.xlsx
USGS-03346550,1988-06-15,29.0,mg/l,00530,Total Suspended Solids,1,embarrass.xlsx
USGS-03346550,1988-08-15,30.0,mg/l,00530,Total Suspended Solids,1,embarrass.xlsx
USGS-03346550,1988-09-07,33.0,mg/l,00530,Total Suspended Solids,1,embarrass.xlsx
USGS-03346550,1988-10-12,11.0,mg/l,00530,Total Suspended Solids,1,embarrass.xlsx
USGS-03346550,1988-11-28,97.0,mg/l,00530,Total Suspended Solids,1,embarrass.xlsx
USGS-03346550,1989-01-04,49.0,mg/l,00530,Total Suspended Solids,1,embarrass.xlsx
USGS-03346550,1989-02-14,250.0,mg/l,00530,Total Suspended Solids,1,embarrass.xlsx
USGS-03346550,1989-03-27,39.0,mg/l,00530,Total Suspended Solids,1,embarrass.xlsx
USGS-03346550,1989-05-30,710.0,mg/l,00530,Total Suspended Solids,1,embarrass.xlsx
USGS-03346550,1989-06-28,46.0,mg/l,00530,Total Suspended Solids,1,embarrass.xlsx
USGS-03346550,1989-08-07,168.0,mg/l,00530,Total Suspended Solids,1,embarrass.xlsx
USGS-03346550,1989-09-05,153.0,mg/l,00530,Total Suspended Solids,1,embarrass.xlsx
USGS-03346550,1989-10-30,46.0,mg/l,00530,Total Suspended Solids,1,embarrass.xlsx
USGS-03346550,1989-12-13,7.0,mg/l,00530,Total Suspended Solids,1,embarrass.xlsx
USGS-03346550,1990-01-17,13.0,mg/l,00530,Total Suspended Solids,1,embarrass.xlsx
USGS-03346550,1990-02-21,280.0,mg/l,00530,Total Suspended Solids,1,embarrass.xlsx
USGS-03346550,1990-04-04,184.0,mg/l,00530,Total Suspended Solids,1,embarrass.xlsx
USGS-03346550,1990-05-30,135.0,mg/l,00530,Total Suspended Solids,1,embarrass.xlsx
USGS-03346550,1990-06-25,984.0,mg/l,00530,Total Suspended Solids,1,embarrass.xlsx
USGS-03346550,1990-08-15,528.0,mg/l,00530,Total Suspended Solids,1,embarrass.xlsx
USGS-03346550,1990-09-19,59.0,mg/l,00530,Total Suspended Solids,1,embarrass.xlsx
USGS-03346550,1990-11-07,53.0,mg/l,00530,Total Suspended Solids,1,embarrass.xlsx
USGS-03346550,1990-12-17,48.0,mg/l,00530,Total Suspended Solids,1,embarrass.xlsx
USGS-03346550,1991-01-30,30.0,mg/l,00530,Total Suspended Solids,1,embarrass.xlsx
USGS-03346550,1991-02-25,107.0,mg/l,00530,Total Suspended Solids,1,embarrass.xlsx
USGS-03346550,1991-04-10,63.0,mg/l,00530,Total Suspended Solids,1,embarrass.xlsx
USGS-03346550,1991-05-20,262.0,mg/l,00530,Total Suspended Solids,1,embarrass.xlsx
USGS-03346550,1991-06-19,76.0,mg/l,00530,Total Suspended Solids,1,embarrass.xlsx
USGS-03346550,1991-08-12,123.0,mg/l,00530,Total Suspended Solids,1,embarrass.xlsx
USGS-03346550,1991-09-16,46.0,mg/l,00530,Total Suspended Solids,1,embarrass.xlsx
USGS-03346550,1991-11-04,51.0,mg/l,00530,Total Suspended Solids,1,embarrass.xlsx
USGS-03346550,1991-12-09,91.0,mg/l,00530,Total Suspended Solids,1,embarrass.xlsx
USGS-03346550,1992-01-22,25.0,mg/l,00530,Total Suspended Solids,1,embarrass.xlsx
USGS-03346550,1992-02-19,408.0,mg/l,00530,Total Suspended Solids,1,embarrass.xlsx
USGS-03346550,1992-03-25,64.0,mg/l,00530,Total Suspended Solids,1,embarrass.xlsx
USGS-03346550,1992-05-11,75.0,mg/l,00530,Total Suspended Solids,1,embarrass.xlsx
USGS-03346550,1992-06-03,40.0,mg/l,00530,Total Suspended Solids,1,embarrass.xlsx
USGS-03346550,1992-08-10,101.0,mg/l,00530,Total Suspended Solids,1,embarrass.xlsx
USGS-03346550,1992-09-21,62.0,mg/l,00530,Total Suspended Solids,1,embarrass.xlsx
USGS-03346550,1993-03-29,130.0,mg/l,00530,Total Suspended Solids,1,embarrass.xlsx
USGS-03346550,1993-05-05,142.0,mg/l,00530,Total Suspended Solids,1,embarrass.xlsx
USGS-03346550,1993-06-02,68.0,mg/l,00530,Total Suspended Solids,1,embarrass.xlsx
USGS-03346550,1993-07-21,208.0,mg/l,00530,Total Suspended Solids,1,embarrass.xlsx
USGS-03346550,1993-09-22,248.0,mg/l,00530,Total Suspended Solids,1,embarrass.xlsx
USGS-03346550,1994-01-26,142.0,mg/l,00530,Total Suspended Solids,1,embarrass.xlsx
USGS-03346550,1994-03-07,117.0,mg/l,00530,Total Suspended Solids,1,embarrass.xlsx
USGS-03346550,1994-04-19,60.0,mg/l,00530,Total Suspended Solids,1,embarrass.xlsx
USGS-03346550,1994-05-16,316.0,mg/l,00530,Total Suspended Solids,1,embarrass.xlsx
USGS-03346550,1994-06-20,64.0,mg/l,00530,Total Suspended Solids,1,embarrass.xlsx
USGS-03346550,1994-07-20,53.0,mg/l,00530,Total Suspended Solids,1,embarrass.xlsx
USGS-03346550,1994-08-29,104.0,mg/l,00530,Total Suspended Solids,1,embarrass.xlsx
USGS-03346550,1994-10-05,22.0,mg/l,00530,Total Suspended Solids,1,embarrass.xlsx
USGS-03346550,1994-11-28,188.0,mg/l,00530,Total Suspended Solids,1,embarrass.xlsx
USGS-03346550,1995-01-11,93.0,mg/l,00530,Total Suspended Solids,1,embarrass.xlsx
USGS-03346550,1995-02-22,39.0,mg/l,00530,Total Suspended Solids,1,embarrass.xlsx
USGS-03346550,1995-03-27,49.0,mg/l,00530,Total Suspended Solids,1,embarrass.xlsx
USGS-03346550,1995-05-30,102.0,mg/l,00530,Total Suspended Solids,1,embarrass.xlsx
USGS-03346550,1995-06-28,190.0,mg/l,00530,Total Suspended Solids,1,embarrass.xlsx
USGS-03346550,1995-07-26,98.0,mg/l,00530,Total Suspended Solids,1,embarrass.xlsx
USGS-03346550,1995-09-20,27.0,mg/l,00530,Total Suspended Solids,1,embarrass.xlsx
USGS-03346550,1995-11-08,8.0,mg/l,00530,Total Suspended Solids,1,embarrass.xlsx
USGS-03346550,1995-12-06,19.0,mg/l,00530,Total Suspended Solids,1,embarrass.xlsx
USGS-03346550,1996-01-22,220.0,mg/l,00530,Total Suspended Solids,1,embarrass.xlsx
USGS-03346550,1996-02-26,55.0,mg/l,00530,Total Suspended Solids,1,embarrass.xlsx
USGS-03346550,1996-04-03,174.0,mg/l,00530,Total Suspended Solids,1,embarrass.xlsx
USGS-03346550,1996-05-28,480.0,mg/l,00530,Total Suspended Solids,1,embarrass.xlsx
USGS-03346550,1996-06-10,620.0,mg/l,00530,Total Suspended Solids,1,embarrass.xlsx
USGS-03346550,1996-07-22,64.0,mg/l,00530,Total Suspended Solids,1,embarrass.xlsx
USGS-03346550,1996-09-18,142.0,mg/l,00530,Total Suspended Solids,1,embarrass.xlsx
USGS-03346550,1996-11-06,25.0,mg/l,00530,Total Suspended Solids,1,embarrass.xlsx
USGS-03346550,1996-12-09,38.0,mg/l,00530,Total Suspended Solids,1,embarrass.xlsx
USGS-03346550,1997-02-03,260.0,mg/l,00530,Total Suspended Solids,1,embarrass.xlsx
USGS-03346550,1997-03-03,222.0,mg/l,00530,Total Suspended Solids,1,embarrass.xlsx
USGS-03346550,1997-04-14,44.0,mg/l,00530,Total Suspended Solids,1,embarrass.xlsx
USGS-384224087353601,2013-05-08,51.5,%,80154,Suspended Sediment Concentration,2,embarrass.xlsx
USGS-384224087353601,2013-05-16,51.5,%,80154,Suspended Sediment Concentration,2,embarrass.xlsx
USGS-384224087353601,2013-05-30,31.5,%,80154,Suspended Sediment Concentration,2,embarrass.xlsx
USGS-384224087353601,2013-05-30,0.39,tons/day,80155,Suspended Sediment Discharge,1,embarrass.xlsx
USGS-384224087353601,2013-06-06,43.5,%,80154,Suspended Sediment Concentration,2,embarrass.xlsx
USGS-384224087353601,2013-06-12,43.5,%,80154,Suspended Sediment Concentration,2,embarrass.xlsx
USGS-384224087353601,2013-06-19,22.5,%,80154,Suspended Sediment Concentration,2,embarrass.xlsx
USGS-384224087353601,2013-06-19,0.76,tons/day,80155,Suspended Sediment Discharge,1,embarrass.xlsx
USGS-384224087353601,2013-06-26,67.5,%,80154,Suspended Sediment Concentration,2,embarrass.xlsx
USGS-384224087353601,2013-07-10,37.0,%,80154,Suspended Sediment Concentration,2,embarrass.xlsx
USGS-384224087353601,2013-07-17,22.0,%,80154,Suspended Sediment Concentration,2,embarrass.xlsx
USGS-384224087353601,2013-07-24,30.0,%,80154,Suspended Sediment Concentration,2,embarrass.xlsx
USGS-384224087353601,2013-07-31,42.0,%,80154,Suspended Sediment Concentration,2,embarrass.xlsx
USGS-384224087353601,2013-08-08,27.0,%,80154,Suspended Sediment Concentration,2,embarrass.xlsx
USGS-IL_EPA-BE-01,2005-09-29,36.0,mg/l,00530,Total Suspended Solids,1,embarrass.xlsx
USGS-IL_EPA-BE-01,2005-10-26,19.0,mg/l,00530,Total Suspended Solids,1,embarrass.xlsx
USGS-IL_EPA-BE-07,2005-09-28,39.0,mg/l,00530,Total Suspended Solids,1,embarrass.xlsx
USGS-IL_EPA-BE-07,2005-10-27,37.0,mg/l,00530,Total Suspended Solids,1,embarrass.xlsx
USGS-IL_EPA-BE-09,2005-09-28,24.0,mg/l,00530,Total Suspended Solids,1,embarrass.xlsx
USGS-IL_EPA-BE-09,2005-10-27,13.0,mg/l,00530,Total Suspended Solids,1,embarrass.xlsx
USGS-IL_EPA-BE-14,2005-09-29,67.0,mg/l,00530,Total Suspended Solids,1,embarrass.xlsx
USGS-IL_EPA-BE-14,2005-11-08,17.0,mg/l,00530,Total Suspended Solids,1,embarrass.xlsx
USGS-IL_EPA-BEF-05,2005-09-28,28.0,mg/l,00530,Total Suspended Solids,1,embarrass.xlsx
USGS-IL_EPA_WQX-BE-01,1999-01-19,156.0,mg/L,00530,Total Suspended Solids,1,embarrass.xlsx
USGS-IL_EPA_WQX-BE-01,1999-03-08,286.0,mg/L,00530,Total Suspended Solids,1,embarrass.xlsx
USGS-IL_EPA_WQX-BE-01,1999-04-12,216.0,mg/L,00530,Total Suspended Solids,1,embarrass.xlsx
USGS-IL_EPA_WQX-BE-01,1999-05-17,104.0,mg/L,00530,Total Suspended Solids,1,embarrass.xlsx
USGS-IL_EPA_WQX-BE-01,1999-06-14,412.0,mg/L,00530,Total Suspended Solids,1,embarrass.xlsx
USGS-IL_EPA_WQX-BE-01,1999-07-21,14.0,mg/L,00530,Total Suspended Solids,1,embarrass.xlsx
USGS-IL_EPA_WQX-BE-01,1999-08-30,44.0,mg/L,00530,Total Suspended Solids,1,embarrass.xlsx
USGS-IL_EPA_WQX-BE-01,1999-10-12,39.0,mg/L,00530,Total Suspended Solids,1,embarrass.xlsx
USGS-IL_EPA_WQX-BE-01,1999-11-15,40.0,mg/L,00530,Total Suspended Solids,1,embarrass.xlsx
USGS-IL_EPA_WQX-BE-01,2000-01-12,10.0,mg/L,00530,Total Suspended Solids,1,embarrass.xlsx
USGS-IL_EPA_WQX-BE-01,2000-02-14,74.0,mg/L,00530,Total Suspended Solids,1,embarrass.xlsx
USGS-IL_EPA_WQX-BE-01,2000-03-27,94.0,mg/L,00530,Total Suspended Solids,1,embarrass.xlsx
USGS-IL_EPA_WQX-BE-01,2000-04-24,102.0,mg/L,00530,Total Suspended Solids,1,embarrass.xlsx
USGS-IL_EPA_WQX-BE-01,2000-05-30,276.0,mg/L,00530,Total Suspended Solids,1,embarrass.xlsx
USGS-IL_EPA_WQX-BE-01,2000-08-07,48.0,mg/L,00530,Total Suspended Solids,1,embarrass.xlsx
USGS-IL_EPA_WQX-BE-01,2000-08-28,140.0,mg/L,00530,Total Suspended Solids,1,embarrass.xlsx
USGS-IL_EPA_WQX-BE-01,2000-10-16,38.0,mg/L,00530,Total Suspended Solids,1,embarrass.xlsx
USGS-IL_EPA_WQX-BE-01,2000-12-04,20.0,mg/L,00530,Total Suspended Solids,1,embarrass.xlsx
USGS-IL_EPA_WQX-BE-01,2001-01-22,34.0,mg/L,00530,Total Suspended Solids,1,embarrass.xlsx
USGS-IL_EPA_WQX-BE-01,2001-02-26,6920.0,mg/L,00530,Total Suspended Solids,1,embarrass.xlsx
USGS-IL_EPA_WQX-BE-01,2001-04-09,31.0,mg/L,00530,Total Suspended Solids,1,embarrass.xlsx
USGS-IL_EPA_WQX-BE-01,2001-05-14,110.0,mg/L,00530,Total Suspended Solids,1,embarrass.xlsx
USGS-IL_EPA_WQX-BE-01,2001-06-05,1240.0,mg/L,00530,Total Suspended Solids,1,embarrass.xlsx
USGS-IL_EPA_WQX-BE-01,2001-08-06,70.0,mg/L,00530,Total Suspended Solids,1,embarrass.xlsx
USGS-IL_EPA_WQX-BE-01,2001-09-26,39.0,mg/L,00530,Total Suspended Solids,1,embarrass.xlsx
USGS-IL_EPA_WQX-BE-01,2001-10-22,98.0,mg/L,00530,Total Suspended Solids,1,embarrass.xlsx
USGS-IL_EPA_WQX-BE-01,2001-11-26,67.0,mg/L,00530,Total Suspended Solids,1,embarrass.xlsx
USGS-IL_EPA_WQX-BE-01,2002-01-28,14.0,mg/L,00530,Total Suspended Solids,1,embarrass.xlsx
USGS-IL_EPA_WQX-BE-01,2002-02-19,30.0,mg/L,00530,Total Suspended Solids,1,embarrass.xlsx
USGS-IL_EPA_WQX-BE-01,2002-04-08,36.0,mg/L,00530,Total Suspended Solids,1,embarrass.xlsx
USGS-IL_EPA_WQX-BE-01,2002-05-30,142.0,mg/L,00530,Total Suspended Solids,1,embarrass.xlsx
USGS-IL_EPA_WQX-BE-01,2002-06-17,230.0,mg/L,00530,Total Suspended Solids,1,embarrass.xlsx
USGS-IL_EPA_WQX-BE-01,2002-08-08,50.0,mg/L,00530,Total Suspended Solids,1,embarrass.xlsx
USGS-IL_EPA_WQX-BE-01,2002-09-16,66.0,mg/L,00530,Total Suspended Solids,1,embarrass.xlsx
USGS-IL_EPA_WQX-BE-01,2002-10-21,29.0,mg/L,00530,Total Suspended Solids,1,embarrass.xlsx
USGS-IL_EPA_WQX-BE-01,2002-12-04,11.0,mg/L,00530,Total Suspended Solids,1,embarrass.xlsx
USGS-IL_EPA_WQX-BE-01,2003-01-28,31.0,mg/L,00530,Total Suspended Solids,1,embarrass.xlsx
USGS-IL_EPA_WQX-BE-01,2003-03-18,49.0,mg/L,00530,Total Suspended Solids,1,embarrass.xlsx
USGS-IL_EPA_WQX-BE-01,2003-04-10,32.0,mg/L,00530,Total Suspended Solids,1,embarrass.xlsx
USGS-IL_EPA_WQX-BE-01,2003-05-29,53.0,mg/L,00530,Total Suspended Solids,1,embarrass.xlsx
USGS-IL_EPA_WQX-BE-01,2003-07-02,61.0,mg/L,00530,Total Suspended Solids,1,embarrass.xlsx
USGS-IL_EPA_WQX-BE-01,2003-08-13,43.0,mg/L,00530,Total Suspended Solids,1,embarrass.xlsx
USGS-IL_EPA_WQX-BE-01,2003-09-24,82.0,mg/L,00530,Total Suspended Solids,1,embarrass.xlsx
USGS-IL_EPA_WQX-BE-01,2003-11-05,69.0,mg/L,00530,Total Suspended Solids,1,embarrass.xlsx
USGS-IL_EPA_WQX-BE-01,2003-12-10,33.0,mg/L,00530,Total Suspended Solids,1,embarrass.xlsx
USGS-IL_EPA_WQX-BE-01,2004-01-29,14.0,mg/L,00530,Total Suspended Solids,1,embarrass.xlsx
USGS-IL_EPA_WQX-BE-01,2004-03-10,178.0,mg/L,00530,Total Suspended Solids,1,embarrass.xlsx
USGS-IL_EPA_WQX-BE-01,2004-04-21,66.0,mg/L,00530,Total Suspended Solids,1,embarrass.xlsx
USGS-IL_EPA_WQX-BE-01,2004-05-26,126.0,mg/L,00530,Total Suspended Solids,1,embarrass.xlsx
USGS-IL_EPA_WQX-BE-01,2004-06-30,22.0,mg/L,00530,Total Suspended Solids,1,embarrass.xlsx
USGS-IL_EPA_WQX-BE-01,2004-08-04,136.0,mg/L,00530,Total Suspended Solids,1,embarrass.xlsx
USGS-IL_EPA_WQX-BE-01,2004-09-15,98.0,mg/L,00530,Total Suspended Solids,1,embarrass.xlsx
USGS-IL_EPA_WQX-BE-01,2004-10-28,174.0,mg/L,00530,Total Suspended Solids,1,embarrass.xlsx
USGS-IL_EPA_WQX-BE-01,2004-12-02,218.0,mg/L,00530,Total Suspended Solids,1,embarrass.xlsx
USGS-IL_EPA_WQX-BE-01,2005-01-26,14.0,mg/L,00530,Total Suspended Solids,1,embarrass.xlsx
USGS-IL_EPA_WQX-BE-01,2005-03-15,14.0,mg/L,00530,Total Suspended Solids,1,embarrass.xlsx
USGS-IL_EPA_WQX-BE-01,2005-04-19,68.0,mg/L,00530,Total Suspended Solids,1,embarrass.xlsx
USGS-IL_EPA_WQX-BE-01,2005-05-09,66.0,mg/L,00530,Total Suspended Solids,1,embarrass.xlsx
USGS-IL_EPA_WQX-BE-01,2005-06-22,20.0,mg/L,00530,Total Suspended Solids,1,embarrass.xlsx
USGS-IL_EPA_WQX-BE-01,2005-09-29,36.0,mg/L,00530,Total Suspended Solids,1,embarrass.xlsx
USGS-IL_EPA_WQX-BE-01,2005-10-26,19.0,mg/L,00530,Total Suspended Solids,1,embarrass.xlsx
USGS-IL_EPA_WQX-BE-01,2006-09-06,54.0,mg/L,00530,Total Suspended Solids,1,embarrass.xlsx
USGS-IL_EPA_WQX-BE-01,2006-10-17,406.0,mg/L,00530,Total Suspended Solids,1,embarrass.xlsx
USGS-IL_EPA_WQX-BE-01,2006-11-28,26.0,mg/L,00530,Total Suspended Solids,1,embarrass.xlsx
USGS-IL_EPA_WQX-BE-01,2007-01-03,134.0,mg/L,00530,Total Suspended Solids,1,embarrass.xlsx
USGS-IL_EPA_WQX-BE-01,2007-03-07,171.0,mg/L,00530,Total Suspended Solids,1,embarrass.xlsx
USGS-IL_EPA_WQX-BE-01,2007-04-18,99.0,mg/L,00530,Total Suspended Solids,1,embarrass.xlsx
USGS-IL_EPA_WQX-BE-01,2007-05-15,141.0,mg/L,00530,Total Suspended Solids,1,embarrass.xlsx
USGS-IL_EPA_WQX-BE-01,2007-06-18,37.0,mg/L,00530,Total Suspended Solids,1,embarrass.xlsx
USGS-IL_EPA_WQX-BE-01,2007-08-22,36.0,mg/L,00530,Total Suspended Solids,1,embarrass.xlsx
USGS-IL_EPA_WQX-BE-01,2007-09-12,38.0,mg/L,00530,Total Suspended Solids,1,embarrass.xlsx
USGS-IL_EPA_WQX-BE-01,2008-05-19,102.0,mg/L,00530,Total Suspended Solids,1,embarrass.xlsx
USGS-IL_EPA_WQX-BE-01,2008-07-01,257.0,mg/L,00530,Total Suspended Solids,1,embarrass.xlsx
USGS-IL_EPA_WQX-BE-01,2008-08-28,47.0,mg/L,00530,Total Suspended Solids,1,embarrass.xlsx
USGS-IL_EPA_WQX-BE-01,2008-09-23,59.0,mg/L,00530,Total Suspended Solids,1,embarrass.xlsx
USGS-IL_EPA_WQX-BE-01,2008-12-16,7.0,mg/L,00530,Total Suspended Solids,1,embarrass.xlsx
USGS-IL_EPA_WQX-BE-01,2009-01-27,25.0,mg/L,00530,Total Suspended Solids,1,embarrass.xlsx
USGS-IL_EPA_WQX-BE-01,2009-02-23,43.0,mg/L,00530,Total Suspended Solids,1,embarrass.xlsx
USGS-IL_EPA_WQX-BE-01,2009-03-24,17.0,mg/L,00530,Total Suspended Solids,1,embarrass.xlsx
USGS-IL_EPA_WQX-BE-01,2009-04-20,120.0,mg/L,00530,Total Suspended Solids,1,embarrass.xlsx
USGS-IL_EPA_WQX-BE-01,2009-06-02,68.0,mg/L,00530,Total Suspended Solids,1,embarrass.xlsx
USGS-IL_EPA_WQX-BE-01,2009-07-07,74.0,mg/L,00530,Total Suspended Solids,1,embarrass.xlsx
USGS-IL_EPA_WQX-BE-01,2009-08-04,58.0,mg/L,00530,Total Suspended Solids,1,embarrass.xlsx
USGS-IL_EPA_WQX-BE-01,2009-09-15,36.0,mg/L,00530,Total Suspended Solids,1,embarrass.xlsx
USGS-IL_EPA_WQX-BE-01,2009-10-21,36.0,mg/L,00530,Total Suspended Solids,1,embarrass.xlsx
USGS-IL_EPA_WQX-BE-01,2009-12-01,51.0,mg/L,00530,Total Suspended Solids,1,embarrass.xlsx
USGS-IL_EPA_WQX-BE-01,2010-01-05,25.0,mg/L,00530,Total Suspended Solids,1,embarrass.xlsx
USGS-IL_EPA_WQX-BE-01,2010-02-16,11.0,mg/L,00530,Total Suspended Solids,1,embarrass.xlsx
USGS-IL_EPA_WQX-BE-01,2010-03-30,181.0,mg/L,00530,Total Suspended Solids,1,embarrass.xlsx
USGS-IL_EPA_WQX-BE-01,2010-05-25,125.0,mg/L,00530,Total Suspended Solids,1,embarrass.xlsx
USGS-IL_EPA_WQX-BE-01,2010-06-29,259.0,mg/L,00530,Total Suspended Solids,1,embarrass.xlsx
USGS-IL_EPA_WQX-BE-01,2010-08-03,44.0,mg/L,00530,Total Suspended Solids,1,embarrass.xlsx
USGS-IL_EPA_WQX-BE-01,2010-09-21,22.0,mg/L,00530,Total Suspended Solids,1,embarrass.xlsx
USGS-IL_EPA_WQX-BE-01,2010-11-02,31.0,mg/L,00530,Total Suspended Solids,1,embarrass.xlsx
USGS-IL_EPA_WQX-BE-01,2010-12-07,10.0,mg/L,00530,Total Suspended Solids,1,embarrass.xlsx
USGS-IL_EPA_WQX-BE-01,2011-01-25,9.0,mg/L,00530,Total Suspended Solids,1,embarrass.xlsx
USGS-IL_EPA_WQX-BE-01,2011-03-23,126.0,mg/L,00530,Total Suspended Solids,1,embarrass.xlsx
USGS-IL_EPA_WQX-BE-01,2011-04-19,84.0,mg/L,00530,Total Suspended Solids,1,embarrass.xlsx
USGS-IL_EPA_WQX-BE-01,2011-05-24,41.0,mg/L,00530,Total Suspended Solids,1,embarrass.xlsx
USGS-IL_EPA_WQX-BE-01,2011-07-12,63.0,mg/L,00530,Total Suspended Solids,1,embarrass.xlsx
USGS-IL_EPA_WQX-BE-01,2011-08-09,45.0,mg/L,00530,Total Suspended Solids,1,embarrass.xlsx
USGS-IL_EPA_WQX-BE-01,2011-09-27,95.0,mg/L,00530,Total Suspended Solids,1,embarrass.xlsx
USGS-IL_EPA_WQX-BE-01,2011-11-01,22.0,mg/L,00530,Total Suspended Solids,1,embarrass.xlsx
USGS-IL_EPA_WQX-BE-01,2011-12-13,18.0,mg/L,00530,Total Suspended Solids,1,embarrass.xlsx
USGS-IL_EPA_WQX-BE-01,2012-02-28,15.0,mg/L,00530,Total Suspended Solids,1,embarrass.xlsx
USGS-IL_EPA_WQX-BE-01,2012-03-27,45.0,mg/L,00530,Total Suspended Solids,1,embarrass.xlsx
USGS-IL_EPA_WQX-BE-01,2012-04-24,45.0,mg/L,00530,Total Suspended Solids,1,embarrass.xlsx
USGS-IL_EPA_WQX-BE-01,2012-05-22,65.0,mg/L,00530,Total Suspended Solids,1,embarrass.xlsx
USGS-IL_EPA_WQX-BE-01,2012-07-10,61.0,mg/L,00530,Total Suspended Solids,1,embarrass.xlsx
USGS-IL_EPA_WQX-BE-01,2012-08-07,66.0,mg/L,00530,Total Suspended Solids,1,embarrass.xlsx
USGS-IL_EPA_WQX-BE-01,2012-09-25,35.0,mg/L,00530,Total Suspended Solids,1,embarrass.xlsx
USGS-IL_EPA_WQX-BE-01,2012-10-30,12.0,mg/L,00530,Total Suspended Solids,1,embarrass.xlsx
USGS-IL_EPA_WQX-BE-01,2012-11-27,7.0,mg/L,00530,Total Suspended Solids,1,embarrass.xlsx
USGS-IL_EPA_WQX-BE-01,2013-01-29,26.0,mg/L,00530,Total Suspended Solids,1,embarrass.xlsx
USGS-IL_EPA_WQX-BE-01,2013-03-05,165.0,mg/L,00530,Total Suspended Solids,1,embarrass.xlsx
USGS-IL_EPA_WQX-BE-01,2013-04-09,45.0,mg/L,00530,Total Suspended Solids,1,embarrass.xlsx
USGS-IL_EPA_WQX-BE-01,2013-05-21,83.0,mg/L,00530,Total Suspended Solids,1,embarrass.xlsx
USGS-IL_EPA_WQX-BE-01,2013-06-25,446.0,mg/L,00530,Total Suspended Solids,1,embarrass.xlsx
USGS-IL_EPA_WQX-BE-01,2013-08-06,70.0,mg/L,00530,Total Suspended Solids,1,embarrass.xlsx
USGS-IL_EPA_WQX-BE-01,2013-09-24,36.0,mg/L,00530,Total Suspended Solids,1,embarrass.xlsx
USGS-IL_EPA_WQX-BE-01,2013-10-22,25.0,mg/L,00530,Total Suspended Solids,1,embarrass.xlsx
USGS-IL_EPA_WQX-BE-01,2013-11-19,400.0,mg/L,00530,Total Suspended Solids,1,embarrass.xlsx
USGS-IL_EPA_WQX-BE-01,2014-01-28,40.0,mg/L,00530,Total Suspended Solids,1,embarrass.xlsx
USGS-IL_EPA_WQX-BE-01,2014-03-18,212.0,mg/L,00530,Total Suspended Solids,1,embarrass.xlsx
USGS-IL_EPA_WQX-BE-01,2014-04-22,63.0,mg/L,00530,Total Suspended Solids,1,embarrass.xlsx
USGS-IL_EPA_WQX-BE-01,2014-05-20,161.0,mg/L,00530,Total Suspended Solids,1,embarrass.xlsx
USGS-IL_EPA_WQX-BE-01,2014-06-24,111.0,mg/L,00530,Total Suspended Solids,1,embarrass.xlsx
USGS-IL_EPA_WQX-BE-01,2014-08-05,72.0,mg/L,00530,Total Suspended Solids,1,embarrass.xlsx
USGS-IL_EPA_WQX-BE-01,2014-09-09,51.0,mg/L,00530,Total Suspended Solids,1,embarrass.xlsx
USGS-IL_EPA_WQX-BE-01,2014-10-21,40.0,mg/L,00530,Total Suspended Solids,1,embarrass.xlsx
USGS-IL_EPA_WQX-BE-01,2014-12-02,16.0,mg/L,00530,Total Suspended Solids,1,embarrass.xlsx
USGS-IL_EPA_WQX-BE-01,2015-01-27,10.0,mg/L,00530,Total Suspended Solids,1,embarrass.xlsx
USGS-IL_EPA_WQX-BE-01,2015-03-03,5.0,mg/L,00530,Total Suspended Solids,1,embarrass.xlsx
USGS-IL_EPA_WQX-BE-01,2015-04-14,203.0,mg/L,00530,Total Suspended Solids,1,embarrass.xlsx
USGS-IL_EPA_WQX-BE-01,2015-05-19,107.0,mg/L,00530,Total Suspended Solids,1,embarrass.xlsx
USGS-IL_EPA_WQX-BE-01,2015-07-14,35.0,mg/L,00530,Total Suspended Solids,1,embarrass.xlsx
USGS-IL_EPA_WQX-BE-01,2015-08-11,48.0,mg/L,00530,Total Suspended Solids,1,embarrass.xlsx
USGS-IL_EPA_WQX-BE-01,2015-09-15,63.0,mg/L,00530,Total Suspended Solids,1,embarrass.xlsx
USGS-IL_EPA_WQX-BE-01,2015-11-03,40.0,mg/L,00530,Total Suspended Solids,1,embarrass.xlsx
USGS-IL_EPA_WQX-BE-01,2015-12-08,22.0,mg/L,00530,Total Suspended Solids,1,embarrass.xlsx
USGS-IL_EPA_WQX-BE-01,2016-01-26,14.0,mg/L,00530,Total Suspended Solids,1,embarrass.xlsx
USGS-IL_EPA_WQX-BE-01,2016-03-01,150.0,mg/L,00530,Total Suspended Solids,1,embarrass.xlsx
USGS-IL_EPA_WQX-BE-01,2016-04-12,676.0,mg/L,00530,Total Suspended Solids,1,embarrass.xlsx
USGS-IL_EPA_WQX-BE-01,2016-05-17,111.0,mg/L,00530,Total Suspended Solids,1,embarrass.xlsx
USGS-IL_EPA_WQX-BE-01,2016-06-21,123.0,mg/L,00530,Total Suspended Solids,1,embarrass.xlsx
USGS-IL_EPA_WQX-BE-01,2016-08-02,122.0,mg/L,00530,Total Suspended Solids,1,embarrass.xlsx
USGS-IL_EPA_WQX-BE-01,2016-09-20,92.0,mg/L,00530,Total Suspended Solids,1,embarrass.xlsx
USGS-IL_EPA_WQX-BE-01,2016-11-08,18.0,mg/L,00530,Total Suspended Solids,1,embarrass.xlsx
USGS-IL_EPA_WQX-BE-01,2016-12-13,10.0,mg/L,00530,Total Suspended Solids,1,embarrass.xlsx
USGS-IL_EPA_WQX-BE-01,2017-01-24,166.0,mg/L,00530,Total Suspended Solids,1,embarrass.xlsx
USGS-IL_EPA_WQX-BE-01,2017-03-07,120.0,mg/L,00530,Total Suspended Solids,1,embarrass.xlsx
USGS-IL_EPA_WQX-BE-01,2017-04-11,164.0,mg/L,00530,Total Suspended Solids,1,embarrass.xlsx
USGS-IL_EPA_WQX-BE-01,2017-05-30,47.0,mg/L,00530,Total Suspended Solids,1,embarrass.xlsx
USGS-IL_EPA_WQX-BE-01,2017-06-27,120.0,mg/L,00530,Total Suspended Solids,1,embarrass.xlsx
USGS-IL_EPA_WQX-BE-01,2017-08-08,51.0,mg/L,00530,Total Suspended Solids,1,embarrass.xlsx
USGS-IL_EPA_WQX-BE-01,2017-09-19,197.0,mg/L,00530,Total Suspended Solids,1,embarrass.xlsx
USGS-IL_EPA_WQX-BE-01,2017-10-24,44.0,mg/L,00530,Total Suspended Solids,1,embarrass.xlsx
USGS-IL_EPA_WQX-BE-01,2017-12-12,18.0,mg/L,00530,Total Suspended Solids,1,embarrass.xlsx
USGS-IL_EPA_WQX-BE-01,2018-01-23,283.0,mg/L,00530,Total Suspended Solids,1,embarrass.xlsx
USGS-IL_EPA_WQX-BE-01,2018-04-24,33.0,mg/L,00530,Total Suspended Solids,1,embarrass.xlsx
USGS-IL_EPA_WQX-BE-01,2018-06-05,102.0,mg/L,00530,Total Suspended Solids,1,embarrass.xlsx
USGS-IL_EPA_WQX-BE-01,2018-07-17,129.0,mg/L,00530,Total Suspended Solids,1,embarrass.xlsx
USGS-IL_EPA_WQX-BE-01,2018-08-21,137.0,mg/L,00530,Total Suspended Solids,1,embarrass.xlsx
USGS-IL_EPA_WQX-BE-01,2018-09-25,44.0,mg/L,00530,Total Suspended Solids,1,embarrass.xlsx
USGS-IL_EPA_WQX-BE-01,2018-11-05,109.0,mg/L,00530,Total Suspended Solids,1,embarrass.xlsx
USGS-IL_EPA_WQX-BE-01,2018-12-11,14.0,mg/L,00530,Total Suspended Solids,1,embarrass.xlsx
USGS-IL_EPA_WQX-BE-01,2019-03-06,16.0,mg/L,00530,Total Suspended Solids,1,embarrass.xlsx
USGS-IL_EPA_WQX-BE-01,2019-07-25,92.0,mg/L,00530,Total Suspended Solids,1,embarrass.xlsx
USGS-IL_EPA_WQX-BE-01,2019-09-05,60.0,mg/L,00530,Total Suspended Solids,1,embarrass.xlsx
USGS-IL_EPA_WQX-BE-01,2019-10-17,31.0,mg/L,00530,Total Suspended Solids,1,embarrass.xlsx
USGS-IL_EPA_WQX-BE-01,2019-12-04,156.0,mg/L,00530,Total Suspended Solids,1,embarrass.xlsx
USGS-IL_EPA_WQX-BE-01,2020-03-03,236.0,mg/L,00530,Total Suspended Solids,1,embarrass.xlsx
USGS-IL_EPA_WQX-BE-01,2020-06-16,78.0,mg/L,00530,Total Suspended Solids,1,embarrass.xlsx
USGS-IL_EPA_WQX-BE-01,2020-07-29,76.0,mg/L,00530,Total Suspended Solids,1,embarrass.xlsx
USGS-IL_EPA_WQX-BE-01,2020-09-17,38.0,mg/L,00530,Total Suspended Solids,1,embarrass.xlsx
USGS-IL_EPA_WQX-BE-01,2020-11-04,24.0,mg/L,00530,Total Suspended Solids,1,embarrass.xlsx
USGS-IL_EPA_WQX-BE-01,2020-12-16,34.0,mg/L,00530,Total Suspended Solids,1,embarrass.xlsx
USGS-IL_EPA_WQX-BE-01,2021-01-27,94.0,mg/L,00530,Total Suspended Solids,1,embarrass.xlsx
USGS-IL_EPA_WQX-BE-01,2021-03-10,90.0,mg/L,00530,Total Suspended Solids,1,embarrass.xlsx
USGS-IL_EPA_WQX-BE-01,2021-04-20,58.0,mg/L,00530,Total Suspended Solids,1,embarrass.xlsx
USGS-IL_EPA_WQX-BE-01,2021-05-25,142.0,mg/L,00530,Total Suspended Solids,1,embarrass.xlsx
USGS-IL_EPA_WQX-BE-01,2021-06-29,743.0,mg/L,00530,Total Suspended Solids,1,embarrass.xlsx
USGS-IL_EPA_WQX-BE-01,2021-08-18,31.0,mg/L,00530,Total Suspended Solids,1,embarrass.xlsx
USGS-IL_EPA_WQX-BE-01,2021-09-29,80.0,mg/L,00530,Total Suspended Solids,1,embarrass.xlsx
USGS-IL_EPA_WQX-BE-01,2021-11-09,27.0,mg/L,00530,Total Suspended Solids,1,embarrass.xlsx
USGS-IL_EPA_WQX-BE-01,2021-12-15,123.0,mg/L,00530,Total Suspended Solids,1,embarrass.xlsx
USGS-IL_EPA_WQX-BE-01,2022-02-16,113.0,mg/L,00530,Total Suspended Solids,1,embarrass.xlsx
USGS-IL_EPA_WQX-BE-01,2022-04-11,80.0,mg/L,00530,Total Suspended Solids,1,embarrass.xlsx
USGS-IL_EPA_WQX-BE-01,2022-05-26,106.0,mg/L,00530,Total Suspended Solids,1,embarrass.xlsx
USGS-IL_EPA_WQX-BE-01,2022-06-21,101.0,mg/L,00530,Total Suspended Solids,1,embarrass.xlsx
USGS-IL_EPA_WQX-BE-01,2022-07-26,617.0,mg/L,00530,Total Suspended Solids,1,embarrass.xlsx
USGS-IL_EPA_WQX-BE-01,2022-09-27,19.0,mg/L,00530,Total Suspended Solids,1,embarrass.xlsx
USGS-IL_EPA_WQX-BE-03,2001-06-21,98.0,mg/L,00530,Total Suspended Solids,1,embarrass.xlsx
USGS-IL_EPA_WQX-BE-03,2001-08-06,75.0,mg/L,00530,Total Suspended Solids,1,embarrass.xlsx
USGS-IL_EPA_WQX-BE-03,2001-09-25,57.0,mg/L,00530,Total Suspended Solids,1,embarrass.xlsx
USGS-IL_EPA_WQX-BE-03,2011-06-08,60.0,mg/L,00530,Total Suspended Solids,1,embarrass.xlsx
USGS-IL_EPA_WQX-BE-03,2011-06-15,6.0,mg/L,00530,Total Suspended Solids,1,embarrass.xlsx
USGS-IL_EPA_WQX-BE-03,2011-07-11,53.0,mg/L,00530,Total Suspended Solids,1,embarrass.xlsx
USGS-IL_EPA_WQX-BE-03,2011-07-12,50.0,mg/L,00530,Total Suspended Solids,1,embarrass.xlsx
USGS-IL_EPA_WQX-BE-03,2011-08-16,36.0,mg/L,00530,Total Suspended Solids,1,embarrass.xlsx
USGS-IL_EPA_WQX-BE-03,2011-09-29,39.0,mg/L,00530,Total Suspended Solids,1,embarrass.xlsx
USGS-IL_EPA_WQX-BE-03,2016-05-25,76.0,mg/L,00530,Total Suspended Solids,1,embarrass.xlsx
USGS-IL_EPA_WQX-BE-03,2016-06-16,163.0,mg/L,00530,Total Suspended Solids,1,embarrass.xlsx
USGS-IL_EPA_WQX-BE-03,2016-08-03,40.0,mg/L,00530,Total Suspended Solids,1,embarrass.xlsx
USGS-IL_EPA_WQX-BE-03,2016-08-10,46.0,mg/L,00530,Total Suspended Solids,1,embarrass.xlsx
USGS-IL_EPA_WQX-BE-03,2016-09-06,40.0,mg/L,00530,Total Suspended Solids,1,embarrass.xlsx
USGS-IL_EPA_WQX-BE-07,1999-01-20,127.0,mg/L,00530,Total Suspended Solids,1,embarrass.xlsx
USGS-IL_EPA_WQX-BE-07,1999-03-10,113.0,mg/L,00530,Total Suspended Solids,1,embarrass.xlsx
USGS-IL_EPA_WQX-BE-07,1999-04-21,61.0,mg/L,00530,Total Suspended Solids,1,embarrass.xlsx
USGS-IL_EPA_WQX-BE-07,1999-05-26,21.0,mg/L,00530,Total Suspended Solids,1,embarrass.xlsx
USGS-IL_EPA_WQX-BE-07,1999-06-08,66.0,mg/L,00530,Total Suspended Solids,1,embarrass.xlsx
USGS-IL_EPA_WQX-BE-07,1999-07-20,10.0,mg/L,00530,Total Suspended Solids,1,embarrass.xlsx
USGS-IL_EPA_WQX-BE-07,1999-09-21,9.0,mg/L,00530,Total Suspended Solids,1,embarrass.xlsx
USGS-IL_EPA_WQX-BE-07,1999-10-27,7.0,mg/L,00530,Total Suspended Solids,1,embarrass.xlsx
USGS-IL_EPA_WQX-BE-07,1999-12-07,4.0,mg/L,00530,Total Suspended Solids,1,embarrass.xlsx
USGS-IL_EPA_WQX-BE-07,2000-01-04,11.0,mg/L,00530,Total Suspended Solids,1,embarrass.xlsx
USGS-IL_EPA_WQX-BE-07,2000-03-13,20.0,mg/L,00530,Total Suspended Solids,1,embarrass.xlsx
USGS-IL_EPA_WQX-BE-07,2000-04-26,48.0,mg/L,00530,Total Suspended Solids,1,embarrass.xlsx
USGS-IL_EPA_WQX-BE-07,2000-05-23,65.0,mg/L,00530,Total Suspended Solids,1,embarrass.xlsx
USGS-IL_EPA_WQX-BE-07,2000-06-21,101.0,mg/L,00530,Total Suspended Solids,1,embarrass.xlsx
USGS-IL_EPA_WQX-BE-07,2000-07-10,11.0,mg/L,00530,Total Suspended Solids,1,embarrass.xlsx
USGS-IL_EPA_WQX-BE-07,2000-09-26,135.0,mg/L,00530,Total Suspended Solids,1,embarrass.xlsx
USGS-IL_EPA_WQX-BE-07,2000-10-24,15.0,mg/L,00530,Total Suspended Solids,1,embarrass.xlsx
USGS-IL_EPA_WQX-BE-07,2000-11-28,111.0,mg/L,00530,Total Suspended Solids,1,embarrass.xlsx
USGS-IL_EPA_WQX-BE-07,2001-01-31,947.0,mg/L,00530,Total Suspended Solids,1,embarrass.xlsx
USGS-IL_EPA_WQX-BE-07,2001-03-06,53.0,mg/L,00530,Total Suspended Solids,1,embarrass.xlsx
USGS-IL_EPA_WQX-BE-07,2001-04-19,58.0,mg/L,00530,Total Suspended Solids,1,embarrass.xlsx
USGS-IL_EPA_WQX-BE-07,2001-06-06,867.0,mg/L,00530,Total Suspended Solids,1,embarrass.xlsx
USGS-IL_EPA_WQX-BE-07,2001-08-07,62.0,mg/L,00530,Total Suspended Solids,1,embarrass.xlsx
USGS-IL_EPA_WQX-BE-07,2001-10-23,136.0,mg/L,00530,Total Suspended Solids,1,embarrass.xlsx
USGS-IL_EPA_WQX-BE-07,2001-11-14,16.0,mg/L,00530,Total Suspended Solids,1,embarrass.xlsx
USGS-IL_EPA_WQX-BE-07,2002-01-23,7.0,mg/L,00530,Total Suspended Solids,1,embarrass.xlsx
USGS-IL_EPA_WQX-BE-07,2002-03-12,346.0,mg/L,00530,Total Suspended Solids,1,embarrass.xlsx
USGS-IL_EPA_WQX-BE-07,2002-04-17,64.0,mg/L,00530,Total Suspended Solids,1,embarrass.xlsx
USGS-IL_EPA_WQX-BE-07,2002-05-15,232.0,mg/L,00530,Total Suspended Solids,1,embarrass.xlsx
USGS-IL_EPA_WQX-BE-07,2002-06-11,91.0,mg/L,00530,Total Suspended Solids,1,embarrass.xlsx
USGS-IL_EPA_WQX-BE-07,2002-07-25,99.0,mg/L,00530,Total Suspended Solids,1,embarrass.xlsx
USGS-IL_EPA_WQX-BE-07,2002-09-04,50.0,mg/L,00530,Total Suspended Solids,1,embarrass.xlsx
USGS-IL_EPA_WQX-BE-07,2002-11-07,6.0,mg/L,00530,Total Suspended Solids,1,embarrass.xlsx
USGS-IL_EPA_WQX-BE-07,2002-12-03,4.0,mg/L,00530,Total Suspended Solids,1,embarrass.xlsx
USGS-IL_EPA_WQX-BE-07,2003-01-13,8.0,mg/L,00530,Total Suspended Solids,1,embarrass.xlsx
USGS-IL_EPA_WQX-BE-07,2003-03-17,43.0,mg/L,00530,Total Suspended Solids,1,embarrass.xlsx
USGS-IL_EPA_WQX-BE-07,2003-04-09,31.0,mg/L,00530,Total Suspended Solids,1,embarrass.xlsx
USGS-IL_EPA_WQX-BE-07,2003-05-27,93.0,mg/L,00530,Total Suspended Solids,1,embarrass.xlsx
USGS-IL_EPA_WQX-BE-07,2003-06-30,39.0,mg/L,00530,Total Suspended Solids,1,embarrass.xlsx
USGS-IL_EPA_WQX-BE-07,2003-08-11,42.0,mg/L,00530,Total Suspended Solids,1,embarrass.xlsx
USGS-IL_EPA_WQX-BE-07,2003-09-22,80.0,mg/L,00530,Total Suspended Solids,1,embarrass.xlsx
USGS-IL_EPA_WQX-BE-07,2003-11-03,11.0,mg/L,00530,Total Suspended Solids,1,embarrass.xlsx
USGS-IL_EPA_WQX-BE-07,2003-12-08,25.0,mg/L,00530,Total Suspended Solids,1,embarrass.xlsx
USGS-IL_EPA_WQX-BE-07,2004-01-26,25.0,mg/L,00530,Total Suspended Solids,1,embarrass.xlsx
USGS-IL_EPA_WQX-BE-07,2004-03-08,322.0,mg/L,00530,Total Suspended Solids,1,embarrass.xlsx
USGS-IL_EPA_WQX-BE-07,2004-04-19,54.0,mg/L,00530,Total Suspended Solids,1,embarrass.xlsx
USGS-IL_EPA_WQX-BE-07,2004-05-24,152.0,mg/L,00530,Total Suspended Solids,1,embarrass.xlsx
USGS-IL_EPA_WQX-BE-07,2004-06-21,138.0,mg/L,00530,Total Suspended Solids,1,embarrass.xlsx
USGS-IL_EPA_WQX-BE-07,2004-08-02,125.0,mg/L,00530,Total Suspended Solids,1,embarrass.xlsx
USGS-IL_EPA_WQX-BE-07,2004-09-13,40.0,mg/L,00530,Total Suspended Solids,1,embarrass.xlsx
USGS-IL_EPA_WQX-BE-07,2004-10-28,98.0,mg/L,00530,Total Suspended Solids,1,embarrass.xlsx
USGS-IL_EPA_WQX-BE-07,2004-12-01,314.0,mg/L,00530,Total Suspended Solids,1,embarrass.xlsx
USGS-IL_EPA_WQX-BE-07,2005-01-25,40.0,mg/L,00530,Total Suspended Solids,1,embarrass.xlsx
USGS-IL_EPA_WQX-BE-07,2005-03-16,6.0,mg/L,00530,Total Suspended Solids,1,embarrass.xlsx
USGS-IL_EPA_WQX-BE-07,2005-04-19,64.0,mg/L,00530,Total Suspended Solids,1,embarrass.xlsx
USGS-IL_EPA_WQX-BE-07,2005-05-10,60.0,mg/L,00530,Total Suspended Solids,1,embarrass.xlsx
USGS-IL_EPA_WQX-BE-07,2005-06-22,36.0,mg/L,00530,Total Suspended Solids,1,embarrass.xlsx
USGS-IL_EPA_WQX-BE-07,2005-09-28,39.0,mg/L,00530,Total Suspended Solids,1,embarrass.xlsx
USGS-IL_EPA_WQX-BE-07,2005-10-27,37.0,mg/L,00530,Total Suspended Solids,1,embarrass.xlsx
USGS-IL_EPA_WQX-BE-07,2006-09-14,73.0,mg/L,00530,Total Suspended Solids,1,embarrass.xlsx
USGS-IL_EPA_WQX-BE-07,2006-10-18,88.0,mg/L,00530,Total Suspended Solids,1,embarrass.xlsx
USGS-IL_EPA_WQX-BE-07,2006-11-13,10.0,mg/L,00530,Total Suspended Solids,1,embarrass.xlsx
USGS-IL_EPA_WQX-BE-07,2007-01-08,137.0,mg/L,00530,Total Suspended Solids,1,embarrass.xlsx
USGS-IL_EPA_WQX-BE-07,2008-05-29,28.0,mg/L,00530,Total Suspended Solids,1,embarrass.xlsx
USGS-IL_EPA_WQX-BE-07,2008-06-30,350.0,mg/L,00530,Total Suspended Solids,1,embarrass.xlsx
USGS-IL_EPA_WQX-BE-07,2008-08-27,63.0,mg/L,00530,Total Suspended Solids,1,embarrass.xlsx
USGS-IL_EPA_WQX-BE-07,2008-09-24,49.0,mg/L,00530,Total Suspended Solids,1,embarrass.xlsx
USGS-IL_EPA_WQX-BE-07,2008-12-16,12.0,mg/L,00530,Total Suspended Solids,1,embarrass.xlsx
USGS-IL_EPA_WQX-BE-07,2009-01-27,10.0,mg/L,00530,Total Suspended Solids,1,embarrass.xlsx
USGS-IL_EPA_WQX-BE-07,2009-03-24,27.0,mg/L,00530,Total Suspended Solids,1,embarrass.xlsx
USGS-IL_EPA_WQX-BE-07,2009-04-21,245.0,mg/L,00530,Total Suspended Solids,1,embarrass.xlsx
USGS-IL_EPA_WQX-BE-07,2009-06-02,91.0,mg/L,00530,Total Suspended Solids,1,embarrass.xlsx
USGS-IL_EPA_WQX-BE-07,2009-07-07,176.0,mg/L,00530,Total Suspended Solids,1,embarrass.xlsx
USGS-IL_EPA_WQX-BE-07,2009-08-04,69.0,mg/L,00530,Total Suspended Solids,1,embarrass.xlsx
USGS-IL_EPA_WQX-BE-07,2009-09-15,31.0,mg/L,00530,Total Suspended Solids,1,embarrass.xlsx
USGS-IL_EPA_WQX-BE-07,2009-10-20,24.0,mg/L,00530,Total Suspended Solids,1,embarrass.xlsx
USGS-IL_EPA_WQX-BE-07,2009-12-01,34.0,mg/L,00530,Total Suspended Solids,1,embarrass.xlsx
USGS-IL_EPA_WQX-BE-07,2010-01-05,37.0,mg/L,00530,Total Suspended Solids,1,embarrass.xlsx
USGS-IL_EPA_WQX-BE-07,2010-02-16,12.0,mg/L,00530,Total Suspended Solids,1,embarrass.xlsx
USGS-IL_EPA_WQX-BE-07,2010-03-30,194.0,mg/L,00530,Total Suspended Solids,1,embarrass.xlsx
USGS-IL_EPA_WQX-BE-07,2010-05-25,109.0,mg/L,00530,Total Suspended Solids,1,embarrass.xlsx
USGS-IL_EPA_WQX-BE-07,2010-06-29,211.0,mg/L,00530,Total Suspended Solids,1,embarrass.xlsx
USGS-IL_EPA_WQX-BE-07,2010-08-03,95.0,mg/L,00530,Total Suspended Solids,1,embarrass.xlsx
USGS-IL_EPA_WQX-BE-07,2010-09-21,38.0,mg/L,00530,Total Suspended Solids,1,embarrass.xlsx
USGS-IL_EPA_WQX-BE-07,2010-11-02,5.0,mg/L,00530,Total Suspended Solids,1,embarrass.xlsx
USGS-IL_EPA_WQX-BE-07,2010-12-07,12.0,mg/L,00530,Total Suspended Solids,1,embarrass.xlsx
USGS-IL_EPA_WQX-BE-07,2011-01-25,16.0,mg/L,00530,Total Suspended Solids,1,embarrass.xlsx
USGS-IL_EPA_WQX-BE-07,2011-03-08,119.0,mg/L,00530,Total Suspended Solids,1,embarrass.xlsx
USGS-IL_EPA_WQX-BE-07,2011-04-19,31.0,mg/L,00530,Total Suspended Solids,1,embarrass.xlsx
USGS-IL_EPA_WQX-BE-07,2011-05-24,68.0,mg/L,00530,Total Suspended Solids,1,embarrass.xlsx
USGS-IL_EPA_WQX-BE-07,2011-06-08,74.0,mg/L,00530,Total Suspended Solids,1,embarrass.xlsx
USGS-IL_EPA_WQX-BE-07,2011-06-15,8.0,mg/L,00530,Total Suspended Solids,1,embarrass.xlsx
USGS-IL_EPA_WQX-BE-07,2011-07-12,69.0,mg/L,00530,Total Suspended Solids,1,embarrass.xlsx
USGS-IL_EPA_WQX-BE-07,2011-08-09,33.0,mg/L,00530,Total Suspended Solids,1,embarrass.xlsx
USGS-IL_EPA_WQX-BE-07,2011-08-17,20.0,mg/L,00530,Total Suspended Solids,1,embarrass.xlsx
USGS-IL_EPA_WQX-BE-07,2011-09-19,9.0,mg/L,00530,Total Suspended Solids,1,embarrass.xlsx
USGS-IL_EPA_WQX-BE-07,2011-09-27,17.0,mg/L,00530,Total Suspended Solids,1,embarrass.xlsx
USGS-IL_EPA_WQX-BE-07,2011-11-01,8.0,mg/L,00530,Total Suspended Solids,1,embarrass.xlsx
USGS-IL_EPA_WQX-BE-07,2011-12-13,25.0,mg/L,00530,Total Suspended Solids,1,embarrass.xlsx
USGS-IL_EPA_WQX-BE-07,2012-02-28,9.0,mg/L,00530,Total Suspended Solids,1,embarrass.xlsx
USGS-IL_EPA_WQX-BE-07,2012-03-27,25.0,mg/L,00530,Total Suspended Solids,1,embarrass.xlsx
USGS-IL_EPA_WQX-BE-07,2012-04-24,39.0,mg/L,00530,Total Suspended Solids,1,embarrass.xlsx
USGS-IL_EPA_WQX-BE-07,2012-05-22,46.0,mg/L,00530,Total Suspended Solids,1,embarrass.xlsx
USGS-IL_EPA_WQX-BE-07,2012-07-10,7.0,mg/L,00530,Total Suspended Solids,1,embarrass.xlsx
USGS-IL_EPA_WQX-BE-07,2012-08-07,45.0,mg/L,00530,Total Suspended Solids,1,embarrass.xlsx
USGS-IL_EPA_WQX-BE-07,2012-09-25,25.0,mg/L,00530,Total Suspended Solids,1,embarrass.xlsx
USGS-IL_EPA_WQX-BE-07,2012-10-30,8.0,mg/L,00530,Total Suspended Solids,1,embarrass.xlsx
USGS-IL_EPA_WQX-BE-07,2013-01-29,71.0,mg/L,00530,Total Suspended Solids,1,embarrass.xlsx
USGS-IL_EPA_WQX-BE-07,2013-03-05,122.0,mg/L,00530,Total Suspended Solids,1,embarrass.xlsx
USGS-IL_EPA_WQX-BE-07,2013-04-08,41.0,mg/L,00530,Total Suspended Solids,1,embarrass.xlsx
USGS-IL_EPA_WQX-BE-07,2013-05-21,58.0,mg/L,00530,Total Suspended Solids,1,embarrass.xlsx
USGS-IL_EPA_WQX-BE-07,2013-06-25,383.0,mg/L,00530,Total Suspended Solids,1,embarrass.xlsx
USGS-IL_EPA_WQX-BE-07,2013-08-06,105.0,mg/L,00530,Total Suspended Solids,1,embarrass.xlsx
USGS-IL_EPA_WQX-BE-07,2013-09-24,23.0,mg/L,00530,Total Suspended Solids,1,embarrass.xlsx
USGS-IL_EPA_WQX-BE-07,2013-10-22,4.0,mg/L,00530,Total Suspended Solids,1,embarrass.xlsx
USGS-IL_EPA_WQX-BE-07,2013-11-19,100.0,mg/L,00530,Total Suspended Solids,1,embarrass.xlsx
USGS-IL_EPA_WQX-BE-07,2014-01-28,19.0,mg/L,00530,Total Suspended Solids,1,embarrass.xlsx
USGS-IL_EPA_WQX-BE-07,2014-03-18,130.0,mg/L,00530,Total Suspended Solids,1,embarrass.xlsx
USGS-IL_EPA_WQX-BE-07,2014-04-22,39.0,mg/L,00530,Total Suspended Solids,1,embarrass.xlsx
USGS-IL_EPA_WQX-BE-07,2014-05-20,127.0,mg/L,00530,Total Suspended Solids,1,embarrass.xlsx
USGS-IL_EPA_WQX-BE-07,2014-06-24,62.0,mg/L,00530,Total Suspended Solids,1,embarrass.xlsx
USGS-IL_EPA_WQX-BE-07,2014-08-05,61.0,mg/L,00530,Total Suspended Solids,1,embarrass.xlsx
USGS-IL_EPA_WQX-BE-07,2014-09-08,42.0,mg/L,00530,Total Suspended Solids,1,embarrass.xlsx
USGS-IL_EPA_WQX-BE-07,2014-10-21,62.0,mg/L,00530,Total Suspended Solids,1,embarrass.xlsx
USGS-IL_EPA_WQX-BE-07,2014-12-02,16.0,mg/L,00530,Total Suspended Solids,1,embarrass.xlsx
USGS-IL_EPA_WQX-BE-07,2015-01-26,9.0,mg/L,00530,Total Suspended Solids,1,embarrass.xlsx
USGS-IL_EPA_WQX-BE-07,2015-03-03,6.0,mg/L,00530,Total Suspended Solids,1,embarrass.xlsx
USGS-IL_EPA_WQX-BE-07,2015-04-14,162.0,mg/L,00530,Total Suspended Solids,1,embarrass.xlsx
USGS-IL_EPA_WQX-BE-07,2015-05-18,101.0,mg/L,00530,Total Suspended Solids,1,embarrass.xlsx
USGS-IL_EPA_WQX-BE-07,2015-06-30,465.0,mg/L,00530,Total Suspended Solids,1,embarrass.xlsx
USGS-IL_EPA_WQX-BE-07,2015-08-10,66.0,mg/L,00530,Total Suspended Solids,1,embarrass.xlsx
USGS-IL_EPA_WQX-BE-07,2015-09-15,42.0,mg/L,00530,Total Suspended Solids,1,embarrass.xlsx
USGS-IL_EPA_WQX-BE-07,2015-11-02,8.0,mg/L,00530,Total Suspended Solids,1,embarrass.xlsx
USGS-IL_EPA_WQX-BE-07,2015-12-08,24.0,mg/L,00530,Total Suspended Solids,1,embarrass.xlsx
USGS-IL_EPA_WQX-BE-07,2016-01-25,10.0,mg/L,00530,Total Suspended Solids,1,embarrass.xlsx
USGS-IL_EPA_WQX-BE-07,2016-02-29,136.0,mg/L,00530,Total Suspended Solids,1,embarrass.xlsx
USGS-IL_EPA_WQX-BE-07,2016-04-12,540.0,mg/L,00530,Total Suspended Solids,1,embarrass.xlsx
USGS-IL_EPA_WQX-BE-07,2016-05-16,94.0,mg/L,00530,Total Suspended Solids,1,embarrass.xlsx
USGS-IL_EPA_WQX-BE-07,2016-06-13,181.0,mg/L,00530,Total Suspended Solids,1,embarrass.xlsx
USGS-IL_EPA_WQX-BE-07,2016-06-20,129.0,mg/L,00530,Total Suspended Solids,1,embarrass.xlsx
USGS-IL_EPA_WQX-BE-07,2016-08-02,91.0,mg/L,00530,Total Suspended Solids,2,embarrass.xlsx
USGS-IL_EPA_WQX-BE-07,2016-08-10,43.0,mg/L,00530,Total Suspended Solids,1,embarrass.xlsx
USGS-IL_EPA_WQX-BE-07,2016-09-07,43.0,mg/L,00530,Total Suspended Solids,1,embarrass.xlsx
USGS-IL_EPA_WQX-BE-07,2016-09-19,92.0,mg/L,00530,Total Suspended Solids,1,embarrass.xlsx
USGS-IL_EPA_WQX-BE-07,2016-10-05,25.0,mg/L,00530,Total Suspended Solids,1,embarrass.xlsx
USGS-IL_EPA_WQX-BE-07,2016-11-07,18.0,mg/L,00530,Total Suspended Solids,1,embarrass.xlsx
USGS-IL_EPA_WQX-BE-07,2016-12-13,11.0,mg/L,00530,Total Suspended Solids,1,embarrass.xlsx
USGS-IL_EPA_WQX-BE-07,2017-01-23,449.0,mg/L,00530,Total Suspended Solids,1,embarrass.xlsx
USGS-IL_EPA_WQX-BE-07,2017-03-06,22.0,mg/L,00530,Total Suspended Solids,1,embarrass.xlsx
USGS-IL_EPA_WQX-BE-07,2017-04-11,222.0,mg/L,00530,Total Suspended Solids,1,embarrass.xlsx
USGS-IL_EPA_WQX-BE-07,2017-05-29,104.0,mg/L,00530,Total Suspended Solids,1,embarrass.xlsx
USGS-IL_EPA_WQX-BE-07,2017-06-26,137.0,mg/L,00530,Total Suspended Solids,1,embarrass.xlsx
USGS-IL_EPA_WQX-BE-07,2017-08-08,76.0,mg/L,00530,Total Suspended Solids,1,embarrass.xlsx
USGS-IL_EPA_WQX-BE-07,2017-09-18,67.0,mg/L,00530,Total Suspended Solids,1,embarrass.xlsx
USGS-IL_EPA_WQX-BE-07,2017-10-24,22.0,mg/L,00530,Total Suspended Solids,1,embarrass.xlsx
USGS-IL_EPA_WQX-BE-07,2017-12-12,5.0,mg/L,00530,Total Suspended Solids,1,embarrass.xlsx
USGS-IL_EPA_WQX-BE-07,2018-01-23,994.0,mg/L,00530,Total Suspended Solids,1,embarrass.xlsx
USGS-IL_EPA_WQX-BE-07,2018-03-06,99.0,mg/L,00530,Total Suspended Solids,1,embarrass.xlsx
USGS-IL_EPA_WQX-BE-07,2018-04-24,27.0,mg/L,00530,Total Suspended Solids,1,embarrass.xlsx
USGS-IL_EPA_WQX-BE-07,2018-06-04,251.0,mg/L,00530,Total Suspended Solids,1,embarrass.xlsx
USGS-IL_EPA_WQX-BE-07,2018-07-17,181.0,mg/L,00530,Total Suspended Solids,1,embarrass.xlsx
USGS-IL_EPA_WQX-BE-07,2018-08-21,275.0,mg/L,00530,Total Suspended Solids,1,embarrass.xlsx
USGS-IL_EPA_WQX-BE-07,2018-09-24,34.0,mg/L,00530,Total Suspended Solids,1,embarrass.xlsx
USGS-IL_EPA_WQX-BE-07,2018-10-29,4.0,mg/L,00530,Total Suspended Solids,1,embarrass.xlsx
USGS-IL_EPA_WQX-BE-07,2018-12-04,113.0,mg/L,00530,Total Suspended Solids,1,embarrass.xlsx
USGS-IL_EPA_WQX-BE-07,2019-03-07,15.0,mg/L,00530,Total Suspended Solids,1,embarrass.xlsx
USGS-IL_EPA_WQX-BE-07,2019-04-17,164.0,mg/L,00530,Total Suspended Solids,1,embarrass.xlsx
USGS-IL_EPA_WQX-BE-07,2019-05-21,51.0,mg/L,00530,Total Suspended Solids,1,embarrass.xlsx
USGS-IL_EPA_WQX-BE-07,2019-06-24,170.0,mg/L,00530,Total Suspended Solids,1,embarrass.xlsx
USGS-IL_EPA_WQX-BE-07,2019-07-23,78.0,mg/L,00530,Total Suspended Solids,1,embarrass.xlsx
USGS-IL_EPA_WQX-BE-07,2019-09-03,42.0,mg/L,00530,Total Suspended Solids,1,embarrass.xlsx
USGS-IL_EPA_WQX-BE-07,2019-10-15,25.0,mg/L,00530,Total Suspended Solids,1,embarrass.xlsx
USGS-IL_EPA_WQX-BE-07,2019-12-04,184.0,mg/L,00530,Total Suspended Solids,1,embarrass.xlsx
USGS-IL_EPA_WQX-BE-07,2020-01-23,120.0,mg/L,00530,Total Suspended Solids,1,embarrass.xlsx
USGS-IL_EPA_WQX-BE-07,2020-03-05,180.0,mg/L,00530,Total Suspended Solids,1,embarrass.xlsx
USGS-IL_EPA_WQX-BE-07,2020-06-18,76.0,mg/L,00530,Total Suspended Solids,1,embarrass.xlsx
USGS-IL_EPA_WQX-BE-07,2020-07-28,151.0,mg/L,00530,Total Suspended Solids,1,embarrass.xlsx
USGS-IL_EPA_WQX-BE-07,2020-09-15,29.0,mg/L,00530,Total Suspended Solids,1,embarrass.xlsx
USGS-IL_EPA_WQX-BE-07,2020-11-05,13.0,mg/L,00530,Total Suspended Solids,1,embarrass.xlsx
USGS-IL_EPA_WQX-BE-07,2020-12-17,17.0,mg/L,00530,Total Suspended Solids,1,embarrass.xlsx
USGS-IL_EPA_WQX-BE-07,2021-01-27,30.0,mg/L,00530,Total Suspended Solids,1,embarrass.xlsx
USGS-IL_EPA_WQX-BE-07,2021-03-11,64.0,mg/L,00530,Total Suspended Solids,1,embarrass.xlsx
USGS-IL_EPA_WQX-BE-07,2021-04-21,71.0,mg/L,00530,Total Suspended Solids,1,embarrass.xlsx
USGS-IL_EPA_WQX-BE-07,2021-05-26,65.0,mg/L,00530,Total Suspended Solids,1,embarrass.xlsx
USGS-IL_EPA_WQX-BE-07,2021-06-30,261.0,mg/L,00530,Total Suspended Solids,1,embarrass.xlsx
USGS-IL_EPA_WQX-BE-07,2021-08-18,70.0,mg/L,00530,Total Suspended Solids,1,embarrass.xlsx
USGS-IL_EPA_WQX-BE-07,2021-09-30,31.0,mg/L,00530,Total Suspended Solids,1,embarrass.xlsx
USGS-IL_EPA_WQX-BE-07,2021-11-10,25.0,mg/L,00530,Total Suspended Solids,1,embarrass.xlsx
USGS-IL_EPA_WQX-BE-07,2021-12-15,46.0,mg/L,00530,Total Suspended Solids,1,embarrass.xlsx
USGS-IL_EPA_WQX-BE-07,2022-02-07,23.0,mg/L,00530,Total Suspended Solids,1,embarrass.xlsx
USGS-IL_EPA_WQX-BE-07,2022-04-05,139.0,mg/L,00530,Total Suspended Solids,1,embarrass.xlsx
USGS-IL_EPA_WQX-BE-07,2022-05-18,52.0,mg/L,00530,Total Suspended Solids,1,embarrass.xlsx
USGS-IL_EPA_WQX-BE-07,2022-06-21,106.0,mg/L,00530,Total Suspended Solids,1,embarrass.xlsx
USGS-IL_EPA_WQX-BE-07,2022-07-28,81.0,mg/L,00530,Total Suspended Solids,1,embarrass.xlsx
USGS-IL_EPA_WQX-BE-07,2022-09-26,23.0,mg/L,00530,Total Suspended Solids,1,embarrass.xlsx
USGS-IL_EPA_WQX-BE-09,1999-01-21,242.0,mg/L,00530,Total Suspended Solids,1,embarrass.xlsx
USGS-IL_EPA_WQX-BE-09,1999-03-09,19.0,mg/L,00530,Total Suspended Solids,1,embarrass.xlsx
USGS-IL_EPA_WQX-BE-09,1999-04-20,85.0,mg/L,00530,Total Suspended Solids,1,embarrass.xlsx
USGS-IL_EPA_WQX-BE-09,1999-05-27,5.0,mg/L,00530,Total Suspended Solids,1,embarrass.xlsx
USGS-IL_EPA_WQX-BE-09,1999-06-08,83.0,mg/L,00530,Total Suspended Solids,1,embarrass.xlsx
USGS-IL_EPA_WQX-BE-09,1999-07-20,3.0,mg/L,00530,Total Suspended Solids,1,embarrass.xlsx
USGS-IL_EPA_WQX-BE-09,1999-09-22,4.0,mg/L,00530,Total Suspended Solids,1,embarrass.xlsx
USGS-IL_EPA_WQX-BE-09,1999-10-26,7.0,mg/L,00530,Total Suspended Solids,1,embarrass.xlsx
USGS-IL_EPA_WQX-BE-09,1999-12-06,2.0,mg/L,00530,Total Suspended Solids,1,embarrass.xlsx
USGS-IL_EPA_WQX-BE-09,2000-01-04,11.0,mg/L,00530,Total Suspended Solids,1,embarrass.xlsx
USGS-IL_EPA_WQX-BE-09,2000-03-14,13.0,mg/L,00530,Total Suspended Solids,1,embarrass.xlsx
USGS-IL_EPA_WQX-BE-09,2000-04-25,32.0,mg/L,00530,Total Suspended Solids,1,embarrass.xlsx
USGS-IL_EPA_WQX-BE-09,2000-05-24,37.0,mg/L,00530,Total Suspended Solids,1,embarrass.xlsx
USGS-IL_EPA_WQX-BE-09,2000-06-20,44.0,mg/L,00530,Total Suspended Solids,1,embarrass.xlsx
USGS-IL_EPA_WQX-BE-09,2000-07-11,78.0,mg/L,00530,Total Suspended Solids,1,embarrass.xlsx
USGS-IL_EPA_WQX-BE-09,2000-09-27,475.0,mg/L,00530,Total Suspended Solids,1,embarrass.xlsx
USGS-IL_EPA_WQX-BE-09,2000-10-25,4.0,mg/L,00530,Total Suspended Solids,1,embarrass.xlsx
USGS-IL_EPA_WQX-BE-09,2000-11-29,14.0,mg/L,00530,Total Suspended Solids,1,embarrass.xlsx
USGS-IL_EPA_WQX-BE-09,2001-01-30,661.0,mg/L,00530,Total Suspended Solids,1,embarrass.xlsx
USGS-IL_EPA_WQX-BE-09,2001-03-06,22.0,mg/L,00530,Total Suspended Solids,1,embarrass.xlsx
USGS-IL_EPA_WQX-BE-09,2001-04-18,30.0,mg/L,00530,Total Suspended Solids,1,embarrass.xlsx
USGS-IL_EPA_WQX-BE-09,2001-05-08,36.0,mg/L,00530,Total Suspended Solids,1,embarrass.xlsx
USGS-IL_EPA_WQX-BE-09,2001-07-17,31.0,mg/L,00530,Total Suspended Solids,1,embarrass.xlsx
USGS-IL_EPA_WQX-BE-09,2001-09-19,28.0,mg/L,00530,Total Suspended Solids,1,embarrass.xlsx
USGS-IL_EPA_WQX-BE-09,2001-10-22,55.0,mg/L,00530,Total Suspended Solids,1,embarrass.xlsx
USGS-IL_EPA_WQX-BE-09,2001-11-13,6.0,mg/L,00530,Total Suspended Solids,1,embarrass.xlsx
USGS-IL_EPA_WQX-BE-09,2002-01-22,3.0,mg/L,00530,Total Suspended Solids,1,embarrass.xlsx
USGS-IL_EPA_WQX-BE-09,2002-03-13,62.0,mg/L,00530,Total Suspended Solids,1,embarrass.xlsx
USGS-IL_EPA_WQX-BE-09,2002-04-16,70.0,mg/L,00530,Total Suspended Solids,1,embarrass.xlsx
USGS-IL_EPA_WQX-BE-09,2002-05-14,366.0,mg/L,00530,Total Suspended Solids,1,embarrass.xlsx
USGS-IL_EPA_WQX-BE-09,2002-06-10,47.0,mg/L,00530,Total Suspended Solids,1,embarrass.xlsx
USGS-IL_EPA_WQX-BE-09,2002-07-24,44.0,mg/L,00530,Total Suspended Solids,1,embarrass.xlsx
USGS-IL_EPA_WQX-BE-09,2002-09-05,44.0,mg/L,00530,Total Suspended Solids,1,embarrass.xlsx
USGS-IL_EPA_WQX-BE-09,2002-11-06,6.0,mg/L,00530,Total Suspended Solids,1,embarrass.xlsx
USGS-IL_EPA_WQX-BE-09,2002-12-03,2.0,mg/L,00530,Total Suspended Solids,1,embarrass.xlsx
USGS-IL_EPA_WQX-BE-09,2003-01-13,14.0,mg/L,00530,Total Suspended Solids,1,embarrass.xlsx
USGS-IL_EPA_WQX-BE-09,2003-03-17,6.0,mg/L,00530,Total Suspended Solids,1,embarrass.xlsx
USGS-IL_EPA_WQX-BE-09,2003-04-22,19.0,mg/L,00530,Total Suspended Solids,1,embarrass.xlsx
USGS-IL_EPA_WQX-BE-09,2003-05-27,51.0,mg/L,00530,Total Suspended Solids,1,embarrass.xlsx
USGS-IL_EPA_WQX-BE-09,2003-06-30,46.0,mg/L,00530,Total Suspended Solids,1,embarrass.xlsx
USGS-IL_EPA_WQX-BE-09,2003-08-11,59.0,mg/L,00530,Total Suspended Solids,1,embarrass.xlsx
USGS-IL_EPA_WQX-BE-09,2003-09-22,47.0,mg/L,00530,Total Suspended Solids,1,embarrass.xlsx
USGS-IL_EPA_WQX-BE-09,2003-11-03,16.0,mg/L,00530,Total Suspended Solids,1,embarrass.xlsx
USGS-IL_EPA_WQX-BE-09,2003-12-08,4.0,mg/L,00530,Total Suspended Solids,1,embarrass.xlsx
USGS-IL_EPA_WQX-BE-09,2004-01-26,10.0,mg/L,00530,Total Suspended Solids,1,embarrass.xlsx
USGS-IL_EPA_WQX-BE-09,2004-03-08,113.0,mg/L,00530,Total Suspended Solids,1,embarrass.xlsx
USGS-IL_EPA_WQX-BE-09,2004-04-19,26.0,mg/L,00530,Total Suspended Solids,1,embarrass.xlsx
USGS-IL_EPA_WQX-BE-09,2004-05-24,288.0,mg/L,00530,Total Suspended Solids,1,embarrass.xlsx
USGS-IL_EPA_WQX-BE-09,2004-06-21,84.0,mg/L,00530,Total Suspended Solids,1,embarrass.xlsx
USGS-IL_EPA_WQX-BE-09,2004-08-02,33.0,mg/L,00530,Total Suspended Solids,1,embarrass.xlsx
USGS-IL_EPA_WQX-BE-09,2004-09-13,6.0,mg/L,00530,Total Suspended Solids,1,embarrass.xlsx
USGS-IL_EPA_WQX-BE-09,2004-10-27,36.0,mg/L,00530,Total Suspended Solids,1,embarrass.xlsx
USGS-IL_EPA_WQX-BE-09,2004-12-01,228.0,mg/L,00530,Total Suspended Solids,1,embarrass.xlsx
USGS-IL_EPA_WQX-BE-09,2005-01-12,82.0,mg/L,00530,Total Suspended Solids,1,embarrass.xlsx
USGS-IL_EPA_WQX-BE-09,2005-03-16,4.0,mg/L,00530,Total Suspended Solids,1,embarrass.xlsx
USGS-IL_EPA_WQX-BE-09,2005-04-18,30.0,mg/L,00530,Total Suspended Solids,1,embarrass.xlsx
USGS-IL_EPA_WQX-BE-09,2005-05-10,20.0,mg/L,00530,Total Suspended Solids,1,embarrass.xlsx
USGS-IL_EPA_WQX-BE-09,2005-06-22,8.0,mg/L,00530,Total Suspended Solids,1,embarrass.xlsx
USGS-IL_EPA_WQX-BE-09,2005-09-28,24.0,mg/L,00530,Total Suspended Solids,1,embarrass.xlsx
USGS-IL_EPA_WQX-BE-09,2005-10-27,13.0,mg/L,00530,Total Suspended Solids,1,embarrass.xlsx
USGS-IL_EPA_WQX-BE-09,2006-09-14,21.0,mg/L,00530,Total Suspended Solids,1,embarrass.xlsx
USGS-IL_EPA_WQX-BE-09,2006-10-17,5.0,mg/L,00530,Total Suspended Solids,1,embarrass.xlsx
USGS-IL_EPA_WQX-BE-09,2006-11-13,5.0,mg/L,00530,Total Suspended Solids,1,embarrass.xlsx
USGS-IL_EPA_WQX-BE-09,2007-01-08,49.0,mg/L,00530,Total Suspended Solids,1,embarrass.xlsx
USGS-IL_EPA_WQX-BE-09,2009-02-25,14.0,mg/L,00530,Total Suspended Solids,1,embarrass.xlsx
USGS-IL_EPA_WQX-BE-09,2009-03-25,14.0,mg/L,00530,Total Suspended Solids,1,embarrass.xlsx
USGS-IL_EPA_WQX-BE-09,2009-04-20,70.0,mg/L,00530,Total Suspended Solids,1,embarrass.xlsx
USGS-IL_EPA_WQX-BE-09,2009-06-01,48.0,mg/L,00530,Total Suspended Solids,1,embarrass.xlsx
USGS-IL_EPA_WQX-BE-09,2009-07-06,79.0,mg/L,00530,Total Suspended Solids,1,embarrass.xlsx
USGS-IL_EPA_WQX-BE-09,2009-08-03,6.0,mg/L,00530,Total Suspended Solids,1,embarrass.xlsx
USGS-IL_EPA_WQX-BE-09,2009-09-14,17.0,mg/L,00530,Total Suspended Solids,1,embarrass.xlsx
USGS-IL_EPA_WQX-BE-09,2009-10-19,22.0,mg/L,00530,Total Suspended Solids,1,embarrass.xlsx
USGS-IL_EPA_WQX-BE-09,2009-11-30,12.0,mg/L,00530,Total Suspended Solids,1,embarrass.xlsx
USGS-IL_EPA_WQX-BE-09,2010-01-04,8.0,mg/L,00530,Total Suspended Solids,1,embarrass.xlsx
USGS-IL_EPA_WQX-BE-09,2010-02-15,7.0,mg/L,00530,Total Suspended Solids,1,embarrass.xlsx
USGS-IL_EPA_WQX-BE-09,2010-03-29,84.0,mg/L,00530,Total Suspended Solids,1,embarrass.xlsx
USGS-IL_EPA_WQX-BE-09,2010-05-24,39.0,mg/L,00530,Total Suspended Solids,1,embarrass.xlsx
USGS-IL_EPA_WQX-BE-09,2010-06-28,100.0,mg/L,00530,Total Suspended Solids,1,embarrass.xlsx
USGS-IL_EPA_WQX-BE-09,2010-08-02,17.0,mg/L,00530,Total Suspended Solids,1,embarrass.xlsx
USGS-IL_EPA_WQX-BE-09,2010-09-20,38.0,mg/L,00530,Total Suspended Solids,1,embarrass.xlsx
USGS-IL_EPA_WQX-BE-09,2010-11-01,23.0,mg/L,00530,Total Suspended Solids,1,embarrass.xlsx
USGS-IL_EPA_WQX-BE-09,2010-12-06,8.0,mg/L,00530,Total Suspended Solids,1,embarrass.xlsx
USGS-IL_EPA_WQX-BE-09,2011-03-07,71.0,mg/L,00530,Total Suspended Solids,1,embarrass.xlsx
USGS-IL_EPA_WQX-BE-09,2011-04-18,23.0,mg/L,00530,Total Suspended Solids,1,embarrass.xlsx
USGS-IL_EPA_WQX-BE-09,2011-05-23,22.0,mg/L,00530,Total Suspended Solids,1,embarrass.xlsx
USGS-IL_EPA_WQX-BE-09,2011-07-11,32.0,mg/L,00530,Total Suspended Solids,1,embarrass.xlsx
USGS-IL_EPA_WQX-BE-09,2011-08-08,81.0,mg/L,00530,Total Suspended Solids,1,embarrass.xlsx
USGS-IL_EPA_WQX-BE-09,2011-09-26,11.0,mg/L,00530,Total Suspended Solids,1,embarrass.xlsx
USGS-IL_EPA_WQX-BE-09,2011-12-12,11.0,mg/L,00530,Total Suspended Solids,1,embarrass.xlsx
USGS-IL_EPA_WQX-BE-09,2012-02-27,11.0,mg/L,00530,Total Suspended Solids,1,embarrass.xlsx
USGS-IL_EPA_WQX-BE-09,2012-03-26,21.0,mg/L,00530,Total Suspended Solids,1,embarrass.xlsx
USGS-IL_EPA_WQX-BE-09,2012-04-23,26.0,mg/L,00530,Total Suspended Solids,1,embarrass.xlsx
USGS-IL_EPA_WQX-BE-09,2012-05-21,18.0,mg/L,00530,Total Suspended Solids,1,embarrass.xlsx
USGS-IL_EPA_WQX-BE-09,2012-07-09,13.0,mg/L,00530,Total Suspended Solids,1,embarrass.xlsx
USGS-IL_EPA_WQX-BE-09,2012-08-06,17.0,mg/L,00530,Total Suspended Solids,1,embarrass.xlsx
USGS-IL_EPA_WQX-BE-09,2012-09-24,9.0,mg/L,00530,Total Suspended Solids,1,embarrass.xlsx
USGS-IL_EPA_WQX-BE-09,2012-10-29,7.0,mg/L,00530,Total Suspended Solids,1,embarrass.xlsx
USGS-IL_EPA_WQX-BE-09,2012-11-26,4.0,mg/L,00530,Total Suspended Solids,1,embarrass.xlsx
USGS-IL_EPA_WQX-BE-09,2013-01-28,8.0,mg/L,00530,Total Suspended Solids,1,embarrass.xlsx
USGS-IL_EPA_WQX-BE-09,2013-03-04,46.0,mg/L,00530,Total Suspended Solids,1,embarrass.xlsx
USGS-IL_EPA_WQX-BE-09,2013-04-08,32.0,mg/L,00530,Total Suspended Solids,1,embarrass.xlsx
USGS-IL_EPA_WQX-BE-09,2013-05-20,28.0,mg/L,00530,Total Suspended Solids,1,embarrass.xlsx
USGS-IL_EPA_WQX-BE-09,2013-06-24,381.0,mg/L,00530,Total Suspended Solids,1,embarrass.xlsx
USGS-IL_EPA_WQX-BE-09,2013-08-05,21.0,mg/L,00530,Total Suspended Solids,1,embarrass.xlsx
USGS-IL_EPA_WQX-BE-09,2013-09-23,11.0,mg/L,00530,Total Suspended Solids,1,embarrass.xlsx
USGS-IL_EPA_WQX-BE-09,2013-10-21,5.0,mg/L,00530,Total Suspended Solids,1,embarrass.xlsx
USGS-IL_EPA_WQX-BE-09,2014-01-27,6.0,mg/L,00530,Total Suspended Solids,1,embarrass.xlsx
USGS-IL_EPA_WQX-BE-09,2014-03-17,60.0,mg/L,00530,Total Suspended Solids,1,embarrass.xlsx
USGS-IL_EPA_WQX-BE-09,2014-04-21,16.0,mg/L,00530,Total Suspended Solids,1,embarrass.xlsx
USGS-IL_EPA_WQX-BE-09,2014-05-19,50.0,mg/L,00530,Total Suspended Solids,1,embarrass.xlsx
USGS-IL_EPA_WQX-BE-09,2014-06-23,273.0,mg/L,00530,Total Suspended Solids,1,embarrass.xlsx
USGS-IL_EPA_WQX-BE-09,2014-08-04,27.0,mg/L,00530,Total Suspended Solids,1,embarrass.xlsx
USGS-IL_EPA_WQX-BE-09,2014-09-08,22.0,mg/L,00530,Total Suspended Solids,1,embarrass.xlsx
USGS-IL_EPA_WQX-BE-09,2014-10-20,32.0,mg/L,00530,Total Suspended Solids,1,embarrass.xlsx
USGS-IL_EPA_WQX-BE-09,2014-12-01,9.0,mg/L,00530,Total Suspended Solids,1,embarrass.xlsx
USGS-IL_EPA_WQX-BE-09,2015-01-26,9.0,mg/L,00530,Total Suspended Solids,1,embarrass.xlsx
USGS-IL_EPA_WQX-BE-09,2015-03-10,52.0,mg/L,00530,Total Suspended Solids,1,embarrass.xlsx
USGS-IL_EPA_WQX-BE-09,2015-04-13,49.0,mg/L,00530,Total Suspended Solids,1,embarrass.xlsx
USGS-IL_EPA_WQX-BE-09,2015-05-18,42.0,mg/L,00530,Total Suspended Solids,1,embarrass.xlsx
USGS-IL_EPA_WQX-BE-09,2015-06-29,286.0,mg/L,00530,Total Suspended Solids,1,embarrass.xlsx
USGS-IL_EPA_WQX-BE-09,2015-08-10,21.0,mg/L,00530,Total Suspended Solids,1,embarrass.xlsx
USGS-IL_EPA_WQX-BE-09,2015-09-14,12.0,mg/L,00530,Total Suspended Solids,1,embarrass.xlsx
USGS-IL_EPA_WQX-BE-09,2015-12-07,11.0,mg/L,00530,Total Suspended Solids,1,embarrass.xlsx
USGS-IL_EPA_WQX-BE-09,2016-01-25,5.0,mg/L,00530,Total Suspended Solids,1,embarrass.xlsx
USGS-IL_EPA_WQX-BE-09,2016-02-29,55.0,mg/L,00530,Total Suspended Solids,1,embarrass.xlsx
USGS-IL_EPA_WQX-BE-09,2016-04-11,305.0,mg/L,00530,Total Suspended Solids,1,embarrass.xlsx
USGS-IL_EPA_WQX-BE-09,2016-05-16,32.0,mg/L,00530,Total Suspended Solids,1,embarrass.xlsx
USGS-IL_EPA_WQX-BE-09,2016-06-20,35.0,mg/L,00530,Total Suspended Solids,1,embarrass.xlsx
USGS-IL_EPA_WQX-BE-09,2016-08-01,40.0,mg/L,00530,Total Suspended Solids,1,embarrass.xlsx
USGS-IL_EPA_WQX-BE-09,2016-09-19,40.0,mg/L,00530,Total Suspended Solids,1,embarrass.xlsx
USGS-IL_EPA_WQX-BE-09,2016-11-07,15.0,mg/L,00530,Total Suspended Solids,1,embarrass.xlsx
USGS-IL_EPA_WQX-BE-09,2016-12-12,4.0,mg/L,00530,Total Suspended Solids,1,embarrass.xlsx
USGS-IL_EPA_WQX-BE-09,2017-01-23,209.0,mg/L,00530,Total Suspended Solids,1,embarrass.xlsx
USGS-IL_EPA_WQX-BE-09,2017-03-06,6.0,mg/L,00530,Total Suspended Solids,1,embarrass.xlsx
USGS-IL_EPA_WQX-BE-09,2017-04-10,49.0,mg/L,00530,Total Suspended Solids,1,embarrass.xlsx
USGS-IL_EPA_WQX-BE-09,2017-05-29,37.0,mg/L,00530,Total Suspended Solids,1,embarrass.xlsx
USGS-IL_EPA_WQX-BE-09,2017-06-26,41.0,mg/L,00530,Total Suspended Solids,1,embarrass.xlsx
USGS-IL_EPA_WQX-BE-09,2017-08-07,43.0,mg/L,00530,Total Suspended Solids,1,embarrass.xlsx
USGS-IL_EPA_WQX-BE-09,2017-09-18,28.0,mg/L,00530,Total Suspended Solids,1,embarrass.xlsx
USGS-IL_EPA_WQX-BE-09,2017-10-23,20.0,mg/L,00530,Total Suspended Solids,1,embarrass.xlsx
USGS-IL_EPA_WQX-BE-09,2017-12-11,12.0,mg/L,00530,Total Suspended Solids,1,embarrass.xlsx
USGS-IL_EPA_WQX-BE-09,2018-01-22,131.0,mg/L,00530,Total Suspended Solids,1,embarrass.xlsx
USGS-IL_EPA_WQX-BE-09,2018-03-05,36.0,mg/L,00530,Total Suspended Solids,1,embarrass.xlsx
USGS-IL_EPA_WQX-BE-09,2018-04-23,15.0,mg/L,00530,Total Suspended Solids,1,embarrass.xlsx
USGS-IL_EPA_WQX-BE-09,2018-06-04,79.0,mg/L,00530,Total Suspended Solids,1,embarrass.xlsx
USGS-IL_EPA_WQX-BE-09,2018-07-16,20.0,mg/L,00530,Total Suspended Solids,1,embarrass.xlsx
USGS-IL_EPA_WQX-BE-09,2018-08-20,87.0,mg/L,00530,Total Suspended Solids,1,embarrass.xlsx
USGS-IL_EPA_WQX-BE-09,2018-09-24,34.0,mg/L,00530,Total Suspended Solids,1,embarrass.xlsx
USGS-IL_EPA_WQX-BE-09,2018-10-29,4.0,mg/L,00530,Total Suspended Solids,1,embarrass.xlsx
USGS-IL_EPA_WQX-BE-09,2018-12-05,24.0,mg/L,00530,Total Suspended Solids,1,embarrass.xlsx
USGS-IL_EPA_WQX-BE-09,2019-02-26,63.0,mg/L,00530,Total Suspended Solids,1,embarrass.xlsx
USGS-IL_EPA_WQX-BE-09,2019-04-16,109.0,mg/L,00530,Total Suspended Solids,1,embarrass.xlsx
USGS-IL_EPA_WQX-BE-09,2019-05-21,33.0,mg/L,00530,Total Suspended Solids,1,embarrass.xlsx
USGS-IL_EPA_WQX-BE-09,2019-07-08,80.0,mg/L,00530,Total Suspended Solids,1,embarrass.xlsx
USGS-IL_EPA_WQX-BE-09,2019-08-06,21.0,mg/L,00530,Total Suspended Solids,1,embarrass.xlsx
USGS-IL_EPA_WQX-BE-09,2019-09-17,23.0,mg/L,00530,Total Suspended Solids,1,embarrass.xlsx
USGS-IL_EPA_WQX-BE-09,2019-11-05,13.0,mg/L,00530,Total Suspended Solids,1,embarrass.xlsx
USGS-IL_EPA_WQX-BE-09,2019-12-19,6.0,mg/L,00530,Total Suspended Solids,1,embarrass.xlsx
USGS-IL_EPA_WQX-BE-09,2020-01-28,20.0,mg/L,00530,Total Suspended Solids,1,embarrass.xlsx
USGS-IL_EPA_WQX-BE-09,2020-03-10,61.0,mg/L,00530,Total Suspended Solids,1,embarrass.xlsx
USGS-IL_EPA_WQX-BE-09,2020-07-07,46.0,mg/L,00530,Total Suspended Solids,1,embarrass.xlsx
USGS-IL_EPA_WQX-BE-09,2020-08-12,23.0,mg/L,00530,Total Suspended Solids,1,embarrass.xlsx
USGS-IL_EPA_WQX-BE-09,2020-09-23,14.0,mg/L,00530,Total Suspended Solids,1,embarrass.xlsx
USGS-IL_EPA_WQX-BE-09,2020-11-05,6.0,mg/L,00530,Total Suspended Solids,1,embarrass.xlsx
USGS-IL_EPA_WQX-BE-09,2020-12-14,29.0,mg/L,00530,Total Suspended Solids,1,embarrass.xlsx
USGS-IL_EPA_WQX-BE-09,2021-01-26,4.0,mg/L,00530,Total Suspended Solids,1,embarrass.xlsx
USGS-IL_EPA_WQX-BE-09,2021-02-25,91.0,mg/L,00530,Total Suspended Solids,1,embarrass.xlsx
USGS-IL_EPA_WQX-BE-09,2021-04-20,21.0,mg/L,00530,Total Suspended Solids,1,embarrass.xlsx
USGS-IL_EPA_WQX-BE-09,2021-05-18,291.0,mg/L,00530,Total Suspended Solids,1,embarrass.xlsx
USGS-IL_EPA_WQX-BE-09,2021-08-16,15.0,mg/L,00530,Total Suspended Solids,1,embarrass.xlsx
USGS-IL_EPA_WQX-BE-09,2021-09-14,30.0,mg/L,00530,Total Suspended Solids,1,embarrass.xlsx
USGS-IL_EPA_WQX-BE-09,2021-11-08,12.0,mg/L,00530,Total Suspended Solids,1,embarrass.xlsx
USGS-IL_EPA_WQX-BE-09,2021-12-14,21.0,mg/L,00530,Total Suspended Solids,1,embarrass.xlsx
USGS-IL_EPA_WQX-BE-09,2022-01-12,10.0,mg/L,00530,Total Suspended Solids,1,embarrass.xlsx
USGS-IL_EPA_WQX-BE-09,2022-02-24,30.0,mg/L,00530,Total Suspended Solids,1,embarrass.xlsx
USGS-IL_EPA_WQX-BE-09,2022-03-08,412.0,mg/L,00530,Total Suspended Solids,1,embarrass.xlsx
USGS-IL_EPA_WQX-BE-09,2022-04-11,26.0,mg/L,00530,Total Suspended Solids,1,embarrass.xlsx
USGS-IL_EPA_WQX-BE-09,2022-05-25,32.0,mg/L,00530,Total Suspended Solids,1,embarrass.xlsx
USGS-IL_EPA_WQX-BE-09,2022-06-29,45.0,mg/L,00530,Total Suspended Solids,1,embarrass.xlsx
USGS-IL_EPA_WQX-BE-09,2022-10-25,7.0,mg/L,00530,Total Suspended Solids,1,embarrass.xlsx
USGS-IL_EPA_WQX-BE-14,1999-01-28,54.0,mg/L,00530,Total Suspended Solids,1,embarrass.xlsx
USGS-IL_EPA_WQX-BE-14,1999-03-02,19.0,mg/L,00530,Total Suspended Solids,1,embarrass.xlsx
USGS-IL_EPA_WQX-BE-14,1999-04-05,37.0,mg/L,00530,Total Suspended Solids,1,embarrass.xlsx
USGS-IL_EPA_WQX-BE-14,1999-05-19,46.0,mg/L,00530,Total Suspended Solids,1,embarrass.xlsx
USGS-IL_EPA_WQX-BE-14,1999-06-29,112.0,mg/L,00530,Total Suspended Solids,1,embarrass.xlsx
USGS-IL_EPA_WQX-BE-14,1999-08-18,46.0,mg/L,00530,Total Suspended Solids,1,embarrass.xlsx
USGS-IL_EPA_WQX-BE-14,1999-09-22,27.0,mg/L,00530,Total Suspended Solids,1,embarrass.xlsx
USGS-IL_EPA_WQX-BE-14,1999-10-28,24.0,mg/L,00530,Total Suspended Solids,1,embarrass.xlsx
USGS-IL_EPA_WQX-BE-14,1999-12-01,7.0,mg/L,00530,Total Suspended Solids,1,embarrass.xlsx
USGS-IL_EPA_WQX-BE-14,2000-01-25,6.0,mg/L,00530,Total Suspended Solids,1,embarrass.xlsx
USGS-IL_EPA_WQX-BE-14,2000-03-06,14.0,mg/L,00530,Total Suspended Solids,1,embarrass.xlsx
USGS-IL_EPA_WQX-BE-14,2000-04-12,20.0,mg/L,00530,Total Suspended Solids,1,embarrass.xlsx
USGS-IL_EPA_WQX-BE-14,2000-05-31,39.0,mg/L,00530,Total Suspended Solids,1,embarrass.xlsx
USGS-IL_EPA_WQX-BE-14,2000-08-01,44.0,mg/L,00530,Total Suspended Solids,1,embarrass.xlsx
USGS-IL_EPA_WQX-BE-14,2000-08-25,58.0,mg/L,00530,Total Suspended Solids,1,embarrass.xlsx
USGS-IL_EPA_WQX-BE-14,2000-11-01,18.0,mg/L,00530,Total Suspended Solids,1,embarrass.xlsx
USGS-IL_EPA_WQX-BE-14,2000-12-13,5.0,mg/L,00530,Total Suspended Solids,1,embarrass.xlsx
USGS-IL_EPA_WQX-BE-14,2001-01-18,4.0,mg/L,00530,Total Suspended Solids,1,embarrass.xlsx
USGS-IL_EPA_WQX-BE-14,2001-02-26,194.0,mg/L,00530,Total Suspended Solids,1,embarrass.xlsx
USGS-IL_EPA_WQX-BE-14,2001-04-10,59.0,mg/L,00530,Total Suspended Solids,1,embarrass.xlsx
USGS-IL_EPA_WQX-BE-14,2001-05-24,44.0,mg/L,00530,Total Suspended Solids,1,embarrass.xlsx
USGS-IL_EPA_WQX-BE-14,2001-06-14,60.0,mg/L,00530,Total Suspended Solids,1,embarrass.xlsx
USGS-IL_EPA_WQX-BE-14,2001-07-25,52.0,mg/L,00530,Total Suspended Solids,1,embarrass.xlsx
USGS-IL_EPA_WQX-BE-14,2001-09-06,52.0,mg/L,00530,Total Suspended Solids,1,embarrass.xlsx
USGS-IL_EPA_WQX-BE-14,2001-10-24,25.0,mg/L,00530,Total Suspended Solids,1,embarrass.xlsx
USGS-IL_EPA_WQX-BE-14,2001-12-10,10.0,mg/L,00530,Total Suspended Solids,1,embarrass.xlsx
USGS-IL_EPA_WQX-BE-14,2002-01-15,9.0,mg/L,00530,Total Suspended Solids,1,embarrass.xlsx
USGS-IL_EPA_WQX-BE-14,2002-03-07,23.0,mg/L,00530,Total Suspended Solids,1,embarrass.xlsx
USGS-IL_EPA_WQX-BE-14,2002-04-01,18.0,mg/L,00530,Total Suspended Solids,1,embarrass.xlsx
USGS-IL_EPA_WQX-BE-14,2002-05-13,744.0,mg/L,00530,Total Suspended Solids,1,embarrass.xlsx
USGS-IL_EPA_WQX-BE-14,2002-06-18,62.0,mg/L,00530,Total Suspended Solids,1,embarrass.xlsx
USGS-IL_EPA_WQX-BE-14,2002-07-31,41.0,mg/L,00530,Total Suspended Solids,1,embarrass.xlsx
USGS-IL_EPA_WQX-BE-14,2002-09-17,50.0,mg/L,00530,Total Suspended Solids,1,embarrass.xlsx
USGS-IL_EPA_WQX-BE-14,2002-10-23,14.0,mg/L,00530,Total Suspended Solids,1,embarrass.xlsx
USGS-IL_EPA_WQX-BE-14,2002-12-03,1.0,mg/L,00530,Total Suspended Solids,1,embarrass.xlsx
USGS-IL_EPA_WQX-BE-14,2003-03-03,3.0,mg/L,00530,Total Suspended Solids,1,embarrass.xlsx
USGS-IL_EPA_WQX-BE-14,2003-03-31,5.0,mg/L,00530,Total Suspended Solids,1,embarrass.xlsx
USGS-IL_EPA_WQX-BE-14,2003-05-20,56.0,mg/L,00530,Total Suspended Solids,1,embarrass.xlsx
USGS-IL_EPA_WQX-BE-14,2003-07-15,39.0,mg/L,00530,Total Suspended Solids,1,embarrass.xlsx
USGS-IL_EPA_WQX-BE-14,2003-08-11,25.0,mg/L,00530,Total Suspended Solids,1,embarrass.xlsx
USGS-IL_EPA_WQX-BE-14,2003-09-16,29.0,mg/L,00530,Total Suspended Solids,1,embarrass.xlsx
USGS-IL_EPA_WQX-BE-14,2003-10-29,9.0,mg/L,00530,Total Suspended Solids,1,embarrass.xlsx
USGS-IL_EPA_WQX-BE-14,2003-12-08,23.0,mg/L,00530,Total Suspended Solids,1,embarrass.xlsx
USGS-IL_EPA_WQX-BE-14,2004-01-28,7.0,mg/L,00530,Total Suspended Solids,1,embarrass.xlsx
USGS-IL_EPA_WQX-BE-14,2004-03-11,14.0,mg/L,00530,Total Suspended Solids,1,embarrass.xlsx
USGS-IL_EPA_WQX-BE-14,2004-04-13,4.0,mg/L,00530,Total Suspended Solids,1,embarrass.xlsx
USGS-IL_EPA_WQX-BE-14,2004-05-24,52.0,mg/L,00530,Total Suspended Solids,1,embarrass.xlsx
USGS-IL_EPA_WQX-BE-14,2004-06-17,54.0,mg/L,00530,Total Suspended Solids,1,embarrass.xlsx
USGS-IL_EPA_WQX-BE-14,2004-08-25,23.0,mg/L,00530,Total Suspended Solids,1,embarrass.xlsx
USGS-IL_EPA_WQX-BE-14,2004-09-16,59.0,mg/L,00530,Total Suspended Solids,1,embarrass.xlsx
USGS-IL_EPA_WQX-BE-14,2004-11-04,16.0,mg/L,00530,Total Suspended Solids,1,embarrass.xlsx
USGS-IL_EPA_WQX-BE-14,2004-12-27,10.0,mg/L,00530,Total Suspended Solids,1,embarrass.xlsx
USGS-IL_EPA_WQX-BE-14,2005-02-02,4.0,mg/L,00530,Total Suspended Solids,1,embarrass.xlsx
USGS-IL_EPA_WQX-BE-14,2005-03-14,8.0,mg/L,00530,Total Suspended Solids,1,embarrass.xlsx
USGS-IL_EPA_WQX-BE-14,2005-04-20,24.0,mg/L,00530,Total Suspended Solids,1,embarrass.xlsx
USGS-IL_EPA_WQX-BE-14,2005-06-02,32.0,mg/L,00530,Total Suspended Solids,1,embarrass.xlsx
USGS-IL_EPA_WQX-BE-14,2005-07-13,26.0,mg/L,00530,Total Suspended Solids,1,embarrass.xlsx
USGS-IL_EPA_WQX-BE-14,2005-08-11,16.0,mg/L,00530,Total Suspended Solids,1,embarrass.xlsx
USGS-IL_EPA_WQX-BE-14,2005-09-29,67.0,mg/L,00530,Total Suspended Solids,1,embarrass.xlsx
USGS-IL_EPA_WQX-BE-14,2005-11-08,17.0,mg/L,00530,Total Suspended Solids,1,embarrass.xlsx
USGS-IL_EPA_WQX-BE-14,2006-07-10,43.0,mg/L,00530,Total Suspended Solids,1,embarrass.xlsx
USGS-IL_EPA_WQX-BE-14,2006-07-18,26.0,mg/L,00530,Total Suspended Solids,1,embarrass.xlsx
USGS-IL_EPA_WQX-BE-14,2006-09-07,38.0,mg/L,00530,Total Suspended Solids,2,embarrass.xlsx
USGS-IL_EPA_WQX-BE-14,2006-09-14,23.0,mg/L,00530,Total Suspended Solids,1,embarrass.xlsx
USGS-IL_EPA_WQX-BE-14,2006-09-26,34.0,mg/L,00530,Total Suspended Solids,1,embarrass.xlsx
USGS-IL_EPA_WQX-BE-14,2006-11-14,8.0,mg/L,00530,Total Suspended Solids,1,embarrass.xlsx
USGS-IL_EPA_WQX-BE-14,2007-01-11,6.0,mg/L,00530,Total Suspended Solids,1,embarrass.xlsx
USGS-IL_EPA_WQX-BE-14,2007-02-26,32.0,mg/L,00530,Total Suspended Solids,1,embarrass.xlsx
USGS-IL_EPA_WQX-BE-14,2008-05-27,20.0,mg/L,00530,Total Suspended Solids,1,embarrass.xlsx
USGS-IL_EPA_WQX-BE-14,2008-06-26,44.0,mg/L,00530,Total Suspended Solids,1,embarrass.xlsx
USGS-IL_EPA_WQX-BE-14,2008-08-12,22.0,mg/L,00530,Total Suspended Solids,1,embarrass.xlsx
USGS-IL_EPA_WQX-BE-14,2008-09-17,15.0,mg/L,00530,Total Suspended Solids,1,embarrass.xlsx
USGS-IL_EPA_WQX-BE-14,2009-01-14,4.0,mg/L,00530,Total Suspended Solids,1,embarrass.xlsx
USGS-IL_EPA_WQX-BE-14,2009-03-11,40.0,mg/L,00530,Total Suspended Solids,1,embarrass.xlsx
USGS-IL_EPA_WQX-BE-14,2009-04-07,20.0,mg/L,00530,Total Suspended Solids,1,embarrass.xlsx
USGS-IL_EPA_WQX-BE-14,2009-05-11,15.0,mg/L,00530,Total Suspended Solids,1,embarrass.xlsx
USGS-IL_EPA_WQX-BE-14,2009-06-17,46.0,mg/L,00530,Total Suspended Solids,1,embarrass.xlsx
USGS-IL_EPA_WQX-BE-14,2009-07-22,33.0,mg/L,00530,Total Suspended Solids,1,embarrass.xlsx
USGS-IL_EPA_WQX-BE-14,2009-08-25,29.0,mg/L,00530,Total Suspended Solids,1,embarrass.xlsx
USGS-IL_EPA_WQX-BE-14,2009-10-06,20.0,mg/L,00530,Total Suspended Solids,1,embarrass.xlsx
USGS-IL_EPA_WQX-BE-14,2009-11-10,6.0,mg/L,00530,Total Suspended Solids,1,embarrass.xlsx
USGS-IL_EPA_WQX-BE-14,2009-12-15,14.0,mg/L,00530,Total Suspended Solids,1,embarrass.xlsx
USGS-IL_EPA_WQX-BE-14,2009-12-19,11.0,mg/L,00530,Total Suspended Solids,1,embarrass.xlsx
USGS-IL_EPA_WQX-BE-14,2010-02-02,10.0,mg/L,00530,Total Suspended Solids,1,embarrass.xlsx
USGS-IL_EPA_WQX-BE-14,2010-03-16,7.0,mg/L,00530,Total Suspended Solids,1,embarrass.xlsx
USGS-IL_EPA_WQX-BE-14,2010-04-27,15.0,mg/L,00530,Total Suspended Solids,1,embarrass.xlsx
USGS-IL_EPA_WQX-BE-14,2010-06-08,42.0,mg/L,00530,Total Suspended Solids,1,embarrass.xlsx
USGS-IL_EPA_WQX-BE-14,2010-07-20,38.0,mg/L,00530,Total Suspended Solids,1,embarrass.xlsx
USGS-IL_EPA_WQX-BE-14,2010-09-07,67.0,mg/L,00530,Total Suspended Solids,1,embarrass.xlsx
USGS-IL_EPA_WQX-BE-14,2010-10-12,15.0,mg/L,00530,Total Suspended Solids,1,embarrass.xlsx
USGS-IL_EPA_WQX-BE-14,2011-01-11,17.0,mg/L,00530,Total Suspended Solids,1,embarrass.xlsx
USGS-IL_EPA_WQX-BE-14,2011-02-22,16.0,mg/L,00530,Total Suspended Solids,1,embarrass.xlsx
USGS-IL_EPA_WQX-BE-14,2011-04-05,34.0,mg/L,00530,Total Suspended Solids,1,embarrass.xlsx
USGS-IL_EPA_WQX-BE-14,2011-05-10,53.0,mg/L,00530,Total Suspended Solids,1,embarrass.xlsx
USGS-IL_EPA_WQX-BE-14,2011-06-01,34.0,mg/L,00530,Total Suspended Solids,1,embarrass.xlsx
USGS-IL_EPA_WQX-BE-14,2011-06-21,40.0,mg/L,00530,Total Suspended Solids,1,embarrass.xlsx
USGS-IL_EPA_WQX-BE-14,2011-07-06,74.0,mg/L,00530,Total Suspended Solids,1,embarrass.xlsx
USGS-IL_EPA_WQX-BE-14,2011-07-26,31.0,mg/L,00530,Total Suspended Solids,1,embarrass.xlsx
USGS-IL_EPA_WQX-BE-14,2011-08-01,7.0,mg/L,00530,Total Suspended Solids,1,embarrass.xlsx
USGS-IL_EPA_WQX-BE-14,2011-08-03,148.0,mg/L,00530,Total Suspended Solids,1,embarrass.xlsx
USGS-IL_EPA_WQX-BE-14,2011-09-13,56.0,mg/L,00530,Total Suspended Solids,1,embarrass.xlsx
USGS-IL_EPA_WQX-BE-14,2011-09-19,20.0,mg/L,00530,Total Suspended Solids,1,embarrass.xlsx
USGS-IL_EPA_WQX-BE-14,2011-10-18,22.0,mg/L,00530,Total Suspended Solids,1,embarrass.xlsx
USGS-IL_EPA_WQX-BE-14,2011-11-29,15.0,mg/L,00530,Total Suspended Solids,1,embarrass.xlsx
USGS-IL_EPA_WQX-BE-14,2012-02-07,8.0,mg/L,00530,Total Suspended Solids,1,embarrass.xlsx
USGS-IL_EPA_WQX-BE-14,2012-03-13,10.0,mg/L,00530,Total Suspended Solids,1,embarrass.xlsx
USGS-IL_EPA_WQX-BE-14,2012-04-10,15.0,mg/L,00530,Total Suspended Solids,1,embarrass.xlsx
USGS-IL_EPA_WQX-BE-14,2012-05-08,23.0,mg/L,00530,Total Suspended Solids,1,embarrass.xlsx
USGS-IL_EPA_WQX-BE-14,2012-06-12,28.0,mg/L,00530,Total Suspended Solids,1,embarrass.xlsx
USGS-IL_EPA_WQX-BE-14,2012-07-24,47.0,mg/L,00530,Total Suspended Solids,1,embarrass.xlsx
USGS-IL_EPA_WQX-BE-14,2012-09-18,26.0,mg/L,00530,Total Suspended Solids,1,embarrass.xlsx
USGS-IL_EPA_WQX-BE-14,2013-01-15,11.0,mg/L,00530,Total Suspended Solids,1,embarrass.xlsx
USGS-IL_EPA_WQX-BE-14,2013-02-19,8.0,mg/L,00530,Total Suspended Solids,1,embarrass.xlsx
USGS-IL_EPA_WQX-BE-14,2013-04-02,8.0,mg/L,00530,Total Suspended Solids,1,embarrass.xlsx
USGS-IL_EPA_WQX-BE-14,2013-05-14,17.0,mg/L,00530,Total Suspended Solids,1,embarrass.xlsx
USGS-IL_EPA_WQX-BE-14,2013-06-11,25.0,mg/L,00530,Total Suspended Solids,1,embarrass.xlsx
USGS-IL_EPA_WQX-BE-14,2013-07-23,9.0,mg/L,00530,Total Suspended Solids,1,embarrass.xlsx
USGS-IL_EPA_WQX-BE-14,2013-08-27,33.0,mg/L,00530,Total Suspended Solids,1,embarrass.xlsx
USGS-IL_EPA_WQX-BE-14,2013-10-08,27.0,mg/L,00530,Total Suspended Solids,1,embarrass.xlsx
USGS-IL_EPA_WQX-BE-14,2013-11-12,12.0,mg/L,00530,Total Suspended Solids,1,embarrass.xlsx
USGS-IL_EPA_WQX-BE-14,2014-01-14,9.0,mg/L,00530,Total Suspended Solids,1,embarrass.xlsx
USGS-IL_EPA_WQX-BE-14,2014-02-25,20.0,mg/L,00530,Total Suspended Solids,1,embarrass.xlsx
USGS-IL_EPA_WQX-BE-14,2014-04-08,5.0,mg/L,00530,Total Suspended Solids,1,embarrass.xlsx
USGS-IL_EPA_WQX-BE-14,2014-05-06,11.0,mg/L,00530,Total Suspended Solids,1,embarrass.xlsx
USGS-IL_EPA_WQX-BE-14,2014-06-11,47.0,mg/L,00530,Total Suspended Solids,1,embarrass.xlsx
USGS-IL_EPA_WQX-BE-14,2014-07-22,29.0,mg/L,00530,Total Suspended Solids,1,embarrass.xlsx
USGS-IL_EPA_WQX-BE-14,2014-08-19,13.0,mg/L,00530,Total Suspended Solids,1,embarrass.xlsx
USGS-IL_EPA_WQX-BE-14,2014-10-07,24.0,mg/L,00530,Total Suspended Solids,1,embarrass.xlsx
USGS-IL_EPA_WQX-BE-14,2014-11-19,6.0,mg/L,00530,Total Suspended Solids,1,embarrass.xlsx
USGS-IL_EPA_WQX-BE-14,2015-01-06,4.0,mg/L,00530,Total Suspended Solids,1,embarrass.xlsx
USGS-IL_EPA_WQX-BE-14,2015-04-01,11.0,mg/L,00530,Total Suspended Solids,1,embarrass.xlsx
USGS-IL_EPA_WQX-BE-14,2015-05-07,21.0,mg/L,00530,Total Suspended Solids,1,embarrass.xlsx
USGS-IL_EPA_WQX-BE-14,2015-06-17,38.0,mg/L,00530,Total Suspended Solids,1,embarrass.xlsx
USGS-IL_EPA_WQX-BE-14,2015-07-21,40.0,mg/L,00530,Total Suspended Solids,1,embarrass.xlsx
USGS-IL_EPA_WQX-BE-14,2015-09-01,60.0,mg/L,00530,Total Suspended Solids,1,embarrass.xlsx
USGS-IL_EPA_WQX-BE-14,2015-10-20,21.0,mg/L,00530,Total Suspended Solids,1,embarrass.xlsx
USGS-IL_EPA_WQX-BE-14,2015-11-18,14.0,mg/L,00530,Total Suspended Solids,1,embarrass.xlsx
USGS-IL_EPA_WQX-BE-14,2016-01-05,18.0,mg/L,00530,Total Suspended Solids,1,embarrass.xlsx
USGS-IL_EPA_WQX-BE-14,2016-02-09,4.0,mg/L,00530,Total Suspended Solids,1,embarrass.xlsx
USGS-IL_EPA_WQX-BE-14,2016-03-23,15.0,mg/L,00530,Total Suspended Solids,1,embarrass.xlsx
USGS-IL_EPA_WQX-BE-14,2016-05-03,12.0,mg/L,00530,Total Suspended Solids,2,embarrass.xlsx
USGS-IL_EPA_WQX-BE-14,2016-06-02,37.0,mg/L,00530,Total Suspended Solids,1,embarrass.xlsx
USGS-IL_EPA_WQX-BE-14,2016-06-06,22.0,mg/L,00530,Total Suspended Solids,1,embarrass.xlsx
USGS-IL_EPA_WQX-BE-14,2016-06-07,28.0,mg/L,00530,Total Suspended Solids,1,embarrass.xlsx
USGS-IL_EPA_WQX-BE-14,2016-07-20,49.0,mg/L,00530,Total Suspended Solids,1,embarrass.xlsx
USGS-IL_EPA_WQX-BE-14,2016-08-04,24.0,mg/L,00530,Total Suspended Solids,1,embarrass.xlsx
USGS-IL_EPA_WQX-BE-14,2016-08-29,24.0,mg/L,00530,Total Suspended Solids,1,embarrass.xlsx
USGS-IL_EPA_WQX-BE-14,2016-09-01,24.0,mg/L,00530,Total Suspended Solids,1,embarrass.xlsx
USGS-IL_EPA_WQX-BE-14,2016-09-13,23.0,mg/L,00530,Total Suspended Solids,1,embarrass.xlsx
USGS-IL_EPA_WQX-BE-14,2016-10-04,18.0,mg/L,00530,Total Suspended Solids,1,embarrass.xlsx
USGS-IL_EPA_WQX-BE-14,2016-11-30,11.0,mg/L,00530,Total Suspended Solids,1,embarrass.xlsx
USGS-IL_EPA_WQX-BE-14,2017-02-21,6.0,mg/L,00530,Total Suspended Solids,1,embarrass.xlsx
USGS-IL_EPA_WQX-BE-14,2017-03-29,6.0,mg/L,00530,Total Suspended Solids,1,embarrass.xlsx
USGS-IL_EPA_WQX-BE-14,2017-05-02,54.0,mg/L,00530,Total Suspended Solids,1,embarrass.xlsx
USGS-IL_EPA_WQX-BE-14,2017-06-13,37.0,mg/L,00530,Total Suspended Solids,1,embarrass.xlsx
USGS-IL_EPA_WQX-BE-14,2017-07-26,45.0,mg/L,00530,Total Suspended Solids,1,embarrass.xlsx
USGS-IL_EPA_WQX-BE-14,2017-09-06,55.0,mg/L,00530,Total Suspended Solids,1,embarrass.xlsx
USGS-IL_EPA_WQX-BE-14,2017-10-17,30.0,mg/L,00530,Total Suspended Solids,1,embarrass.xlsx
USGS-IL_EPA_WQX-BE-14,2017-11-29,20.0,mg/L,00530,Total Suspended Solids,1,embarrass.xlsx
USGS-IL_EPA_WQX-BE-14,2018-01-10,8.0,mg/L,00530,Total Suspended Solids,1,embarrass.xlsx
USGS-IL_EPA_WQX-BE-14,2018-02-20,120.0,mg/L,00530,Total Suspended Solids,1,embarrass.xlsx
USGS-IL_EPA_WQX-BE-14,2018-04-02,8.0,mg/L,00530,Total Suspended Solids,1,embarrass.xlsx
USGS-IL_EPA_WQX-BE-14,2018-05-15,49.0,mg/L,00530,Total Suspended Solids,1,embarrass.xlsx
USGS-IL_EPA_WQX-BE-14,2018-06-26,28.0,mg/L,00530,Total Suspended Solids,1,embarrass.xlsx
USGS-IL_EPA_WQX-BE-14,2018-08-08,66.0,mg/L,00530,Total Suspended Solids,1,embarrass.xlsx
USGS-IL_EPA_WQX-BE-14,2018-09-11,44.0,mg/L,00530,Total Suspended Solids,1,embarrass.xlsx
USGS-IL_EPA_WQX-BE-14,2018-10-15,15.0,mg/L,00530,Total Suspended Solids,1,embarrass.xlsx
USGS-IL_EPA_WQX-BE-14,2018-11-28,7.0,mg/L,00530,Total Suspended Solids,1,embarrass.xlsx
USGS-IL_EPA_WQX-BE-14,2019-02-26,17.0,mg/L,00530,Total Suspended Solids,1,embarrass.xlsx
USGS-IL_EPA_WQX-BE-14,2019-04-16,17.0,mg/L,00530,Total Suspended Solids,1,embarrass.xlsx
USGS-IL_EPA_WQX-BE-14,2019-05-21,20.0,mg/L,00530,Total Suspended Solids,1,embarrass.xlsx
USGS-IL_EPA_WQX-BE-14,2019-07-08,32.0,mg/L,00530,Total Suspended Solids,1,embarrass.xlsx
USGS-IL_EPA_WQX-BE-14,2019-08-06,63.0,mg/L,00530,Total Suspended Solids,1,embarrass.xlsx
USGS-IL_EPA_WQX-BE-14,2019-09-17,41.0,mg/L,00530,Total Suspended Solids,1,embarrass.xlsx
USGS-IL_EPA_WQX-BE-14,2019-11-05,9.0,mg/L,00530,Total Suspended Solids,1,embarrass.xlsx
USGS-IL_EPA_WQX-BE-14,2019-12-10,8.0,mg/L,00530,Total Suspended Solids,1,embarrass.xlsx
USGS-IL_EPA_WQX-BE-14,2020-01-15,25.0,mg/L,00530,Total Suspended Solids,1,embarrass.xlsx
USGS-IL_EPA_WQX-BE-14,2020-02-18,53.0,mg/L,00530,Total Suspended Solids,1,embarrass.xlsx
USGS-IL_EPA_WQX-BE-14,2020-06-17,23.0,mg/L,00530,Total Suspended Solids,1,embarrass.xlsx
USGS-IL_EPA_WQX-BE-14,2020-08-05,43.0,mg/L,00530,Total Suspended Solids,1,embarrass.xlsx
USGS-IL_EPA_WQX-BE-14,2020-09-14,31.0,mg/L,00530,Total Suspended Solids,1,embarrass.xlsx
USGS-IL_EPA_WQX-BE-14,2020-10-26,13.0,mg/L,00530,Total Suspended Solids,1,embarrass.xlsx
USGS-IL_EPA_WQX-BE-14,2020-12-07,7.0,mg/L,00530,Total Suspended Solids,1,embarrass.xlsx
USGS-IL_EPA_WQX-BE-14,2021-01-26,18.0,mg/L,00530,Total Suspended Solids,1,embarrass.xlsx
USGS-IL_EPA_WQX-BE-14,2021-04-20,4.0,mg/L,00530,Total Suspended Solids,1,embarrass.xlsx
USGS-IL_EPA_WQX-BE-14,2021-05-18,15.0,mg/L,00530,Total Suspended Solids,1,embarrass.xlsx
USGS-IL_EPA_WQX-BE-14,2021-07-06,15.0,mg/L,00530,Total Suspended Solids,1,embarrass.xlsx
USGS-IL_EPA_WQX-BE-14,2021-08-16,29.0,mg/L,00530,Total Suspended Solids,1,embarrass.xlsx
USGS-IL_EPA_WQX-BE-14,2021-09-14,14.0,mg/L,00530,Total Suspended Solids,1,embarrass.xlsx
USGS-IL_EPA_WQX-BE-14,2021-11-08,9.0,mg/L,00530,Total Suspended Solids,1,embarrass.xlsx
USGS-IL_EPA_WQX-BE-14,2021-12-14,4.0,mg/L,00530,Total Suspended Solids,1,embarrass.xlsx
USGS-IL_EPA_WQX-BE-14,2022-01-19,7.0,mg/L,00530,Total Suspended Solids,1,embarrass.xlsx
USGS-IL_EPA_WQX-BE-14,2022-02-16,65.0,mg/L,00530,Total Suspended Solids,1,embarrass.xlsx
USGS-IL_EPA_WQX-BE-14,2022-04-26,17.0,mg/L,00530,Total Suspended Solids,1,embarrass.xlsx
USGS-IL_EPA_WQX-BE-14,2022-05-24,11.0,mg/L,00530,Total Suspended Solids,1,embarrass.xlsx
USGS-IL_EPA_WQX-BE-14,2022-06-28,89.0,mg/L,00530,Total Suspended Solids,1,embarrass.xlsx
USGS-IL_EPA_WQX-BE-14,2022-11-01,5.0,mg/L,00530,Total Suspended Solids,1,embarrass.xlsx
USGS-IL_EPA_WQX-BE-15,2016-06-01,28.0,mg/L,00530,Total Suspended Solids,1,embarrass.xlsx
USGS-IL_EPA_WQX-BE-15,2016-06-07,96.0,mg/L,00530,Total Suspended Solids,1,embarrass.xlsx
USGS-IL_EPA_WQX-BE-15,2016-08-01,69.0,mg/L,00530,Total Suspended Solids,1,embarrass.xlsx
USGS-IL_EPA_WQX-BE-15,2016-08-08,28.0,mg/L,00530,Total Suspended Solids,1,embarrass.xlsx
USGS-IL_EPA_WQX-BE-15,2016-08-31,87.0,mg/L,00530,Total Suspended Solids,1,embarrass.xlsx
USGS-IL_EPA_WQX-BE-17,2001-06-20,24.0,mg/L,00530,Total Suspended Solids,1,embarrass.xlsx
USGS-IL_EPA_WQX-BE-17,2001-07-30,52.0,mg/L,00530,Total Suspended Solids,1,embarrass.xlsx
USGS-IL_EPA_WQX-BE-17,2001-09-17,40.0,mg/L,00530,Total Suspended Solids,1,embarrass.xlsx
USGS-IL_EPA_WQX-BE-17,2006-05-25,108.0,mg/L,00530,Total Suspended Solids,1,embarrass.xlsx
USGS-IL_EPA_WQX-BE-17,2006-07-18,42.0,mg/L,00530,Total Suspended Solids,1,embarrass.xlsx
USGS-IL_EPA_WQX-BE-17,2006-09-14,44.0,mg/L,00530,Total Suspended Solids,1,embarrass.xlsx
USGS-IL_EPA_WQX-BE-25,2006-05-24,7.0,mg/L,00530,Total Suspended Solids,1,embarrass.xlsx
USGS-IL_EPA_WQX-BE-25,2011-06-01,32.0,mg/L,00530,Total Suspended Solids,1,embarrass.xlsx
USGS-IL_EPA_WQX-BE-25,2011-06-02,33.0,mg/L,00530,Total Suspended Solids,1,embarrass.xlsx
USGS-IL_EPA_WQX-BE-25,2011-08-16,5.0,mg/L,00530,Total Suspended Solids,1,embarrass.xlsx
USGS-IL_EPA_WQX-BE-25,2021-06-22,4.0,mg/L,00530,Total Suspended Solids,1,embarrass.xlsx
USGS-IL_EPA_WQX-BE-27,2016-06-02,26.0,mg/L,00530,Total Suspended Solids,1,embarrass.xlsx
USGS-IL_EPA_WQX-BE-27,2016-06-06,22.0,mg/L,00530,Total Suspended Solids,1,embarrass.xlsx
USGS-IL_EPA_WQX-BE-27,2016-08-04,16.0,mg/L,00530,Total Suspended Solids,1,embarrass.xlsx
USGS-IL_EPA_WQX-BE-27,2016-09-01,17.0,mg/L,00530,Total Suspended Solids,1,embarrass.xlsx
USGS-IL_EPA_WQX-BE-27,2016-09-22,9.0,mg/L,00530,Total Suspended Solids,1,embarrass.xlsx
USGS-IL_EPA_WQX-BE-27,2021-06-07,19.0,mg/L,00530,Total Suspended Solids,1,embarrass.xlsx
USGS-IL_EPA_WQX-BE-27,2021-08-04,14.0,mg/L,00530,Total Suspended Solids,1,embarrass.xlsx
USGS-IL_EPA_WQX-BE-36,2001-06-18,96.0,mg/L,00530,Total Suspended Solids,1,embarrass.xlsx
USGS-IL_EPA_WQX-BE-36,2001-08-08,55.0,mg/L,00530,Total Suspended Solids,1,embarrass.xlsx
USGS-IL_EPA_WQX-BE-36,2001-09-24,39.0,mg/L,00530,Total Suspended Solids,1,embarrass.xlsx
USGS-IL_EPA_WQX-BE-36,2016-06-07,410.0,mg/L,00530,Total Suspended Solids,1,embarrass.xlsx
USGS-IL_EPA_WQX-BE-36,2016-06-15,48.0,mg/L,00530,Total Suspended Solids,1,embarrass.xlsx
USGS-IL_EPA_WQX-BE-36,2016-08-01,57.0,mg/L,00530,Total Suspended Solids,1,embarrass.xlsx
USGS-IL_EPA_WQX-BE-36,2016-08-08,38.5,mg/L,00530,Total Suspended Solids,2,embarrass.xlsx
USGS-IL_EPA_WQX-BE-36,2016-09-07,46.0,mg/L,00530,Total Suspended Solids,1,embarrass.xlsx
USGS-IL_EPA_WQX-BE-36,2016-10-04,25.0,mg/L,00530,Total Suspended Solids,1,embarrass.xlsx
USGS-IL_EPA_WQX-BE-96,2006-05-23,21.0,mg/L,00530,Total Suspended Solids,1,embarrass.xlsx
USGS-IL_EPA_WQX-BE-96,2006-07-18,24.0,mg/L,00530,Total Suspended Solids,1,embarrass.xlsx
USGS-IL_EPA_WQX-BE-96,2006-09-14,35.0,mg/L,00530,Total Suspended Solids,1,embarrass.xlsx
USGS-IL_EPA_WQX-BE-96,2011-06-07,39.0,mg/L,00530,Total Suspended Solids,1,embarrass.xlsx
USGS-IL_EPA_WQX-BE-96,2011-06-27,527.0,mg/L,00530,Total Suspended Solids,1,embarrass.xlsx
USGS-IL_EPA_WQX-BE-96,2011-07-12,11.0,mg/L,00530,Total Suspended Solids,1,embarrass.xlsx
USGS-IL_EPA_WQX-BE-96,2011-08-01,20.0,mg/L,00530,Total Suspended Solids,1,embarrass.xlsx
USGS-IL_EPA_WQX-BE-96,2011-08-16,14.0,mg/L,00530,Total Suspended Solids,1,embarrass.xlsx
USGS-IL_EPA_WQX-BE-96,2011-09-19,11.0,mg/L,00530,Total Suspended Solids,1,embarrass.xlsx
USGS-IL_EPA_WQX-BEA-01,2006-05-16,52.0,mg/L,00530,Total Suspended Solids,1,embarrass.xlsx
USGS-IL_EPA_WQX-BEA-01,2006-09-06,16.0,mg/L,00530,Total Suspended Solids,1,embarrass.xlsx
USGS-IL_EPA_WQX-BEA-01,2006-09-26,19.0,mg/L,00530,Total Suspended Solids,1,embarrass.xlsx
USGS-IL_EPA_WQX-BEA-01,2016-05-25,8.0,mg/L,00530,Total Suspended Solids,1,embarrass.xlsx
USGS-IL_EPA_WQX-BEA-01,2016-06-14,1170.0,mg/L,00530,Total Suspended Solids,1,embarrass.xlsx
USGS-IL_EPA_WQX-BEA-01,2016-06-21,13.0,mg/L,00530,Total Suspended Solids,1,embarrass.xlsx
USGS-IL_EPA_WQX-BEA-01,2016-06-22,6.0,mg/L,00530,Total Suspended Solids,1,embarrass.xlsx
USGS-IL_EPA_WQX-BEA-01,2016-08-02,48.0,mg/L,00530,Total Suspended Solids,1,embarrass.xlsx
USGS-IL_EPA_WQX-BEA-01,2016-09-06,4.0,mg/L,00530,Total Suspended Solids,1,embarrass.xlsx
USGS-IL_EPA_WQX-BEB-03,2006-05-16,13.0,mg/L,00530,Total Suspended Solids,1,embarrass.xlsx
USGS-IL_EPA_WQX-BEB-03,2006-08-17,33.0,mg/L,00530,Total Suspended Solids,1,embarrass.xlsx
USGS-IL_EPA_WQX-BEB-03,2006-09-06,14.0,mg/L,00530,Total Suspended Solids,1,embarrass.xlsx
USGS-IL_EPA_WQX-BEB-03,2021-07-27,8.0,mg/L,00530,Total Suspended Solids,1,embarrass.xlsx
USGS-IL_EPA_WQX-BEB-05,2011-06-08,6.0,mg/L,00530,Total Suspended Solids,1,embarrass.xlsx
USGS-IL_EPA_WQX-BEB-05,2011-07-11,12.5,mg/L,00530,Total Suspended Solids,2,embarrass.xlsx
USGS-IL_EPA_WQX-BEB-05,2011-08-16,66.0,mg/L,00530,Total Suspended Solids,1,embarrass.xlsx
USGS-IL_EPA_WQX-BEB-05,2011-09-29,4.0,mg/L,00530,Total Suspended Solids,1,embarrass.xlsx
USGS-IL_EPA_WQX-BEB-05,2021-06-23,7.0,mg/L,00530,Total Suspended Solids,1,embarrass.xlsx
USGS-IL_EPA_WQX-BEC-01,2016-05-25,13.0,mg/L,00530,Total Suspended Solids,1,embarrass.xlsx
USGS-IL_EPA_WQX-BEC-01,2016-06-13,73.0,mg/L,00530,Total Suspended Solids,1,embarrass.xlsx
USGS-IL_EPA_WQX-BEC-01,2016-06-14,13.0,mg/L,00530,Total Suspended Solids,1,embarrass.xlsx
USGS-IL_EPA_WQX-BEC-01,2016-08-02,89.0,mg/L,00530,Total Suspended Solids,1,embarrass.xlsx
USGS-IL_EPA_WQX-BEC-01,2016-10-05,16.0,mg/L,00530,Total Suspended Solids,1,embarrass.xlsx
USGS-IL_EPA_WQX-BED-01,2001-06-21,12.0,mg/L,00530,Total Suspended Solids,1,embarrass.xlsx
USGS-IL_EPA_WQX-BED-01,2001-08-07,20.0,mg/L,00530,Total Suspended Solids,1,embarrass.xlsx
USGS-IL_EPA_WQX-BED-01,2001-09-26,22.0,mg/L,00530,Total Suspended Solids,1,embarrass.xlsx
USGS-IL_EPA_WQX-BED-01,2006-05-16,145.0,mg/L,00530,Total Suspended Solids,1,embarrass.xlsx
USGS-IL_EPA_WQX-BED-03,2011-06-08,8.0,mg/L,00530,Total Suspended Solids,1,embarrass.xlsx
USGS-IL_EPA_WQX-BED-03,2011-06-13,12.0,mg/L,00530,Total Suspended Solids,1,embarrass.xlsx
USGS-IL_EPA_WQX-BED-03,2011-06-15,12.0,mg/L,00530,Total Suspended Solids,1,embarrass.xlsx
USGS-IL_EPA_WQX-BED-03,2011-08-17,9.0,mg/L,00530,Total Suspended Solids,1,embarrass.xlsx
USGS-IL_EPA_WQX-BED-03,2011-09-29,15.0,mg/L,00530,Total Suspended Solids,1,embarrass.xlsx
USGS-IL_EPA_WQX-BED-03,2021-06-15,11.0,mg/L,00530,Total Suspended Solids,1,embarrass.xlsx
USGS-IL_EPA_WQX-BED-03,2021-08-03,7.0,mg/L,00530,Total Suspended Solids,1,embarrass.xlsx
USGS-IL_EPA_WQX-BED-04,2006-09-07,26.0,mg/L,00530,Total Suspended Solids,1,embarrass.xlsx
USGS-IL_EPA_WQX-BEDB-01,2011-06-08,39.0,mg/L,00530,Total Suspended Solids,1,embarrass.xlsx
USGS-IL_EPA_WQX-BEDB-01,2011-06-15,15.0,mg/L,00530,Total Suspended Solids,1,embarrass.xlsx
USGS-IL_EPA_WQX-BEDB-01,2011-08-17,25.0,mg/L,00530,Total Suspended Solids,1,embarrass.xlsx
USGS-IL_EPA_WQX-BEDB-02,2006-05-31,14.0,mg/L,00530,Total Suspended Solids,1,embarrass.xlsx
USGS-IL_EPA_WQX-BEDB-02,2006-09-07,28.0,mg/L,00530,Total Suspended Solids,1,embarrass.xlsx
USGS-IL_EPA_WQX-BEDB-02,2016-05-25,24.0,mg/L,00530,Total Suspended Solids,1,embarrass.xlsx
USGS-IL_EPA_WQX-BEDB-02,2016-06-09,23.0,mg/L,00530,Total Suspended Solids,1,embarrass.xlsx
USGS-IL_EPA_WQX-BEDB-02,2016-06-13,73.0,mg/L,00530,Total Suspended Solids,1,embarrass.xlsx
USGS-IL_EPA_WQX-BEDB-02,2016-06-20,21.0,mg/L,00530,Total Suspended Solids,1,embarrass.xlsx
USGS-IL_EPA_WQX-BEDB-02,2016-08-02,24.0,mg/L,00530,Total Suspended Solids,1,embarrass.xlsx
USGS-IL_EPA_WQX-BEDB-02,2016-10-05,9.0,mg/L,00530,Total Suspended Solids,1,embarrass.xlsx
USGS-IL_EPA_WQX-BEF-02,2001-06-19,16.0,mg/L,00530,Total Suspended Solids,1,embarrass.xlsx
USGS-IL_EPA_WQX-BEF-02,2001-07-16,12.0,mg/L,00530,Total Suspended Solids,1,embarrass.xlsx
USGS-IL_EPA_WQX-BEF-02,2001-09-19,20.0,mg/L,00530,Total Suspended Solids,1,embarrass.xlsx
USGS-IL_EPA_WQX-BEF-03,2011-06-08,42.0,mg/L,00530,Total Suspended Solids,1,embarrass.xlsx
USGS-IL_EPA_WQX-BEF-03,2011-06-15,9.0,mg/L,00530,Total Suspended Solids,1,embarrass.xlsx
USGS-IL_EPA_WQX-BEF-03,2011-07-13,70.0,mg/L,00530,Total Suspended Solids,1,embarrass.xlsx
USGS-IL_EPA_WQX-BEF-03,2011-08-17,62.0,mg/L,00530,Total Suspended Solids,1,embarrass.xlsx
USGS-IL_EPA_WQX-BEF-03,2016-06-13,14.0,mg/L,00530,Total Suspended Solids,1,embarrass.xlsx
USGS-IL_EPA_WQX-BEF-03,2016-08-01,62.0,mg/L,00530,Total Suspended Solids,1,embarrass.xlsx
USGS-IL_EPA_WQX-BEF-03,2016-08-09,7.0,mg/L,00530,Total Suspended Solids,1,embarrass.xlsx
USGS-IL_EPA_WQX-BEF-03,2016-09-07,11.0,mg/L,00530,Total Suspended Solids,1,embarrass.xlsx
USGS-IL_EPA_WQX-BEF-03,2016-10-04,8.0,mg/L,00530,Total Suspended Solids,1,embarrass.xlsx
USGS-IL_EPA_WQX-BEF-03,2018-12-04,66.0,mg/L,00530,Total Suspended Solids,1,embarrass.xlsx
USGS-IL_EPA_WQX-BEF-03,2019-03-07,10.0,mg/L,00530,Total Suspended Solids,1,embarrass.xlsx
USGS-IL_EPA_WQX-BEF-03,2019-04-17,116.0,mg/L,00530,Total Suspended Solids,1,embarrass.xlsx
USGS-IL_EPA_WQX-BEF-03,2019-05-21,24.0,mg/L,00530,Total Suspended Solids,1,embarrass.xlsx
USGS-IL_EPA_WQX-BEF-03,2019-06-24,263.0,mg/L,00530,Total Suspended Solids,1,embarrass.xlsx
USGS-IL_EPA_WQX-BEF-03,2019-07-23,253.0,mg/L,00530,Total Suspended Solids,1,embarrass.xlsx
USGS-IL_EPA_WQX-BEF-03,2019-09-03,22.0,mg/L,00530,Total Suspended Solids,1,embarrass.xlsx
USGS-IL_EPA_WQX-BEF-03,2019-10-15,22.0,mg/L,00530,Total Suspended Solids,1,embarrass.xlsx
USGS-IL_EPA_WQX-BEF-03,2019-12-03,109.0,mg/L,00530,Total Suspended Solids,1,embarrass.xlsx
USGS-IL_EPA_WQX-BEF-03,2020-01-23,43.0,mg/L,00530,Total Suspended Solids,1,embarrass.xlsx
USGS-IL_EPA_WQX-BEF-03,2020-03-05,124.0,mg/L,00530,Total Suspended Solids,1,embarrass.xlsx
USGS-IL_EPA_WQX-BEF-03,2020-06-18,58.0,mg/L,00530,Total Suspended Solids,1,embarrass.xlsx
USGS-IL_EPA_WQX-BEF-03,2020-07-28,98.0,mg/L,00530,Total Suspended Solids,1,embarrass.xlsx
USGS-IL_EPA_WQX-BEF-03,2020-09-15,33.0,mg/L,00530,Total Suspended Solids,1,embarrass.xlsx
USGS-IL_EPA_WQX-BEF-03,2020-11-05,30.0,mg/L,00530,Total Suspended Solids,1,embarrass.xlsx
USGS-IL_EPA_WQX-BEF-03,2020-12-17,21.0,mg/L,00530,Total Suspended Solids,1,embarrass.xlsx
USGS-IL_EPA_WQX-BEF-03,2021-01-27,27.0,mg/L,00530,Total Suspended Solids,1,embarrass.xlsx
USGS-IL_EPA_WQX-BEF-03,2021-03-11,45.0,mg/L,00530,Total Suspended Solids,1,embarrass.xlsx
USGS-IL_EPA_WQX-BEF-03,2021-08-18,12.0,mg/L,00530,Total Suspended Solids,1,embarrass.xlsx
USGS-IL_EPA_WQX-BEF-03,2021-09-30,53.0,mg/L,00530,Total Suspended Solids,1,embarrass.xlsx
USGS-IL_EPA_WQX-BEF-03,2021-11-10,8.0,mg/L,00530,Total Suspended Solids,1,embarrass.xlsx
USGS-IL_EPA_WQX-BEF-03,2021-12-15,36.0,mg/L,00530,Total Suspended Solids,1,embarrass.xlsx
USGS-IL_EPA_WQX-BEF-03,2022-03-08,253.0,mg/L,00530,Total Suspended Solids,1,embarrass.xlsx
USGS-IL_EPA_WQX-BEF-03,2022-04-05,50.0,mg/L,00530,Total Suspended Solids,1,embarrass.xlsx
USGS-IL_EPA_WQX-BEF-03,2022-05-18,52.0,mg/L,00530,Total Suspended Solids,1,embarrass.xlsx
USGS-IL_EPA_WQX-BEF-03,2022-06-21,19.0,mg/L,00530,Total Suspended Solids,1,embarrass.xlsx
USGS-IL_EPA_WQX-BEF-03,2022-07-28,16.0,mg/L,00530,Total Suspended Solids,1,embarrass.xlsx
USGS-IL_EPA_WQX-BEF-03,2022-09-26,6.0,mg/L,00530,Total Suspended Solids,1,embarrass.xlsx
USGS-IL_EPA_WQX-BEF-05,1999-01-20,88.0,mg/L,00530,Total Suspended Solids,1,embarrass.xlsx
USGS-IL_EPA_WQX-BEF-05,1999-03-09,108.0,mg/L,00530,Total Suspended Solids,1,embarrass.xlsx
USGS-IL_EPA_WQX-BEF-05,1999-04-20,29.0,mg/L,00530,Total Suspended Solids,1,embarrass.xlsx
USGS-IL_EPA_WQX-BEF-05,1999-05-25,44.0,mg/L,00530,Total Suspended Solids,1,embarrass.xlsx
USGS-IL_EPA_WQX-BEF-05,1999-06-09,76.0,mg/L,00530,Total Suspended Solids,1,embarrass.xlsx
USGS-IL_EPA_WQX-BEF-05,1999-07-20,33.0,mg/L,00530,Total Suspended Solids,1,embarrass.xlsx
USGS-IL_EPA_WQX-BEF-05,1999-09-21,21.0,mg/L,00530,Total Suspended Solids,1,embarrass.xlsx
USGS-IL_EPA_WQX-BEF-05,1999-10-26,6.0,mg/L,00530,Total Suspended Solids,1,embarrass.xlsx
USGS-IL_EPA_WQX-BEF-05,1999-12-07,20.0,mg/L,00530,Total Suspended Solids,1,embarrass.xlsx
USGS-IL_EPA_WQX-BEF-05,2000-01-04,23.0,mg/L,00530,Total Suspended Solids,1,embarrass.xlsx
USGS-IL_EPA_WQX-BEF-05,2000-03-13,13.0,mg/L,00530,Total Suspended Solids,1,embarrass.xlsx
USGS-IL_EPA_WQX-BEF-05,2000-04-25,56.0,mg/L,00530,Total Suspended Solids,1,embarrass.xlsx
USGS-IL_EPA_WQX-BEF-05,2000-05-23,57.0,mg/L,00530,Total Suspended Solids,1,embarrass.xlsx
USGS-IL_EPA_WQX-BEF-05,2000-06-20,62.0,mg/L,00530,Total Suspended Solids,1,embarrass.xlsx
USGS-IL_EPA_WQX-BEF-05,2000-07-10,10.0,mg/L,00530,Total Suspended Solids,1,embarrass.xlsx
USGS-IL_EPA_WQX-BEF-05,2000-09-26,106.0,mg/L,00530,Total Suspended Solids,1,embarrass.xlsx
USGS-IL_EPA_WQX-BEF-05,2000-10-24,2.0,mg/L,00530,Total Suspended Solids,1,embarrass.xlsx
USGS-IL_EPA_WQX-BEF-05,2000-11-28,45.0,mg/L,00530,Total Suspended Solids,1,embarrass.xlsx
USGS-IL_EPA_WQX-BEF-05,2001-01-31,374.0,mg/L,00530,Total Suspended Solids,1,embarrass.xlsx
USGS-IL_EPA_WQX-BEF-05,2001-03-06,16.0,mg/L,00530,Total Suspended Solids,1,embarrass.xlsx
USGS-IL_EPA_WQX-BEF-05,2001-04-18,12.0,mg/L,00530,Total Suspended Solids,1,embarrass.xlsx
USGS-IL_EPA_WQX-BEF-05,2001-05-08,23.0,mg/L,00530,Total Suspended Solids,1,embarrass.xlsx
USGS-IL_EPA_WQX-BEF-05,2001-06-06,798.0,mg/L,00530,Total Suspended Solids,1,embarrass.xlsx
USGS-IL_EPA_WQX-BEF-05,2001-08-07,35.0,mg/L,00530,Total Suspended Solids,1,embarrass.xlsx
USGS-IL_EPA_WQX-BEF-05,2001-09-24,30.0,mg/L,00530,Total Suspended Solids,1,embarrass.xlsx
USGS-IL_EPA_WQX-BEF-05,2001-10-23,65.0,mg/L,00530,Total Suspended Solids,1,embarrass.xlsx
USGS-IL_EPA_WQX-BEF-05,2001-11-14,6.0,mg/L,00530,Total Suspended Solids,1,embarrass.xlsx
USGS-IL_EPA_WQX-BEF-05,2002-01-22,4.0,mg/L,00530,Total Suspended Solids,1,embarrass.xlsx
USGS-IL_EPA_WQX-BEF-05,2002-03-12,150.0,mg/L,00530,Total Suspended Solids,1,embarrass.xlsx
USGS-IL_EPA_WQX-BEF-05,2002-04-17,63.0,mg/L,00530,Total Suspended Solids,1,embarrass.xlsx
USGS-IL_EPA_WQX-BEF-05,2002-05-14,141.0,mg/L,00530,Total Suspended Solids,1,embarrass.xlsx
USGS-IL_EPA_WQX-BEF-05,2002-06-10,70.0,mg/L,00530,Total Suspended Solids,1,embarrass.xlsx
USGS-IL_EPA_WQX-BEF-05,2002-07-25,291.0,mg/L,00530,Total Suspended Solids,1,embarrass.xlsx
USGS-IL_EPA_WQX-BEF-05,2002-09-04,21.0,mg/L,00530,Total Suspended Solids,1,embarrass.xlsx
USGS-IL_EPA_WQX-BEF-05,2002-11-06,15.0,mg/L,00530,Total Suspended Solids,1,embarrass.xlsx
USGS-IL_EPA_WQX-BEF-05,2002-12-03,5.0,mg/L,00530,Total Suspended Solids,1,embarrass.xlsx
USGS-IL_EPA_WQX-BEF-05,2003-01-13,9.0,mg/L,00530,Total Suspended Solids,1,embarrass.xlsx
USGS-IL_EPA_WQX-BEF-05,2003-03-17,44.0,mg/L,00530,Total Suspended Solids,1,embarrass.xlsx
USGS-IL_EPA_WQX-BEF-05,2003-04-09,8.0,mg/L,00530,Total Suspended Solids,1,embarrass.xlsx
USGS-IL_EPA_WQX-BEF-05,2003-05-27,19.0,mg/L,00530,Total Suspended Solids,1,embarrass.xlsx
USGS-IL_EPA_WQX-BEF-05,2003-06-30,32.0,mg/L,00530,Total Suspended Solids,1,embarrass.xlsx
USGS-IL_EPA_WQX-BEF-05,2003-08-11,33.0,mg/L,00530,Total Suspended Solids,1,embarrass.xlsx
USGS-IL_EPA_WQX-BEF-05,2003-09-22,27.0,mg/L,00530,Total Suspended Solids,1,embarrass.xlsx
USGS-IL_EPA_WQX-BEF-05,2003-11-03,21.0,mg/L,00530,Total Suspended Solids,1,embarrass.xlsx
USGS-IL_EPA_WQX-BEF-05,2003-12-08,4.0,mg/L,00530,Total Suspended Solids,1,embarrass.xlsx
USGS-IL_EPA_WQX-BEF-05,2004-01-26,12.0,mg/L,00530,Total Suspended Solids,1,embarrass.xlsx
USGS-IL_EPA_WQX-BEF-05,2004-03-08,93.0,mg/L,00530,Total Suspended Solids,1,embarrass.xlsx
USGS-IL_EPA_WQX-BEF-05,2004-04-19,19.0,mg/L,00530,Total Suspended Solids,1,embarrass.xlsx
USGS-IL_EPA_WQX-BEF-05,2004-05-24,28.0,mg/L,00530,Total Suspended Solids,1,embarrass.xlsx
USGS-IL_EPA_WQX-BEF-05,2004-06-21,51.0,mg/L,00530,Total Suspended Solids,1,embarrass.xlsx
USGS-IL_EPA_WQX-BEF-05,2004-08-02,53.0,mg/L,00530,Total Suspended Solids,1,embarrass.xlsx
USGS-IL_EPA_WQX-BEF-05,2004-09-13,5.0,mg/L,00530,Total Suspended Solids,1,embarrass.xlsx
USGS-IL_EPA_WQX-BEF-05,2004-10-27,98.0,mg/L,00530,Total Suspended Solids,1,embarrass.xlsx
USGS-IL_EPA_WQX-BEF-05,2004-12-01,258.0,mg/L,00530,Total Suspended Solids,1,embarrass.xlsx
USGS-IL_EPA_WQX-BEF-05,2005-01-12,174.0,mg/L,00530,Total Suspended Solids,1,embarrass.xlsx
USGS-IL_EPA_WQX-BEF-05,2005-03-16,6.0,mg/L,00530,Total Suspended Solids,1,embarrass.xlsx
USGS-IL_EPA_WQX-BEF-05,2005-04-19,26.0,mg/L,00530,Total Suspended Solids,1,embarrass.xlsx
USGS-IL_EPA_WQX-BEF-05,2005-05-10,22.0,mg/L,00530,Total Suspended Solids,1,embarrass.xlsx
USGS-IL_EPA_WQX-BEF-05,2005-06-22,24.0,mg/L,00530,Total Suspended Solids,1,embarrass.xlsx
USGS-IL_EPA_WQX-BEF-05,2005-09-28,28.0,mg/L,00530,Total Suspended Solids,1,embarrass.xlsx
USGS-IL_EPA_WQX-BEF-05,2006-09-14,55.0,mg/L,00530,Total Suspended Solids,1,embarrass.xlsx
USGS-IL_EPA_WQX-BEF-05,2006-10-18,87.0,mg/L,00530,Total Suspended Solids,1,embarrass.xlsx
USGS-IL_EPA_WQX-BEF-05,2006-11-13,21.0,mg/L,00530,Total Suspended Solids,1,embarrass.xlsx
USGS-IL_EPA_WQX-BEF-05,2007-01-08,127.0,mg/L,00530,Total Suspended Solids,1,embarrass.xlsx
USGS-IL_EPA_WQX-BEF-05,2008-12-17,8.0,mg/L,00530,Total Suspended Solids,1,embarrass.xlsx
USGS-IL_EPA_WQX-BEF-05,2009-01-27,5.0,mg/L,00530,Total Suspended Solids,1,embarrass.xlsx
USGS-IL_EPA_WQX-BEF-05,2009-02-24,11.0,mg/L,00530,Total Suspended Solids,1,embarrass.xlsx
USGS-IL_EPA_WQX-BEF-05,2009-03-24,22.0,mg/L,00530,Total Suspended Solids,1,embarrass.xlsx
USGS-IL_EPA_WQX-BEF-05,2009-04-20,230.0,mg/L,00530,Total Suspended Solids,1,embarrass.xlsx
USGS-IL_EPA_WQX-BEF-05,2009-06-02,191.0,mg/L,00530,Total Suspended Solids,1,embarrass.xlsx
USGS-IL_EPA_WQX-BEF-05,2009-07-07,55.0,mg/L,00530,Total Suspended Solids,1,embarrass.xlsx
USGS-IL_EPA_WQX-BEF-05,2009-08-04,69.0,mg/L,00530,Total Suspended Solids,1,embarrass.xlsx
USGS-IL_EPA_WQX-BEF-05,2009-09-15,40.0,mg/L,00530,Total Suspended Solids,1,embarrass.xlsx
USGS-IL_EPA_WQX-BEF-05,2009-10-20,19.0,mg/L,00530,Total Suspended Solids,1,embarrass.xlsx
USGS-IL_EPA_WQX-BEF-05,2009-12-01,6.0,mg/L,00530,Total Suspended Solids,1,embarrass.xlsx
USGS-IL_EPA_WQX-BEF-05,2010-01-05,25.0,mg/L,00530,Total Suspended Solids,1,embarrass.xlsx
USGS-IL_EPA_WQX-BEF-05,2010-02-16,9.0,mg/L,00530,Total Suspended Solids,1,embarrass.xlsx
USGS-IL_EPA_WQX-BEF-05,2010-03-30,121.0,mg/L,00530,Total Suspended Solids,1,embarrass.xlsx
USGS-IL_EPA_WQX-BEF-05,2010-05-25,61.0,mg/L,00530,Total Suspended Solids,1,embarrass.xlsx
USGS-IL_EPA_WQX-BEF-05,2010-06-29,130.0,mg/L,00530,Total Suspended Solids,1,embarrass.xlsx
USGS-IL_EPA_WQX-BEF-05,2010-08-03,25.0,mg/L,00530,Total Suspended Solids,1,embarrass.xlsx
USGS-IL_EPA_WQX-BEF-05,2010-09-21,12.0,mg/L,00530,Total Suspended Solids,1,embarrass.xlsx
USGS-IL_EPA_WQX-BEF-05,2010-11-02,21.0,mg/L,00530,Total Suspended Solids,1,embarrass.xlsx
USGS-IL_EPA_WQX-BEF-05,2010-12-07,11.0,mg/L,00530,Total Suspended Solids,1,embarrass.xlsx
USGS-IL_EPA_WQX-BEF-05,2011-03-08,131.0,mg/L,00530,Total Suspended Solids,1,embarrass.xlsx
USGS-IL_EPA_WQX-BEF-05,2011-04-19,50.0,mg/L,00530,Total Suspended Solids,1,embarrass.xlsx
USGS-IL_EPA_WQX-BEF-05,2011-05-24,308.0,mg/L,00530,Total Suspended Solids,1,embarrass.xlsx
USGS-IL_EPA_WQX-BEF-05,2011-07-12,29.0,mg/L,00530,Total Suspended Solids,1,embarrass.xlsx
USGS-IL_EPA_WQX-BEF-05,2011-08-09,12.0,mg/L,00530,Total Suspended Solids,1,embarrass.xlsx
USGS-IL_EPA_WQX-BEF-05,2011-09-19,14.0,mg/L,00530,Total Suspended Solids,1,embarrass.xlsx
USGS-IL_EPA_WQX-BEF-05,2011-09-27,30.0,mg/L,00530,Total Suspended Solids,1,embarrass.xlsx
USGS-IL_EPA_WQX-BEF-05,2011-11-01,9.0,mg/L,00530,Total Suspended Solids,1,embarrass.xlsx
USGS-IL_EPA_WQX-BEF-05,2011-12-13,17.0,mg/L,00530,Total Suspended Solids,1,embarrass.xlsx
USGS-IL_EPA_WQX-BEF-05,2012-02-28,11.0,mg/L,00530,Total Suspended Solids,1,embarrass.xlsx
USGS-IL_EPA_WQX-BEF-05,2012-03-27,21.0,mg/L,00530,Total Suspended Solids,1,embarrass.xlsx
USGS-IL_EPA_WQX-BEF-05,2012-04-24,14.0,mg/L,00530,Total Suspended Solids,1,embarrass.xlsx
USGS-IL_EPA_WQX-BEF-05,2012-05-22,21.0,mg/L,00530,Total Suspended Solids,1,embarrass.xlsx
USGS-IL_EPA_WQX-BEF-05,2012-07-10,33.0,mg/L,00530,Total Suspended Solids,1,embarrass.xlsx
USGS-IL_EPA_WQX-BEF-05,2012-08-07,32.0,mg/L,00530,Total Suspended Solids,1,embarrass.xlsx
USGS-IL_EPA_WQX-BEF-05,2012-09-25,37.0,mg/L,00530,Total Suspended Solids,1,embarrass.xlsx
USGS-IL_EPA_WQX-BEF-05,2012-11-27,16.0,mg/L,00530,Total Suspended Solids,1,embarrass.xlsx
USGS-IL_EPA_WQX-BEF-05,2013-01-29,43.0,mg/L,00530,Total Suspended Solids,1,embarrass.xlsx
USGS-IL_EPA_WQX-BEF-05,2013-03-05,39.0,mg/L,00530,Total Suspended Solids,1,embarrass.xlsx
USGS-IL_EPA_WQX-BEF-05,2013-04-09,13.0,mg/L,00530,Total Suspended Solids,1,embarrass.xlsx
USGS-IL_EPA_WQX-BEF-05,2013-05-21,36.0,mg/L,00530,Total Suspended Solids,1,embarrass.xlsx
USGS-IL_EPA_WQX-BEF-05,2013-06-25,99.0,mg/L,00530,Total Suspended Solids,1,embarrass.xlsx
USGS-IL_EPA_WQX-BEF-05,2013-08-06,9.0,mg/L,00530,Total Suspended Solids,1,embarrass.xlsx
USGS-IL_EPA_WQX-BEF-05,2013-09-24,14.0,mg/L,00530,Total Suspended Solids,1,embarrass.xlsx
USGS-IL_EPA_WQX-BEF-05,2013-10-22,9.0,mg/L,00530,Total Suspended Solids,1,embarrass.xlsx
USGS-IL_EPA_WQX-BEF-05,2013-11-19,73.0,mg/L,00530,Total Suspended Solids,1,embarrass.xlsx
USGS-IL_EPA_WQX-BEF-05,2014-01-28,8.0,mg/L,00530,Total Suspended Solids,1,embarrass.xlsx
USGS-IL_EPA_WQX-BEF-05,2014-03-18,36.0,mg/L,00530,Total Suspended Solids,1,embarrass.xlsx
USGS-IL_EPA_WQX-BEF-05,2014-04-22,23.0,mg/L,00530,Total Suspended Solids,1,embarrass.xlsx
USGS-IL_EPA_WQX-BEF-05,2014-05-20,52.0,mg/L,00530,Total Suspended Solids,1,embarrass.xlsx
USGS-IL_EPA_WQX-BEF-05,2014-06-24,52.0,mg/L,00530,Total Suspended Solids,1,embarrass.xlsx
USGS-IL_EPA_WQX-BEF-05,2014-08-05,45.0,mg/L,00530,Total Suspended Solids,1,embarrass.xlsx
USGS-IL_EPA_WQX-BEF-05,2014-09-09,33.0,mg/L,00530,Total Suspended Solids,1,embarrass.xlsx
USGS-IL_EPA_WQX-BEF-05,2014-10-21,21.0,mg/L,00530,Total Suspended Solids,1,embarrass.xlsx
USGS-IL_EPA_WQX-BEF-05,2014-12-02,11.0,mg/L,00530,Total Suspended Solids,1,embarrass.xlsx
USGS-IL_EPA_WQX-BEF-05,2015-01-27,44.0,mg/L,00530,Total Suspended Solids,1,embarrass.xlsx
USGS-IL_EPA_WQX-BEF-05,2015-03-03,4.0,mg/L,00530,Total Suspended Solids,1,embarrass.xlsx
USGS-IL_EPA_WQX-BEF-05,2015-04-14,63.0,mg/L,00530,Total Suspended Solids,1,embarrass.xlsx
USGS-IL_EPA_WQX-BEF-05,2015-05-19,48.0,mg/L,00530,Total Suspended Solids,1,embarrass.xlsx
USGS-IL_EPA_WQX-BEF-05,2015-06-30,360.0,mg/L,00530,Total Suspended Solids,1,embarrass.xlsx
USGS-IL_EPA_WQX-BEF-05,2015-08-10,34.0,mg/L,00530,Total Suspended Solids,1,embarrass.xlsx
USGS-IL_EPA_WQX-BEF-05,2015-09-15,28.0,mg/L,00530,Total Suspended Solids,1,embarrass.xlsx
USGS-IL_EPA_WQX-BEF-05,2015-11-02,16.0,mg/L,00530,Total Suspended Solids,1,embarrass.xlsx
USGS-IL_EPA_WQX-BEF-05,2015-12-08,11.0,mg/L,00530,Total Suspended Solids,1,embarrass.xlsx
USGS-IL_EPA_WQX-BEF-05,2016-01-26,5.0,mg/L,00530,Total Suspended Solids,1,embarrass.xlsx
USGS-IL_EPA_WQX-BEF-05,2016-02-29,134.0,mg/L,00530,Total Suspended Solids,1,embarrass.xlsx
USGS-IL_EPA_WQX-BEF-05,2016-04-12,232.0,mg/L,00530,Total Suspended Solids,1,embarrass.xlsx
USGS-IL_EPA_WQX-BEF-05,2016-05-17,17.0,mg/L,00530,Total Suspended Solids,1,embarrass.xlsx
USGS-IL_EPA_WQX-BEF-05,2016-06-20,55.0,mg/L,00530,Total Suspended Solids,1,embarrass.xlsx
USGS-IL_EPA_WQX-BEF-05,2016-08-02,63.0,mg/L,00530,Total Suspended Solids,1,embarrass.xlsx
USGS-IL_EPA_WQX-BEF-05,2016-09-20,31.0,mg/L,00530,Total Suspended Solids,1,embarrass.xlsx
USGS-IL_EPA_WQX-BEF-05,2016-11-07,5.0,mg/L,00530,Total Suspended Solids,1,embarrass.xlsx
USGS-IL_EPA_WQX-BEF-05,2016-12-13,7.0,mg/L,00530,Total Suspended Solids,1,embarrass.xlsx
USGS-IL_EPA_WQX-BEF-05,2017-01-24,71.0,mg/L,00530,Total Suspended Solids,1,embarrass.xlsx
USGS-IL_EPA_WQX-BEF-05,2017-03-06,29.0,mg/L,00530,Total Suspended Solids,1,embarrass.xlsx
USGS-IL_EPA_WQX-BEF-05,2017-04-11,106.0,mg/L,00530,Total Suspended Solids,1,embarrass.xlsx
USGS-IL_EPA_WQX-BEF-05,2017-05-30,43.0,mg/L,00530,Total Suspended Solids,1,embarrass.xlsx
USGS-IL_EPA_WQX-BEF-05,2017-06-26,98.0,mg/L,00530,Total Suspended Solids,1,embarrass.xlsx
USGS-IL_EPA_WQX-BEF-05,2017-08-08,46.0,mg/L,00530,Total Suspended Solids,1,embarrass.xlsx
USGS-IL_EPA_WQX-BEF-05,2017-09-19,19.0,mg/L,00530,Total Suspended Solids,1,embarrass.xlsx
USGS-IL_EPA_WQX-BEF-05,2017-10-23,21.0,mg/L,00530,Total Suspended Solids,1,embarrass.xlsx
USGS-IL_EPA_WQX-BEF-05,2017-12-12,6.0,mg/L,00530,Total Suspended Solids,1,embarrass.xlsx
USGS-IL_EPA_WQX-BEF-05,2018-01-23,858.0,mg/L,00530,Total Suspended Solids,1,embarrass.xlsx
USGS-IL_EPA_WQX-BEF-05,2018-03-05,29.0,mg/L,00530,Total Suspended Solids,1,embarrass.xlsx
USGS-IL_EPA_WQX-BEF-05,2018-04-24,17.0,mg/L,00530,Total Suspended Solids,1,embarrass.xlsx
USGS-IL_EPA_WQX-BEF-05,2018-06-05,51.0,mg/L,00530,Total Suspended Solids,1,embarrass.xlsx
USGS-IL_EPA_WQX-BEF-05,2018-07-16,404.0,mg/L,00530,Total Suspended Solids,1,embarrass.xlsx
USGS-IL_EPA_WQX-BEF-05,2018-08-21,314.0,mg/L,00530,Total Suspended Solids,1,embarrass.xlsx
USGS-IL_EPA_WQX-BEF-05,2018-09-25,38.0,mg/L,00530,Total Suspended Solids,1,embarrass.xlsx
USGS-IL_EPA_WQX-BEF-05,2018-10-29,41.0,mg/L,00530,Total Suspended Solids,1,embarrass.xlsx
USGS-IL_EPA_WQX-BEF-08,2011-06-15,11.0,mg/L,00530,Total Suspended Solids,1,embarrass.xlsx
USGS-IL_EPA_WQX-BEF-08,2016-06-07,11.0,mg/L,00530,Total Suspended Solids,1,embarrass.xlsx
USGS-IL_EPA_WQX-BEF-08,2016-08-02,46.0,mg/L,00530,Total Suspended Solids,1,embarrass.xlsx
USGS-IL_EPA_WQX-BEF-10,2006-05-31,8.0,mg/L,00530,Total Suspended Solids,1,embarrass.xlsx
USGS-IL_EPA_WQX-BEF-10,2006-07-26,10.0,mg/L,00530,Total Suspended Solids,1,embarrass.xlsx
USGS-IL_EPA_WQX-BEF-10,2006-09-13,60.0,mg/L,00530,Total Suspended Solids,1,embarrass.xlsx
USGS-IL_EPA_WQX-BEF-10,2011-06-07,10.0,mg/L,00530,Total Suspended Solids,1,embarrass.xlsx
USGS-IL_EPA_WQX-BEF-10,2011-07-13,9.0,mg/L,00530,Total Suspended Solids,1,embarrass.xlsx
USGS-IL_EPA_WQX-BEF-10,2011-09-07,13.0,mg/L,00530,Total Suspended Solids,1,embarrass.xlsx
USGS-IL_EPA_WQX-BEF-10,2016-06-01,25.0,mg/L,00530,Total Suspended Solids,1,embarrass.xlsx
USGS-IL_EPA_WQX-BEF-10,2016-08-02,4.0,mg/L,00530,Total Suspended Solids,1,embarrass.xlsx
USGS-IL_EPA_WQX-BEF-10,2016-10-03,6.0,mg/L,00530,Total Suspended Solids,1,embarrass.xlsx
USGS-IL_EPA_WQX-BEF-10,2021-06-14,7.0,mg/L,00530,Total Suspended Solids,1,embarrass.xlsx
USGS-IL_EPA_WQX-BEF-10,2021-07-28,11.0,mg/L,00530,Total Suspended Solids,1,embarrass.xlsx
USGS-IL_EPA_WQX-BEFA-02,2006-04-24,13.0,mg/L,00530,Total Suspended Solids,1,embarrass.xlsx
USGS-IL_EPA_WQX-BEFA-04,2006-09-07,21.0,mg/L,00530,Total Suspended Solids,1,embarrass.xlsx
USGS-IL_EPA_WQX-BEFA-04,2016-06-13,82.0,mg/L,00530,Total Suspended Solids,2,embarrass.xlsx
USGS-IL_EPA_WQX-BEFA-04,2016-08-01,12.0,mg/L,00530,Total Suspended Solids,1,embarrass.xlsx
USGS-IL_EPA_WQX-BEFA-04,2016-09-07,10.0,mg/L,00530,Total Suspended Solids,1,embarrass.xlsx
USGS-IL_EPA_WQX-BEFA-04,2016-10-04,14.0,mg/L,00530,Total Suspended Solids,1,embarrass.xlsx
USGS-IL_EPA_WQX-BEFAB-02,2021-06-15,46.0,mg/L,00530,Total Suspended Solids,1,embarrass.xlsx
USGS-IL_EPA_WQX-BEFAB-02,2021-08-03,8.0,mg/L,00530,Total Suspended Solids,1,embarrass.xlsx
USGS-IL_EPA_WQX-BEG-02,2021-06-15,17.0,mg/L,00530,Total Suspended Solids,1,embarrass.xlsx
USGS-IL_EPA_WQX-BEG-02,2021-08-03,11.0,mg/L,00530,Total Suspended Solids,1,embarrass.xlsx
USGS-IL_EPA_WQX-BEGB-01,2016-06-07,16.0,mg/L,00530,Total Suspended Solids,1,embarrass.xlsx
USGS-IL_EPA_WQX-BEGB-01,2016-06-09,71.0,mg/L,00530,Total Suspended Solids,1,embarrass.xlsx
USGS-IL_EPA_WQX-BEGB-01,2016-08-01,22.0,mg/L,00530,Total Suspended Solids,1,embarrass.xlsx
USGS-IL_EPA_WQX-BEGB-01,2016-10-04,6.0,mg/L,00530,Total Suspended Solids,1,embarrass.xlsx
USGS-IL_EPA_WQX-BEH-01,2011-06-08,5.0,mg/L,00530,Total Suspended Solids,1,embarrass.xlsx
USGS-IL_EPA_WQX-BEH-01,2011-06-13,43.0,mg/L,00530,Total Suspended Solids,1,embarrass.xlsx
USGS-IL_EPA_WQX-BEH-01,2011-06-15,20.0,mg/L,00530,Total Suspended Solids,1,embarrass.xlsx
USGS-IL_EPA_WQX-BEH-01,2011-08-17,6.0,mg/L,00530,Total Suspended Solids,1,embarrass.xlsx
USGS-IL_EPA_WQX-BEH-01,2011-09-19,10.0,mg/L,00530,Total Suspended Solids,1,embarrass.xlsx
USGS-IL_EPA_WQX-BEI-01,2001-06-18,29.0,mg/L,00530,Total Suspended Solids,1,embarrass.xlsx
USGS-IL_EPA_WQX-BEI-01,2001-07-16,14.0,mg/L,00530,Total Suspended Solids,1,embarrass.xlsx
USGS-IL_EPA_WQX-BEI-01,2001-09-19,25.0,mg/L,00530,Total Suspended Solids,1,embarrass.xlsx
USGS-IL_EPA_WQX-BEI-01,2006-06-01,21.0,mg/L,00530,Total Suspended Solids,1,embarrass.xlsx
USGS-IL_EPA_WQX-BEI-01,2006-07-19,13.0,mg/L,00530,Total Suspended Solids,1,embarrass.xlsx
USGS-IL_EPA_WQX-BEI-01,2006-09-13,31.0,mg/L,00530,Total Suspended Solids,1,embarrass.xlsx
USGS-IL_EPA_WQX-BEI-01,2016-06-01,9.0,mg/L,00530,Total Suspended Solids,1,embarrass.xlsx
USGS-IL_EPA_WQX-BEI-01,2016-06-07,30.0,mg/L,00530,Total Suspended Solids,1,embarrass.xlsx
USGS-IL_EPA_WQX-BEI-01,2016-07-25,12.0,mg/L,00530,Total Suspended Solids,1,embarrass.xlsx
USGS-IL_EPA_WQX-BEI-01,2016-08-01,11.0,mg/L,00530,Total Suspended Solids,1,embarrass.xlsx
USGS-IL_EPA_WQX-BEI-01,2016-08-31,8.0,mg/L,00530,Total Suspended Solids,1,embarrass.xlsx
USGS-IL_EPA_WQX-BEI-01,2021-06-22,10.0,mg/L,00530,Total Suspended Solids,1,embarrass.xlsx
USGS-IL_EPA_WQX-BEI-01,2021-08-03,8.0,mg/L,00530,Total Suspended Solids,1,embarrass.xlsx
USGS-IL_EPA_WQX-BEJ-03,2001-06-18,16.0,mg/L,00530,Total Suspended Solids,1,embarrass.xlsx
USGS-IL_EPA_WQX-BEJ-03,2001-07-17,32.0,mg/L,00530,Total Suspended Solids,1,embarrass.xlsx
USGS-IL_EPA_WQX-BEJ-03,2001-09-19,30.0,mg/L,00530,Total Suspended Solids,1,embarrass.xlsx
USGS-IL_EPA_WQX-BEJ-05,2016-06-07,10.0,mg/L,00530,Total Suspended Solids,1,embarrass.xlsx
USGS-IL_EPA_WQX-BEJ-05,2016-07-25,8.0,mg/L,00530,Total Suspended Solids,1,embarrass.xlsx
USGS-IL_EPA_WQX-BEJ-05,2016-08-01,14.0,mg/L,00530,Total Suspended Solids,1,embarrass.xlsx
USGS-IL_EPA_WQX-BEJ-05,2016-08-31,6.0,mg/L,00530,Total Suspended Solids,1,embarrass.xlsx
USGS-IL_EPA_WQX-BEJ-05,2021-06-10,18.0,mg/L,00530,Total Suspended Solids,1,embarrass.xlsx
USGS-IL_EPA_WQX-BEJ-05,2021-08-03,4.0,mg/L,00530,Total Suspended Solids,1,embarrass.xlsx
USGS-IL_EPA_WQX-BEJ-06,2006-05-25,167.0,mg/L,00530,Total Suspended Solids,1,embarrass.xlsx
USGS-IL_EPA_WQX-BEJ-06,2006-07-19,23.0,mg/L,00530,Total Suspended Solids,1,embarrass.xlsx
USGS-IL_EPA_WQX-BEJ-06,2006-09-13,6.0,mg/L,00530,Total Suspended Solids,1,embarrass.xlsx
USGS-IL_EPA_WQX-BEJC-01,2021-06-10,17.0,mg/L,00530,Total Suspended Solids,1,embarrass.xlsx
USGS-IL_EPA_WQX-BEJC-01,2021-08-03,6.0,mg/L,00530,Total Suspended Solids,1,embarrass.xlsx
USGS-IL_EPA_WQX-BEL-01,2001-06-19,18.0,mg/L,00530,Total Suspended Solids,1,embarrass.xlsx
USGS-IL_EPA_WQX-BEL-01,2001-08-02,10.0,mg/L,00530,Total Suspended Solids,1,embarrass.xlsx
USGS-IL_EPA_WQX-BEL-01,2001-09-18,4.0,mg/L,00530,Total Suspended Solids,1,embarrass.xlsx
USGS-IL_EPA_WQX-BEL-01,2006-05-25,569.0,mg/L,00530,Total Suspended Solids,1,embarrass.xlsx
USGS-IL_EPA_WQX-BEL-01,2006-07-27,5.0,mg/L,00530,Total Suspended Solids,1,embarrass.xlsx
USGS-IL_EPA_WQX-BEL-01,2006-09-08,8.0,mg/L,00530,Total Suspended Solids,1,embarrass.xlsx
USGS-IL_EPA_WQX-BEL-01,2011-06-08,7.0,mg/L,00530,Total Suspended Solids,1,embarrass.xlsx
USGS-IL_EPA_WQX-BEL-01,2011-06-15,6.0,mg/L,00530,Total Suspended Solids,1,embarrass.xlsx
USGS-IL_EPA_WQX-BEL-01,2011-07-14,7.0,mg/L,00530,Total Suspended Solids,1,embarrass.xlsx
USGS-IL_EPA_WQX-BEL-01,2011-08-17,13.0,mg/L,00530,Total Suspended Solids,1,embarrass.xlsx
USGS-IL_EPA_WQX-BEL-01,2011-09-07,10.0,mg/L,00530,Total Suspended Solids,1,embarrass.xlsx
USGS-IL_EPA_WQX-BEL-01,2016-06-07,6.0,mg/L,00530,Total Suspended Solids,1,embarrass.xlsx
USGS-IL_EPA_WQX-BEL-01,2016-07-18,5.0,mg/L,00530,Total Suspended Solids,1,embarrass.xlsx
USGS-IL_EPA_WQX-BEL-01,2021-06-10,5.0,mg/L,00530,Total Suspended Solids,1,embarrass.xlsx
USGS-IL_EPA_WQX-BEN-01,2001-06-19,22.0,mg/L,00530,Total Suspended Solids,1,embarrass.xlsx
USGS-IL_EPA_WQX-BEN-01,2001-08-02,12.0,mg/L,00530,Total Suspended Solids,1,embarrass.xlsx
USGS-IL_EPA_WQX-BEN-01,2001-09-18,3.0,mg/L,00530,Total Suspended Solids,1,embarrass.xlsx
USGS-IL_EPA_WQX-BEN-01,2006-05-23,8.0,mg/L,00530,Total Suspended Solids,1,embarrass.xlsx
USGS-IL_EPA_WQX-BEN-01,2006-07-27,18.0,mg/L,00530,Total Suspended Solids,1,embarrass.xlsx
USGS-IL_EPA_WQX-BEN-01,2006-09-13,13.0,mg/L,00530,Total Suspended Solids,1,embarrass.xlsx
USGS-IL_EPA_WQX-BEN-01,2011-06-07,13.0,mg/L,00530,Total Suspended Solids,1,embarrass.xlsx
USGS-IL_EPA_WQX-BEN-01,2011-06-15,15.0,mg/L,00530,Total Suspended Solids,1,embarrass.xlsx
USGS-IL_EPA_WQX-BEN-01,2011-07-12,6.0,mg/L,00530,Total Suspended Solids,1,embarrass.xlsx
USGS-IL_EPA_WQX-BEN-01,2011-07-28,7.0,mg/L,00530,Total Suspended Solids,1,embarrass.xlsx
USGS-IL_EPA_WQX-BEN-01,2011-08-16,6.0,mg/L,00530,Total Suspended Solids,1,embarrass.xlsx
USGS-IL_EPA_WQX-BEN-01,2011-09-20,4.0,mg/L,00530,Total Suspended Solids,1,embarrass.xlsx
USGS-IL_EPA_WQX-BEN-01,2016-05-31,7.0,mg/L,00530,Total Suspended Solids,1,embarrass.xlsx
USGS-IL_EPA_WQX-BEN-01,2016-06-06,24.0,mg/L,00530,Total Suspended Solids,1,embarrass.xlsx
USGS-IL_EPA_WQX-BEN-01,2016-07-13,6.0,mg/L,00530,Total Suspended Solids,1,embarrass.xlsx
USGS-IL_EPA_WQX-BEN-01,2016-08-01,6.0,mg/L,00530,Total Suspended Solids,1,embarrass.xlsx
USGS-IL_EPA_WQX-BEN-01,2016-08-29,14.0,mg/L,00530,Total Suspended Solids,1,embarrass.xlsx
USGS-IL_EPA_WQX-BEN-01,2021-06-08,7.0,mg/L,00530,Total Suspended Solids,1,embarrass.xlsx
USGS-IL_EPA_WQX-BEN-01,2021-08-02,4.0,mg/L,00530,Total Suspended Solids,1,embarrass.xlsx
USGS-IL_EPA_WQX-BEN-02,2001-06-19,9.0,mg/L,00530,Total Suspended Solids,1,embarrass.xlsx
USGS-IL_EPA_WQX-BEN-02,2001-08-02,15.0,mg/L,00530,Total Suspended Solids,1,embarrass.xlsx
USGS-IL_EPA_WQX-BEN-02,2001-09-18,7.0,mg/L,00530,Total Suspended Solids,1,embarrass.xlsx
USGS-IL_EPA_WQX-BEN-MT-A1,2003-09-17,16.0,mg/L,00530,Total Suspended Solids,1,embarrass.xlsx
USGS-IL_EPA_WQX-BEN-MT-C1,2003-09-17,12.0,mg/L,00530,Total Suspended Solids,1,embarrass.xlsx
USGS-IL_EPA_WQX-BEN-MT-C2,2003-09-17,10.0,mg/L,00530,Total Suspended Solids,1,embarrass.xlsx
USGS-IL_EPA_WQX-BEN-MT-C2A,2003-09-17,7.0,mg/L,00530,Total Suspended Solids,1,embarrass.xlsx
USGS-IL_EPA_WQX-BENA-01,2001-06-19,30.0,mg/L,00530,Total Suspended Solids,1,embarrass.xlsx
USGS-IL_EPA_WQX-BENA-01,2006-07-17,17.0,mg/L,00530,Total Suspended Solids,1,embarrass.xlsx
USGS-IL_EPA_WQX-BENA-01,2006-09-13,10.0,mg/L,00530,Total Suspended Solids,1,embarrass.xlsx
USGS-IL_EPA_WQX-BENA-01,2011-06-07,10.0,mg/L,00530,Total Suspended Solids,1,embarrass.xlsx
USGS-IL_EPA_WQX-BENA-01,2011-06-14,5.0,mg/L,00530,Total Suspended Solids,1,embarrass.xlsx
USGS-IL_EPA_WQX-BENA-01,2011-07-14,9.0,mg/L,00530,Total Suspended Solids,1,embarrass.xlsx
USGS-IL_EPA_WQX-BENA-01,2011-08-16,8.0,mg/L,00530,Total Suspended Solids,1,embarrass.xlsx
USGS-IL_EPA_WQX-BENA-01,2016-05-31,12.0,mg/L,00530,Total Suspended Solids,1,embarrass.xlsx
USGS-IL_EPA_WQX-BENA-01,2016-06-06,23.0,mg/L,00530,Total Suspended Solids,1,embarrass.xlsx
USGS-IL_EPA_WQX-BENA-01,2016-07-12,7.0,mg/L,00530,Total Suspended Solids,1,embarrass.xlsx
USGS-IL_EPA_WQX-BENA-01,2016-08-01,6.0,mg/L,00530,Total Suspended Solids,1,embarrass.xlsx
USGS-IL_EPA_WQX-BENA-01,2016-08-29,15.0,mg/L,00530,Total Suspended Solids,1,embarrass.xlsx
USGS-IL_EPA_WQX-BENA-01,2021-06-08,7.0,mg/L,00530,Total Suspended Solids,1,embarrass.xlsx
USGS-IL_EPA_WQX-BENA-02,2001-06-19,32.0,mg/L,00530,Total Suspended Solids,1,embarrass.xlsx
USGS-IL_EPA_WQX-BENA-02,2001-07-19,15.0,mg/L,00530,Total Suspended Solids,1,embarrass.xlsx
USGS-IL_EPA_WQX-BENA-02,2001-09-18,11.0,mg/L,00530,Total Suspended Solids,1,embarrass.xlsx
USGS-IL_EPA_WQX-BENA-02,2006-05-23,17.0,mg/L,00530,Total Suspended Solids,1,embarrass.xlsx
USGS-IL_EPA_WQX-BENA-02,2006-07-18,22.0,mg/L,00530,Total Suspended Solids,1,embarrass.xlsx
USGS-IL_EPA_WQX-BENA-02,2006-09-13,17.0,mg/L,00530,Total Suspended Solids,1,embarrass.xlsx
USGS-IL_EPA_WQX-BENA-03,2001-07-19,33.0,mg/L,00530,Total Suspended Solids,1,embarrass.xlsx
USGS-IL_EPA_WQX-BENA-03,2001-09-18,19.0,mg/L,00530,Total Suspended Solids,1,embarrass.xlsx
USGS-IL_EPA_WQX-BENA-03,2006-07-17,22.0,mg/L,00530,Total Suspended Solids,1,embarrass.xlsx
USGS-IL_EPA_WQX-BENA-03,2006-09-13,15.0,mg/L,00530,Total Suspended Solids,1,embarrass.xlsx
USGS-IL_EPA_WQX-BENA-03,2011-06-07,12.0,mg/L,00530,Total Suspended Solids,1,embarrass.xlsx
USGS-IL_EPA_WQX-BENA-03,2011-06-27,372.0,mg/L,00530,Total Suspended Solids,1,embarrass.xlsx
USGS-IL_EPA_WQX-BENA-03,2011-07-25,7.0,mg/L,00530,Total Suspended Solids,1,embarrass.xlsx
USGS-IL_EPA_WQX-BENA-03,2011-09-20,4.0,mg/L,00530,Total Suspended Solids,1,embarrass.xlsx
USGS-IL_EPA_WQX-BENA-03,2016-05-31,6.0,mg/L,00530,Total Suspended Solids,1,embarrass.xlsx
USGS-IL_EPA_WQX-BENA-03,2016-07-13,55.0,mg/L,00530,Total Suspended Solids,1,embarrass.xlsx
USGS-IL_EPA_WQX-BENA-03,2016-08-29,15.0,mg/L,00530,Total Suspended Solids,1,embarrass.xlsx
USGS-IL_EPA_WQX-BENA-03,2021-06-08,12.0,mg/L,00530,Total Suspended Solids,1,embarrass.xlsx
USGS-IL_EPA_WQX-BENC-01,2006-07-17,11.0,mg/L,00530,Total Suspended Solids,1,embarrass.xlsx
USGS-IL_EPA_WQX-BENC-01,2006-09-13,10.0,mg/L,00530,Total Suspended Solids,1,embarrass.xlsx
USGS-IL_EPA_WQX-BENC-01,2011-06-07,9.0,mg/L,00530,Total Suspended Solids,1,embarrass.xlsx
USGS-IL_EPA_WQX-BENC-01,2011-06-22,6.0,mg/L,00530,Total Suspended Solids,1,embarrass.xlsx
USGS-IL_EPA_WQX-BENC-01,2011-09-20,5.0,mg/L,00530,Total Suspended Solids,1,embarrass.xlsx
USGS-IL_EPA_WQX-BENC-01,2021-06-08,4.0,mg/L,00530,Total Suspended Solids,1,embarrass.xlsx
USGS-IL_EPA_WQX-BENC-01,2021-08-02,5.0,mg/L,00530,Total Suspended Solids,1,embarrass.xlsx
USGS-IL_EPA_WQX-BEO-01,2001-06-20,15.0,mg/L,00530,Total Suspended Solids,1,embarrass.xlsx
USGS-IL_EPA_WQX-BEO-01,2001-07-30,25.0,mg/L,00530,Total Suspended Solids,1,embarrass.xlsx
USGS-IL_EPA_WQX-BEO-01,2001-09-17,6.0,mg/L,00530,Total Suspended Solids,1,embarrass.xlsx
USGS-IL_EPA_WQX-BEO-01,2006-05-23,5.0,mg/L,00530,Total Suspended Solids,1,embarrass.xlsx
USGS-IL_EPA_WQX-BEO-01,2006-09-08,4.0,mg/L,00530,Total Suspended Solids,1,embarrass.xlsx
USGS-IL_EPA_WQX-BEO-01,2011-06-02,13.0,mg/L,00530,Total Suspended Solids,1,embarrass.xlsx
USGS-IL_EPA_WQX-BEO-01,2011-06-03,17.0,mg/L,00530,Total Suspended Solids,1,embarrass.xlsx
USGS-IL_EPA_WQX-BEO-01,2011-07-26,5.0,mg/L,00530,Total Suspended Solids,1,embarrass.xlsx
USGS-IL_EPA_WQX-BEO-01,2011-08-16,4.0,mg/L,00530,Total Suspended Solids,1,embarrass.xlsx
USGS-IL_EPA_WQX-BEO-01,2011-09-20,4.0,mg/L,00530,Total Suspended Solids,1,embarrass.xlsx
USGS-IL_EPA_WQX-BEO-01,2016-05-31,12.0,mg/L,00530,Total Suspended Solids,1,embarrass.xlsx
USGS-IL_EPA_WQX-BEO-01,2016-06-06,27.0,mg/L,00530,Total Suspended Solids,1,embarrass.xlsx
USGS-IL_EPA_WQX-BEO-01,2016-06-16,95.0,mg/L,00530,Total Suspended Solids,1,embarrass.xlsx
USGS-IL_EPA_WQX-BEO-01,2016-07-12,64.0,mg/L,00530,Total Suspended Solids,1,embarrass.xlsx
USGS-IL_EPA_WQX-BEO-01,2016-08-01,4.0,mg/L,00530,Total Suspended Solids,1,embarrass.xlsx
USGS-IL_EPA_WQX-BEO-01,2016-08-29,11.0,mg/L,00530,Total Suspended Solids,1,embarrass.xlsx
USGS-IL_EPA_WQX-BEO-01,2021-06-08,6.0,mg/L,00530,Total Suspended Solids,1,embarrass.xlsx
USGS-IL_EPA_WQX-BEP-01,2001-06-20,34.0,mg/L,00530,Total Suspended Solids,1,embarrass.xlsx
USGS-IL_EPA_WQX-BEP-01,2001-08-01,16.0,mg/L,00530,Total Suspended Solids,1,embarrass.xlsx
USGS-IL_EPA_WQX-BEP-01,2001-09-17,15.0,mg/L,00530,Total Suspended Solids,1,embarrass.xlsx
USGS-IL_EPA_WQX-BEP-02,2006-05-24,22.0,mg/L,00530,Total Suspended Solids,1,embarrass.xlsx
USGS-IL_EPA_WQX-BEP-02,2006-07-12,10.0,mg/L,00530,Total Suspended Solids,1,embarrass.xlsx
USGS-IL_EPA_WQX-BEP-02,2006-09-08,5.0,mg/L,00530,Total Suspended Solids,1,embarrass.xlsx
USGS-IL_EPA_WQX-BEP-02,2016-06-02,14.0,mg/L,00530,Total Suspended Solids,1,embarrass.xlsx
USGS-IL_EPA_WQX-BEP-02,2016-06-06,40.0,mg/L,00530,Total Suspended Solids,1,embarrass.xlsx
USGS-IL_EPA_WQX-BEP-02,2016-08-01,14.0,mg/L,00530,Total Suspended Solids,1,embarrass.xlsx
USGS-IL_EPA_WQX-BEP-02,2016-09-01,12.0,mg/L,00530,Total Suspended Solids,1,embarrass.xlsx
USGS-IL_EPA_WQX-BEP-02,2016-09-22,4.0,mg/L,00530,Total Suspended Solids,1,embarrass.xlsx
USGS-IL_EPA_WQX-BEPC-01,2011-06-02,17.0,mg/L,00530,Total Suspended Solids,1,embarrass.xlsx
USGS-IL_EPA_WQX-BEPC-01,2011-06-03,20.0,mg/L,00530,Total Suspended Solids,1,embarrass.xlsx
USGS-IL_EPA_WQX-BEPC-01,2011-07-07,12.0,mg/L,00530,Total Suspended Solids,1,embarrass.xlsx
USGS-IL_EPA_WQX-BEPC-01,2011-08-03,55.0,mg/L,00530,Total Suspended Solids,1,embarrass.xlsx
USGS-IL_EPA_WQX-BEPC-01,2021-06-07,9.0,mg/L,00530,Total Suspended Solids,1,embarrass.xlsx
USGS-IL_EPA_WQX-BEPC-01,2021-07-27,9.0,mg/L,00530,Total Suspended Solids,1,embarrass.xlsx
USGS-IL_EPA_WQX-BEPD-01,2011-06-02,26.0,mg/L,00530,Total Suspended Solids,1,embarrass.xlsx
USGS-IL_EPA_WQX-BEPD-01,2011-06-03,27.0,mg/L,00530,Total Suspended Solids,1,embarrass.xlsx
USGS-IL_EPA_WQX-BEPD-01,2011-07-26,7.0,mg/L,00530,Total Suspended Solids,1,embarrass.xlsx
USGS-IL_EPA_WQX-BEPD-01,2011-08-03,432.0,mg/L,00530,Total Suspended Solids,1,embarrass.xlsx
USGS-IL_EPA_WQX-BEPD-01,2011-09-20,21.0,mg/L,00530,Total Suspended Solids,1,embarrass.xlsx
USGS-IL_EPA_WQX-BEPD-01,2021-06-07,39.0,mg/L,00530,Total Suspended Solids,1,embarrass.xlsx
USGS-IL_EPA_WQX-BEPD-01,2021-07-27,24.0,mg/L,00530,Total Suspended Solids,1,embarrass.xlsx
USGS-IL_EPA_WQX-BEPH-01,2011-06-02,22.0,mg/L,00530,Total Suspended Solids,1,embarrass.xlsx
USGS-IL_EPA_WQX-BEPH-01,2011-06-03,19.0,mg/L,00530,Total Suspended Solids,1,embarrass.xlsx
USGS-IL_EPA_WQX-BEPH-01,2011-06-14,4.0,mg/L,00530,Total Suspended Solids,1,embarrass.xlsx
USGS-IL_EPA_WQX-BEPH-01,2011-06-21,12.0,mg/L,00530,Total Suspended Solids,1,embarrass.xlsx
USGS-IL_EPA_WQX-BEPH-01,2011-08-03,25.0,mg/L,00530,Total Suspended Solids,1,embarrass.xlsx
USGS-IL_EPA_WQX-BEPH-01,2011-09-20,32.0,mg/L,00530,Total Suspended Solids,1,embarrass.xlsx
USGS-IL_EPA_WQX-BEQ-01,2021-06-07,6.0,mg/L,00530,Total Suspended Solids,1,embarrass.xlsx
USGS-IL_EPA_WQX-BEQ-01,2021-07-27,20.0,mg/L,00530,Total Suspended Solids,1,embarrass.xlsx
USGS-IL_EPA_WQX-BER-03,2001-06-20,98.0,mg/L,00530,Total Suspended Solids,1,embarrass.xlsx
USGS-IL_EPA_WQX-BER-03,2001-07-31,23.0,mg/L,00530,Total Suspended Solids,1,embarrass.xlsx
USGS-IL_EPA_WQX-BER-03,2001-09-20,10.0,mg/L,00530,Total Suspended Solids,1,embarrass.xlsx
USGS-IL_EPA_WQX-BER-03,2006-05-24,15.0,mg/L,00530,Total Suspended Solids,1,embarrass.xlsx
USGS-IL_EPA_WQX-BER-03,2016-06-02,6.0,mg/L,00530,Total Suspended Solids,1,embarrass.xlsx
USGS-IL_EPA_WQX-BER-03,2016-06-06,134.0,mg/L,00530,Total Suspended Solids,1,embarrass.xlsx
USGS-IL_EPA_WQX-BER-03,2016-07-11,11.0,mg/L,00530,Total Suspended Solids,1,embarrass.xlsx
USGS-IL_EPA_WQX-BER-03,2016-08-29,7.0,mg/L,00530,Total Suspended Solids,1,embarrass.xlsx
USGS-IL_EPA_WQX-BER-03,2021-06-22,4.0,mg/L,00530,Total Suspended Solids,1,embarrass.xlsx
USGS-IL_EPA_WQX-BER-03,2021-08-05,14.0,mg/L,00530,Total Suspended Solids,1,embarrass.xlsx
USGS-IL_EPA_WQX-BERB-01,2011-06-02,39.0,mg/L,00530,Total Suspended Solids,1,embarrass.xlsx
USGS-IL_EPA_WQX-BERB-01,2011-06-20,9.0,mg/L,00530,Total Suspended Solids,1,embarrass.xlsx
USGS-IL_EPA_WQX-BERB-01,2011-08-03,65.0,mg/L,00530,Total Suspended Solids,1,embarrass.xlsx
USGS-IL_EPA_WQX-BERB-01,2011-09-19,4.0,mg/L,00530,Total Suspended Solids,1,embarrass.xlsx
USGS-IL_EPA_WQX-BERB-TO-A1,2000-10-04,15.0,mg/L,00530,Total Suspended Solids,1,embarrass.xlsx
USGS-IL_EPA_WQX-BERB-TO-C1,2000-10-04,25.0,mg/L,00530,Total Suspended Solids,1,embarrass.xlsx
USGS-IL_EPA_WQX-BERB-TO-C1A,2000-10-04,11.0,mg/L,00530,Total Suspended Solids,1,embarrass.xlsx
USGS-IL_EPA_WQX-BERB-TO-C2,2000-10-04,3.0,mg/L,00530,Total Suspended Solids,1,embarrass.xlsx
USGS-IL_EPA_WQX-BES-01,2011-06-01,25.0,mg/L,00530,Total Suspended Solids,1,embarrass.xlsx
USGS-IL_EPA_WQX-BES-01,2011-07-06,8.5,mg/L,00530,Total Suspended Solids,2,embarrass.xlsx
USGS-IL_EPA_WQX-BES-01,2011-08-04,12.0,mg/L,00530,Total Suspended Solids,1,embarrass.xlsx
USGS-IL_EPA_WQX-BES-01,2011-09-19,5.0,mg/L,00530,Total Suspended Solids,1,embarrass.xlsx
USGS-IL_EPA_WQX-BES-01,2021-07-07,7.0,mg/L,00530,Total Suspended Solids,1,embarrass.xlsx
USGS-IL_EPA_WQX-BET-01,2011-06-01,47.0,mg/L,00530,Total Suspended Solids,1,embarrass.xlsx
USGS-IL_EPA_WQX-BET-01,2011-06-02,48.0,mg/L,00530,Total Suspended Solids,1,embarrass.xlsx
USGS-IL_EPA_WQX-BET-01,2011-07-06,28.0,mg/L,00530,Total Suspended Solids,1,embarrass.xlsx
USGS-IL_EPA_WQX-BET-01,2011-08-16,9.0,mg/L,00530,Total Suspended Solids,1,embarrass.xlsx
USGS-IL_EPA_WQX-BET-01,2011-09-19,9.0,mg/L,00530,Total Suspended Solids,1,embarrass.xlsx
USGS-IL_EPA_WQX-BET-01,2021-07-07,32.0,mg/L,00530,Total Suspended Solids,1,embarrass.xlsx
USGS-IL_EPA_WQX-BET-01,2021-08-05,13.0,mg/L,00530,Total Suspended Solids,1,embarrass.xlsx
USGS-IL_EPA_WQX-BEZB-07,2001-06-21,37.0,mg/L,00530,Total Suspended Solids,1,embarrass.xlsx
USGS-IL_EPA_WQX-BEZB-07,2001-08-06,30.0,mg/L,00530,Total Suspended Solids,1,embarrass.xlsx
USGS-IL_EPA_WQX-BEZB-07,2001-09-25,49.0,mg/L,00530,Total Suspended Solids,1,embarrass.xlsx
USGS-IL_EPA_WQX-BEZB-07,2006-05-16,30.0,mg/L,00530,Total Suspended Solids,1,embarrass.xlsx
USGS-IL_EPA_WQX-BEZB-07,2006-08-16,49.0,mg/L,00530,Total Suspended Solids,1,embarrass.xlsx
USGS-IL_EPA_WQX-BEZB-07,2006-08-23,75.0,mg/L,00530,Total Suspended Solids,1,embarrass.xlsx
USGS-IL_EPA_WQX-BEZB-07,2006-09-26,40.0,mg/L,00530,Total Suspended Solids,1,embarrass.xlsx
USGS-IL_EPA_WQX-BEZB-07,2011-06-08,16.0,mg/L,00530,Total Suspended Solids,1,embarrass.xlsx
USGS-IL_EPA_WQX-BEZB-07,2011-06-14,29.0,mg/L,00530,Total Suspended Solids,1,embarrass.xlsx
USGS-IL_EPA_WQX-BEZB-07,2011-07-11,70.0,mg/L,00530,Total Suspended Solids,1,embarrass.xlsx
USGS-IL_EPA_WQX-BEZB-07,2011-08-02,20.0,mg/L,00530,Total Suspended Solids,1,embarrass.xlsx
USGS-IL_EPA_WQX-BEZB-07,2011-08-16,34.0,mg/L,00530,Total Suspended Solids,1,embarrass.xlsx
USGS-IL_EPA_WQX-BEZB-07,2011-10-06,17.0,mg/L,00530,Total Suspended Solids,1,embarrass.xlsx
USGS-IL_EPA_WQX-BEZB-07,2016-05-25,20.0,mg/L,00530,Total Suspended Solids,1,embarrass.xlsx
USGS-IL_EPA_WQX-BEZB-07,2016-06-14,22.0,mg/L,00530,Total Suspended Solids,2,embarrass.xlsx
USGS-IL_EPA_WQX-BEZB-07,2016-08-03,38.0,mg/L,00530,Total Suspended Solids,1,embarrass.xlsx
USGS-IL_EPA_WQX-BEZB-07,2016-09-06,17.0,mg/L,00530,Total Suspended Solids,1,embarrass.xlsx
USGS-IL_EPA_WQX-BEZB-07,2021-06-23,13.0,mg/L,00530,Total Suspended Solids,1,embarrass.xlsx
USGS-IL_EPA_WQX-BEZB-07,2021-07-27,17.0,mg/L,00530,Total Suspended Solids,1,embarrass.xlsx
USGS-IL_EPA_WQX-BEZF-01,2011-07-11,87.0,mg/L,00530,Total Suspended Solids,1,embarrass.xlsx
USGS-IL_EPA_WQX-BEZF-01,2011-08-16,34.0,mg/L,00530,Total Suspended Solids,1,embarrass.xlsx
USGS-IL_EPA_WQX-BEZF-01,2011-08-22,47.0,mg/L,00530,Total Suspended Solids,1,embarrass.xlsx
USGS-IL_EPA_WQX-BEZF-01,2011-10-06,14.0,mg/L,00530,Total Suspended Solids,1,embarrass.xlsx
USGS-IL_EPA_WQX-BEZY-01,2011-06-02,52.5,mg/L,00530,Total Suspended Solids,2,embarrass.xlsx
USGS-IL_EPA_WQX-BEZY-01,2011-07-07,9.0,mg/L,00530,Total Suspended Solids,1,embarrass.xlsx
USGS-IL_EPA_WQX-BEZY-01,2011-08-03,562.0,mg/L,00530,Total Suspended Solids,1,embarrass.xlsx
USGS-IL_EPA_WQX-BEZY-01,2011-09-20,28.0,mg/L,00530,Total Suspended Solids,1,embarrass.xlsx
USGS-IL_EPA_WQX-BEZY-01,2021-06-07,5.0,mg/L,00530,Total Suspended Solids,1,embarrass.xlsx
USGS-IL_EPA_WQX-BEZY-01,2021-07-27,4.0,mg/L,00530,Total Suspended Solids,1,embarrass.xlsx
USGS-IL_EPA_WQX-BEZZ-02,2006-05-24,23.0,mg/L,00530,Total Suspended Solids,1,embarrass.xlsx
USGS-IL_EPA_WQX-BEZZ-02,2006-07-11,34.0,mg/L,00530,Total Suspended Solids,1,embarrass.xlsx
USGS-IL_EPA_WQX-BEZZ-02,2006-09-07,6.0,mg/L,00530,Total Suspended Solids,1,embarrass.xlsx
USGS-IL_EPA_WQX-BEZZ-05,2001-06-20,60.0,mg/L,00530,Total Suspended Solids,1,embarrass.xlsx
USGS-IL_EPA_WQX-BEZZ-05,2001-07-31,20.0,mg/L,00530,Total Suspended Solids,1,embarrass.xlsx
USGS-IL_EPA_WQX-BEZZ-05,2001-09-20,11.0,mg/L,00530,Total Suspended Solids,1,embarrass.xlsx
USGS-IL_EPA_WQX-BEZZ-05,2016-06-02,15.0,mg/L,00530,Total Suspended Solids,1,embarrass.xlsx
USGS-IL_EPA_WQX-BEZZ-05,2016-06-06,15.0,mg/L,00530,Total Suspended Solids,1,embarrass.xlsx
USGS-IL_EPA_WQX-BEZZ-05,2016-07-11,10.0,mg/L,00530,Total Suspended Solids,1,embarrass.xlsx
USGS-IL_EPA_WQX-BEZZ-05,2016-09-01,16.0,mg/L,00530,Total Suspended Solids,1,embarrass.xlsx
USGS-IL_EPA_WQX-BEZZ-05,2016-09-22,8.0,mg/L,00530,Total Suspended Solids,1,embarrass.xlsx
USGS-NARS_WQX-FW08IL023,2009-06-17,31.3,mg/L,00530,Total Suspended Solids,1,embarrass.xlsx
USGS-NARS_WQX-ILS9-0922,2014-06-19,44.9,mg/L,00530,Total Suspended Solids,1,embarrass.xlsx
USGS-NARS_WQX-ILSS-1130,2013-08-08,3.0,mg/L,00530,Total Suspended Solids,1,embarrass.xlsx
USGS-NARS_WQX-ILSS-1169,2014-09-30,27.5,mg/L,00530,Total Suspended Solids,1,embarrass.xlsx
USGS-NARS_WQX-NRS_IL-10049,2018-06-26,10.8,mg/L,00530,Total Suspended Solids,1,embarrass.xlsx
