site_id,date,value,unit,parameter_code,parameter_name,record_count,source
USGS-05447500,2000-01-01,7.957033892352,m3/s,00060,Discharge,1,gr-data.xlsx
USGS-05447500,2000-01-02,8.806539290112001,m3/s,00060,Discharge,1,gr-data.xlsx
USGS-05447500,2000-01-03,9.089707756032,m3/s,00060,Discharge,1,gr-data.xlsx
USGS-05447500,2000-01-04,6.994261108224,m3/s,00060,Discharge,1,gr-data.xlsx
USGS-05447500,2000-01-05,5.776636704768,m3/s,00060,Discharge,1,gr-data.xlsx
USGS-05447500,2000-01-06,7.730499119616,m3/s,00060,Discharge,1,gr-data.xlsx
USGS-05447500,2000-01-07,7.022577954816001,m3/s,00060,Discharge,1,gr-data.xlsx
USGS-05447500,2000-01-08,7.673865426432,m3/s,00060,Discharge,1,gr-data.xlsx
USGS-05447500,2000-01-09,8.721588750336,m3/s,00060,Discharge,1,gr-data.xlsx
USGS-05447500,2000-01-10,9.76931207424,m3/s,00060,Discharge,1,gr-data.xlsx
USGS-05447500,2000-01-11,9.854262614016001,m3/s,00060,Discharge,1,gr-data.xlsx
USGS-05447500,2000-01-12,8.976440369664001,m3/s,00060,Discharge,1,gr-data.xlsx
USGS-05447500,2000-01-13,8.126934971904,m3/s,00060,Discharge,1,gr-data.xlsx
USGS-05447500,2000-01-14,6.965944261632,m3/s,00060,Discharge,1,gr-data.xlsx
USGS-05447500,2000-01-15,6.965944261632,m3/s,00060,Discharge,1,gr-data.xlsx
USGS-05447500,2000-01-16,8.21188551168,m3/s,00060,Discharge,1,gr-data.xlsx
USGS-05447500,2000-01-17,7.022577954816001,m3/s,00060,Discharge,1,gr-data.xlsx
USGS-05447500,2000-01-18,6.2297062502400005,m3/s,00060,Discharge,1,gr-data.xlsx
USGS-05447500,2000-01-19,5.38020085248,m3/s,00060,Discharge,1,gr-data.xlsx
USGS-05447500,2000-01-20,5.804953551360001,m3/s,00060,Discharge,1,gr-data.xlsx
USGS-05447500,2000-01-21,6.3712904832,m3/s,00060,Discharge,1,gr-data.xlsx
USGS-05447500,2000-01-22,5.804953551360001,m3/s,00060,Discharge,1,gr-data.xlsx
USGS-05447500,2000-01-23,5.38020085248,m3/s,00060,Discharge,1,gr-data.xlsx
USGS-05447500,2000-01-24,5.0970323865600005,m3/s,00060,Discharge,1,gr-data.xlsx
USGS-05447500,2000-01-25,4.81386392064,m3/s,00060,Discharge,1,gr-data.xlsx
USGS-05447500,2000-01-26,4.672279687680001,m3/s,00060,Discharge,1,gr-data.xlsx
USGS-05447500,2000-01-27,4.587329147904,m3/s,00060,Discharge,1,gr-data.xlsx
USGS-05447500,2000-01-28,4.53069545472,m3/s,00060,Discharge,1,gr-data.xlsx
USGS-05447500,2000-01-29,4.53069545472,m3/s,00060,Discharge,1,gr-data.xlsx
USGS-05447500,2000-01-30,4.53069545472,m3/s,00060,Discharge,1,gr-data.xlsx
USGS-05447500,2000-01-31,4.587329147904,m3/s,00060,Discharge,1,gr-data.xlsx
USGS-05447500,2000-02-01,4.728913380864,m3/s,00060,Discharge,1,gr-data.xlsx
USGS-05447500,2000-02-02,4.81386392064,m3/s,00060,Discharge,1,gr-data.xlsx
USGS-05447500,2000-02-03,4.9554481536,m3/s,00060,Discharge,1,gr-data.xlsx
USGS-05447500,2000-02-04,5.0970323865600005,m3/s,00060,Discharge,1,gr-data.xlsx
USGS-05447500,2000-02-05,5.23861661952,m3/s,00060,Discharge,1,gr-data.xlsx
USGS-05447500,2000-02-06,5.38020085248,m3/s,00060,Discharge,1,gr-data.xlsx
USGS-05447500,2000-02-07,5.6633693184,m3/s,00060,Discharge,1,gr-data.xlsx
USGS-05447500,2000-02-08,5.94653778432,m3/s,00060,Discharge,1,gr-data.xlsx
USGS-05447500,2000-02-09,6.2297062502400005,m3/s,00060,Discharge,1,gr-data.xlsx
USGS-05447500,2000-02-10,6.456241022976,m3/s,00060,Discharge,1,gr-data.xlsx
USGS-05447500,2000-02-11,6.258023096832,m3/s,00060,Discharge,1,gr-data.xlsx
USGS-05447500,2000-02-12,5.94653778432,m3/s,00060,Discharge,1,gr-data.xlsx
USGS-05447500,2000-02-13,6.51287471616,m3/s,00060,Discharge,1,gr-data.xlsx
USGS-05447500,2000-02-14,5.94653778432,m3/s,00060,Discharge,1,gr-data.xlsx
USGS-05447500,2000-02-15,6.2297062502400005,m3/s,00060,Discharge,1,gr-data.xlsx
USGS-05447500,2000-02-16,6.51287471616,m3/s,00060,Discharge,1,gr-data.xlsx
USGS-05447500,2000-02-17,6.08812201728,m3/s,00060,Discharge,1,gr-data.xlsx
USGS-05447500,2000-02-18,5.720003011584001,m3/s,00060,Discharge,1,gr-data.xlsx
USGS-05447500,2000-02-19,8.693271903744,m3/s,00060,Discharge,1,gr-data.xlsx
USGS-05447500,2000-02-20,10.05248054016,m3/s,00060,Discharge,1,gr-data.xlsx
USGS-05447500,2000-02-21,9.514460454912001,m3/s,00060,Discharge,1,gr-data.xlsx
USGS-05447500,2000-02-22,11.581590256128,m3/s,00060,Discharge,1,gr-data.xlsx
USGS-05447500,2000-02-23,23.304764745216,m3/s,00060,Discharge,1,gr-data.xlsx
USGS-05447500,2000-02-24,34.546552842240004,m3/s,00060,Discharge,1,gr-data.xlsx
USGS-05447500,2000-02-25,44.17428068352,m3/s,00060,Discharge,1,gr-data.xlsx
USGS-05447500,2000-02-26,69.65944261632,m3/s,00060,Discharge,1,gr-data.xlsx
USGS-05447500,2000-02-27,62.2970625024,m3/s,00060,Discharge,1,gr-data.xlsx
USGS-05447500,2000-02-28,44.17428068352,m3/s,00060,Discharge,1,gr-data.xlsx
USGS-05447500,2000-02-29,34.546552842240004,m3/s,00060,Discharge,1,gr-data.xlsx
USGS-05447500,2000-03-01,29.7326889216,m3/s,00060,Discharge,1,gr-data.xlsx
USGS-05447500,2000-03-02,25.824964091904,m3/s,00060,Discharge,1,gr-data.xlsx
USGS-05447500,2000-03-03,23.219814205440002,m3/s,00060,Discharge,1,gr-data.xlsx
USGS-05447500,2000-03-04,21.549120256512,m3/s,00060,Discharge,1,gr-data.xlsx
USGS-05447500,2000-03-05,19.96337684736,m3/s,00060,Discharge,1,gr-data.xlsx
USGS-05447500,2000-03-06,18.236049205248,m3/s,00060,Discharge,1,gr-data.xlsx
USGS-05447500,2000-03-07,16.933474262016002,m3/s,00060,Discharge,1,gr-data.xlsx
USGS-05447500,2000-03-08,15.99901832448,m3/s,00060,Discharge,1,gr-data.xlsx
USGS-05447500,2000-03-09,15.347730852864,m3/s,00060,Discharge,1,gr-data.xlsx
USGS-05447500,2000-03-10,14.696443381248,m3/s,00060,Discharge,1,gr-data.xlsx
USGS-05447500,2000-03-11,13.761987443712,m3/s,00060,Discharge,1,gr-data.xlsx
USGS-05447500,2000-03-12,13.139016818688,m3/s,00060,Discharge,1,gr-data.xlsx
USGS-05447500,2000-03-13,12.685947273216,m3/s,00060,Discharge,1,gr-data.xlsx
USGS-05447500,2000-03-14,12.31782826752,m3/s,00060,Discharge,1,gr-data.xlsx
USGS-05447500,2000-03-15,11.808125028864,m3/s,00060,Discharge,1,gr-data.xlsx
USGS-05447500,2000-03-16,11.553273409536,m3/s,00060,Discharge,1,gr-data.xlsx
USGS-05447500,2000-03-17,11.128520710656,m3/s,00060,Discharge,1,gr-data.xlsx
USGS-05447500,2000-03-18,10.845352244736,m3/s,00060,Discharge,1,gr-data.xlsx
USGS-05447500,2000-03-19,11.298421790208,m3/s,00060,Discharge,1,gr-data.xlsx
USGS-05447500,2000-03-20,12.289511420928001,m3/s,00060,Discharge,1,gr-data.xlsx
USGS-05447500,2000-03-21,12.232877727744,m3/s,00060,Discharge,1,gr-data.xlsx
USGS-05447500,2000-03-22,11.553273409536,m3/s,00060,Discharge,1,gr-data.xlsx
USGS-05447500,2000-03-23,11.213471250432,m3/s,00060,Discharge,1,gr-data.xlsx
USGS-05447500,2000-03-24,10.986936477696,m3/s,00060,Discharge,1,gr-data.xlsx
USGS-05447500,2000-03-25,10.873669091328,m3/s,00060,Discharge,1,gr-data.xlsx
USGS-05447500,2000-03-26,10.590500625408,m3/s,00060,Discharge,1,gr-data.xlsx
USGS-05447500,2000-03-27,10.533866932224,m3/s,00060,Discharge,1,gr-data.xlsx
USGS-05447500,2000-03-28,10.675451165184,m3/s,00060,Discharge,1,gr-data.xlsx
USGS-05447500,2000-03-29,10.392282699264001,m3/s,00060,Discharge,1,gr-data.xlsx
USGS-05447500,2000-03-30,9.939213153792,m3/s,00060,Discharge,1,gr-data.xlsx
USGS-05447500,2000-03-31,9.656044687872,m3/s,00060,Discharge,1,gr-data.xlsx
USGS-05447500,2000-04-01,9.457826761728,m3/s,00060,Discharge,1,gr-data.xlsx
USGS-05447500,2000-04-02,9.48614360832,m3/s,00060,Discharge,1,gr-data.xlsx
USGS-05447500,2000-04-03,9.48614360832,m3/s,00060,Discharge,1,gr-data.xlsx
USGS-05447500,2000-04-04,9.316242528768,m3/s,00060,Discharge,1,gr-data.xlsx
USGS-05447500,2000-04-05,9.174658295808,m3/s,00060,Discharge,1,gr-data.xlsx
USGS-05447500,2000-04-06,8.976440369664001,m3/s,00060,Discharge,1,gr-data.xlsx
USGS-05447500,2000-04-07,9.06139090944,m3/s,00060,Discharge,1,gr-data.xlsx
USGS-05447500,2000-04-08,9.344559375360001,m3/s,00060,Discharge,1,gr-data.xlsx
USGS-05447500,2000-04-09,9.372876221952,m3/s,00060,Discharge,1,gr-data.xlsx
USGS-05447500,2000-04-10,9.344559375360001,m3/s,00060,Discharge,1,gr-data.xlsx
USGS-05447500,2000-04-11,9.48614360832,m3/s,00060,Discharge,1,gr-data.xlsx
USGS-05447500,2000-04-12,9.2029751424,m3/s,00060,Discharge,1,gr-data.xlsx
USGS-05447500,2000-04-13,8.834856136704,m3/s,00060,Discharge,1,gr-data.xlsx
USGS-05447500,2000-04-14,8.580004517376,m3/s,00060,Discharge,1,gr-data.xlsx
USGS-05447500,2000-04-15,8.466737131008001,m3/s,00060,Discharge,1,gr-data.xlsx
USGS-05447500,2000-04-16,8.580004517376,m3/s,00060,Discharge,1,gr-data.xlsx
USGS-05447500,2000-04-17,9.599410994688,m3/s,00060,Discharge,1,gr-data.xlsx
USGS-05447500,2000-04-18,9.656044687872,m3/s,00060,Discharge,1,gr-data.xlsx
USGS-05447500,2000-04-19,10.873669091328,m3/s,00060,Discharge,1,gr-data.xlsx
USGS-05447500,2000-04-20,43.32477528576,m3/s,00060,Discharge,1,gr-data.xlsx
USGS-05447500,2000-04-21,116.0990710272,m3/s,00060,Discharge,1,gr-data.xlsx
USGS-05447500,2000-04-22,99.39213153792001,m3/s,00060,Discharge,1,gr-data.xlsx
USGS-05447500,2000-04-23,72.77429574144,m3/s,00060,Discharge,1,gr-data.xlsx
USGS-05447500,2000-04-24,60.03171477504,m3/s,00060,Discharge,1,gr-data.xlsx
USGS-05447500,2000-04-25,50.68715539968,m3/s,00060,Discharge,1,gr-data.xlsx
USGS-05447500,2000-04-26,42.475269888,m3/s,00060,Discharge,1,gr-data.xlsx
USGS-05447500,2000-04-27,37.661405967360004,m3/s,00060,Discharge,1,gr-data.xlsx
USGS-05447500,2000-04-28,33.9802159104,m3/s,00060,Discharge,1,gr-data.xlsx
USGS-05447500,2000-04-29,30.865362785280002,m3/s,00060,Discharge,1,gr-data.xlsx
USGS-05447500,2000-04-30,28.316846592,m3/s,00060,Discharge,1,gr-data.xlsx
USGS-05447500,2000-05-01,26.844370569216,m3/s,00060,Discharge,1,gr-data.xlsx
USGS-05447500,2000-05-02,25.371894546432,m3/s,00060,Discharge,1,gr-data.xlsx
USGS-05447500,2000-05-03,23.78615113728,m3/s,00060,Discharge,1,gr-data.xlsx
USGS-05447500,2000-05-04,22.426942500864,m3/s,00060,Discharge,1,gr-data.xlsx
USGS-05447500,2000-05-05,21.181001250816,m3/s,00060,Discharge,1,gr-data.xlsx
USGS-05447500,2000-05-06,20.189911620096,m3/s,00060,Discharge,1,gr-data.xlsx
USGS-05447500,2000-05-07,19.425356762112,m3/s,00060,Discharge,1,gr-data.xlsx
USGS-05447500,2000-05-08,18.887336676864,m3/s,00060,Discharge,1,gr-data.xlsx
USGS-05447500,2000-05-09,20.784565398528002,m3/s,00060,Discharge,1,gr-data.xlsx
USGS-05447500,2000-05-10,31.99803664896,m3/s,00060,Discharge,1,gr-data.xlsx
USGS-05447500,2000-05-11,34.546552842240004,m3/s,00060,Discharge,1,gr-data.xlsx
USGS-05447500,2000-05-12,39.07724829696,m3/s,00060,Discharge,1,gr-data.xlsx
USGS-05447500,2000-05-13,41.90893295616,m3/s,00060,Discharge,1,gr-data.xlsx
USGS-05447500,2000-05-14,32.5643735808,m3/s,00060,Discharge,1,gr-data.xlsx
USGS-05447500,2000-05-15,27.920410739712,m3/s,00060,Discharge,1,gr-data.xlsx
USGS-05447500,2000-05-16,25.76833039872,m3/s,00060,Discharge,1,gr-data.xlsx
USGS-05447500,2000-05-17,24.550705995264,m3/s,00060,Discharge,1,gr-data.xlsx
USGS-05447500,2000-05-18,25.286944006656,m3/s,00060,Discharge,1,gr-data.xlsx
USGS-05447500,2000-05-19,51.53666079744,m3/s,00060,Discharge,1,gr-data.xlsx
USGS-05447500,2000-05-20,39.07724829696,m3/s,00060,Discharge,1,gr-data.xlsx
USGS-05447500,2000-05-21,30.865362785280002,m3/s,00060,Discharge,1,gr-data.xlsx
USGS-05447500,2000-05-22,27.297440114688,m3/s,00060,Discharge,1,gr-data.xlsx
USGS-05447500,2000-05-23,25.258627160064,m3/s,00060,Discharge,1,gr-data.xlsx
USGS-05447500,2000-05-24,23.219814205440002,m3/s,00060,Discharge,1,gr-data.xlsx
USGS-05447500,2000-05-25,21.124367557632002,m3/s,00060,Discharge,1,gr-data.xlsx
USGS-05447500,2000-05-26,19.991693693952,m3/s,00060,Discharge,1,gr-data.xlsx
USGS-05447500,2000-05-27,20.558030625792,m3/s,00060,Discharge,1,gr-data.xlsx
USGS-05447500,2000-05-28,20.699614858752,m3/s,00060,Discharge,1,gr-data.xlsx
USGS-05447500,2000-05-29,20.444763239424,m3/s,00060,Discharge,1,gr-data.xlsx
USGS-05447500,2000-05-30,19.312089375744,m3/s,00060,Discharge,1,gr-data.xlsx
USGS-05447500,2000-05-31,27.354073807872002,m3/s,00060,Discharge,1,gr-data.xlsx
USGS-05447500,2000-06-01,90.04757216256,m3/s,00060,Discharge,1,gr-data.xlsx
USGS-05447500,2000-06-02,94.29509915136,m3/s,00060,Discharge,1,gr-data.xlsx
USGS-05447500,2000-06-03,68.24360028672,m3/s,00060,Discharge,1,gr-data.xlsx
USGS-05447500,2000-06-04,49.837650001920004,m3/s,00060,Discharge,1,gr-data.xlsx
USGS-05447500,2000-06-05,39.6435852288,m3/s,00060,Discharge,1,gr-data.xlsx
USGS-05447500,2000-06-06,33.69704744448,m3/s,00060,Discharge,1,gr-data.xlsx
USGS-05447500,2000-06-07,29.7326889216,m3/s,00060,Discharge,1,gr-data.xlsx
USGS-05447500,2000-06-08,26.929321108992,m3/s,00060,Discharge,1,gr-data.xlsx
USGS-05447500,2000-06-09,24.748923921408,m3/s,00060,Discharge,1,gr-data.xlsx
USGS-05447500,2000-06-10,22.681794120192002,m3/s,00060,Discharge,1,gr-data.xlsx
USGS-05447500,2000-06-11,21.690704489472,m3/s,00060,Discharge,1,gr-data.xlsx
USGS-05447500,2000-06-12,25.966548324864,m3/s,00060,Discharge,1,gr-data.xlsx
USGS-05447500,2000-06-13,56.06735625216,m3/s,00060,Discharge,1,gr-data.xlsx
USGS-05447500,2000-06-14,79.57033892352,m3/s,00060,Discharge,1,gr-data.xlsx
USGS-05447500,2000-06-15,69.09310568448001,m3/s,00060,Discharge,1,gr-data.xlsx
USGS-05447500,2000-06-16,50.9703238656,m3/s,00060,Discharge,1,gr-data.xlsx
USGS-05447500,2000-06-17,39.6435852288,m3/s,00060,Discharge,1,gr-data.xlsx
USGS-05447500,2000-06-18,32.5643735808,m3/s,00060,Discharge,1,gr-data.xlsx
USGS-05447500,2000-06-19,28.60001505792,m3/s,00060,Discharge,1,gr-data.xlsx
USGS-05447500,2000-06-20,26.787736876032,m3/s,00060,Discharge,1,gr-data.xlsx
USGS-05447500,2000-06-21,26.816053722624,m3/s,00060,Discharge,1,gr-data.xlsx
USGS-05447500,2000-06-22,24.041002756608002,m3/s,00060,Discharge,1,gr-data.xlsx
USGS-05447500,2000-06-23,22.058823495168,m3/s,00060,Discharge,1,gr-data.xlsx
USGS-05447500,2000-06-24,29.449520455680002,m3/s,00060,Discharge,1,gr-data.xlsx
USGS-05447500,2000-06-25,85.23370824192,m3/s,00060,Discharge,1,gr-data.xlsx
USGS-05447500,2000-06-26,90.33074062848,m3/s,00060,Discharge,1,gr-data.xlsx
USGS-05447500,2000-06-27,63.42973636608,m3/s,00060,Discharge,1,gr-data.xlsx
USGS-05447500,2000-06-28,46.439628410880005,m3/s,00060,Discharge,1,gr-data.xlsx
USGS-05447500,2000-06-29,40.776259092480004,m3/s,00060,Discharge,1,gr-data.xlsx
USGS-05447500,2000-06-30,36.52873210368,m3/s,00060,Discharge,1,gr-data.xlsx
USGS-05447500,2000-07-01,30.865362785280002,m3/s,00060,Discharge,1,gr-data.xlsx
USGS-05447500,2000-07-02,27.693875966976,m3/s,00060,Discharge,1,gr-data.xlsx
USGS-05447500,2000-07-03,30.29902585344,m3/s,00060,Discharge,1,gr-data.xlsx
USGS-05447500,2000-07-04,60.59805170688,m3/s,00060,Discharge,1,gr-data.xlsx
USGS-05447500,2000-07-05,116.38223949312,m3/s,00060,Discharge,1,gr-data.xlsx
USGS-05447500,2000-07-06,76.4554857984,m3/s,00060,Discharge,1,gr-data.xlsx
USGS-05447500,2000-07-07,51.25349233152,m3/s,00060,Discharge,1,gr-data.xlsx
USGS-05447500,2000-07-08,39.6435852288,m3/s,00060,Discharge,1,gr-data.xlsx
USGS-05447500,2000-07-09,33.69704744448,m3/s,00060,Discharge,1,gr-data.xlsx
USGS-05447500,2000-07-10,33.9802159104,m3/s,00060,Discharge,1,gr-data.xlsx
USGS-05447500,2000-07-11,70.50894801408,m3/s,00060,Discharge,1,gr-data.xlsx
USGS-05447500,2000-07-12,87.7822244352,m3/s,00060,Discharge,1,gr-data.xlsx
USGS-05447500,2000-07-13,66.5445894912,m3/s,00060,Discharge,1,gr-data.xlsx
USGS-05447500,2000-07-14,50.40398693376,m3/s,00060,Discharge,1,gr-data.xlsx
USGS-05447500,2000-07-15,38.2277428992,m3/s,00060,Discharge,1,gr-data.xlsx
USGS-05447500,2000-07-16,30.865362785280002,m3/s,00060,Discharge,1,gr-data.xlsx
USGS-05447500,2000-07-17,26.447934716928,m3/s,00060,Discharge,1,gr-data.xlsx
USGS-05447500,2000-07-18,23.701200597504002,m3/s,00060,Discharge,1,gr-data.xlsx
USGS-05447500,2000-07-19,21.832288722432,m3/s,00060,Discharge,1,gr-data.xlsx
USGS-05447500,2000-07-20,20.359812699648,m3/s,00060,Discharge,1,gr-data.xlsx
USGS-05447500,2000-07-21,19.142188296192,m3/s,00060,Discharge,1,gr-data.xlsx
USGS-05447500,2000-07-22,17.98119758592,m3/s,00060,Discharge,1,gr-data.xlsx
USGS-05447500,2000-07-23,16.933474262016002,m3/s,00060,Discharge,1,gr-data.xlsx
USGS-05447500,2000-07-24,15.885750938112,m3/s,00060,Discharge,1,gr-data.xlsx
USGS-05447500,2000-07-25,14.979611847168,m3/s,00060,Discharge,1,gr-data.xlsx
USGS-05447500,2000-07-26,14.271690682368,m3/s,00060,Discharge,1,gr-data.xlsx
USGS-05447500,2000-07-27,13.73367059712,m3/s,00060,Discharge,1,gr-data.xlsx
USGS-05447500,2000-07-28,13.195650511872,m3/s,00060,Discharge,1,gr-data.xlsx
USGS-05447500,2000-07-29,13.223967358464,m3/s,00060,Discharge,1,gr-data.xlsx
USGS-05447500,2000-07-30,13.252284205056,m3/s,00060,Discharge,1,gr-data.xlsx
USGS-05447500,2000-07-31,13.280601051648,m3/s,00060,Discharge,1,gr-data.xlsx
USGS-05447500,2000-08-01,13.648720057344,m3/s,00060,Discharge,1,gr-data.xlsx
USGS-05447500,2000-08-02,14.130106449408,m3/s,00060,Discharge,1,gr-data.xlsx
USGS-05447500,2000-08-03,13.59208636416,m3/s,00060,Discharge,1,gr-data.xlsx
USGS-05447500,2000-08-04,12.657630426624001,m3/s,00060,Discharge,1,gr-data.xlsx
USGS-05447500,2000-08-05,12.487729347072001,m3/s,00060,Discharge,1,gr-data.xlsx
USGS-05447500,2000-08-06,13.903571676672,m3/s,00060,Discharge,1,gr-data.xlsx
USGS-05447500,2000-08-07,23.587933211136,m3/s,00060,Discharge,1,gr-data.xlsx
USGS-05447500,2000-08-08,20.897832784896,m3/s,00060,Discharge,1,gr-data.xlsx
USGS-05447500,2000-08-09,17.641395426816,m3/s,00060,Discharge,1,gr-data.xlsx
USGS-05447500,2000-08-10,14.583175994880001,m3/s,00060,Discharge,1,gr-data.xlsx
USGS-05447500,2000-08-11,12.60099673344,m3/s,00060,Discharge,1,gr-data.xlsx
USGS-05447500,2000-08-12,11.411689176576001,m3/s,00060,Discharge,1,gr-data.xlsx
USGS-05447500,2000-08-13,10.675451165184,m3/s,00060,Discharge,1,gr-data.xlsx
USGS-05447500,2000-08-14,10.137431079936,m3/s,00060,Discharge,1,gr-data.xlsx
USGS-05447500,2000-08-15,9.48614360832,m3/s,00060,Discharge,1,gr-data.xlsx
USGS-05447500,2000-08-16,8.77822244352,m3/s,00060,Discharge,1,gr-data.xlsx
USGS-05447500,2000-08-17,8.35346974464,m3/s,00060,Discharge,1,gr-data.xlsx
USGS-05447500,2000-08-18,8.466737131008001,m3/s,00060,Discharge,1,gr-data.xlsx
USGS-05447500,2000-08-19,8.35346974464,m3/s,00060,Discharge,1,gr-data.xlsx
USGS-05447500,2000-08-20,7.957033892352,m3/s,00060,Discharge,1,gr-data.xlsx
USGS-05447500,2000-08-21,7.560598040064,m3/s,00060,Discharge,1,gr-data.xlsx
USGS-05447500,2000-08-22,7.3623801139200005,m3/s,00060,Discharge,1,gr-data.xlsx
USGS-05447500,2000-08-23,7.249112727552,m3/s,00060,Discharge,1,gr-data.xlsx
USGS-05447500,2000-08-24,7.1075284945920005,m3/s,00060,Discharge,1,gr-data.xlsx
USGS-05447500,2000-08-25,6.65445894912,m3/s,00060,Discharge,1,gr-data.xlsx
USGS-05447500,2000-08-26,6.314656790016,m3/s,00060,Discharge,1,gr-data.xlsx
USGS-05447500,2000-08-27,6.173072557056,m3/s,00060,Discharge,1,gr-data.xlsx
USGS-05447500,2000-08-28,6.626142102528,m3/s,00060,Discharge,1,gr-data.xlsx
USGS-05447500,2000-08-29,6.484557869568,m3/s,00060,Discharge,1,gr-data.xlsx
USGS-05447500,2000-08-30,6.08812201728,m3/s,00060,Discharge,1,gr-data.xlsx
USGS-05447500,2000-08-31,5.918220937728,m3/s,00060,Discharge,1,gr-data.xlsx
USGS-05447500,2000-09-01,5.578418778624,m3/s,00060,Discharge,1,gr-data.xlsx
USGS-05447500,2000-09-02,5.23861661952,m3/s,00060,Discharge,1,gr-data.xlsx
USGS-05447500,2000-09-03,5.153666079744,m3/s,00060,Discharge,1,gr-data.xlsx
USGS-05447500,2000-09-04,5.068715539968,m3/s,00060,Discharge,1,gr-data.xlsx
USGS-05447500,2000-09-05,4.9271313070080005,m3/s,00060,Discharge,1,gr-data.xlsx
USGS-05447500,2000-09-06,4.81386392064,m3/s,00060,Discharge,1,gr-data.xlsx
USGS-05447500,2000-09-07,4.7572302274560005,m3/s,00060,Discharge,1,gr-data.xlsx
USGS-05447500,2000-09-08,4.672279687680001,m3/s,00060,Discharge,1,gr-data.xlsx
USGS-05447500,2000-09-09,4.587329147904,m3/s,00060,Discharge,1,gr-data.xlsx
USGS-05447500,2000-09-10,4.502378608128,m3/s,00060,Discharge,1,gr-data.xlsx
USGS-05447500,2000-09-11,4.870497613824,m3/s,00060,Discharge,1,gr-data.xlsx
USGS-05447500,2000-09-12,5.691686164992,m3/s,00060,Discharge,1,gr-data.xlsx
USGS-05447500,2000-09-13,5.578418778624,m3/s,00060,Discharge,1,gr-data.xlsx
USGS-05447500,2000-09-14,6.342973636608,m3/s,00060,Discharge,1,gr-data.xlsx
USGS-05447500,2000-09-15,6.541191562752,m3/s,00060,Discharge,1,gr-data.xlsx
USGS-05447500,2000-09-16,5.351884005888,m3/s,00060,Discharge,1,gr-data.xlsx
USGS-05447500,2000-09-17,4.983765000192,m3/s,00060,Discharge,1,gr-data.xlsx
USGS-05447500,2000-09-18,4.785547074048,m3/s,00060,Discharge,1,gr-data.xlsx
USGS-05447500,2000-09-19,4.615645994496,m3/s,00060,Discharge,1,gr-data.xlsx
USGS-05447500,2000-09-20,5.0120818467840005,m3/s,00060,Discharge,1,gr-data.xlsx
USGS-05447500,2000-09-21,6.0598051706880005,m3/s,00060,Discharge,1,gr-data.xlsx
USGS-05447500,2000-09-22,6.173072557056,m3/s,00060,Discharge,1,gr-data.xlsx
USGS-05447500,2000-09-23,8.806539290112001,m3/s,00060,Discharge,1,gr-data.xlsx
USGS-05447500,2000-09-24,10.392282699264001,m3/s,00060,Discharge,1,gr-data.xlsx
USGS-05447500,2000-09-25,10.873669091328,m3/s,00060,Discharge,1,gr-data.xlsx
USGS-05447500,2000-09-26,9.684361534464001,m3/s,00060,Discharge,1,gr-data.xlsx
USGS-05447500,2000-09-27,8.664955057152,m3/s,00060,Discharge,1,gr-data.xlsx
USGS-05447500,2000-09-28,7.957033892352,m3/s,00060,Discharge,1,gr-data.xlsx
USGS-05447500,2000-09-29,7.305746420736,m3/s,00060,Discharge,1,gr-data.xlsx
USGS-05447500,2000-09-30,7.1075284945920005,m3/s,00060,Discharge,1,gr-data.xlsx
USGS-05447500,2000-10-01,6.79604318208,m3/s,00060,Discharge,1,gr-data.xlsx
USGS-05447500,2000-10-02,6.51287471616,m3/s,00060,Discharge,1,gr-data.xlsx
USGS-05447500,2000-10-03,6.456241022976,m3/s,00060,Discharge,1,gr-data.xlsx
USGS-05447500,2000-10-04,15.517631932416,m3/s,00060,Discharge,1,gr-data.xlsx
USGS-05447500,2000-10-05,16.933474262016002,m3/s,00060,Discharge,1,gr-data.xlsx
USGS-05447500,2000-10-06,14.356641222144,m3/s,00060,Discharge,1,gr-data.xlsx
USGS-05447500,2000-10-07,12.572679886848,m3/s,00060,Discharge,1,gr-data.xlsx
USGS-05447500,2000-10-08,11.411689176576001,m3/s,00060,Discharge,1,gr-data.xlsx
USGS-05447500,2000-10-09,10.618817472,m3/s,00060,Discharge,1,gr-data.xlsx
USGS-05447500,2000-10-10,10.109114233344,m3/s,00060,Discharge,1,gr-data.xlsx
USGS-05447500,2000-10-11,9.712678381056,m3/s,00060,Discharge,1,gr-data.xlsx
USGS-05447500,2000-10-12,9.372876221952,m3/s,00060,Discharge,1,gr-data.xlsx
USGS-05447500,2000-10-13,8.976440369664001,m3/s,00060,Discharge,1,gr-data.xlsx
USGS-05447500,2000-10-14,8.636638210560001,m3/s,00060,Discharge,1,gr-data.xlsx
USGS-05447500,2000-10-15,8.438420284416,m3/s,00060,Discharge,1,gr-data.xlsx
USGS-05447500,2000-10-16,8.438420284416,m3/s,00060,Discharge,1,gr-data.xlsx
USGS-05447500,2000-10-17,8.240202358272,m3/s,00060,Discharge,1,gr-data.xlsx
USGS-05447500,2000-10-18,8.07030127872,m3/s,00060,Discharge,1,gr-data.xlsx
USGS-05447500,2000-10-19,7.92871704576,m3/s,00060,Discharge,1,gr-data.xlsx
USGS-05447500,2000-10-20,7.617231733248,m3/s,00060,Discharge,1,gr-data.xlsx
USGS-05447500,2000-10-21,7.560598040064,m3/s,00060,Discharge,1,gr-data.xlsx
USGS-05447500,2000-10-22,7.50396434688,m3/s,00060,Discharge,1,gr-data.xlsx
USGS-05447500,2000-10-23,7.475647500288,m3/s,00060,Discharge,1,gr-data.xlsx
USGS-05447500,2000-10-24,7.475647500288,m3/s,00060,Discharge,1,gr-data.xlsx
USGS-05447500,2000-10-25,7.419013807104,m3/s,00060,Discharge,1,gr-data.xlsx
USGS-05447500,2000-10-26,7.390696960512,m3/s,00060,Discharge,1,gr-data.xlsx
USGS-05447500,2000-10-27,7.3623801139200005,m3/s,00060,Discharge,1,gr-data.xlsx
USGS-05447500,2000-10-28,7.249112727552,m3/s,00060,Discharge,1,gr-data.xlsx
USGS-05447500,2000-10-29,7.1924790343680005,m3/s,00060,Discharge,1,gr-data.xlsx
USGS-05447500,2000-10-30,7.2774295741440005,m3/s,00060,Discharge,1,gr-data.xlsx
USGS-05447500,2000-10-31,7.164162187776,m3/s,00060,Discharge,1,gr-data.xlsx
USGS-05447500,2000-11-01,7.22079588096,m3/s,00060,Discharge,1,gr-data.xlsx
USGS-05447500,2000-11-02,7.305746420736,m3/s,00060,Discharge,1,gr-data.xlsx
USGS-05447500,2000-11-03,7.249112727552,m3/s,00060,Discharge,1,gr-data.xlsx
USGS-05447500,2000-11-04,7.1924790343680005,m3/s,00060,Discharge,1,gr-data.xlsx
USGS-05447500,2000-11-05,7.1075284945920005,m3/s,00060,Discharge,1,gr-data.xlsx
USGS-05447500,2000-11-06,7.475647500288,m3/s,00060,Discharge,1,gr-data.xlsx
USGS-05447500,2000-11-07,8.551687670784,m3/s,00060,Discharge,1,gr-data.xlsx
USGS-05447500,2000-11-08,8.381786591232,m3/s,00060,Discharge,1,gr-data.xlsx
USGS-05447500,2000-11-09,8.834856136704,m3/s,00060,Discharge,1,gr-data.xlsx
USGS-05447500,2000-11-10,11.355055483392,m3/s,00060,Discharge,1,gr-data.xlsx
USGS-05447500,2000-11-11,12.572679886848,m3/s,00060,Discharge,1,gr-data.xlsx
USGS-05447500,2000-11-12,12.289511420928001,m3/s,00060,Discharge,1,gr-data.xlsx
USGS-05447500,2000-11-13,11.355055483392,m3/s,00060,Discharge,1,gr-data.xlsx
USGS-05447500,2000-11-14,10.845352244736,m3/s,00060,Discharge,1,gr-data.xlsx
USGS-05447500,2000-11-15,10.47723323904,m3/s,00060,Discharge,1,gr-data.xlsx
USGS-05447500,2000-11-16,10.222381619712,m3/s,00060,Discharge,1,gr-data.xlsx
USGS-05447500,2000-11-17,9.854262614016001,m3/s,00060,Discharge,1,gr-data.xlsx
USGS-05447500,2000-11-18,9.287925682176,m3/s,00060,Discharge,1,gr-data.xlsx
USGS-05447500,2000-11-19,8.4950539776,m3/s,00060,Discharge,1,gr-data.xlsx
USGS-05447500,2000-11-20,8.07030127872,m3/s,00060,Discharge,1,gr-data.xlsx
USGS-05447500,2000-11-21,7.92871704576,m3/s,00060,Discharge,1,gr-data.xlsx
USGS-05447500,2000-11-22,7.7871328128,m3/s,00060,Discharge,1,gr-data.xlsx
USGS-05447500,2000-11-23,7.64554857984,m3/s,00060,Discharge,1,gr-data.xlsx
USGS-05447500,2000-11-24,7.64554857984,m3/s,00060,Discharge,1,gr-data.xlsx
USGS-05447500,2000-11-25,7.7871328128,m3/s,00060,Discharge,1,gr-data.xlsx
USGS-05447500,2000-11-26,8.4950539776,m3/s,00060,Discharge,1,gr-data.xlsx
USGS-05447500,2000-11-27,7.92871704576,m3/s,00060,Discharge,1,gr-data.xlsx
USGS-05447500,2000-11-28,7.64554857984,m3/s,00060,Discharge,1,gr-data.xlsx
USGS-05447500,2000-11-29,7.3623801139200005,m3/s,00060,Discharge,1,gr-data.xlsx
USGS-05447500,2000-11-30,7.079211648,m3/s,00060,Discharge,1,gr-data.xlsx
USGS-05447500,2000-12-01,6.937627415040001,m3/s,00060,Discharge,1,gr-data.xlsx
USGS-05447500,2000-12-02,6.79604318208,m3/s,00060,Discharge,1,gr-data.xlsx
USGS-05447500,2000-12-03,6.51287471616,m3/s,00060,Discharge,1,gr-data.xlsx
USGS-05447500,2000-12-04,6.2297062502400005,m3/s,00060,Discharge,1,gr-data.xlsx
USGS-05447500,2000-12-05,6.2297062502400005,m3/s,00060,Discharge,1,gr-data.xlsx
USGS-05447500,2000-12-06,7.079211648,m3/s,00060,Discharge,1,gr-data.xlsx
USGS-05447500,2000-12-07,7.3623801139200005,m3/s,00060,Discharge,1,gr-data.xlsx
USGS-05447500,2000-12-08,7.3623801139200005,m3/s,00060,Discharge,1,gr-data.xlsx
USGS-05447500,2000-12-09,6.937627415040001,m3/s,00060,Discharge,1,gr-data.xlsx
USGS-05447500,2000-12-10,6.65445894912,m3/s,00060,Discharge,1,gr-data.xlsx
USGS-05447500,2000-12-11,6.51287471616,m3/s,00060,Discharge,1,gr-data.xlsx
USGS-05447500,2000-12-12,8.4950539776,m3/s,00060,Discharge,1,gr-data.xlsx
USGS-05447500,2000-12-13,7.22079588096,m3/s,00060,Discharge,1,gr-data.xlsx
USGS-05447500,2000-12-14,6.79604318208,m3/s,00060,Discharge,1,gr-data.xlsx
USGS-05447500,2000-12-15,6.51287471616,m3/s,00060,Discharge,1,gr-data.xlsx
USGS-05447500,2000-12-16,6.2297062502400005,m3/s,00060,Discharge,1,gr-data.xlsx
USGS-05447500,2000-12-17,5.94653778432,m3/s,00060,Discharge,1,gr-data.xlsx
USGS-05447500,2000-12-18,5.6633693184,m3/s,00060,Discharge,1,gr-data.xlsx
USGS-05447500,2000-12-19,5.38020085248,m3/s,00060,Discharge,1,gr-data.xlsx
USGS-05447500,2000-12-20,5.23861661952,m3/s,00060,Discharge,1,gr-data.xlsx
USGS-05447500,2000-12-21,5.0970323865600005,m3/s,00060,Discharge,1,gr-data.xlsx
USGS-05447500,2000-12-22,4.9554481536,m3/s,00060,Discharge,1,gr-data.xlsx
USGS-05447500,2000-12-23,4.81386392064,m3/s,00060,Discharge,1,gr-data.xlsx
USGS-05447500,2000-12-24,4.81386392064,m3/s,00060,Discharge,1,gr-data.xlsx
USGS-05447500,2000-12-25,4.81386392064,m3/s,00060,Discharge,1,gr-data.xlsx
USGS-05447500,2000-12-26,4.81386392064,m3/s,00060,Discharge,1,gr-data.xlsx
USGS-05447500,2000-12-27,4.81386392064,m3/s,00060,Discharge,1,gr-data.xlsx
USGS-05447500,2000-12-28,4.81386392064,m3/s,00060,Discharge,1,gr-data.xlsx
USGS-05447500,2000-12-29,4.9554481536,m3/s,00060,Discharge,1,gr-data.xlsx
USGS-05447500,2000-12-30,4.9554481536,m3/s,00060,Discharge,1,gr-data.xlsx
USGS-05447500,2000-12-31,5.0970323865600005,m3/s,00060,Discharge,1,gr-data.xlsx
USGS-05447500,2001-01-01,5.0970323865600005,m3/s,00060,Discharge,1,gr-data.xlsx
USGS-05447500,2001-01-02,5.23861661952,m3/s,00060,Discharge,1,gr-data.xlsx
USGS-05447500,2001-01-03,5.23861661952,m3/s,00060,Discharge,1,gr-data.xlsx
USGS-05447500,2001-01-04,5.38020085248,m3/s,00060,Discharge,1,gr-data.xlsx
USGS-05447500,2001-01-05,5.52178508544,m3/s,00060,Discharge,1,gr-data.xlsx
USGS-05447500,2001-01-06,5.6633693184,m3/s,00060,Discharge,1,gr-data.xlsx
USGS-05447500,2001-01-07,5.6633693184,m3/s,00060,Discharge,1,gr-data.xlsx
USGS-05447500,2001-01-08,5.804953551360001,m3/s,00060,Discharge,1,gr-data.xlsx
USGS-05447500,2001-01-09,5.804953551360001,m3/s,00060,Discharge,1,gr-data.xlsx
USGS-05447500,2001-01-10,5.6633693184,m3/s,00060,Discharge,1,gr-data.xlsx
USGS-05447500,2001-01-11,5.6633693184,m3/s,00060,Discharge,1,gr-data.xlsx
USGS-05447500,2001-01-12,5.52178508544,m3/s,00060,Discharge,1,gr-data.xlsx
USGS-05447500,2001-01-13,5.38020085248,m3/s,00060,Discharge,1,gr-data.xlsx
USGS-05447500,2001-01-14,5.52178508544,m3/s,00060,Discharge,1,gr-data.xlsx
USGS-05447500,2001-01-15,6.2297062502400005,m3/s,00060,Discharge,1,gr-data.xlsx
USGS-05447500,2001-01-16,8.4950539776,m3/s,00060,Discharge,1,gr-data.xlsx
USGS-05447500,2001-01-17,11.04357017088,m3/s,00060,Discharge,1,gr-data.xlsx
USGS-05447500,2001-01-18,9.62772784128,m3/s,00060,Discharge,1,gr-data.xlsx
USGS-05447500,2001-01-19,8.77822244352,m3/s,00060,Discharge,1,gr-data.xlsx
USGS-05447500,2001-01-20,7.92871704576,m3/s,00060,Discharge,1,gr-data.xlsx
USGS-05447500,2001-01-21,7.3623801139200005,m3/s,00060,Discharge,1,gr-data.xlsx
USGS-05447500,2001-01-22,6.79604318208,m3/s,00060,Discharge,1,gr-data.xlsx
USGS-05447500,2001-01-23,6.65445894912,m3/s,00060,Discharge,1,gr-data.xlsx
USGS-05447500,2001-01-24,6.3712904832,m3/s,00060,Discharge,1,gr-data.xlsx
USGS-05447500,2001-01-25,5.94653778432,m3/s,00060,Discharge,1,gr-data.xlsx
USGS-05447500,2001-01-26,5.6633693184,m3/s,00060,Discharge,1,gr-data.xlsx
USGS-05447500,2001-01-27,5.38020085248,m3/s,00060,Discharge,1,gr-data.xlsx
USGS-05447500,2001-01-28,5.38020085248,m3/s,00060,Discharge,1,gr-data.xlsx
USGS-05447500,2001-01-29,7.079211648,m3/s,00060,Discharge,1,gr-data.xlsx
USGS-05447500,2001-01-30,14.158423296,m3/s,00060,Discharge,1,gr-data.xlsx
USGS-05447500,2001-01-31,53.8020085248,m3/s,00060,Discharge,1,gr-data.xlsx
USGS-05447500,2001-02-01,45.3069545472,m3/s,00060,Discharge,1,gr-data.xlsx
USGS-05447500,2001-02-02,36.8119005696,m3/s,00060,Discharge,1,gr-data.xlsx
USGS-05447500,2001-02-03,33.9802159104,m3/s,00060,Discharge,1,gr-data.xlsx
USGS-05447500,2001-02-04,29.7326889216,m3/s,00060,Discharge,1,gr-data.xlsx
USGS-05447500,2001-02-05,26.9010042624,m3/s,00060,Discharge,1,gr-data.xlsx
USGS-05447500,2001-02-06,24.0693196032,m3/s,00060,Discharge,1,gr-data.xlsx
USGS-05447500,2001-02-07,21.237634944,m3/s,00060,Discharge,1,gr-data.xlsx
USGS-05447500,2001-02-08,25.4851619328,m3/s,00060,Discharge,1,gr-data.xlsx
USGS-05447500,2001-02-09,148.38027614208,m3/s,00060,Discharge,1,gr-data.xlsx
USGS-05447500,2001-02-10,150.07928693760002,m3/s,00060,Discharge,1,gr-data.xlsx
USGS-05447500,2001-02-11,110.4357017088,m3/s,00060,Discharge,1,gr-data.xlsx
USGS-05447500,2001-02-12,90.6139090944,m3/s,00060,Discharge,1,gr-data.xlsx
USGS-05447500,2001-02-13,78.43766505984,m3/s,00060,Discharge,1,gr-data.xlsx
USGS-05447500,2001-02-14,83.81786591232,m3/s,00060,Discharge,1,gr-data.xlsx
USGS-05447500,2001-02-15,84.10103437824,m3/s,00060,Discharge,1,gr-data.xlsx
USGS-05447500,2001-02-16,66.26142102528,m3/s,00060,Discharge,1,gr-data.xlsx
USGS-05447500,2001-02-17,45.3069545472,m3/s,00060,Discharge,1,gr-data.xlsx
USGS-05447500,2001-02-18,39.6435852288,m3/s,00060,Discharge,1,gr-data.xlsx
USGS-05447500,2001-02-19,36.8119005696,m3/s,00060,Discharge,1,gr-data.xlsx
USGS-05447500,2001-02-20,33.9802159104,m3/s,00060,Discharge,1,gr-data.xlsx
USGS-05447500,2001-02-21,31.1485312512,m3/s,00060,Discharge,1,gr-data.xlsx
USGS-05447500,2001-02-22,28.316846592,m3/s,00060,Discharge,1,gr-data.xlsx
USGS-05447500,2001-02-23,26.9010042624,m3/s,00060,Discharge,1,gr-data.xlsx
USGS-05447500,2001-02-24,60.59805170688,m3/s,00060,Discharge,1,gr-data.xlsx
USGS-05447500,2001-02-25,168.4852372224,m3/s,00060,Discharge,1,gr-data.xlsx
USGS-05447500,2001-02-26,130.82383125504,m3/s,00060,Discharge,1,gr-data.xlsx
USGS-05447500,2001-02-27,103.07332159488,m3/s,00060,Discharge,1,gr-data.xlsx
USGS-05447500,2001-02-28,76.73865426432,m3/s,00060,Discharge,1,gr-data.xlsx
USGS-05447500,2001-03-01,55.501019320320005,m3/s,00060,Discharge,1,gr-data.xlsx
USGS-05447500,2001-03-02,45.3069545472,m3/s,00060,Discharge,1,gr-data.xlsx
USGS-05447500,2001-03-03,39.92675369472,m3/s,00060,Discharge,1,gr-data.xlsx
USGS-05447500,2001-03-04,36.8119005696,m3/s,00060,Discharge,1,gr-data.xlsx
USGS-05447500,2001-03-05,33.13071051264,m3/s,00060,Discharge,1,gr-data.xlsx
USGS-05447500,2001-03-06,30.58219431936,m3/s,00060,Discharge,1,gr-data.xlsx
USGS-05447500,2001-03-07,28.88318352384,m3/s,00060,Discharge,1,gr-data.xlsx
USGS-05447500,2001-03-08,27.750509660160002,m3/s,00060,Discharge,1,gr-data.xlsx
USGS-05447500,2001-03-09,26.561202103296,m3/s,00060,Discharge,1,gr-data.xlsx
USGS-05447500,2001-03-10,25.428528239616,m3/s,00060,Discharge,1,gr-data.xlsx
USGS-05447500,2001-03-11,25.740013552128,m3/s,00060,Discharge,1,gr-data.xlsx
USGS-05447500,2001-03-12,25.853280938496,m3/s,00060,Discharge,1,gr-data.xlsx
USGS-05447500,2001-03-13,28.316846592,m3/s,00060,Discharge,1,gr-data.xlsx
USGS-05447500,2001-03-14,32.5643735808,m3/s,00060,Discharge,1,gr-data.xlsx
USGS-05447500,2001-03-15,41.0594275584,m3/s,00060,Discharge,1,gr-data.xlsx
USGS-05447500,2001-03-16,58.0495355136,m3/s,00060,Discharge,1,gr-data.xlsx
USGS-05447500,2001-03-17,62.58023096832,m3/s,00060,Discharge,1,gr-data.xlsx
USGS-05447500,2001-03-18,58.615872445440004,m3/s,00060,Discharge,1,gr-data.xlsx
USGS-05447500,2001-03-19,57.48319858176,m3/s,00060,Discharge,1,gr-data.xlsx
USGS-05447500,2001-03-20,56.633693184,m3/s,00060,Discharge,1,gr-data.xlsx
USGS-05447500,2001-03-21,54.36834545664,m3/s,00060,Discharge,1,gr-data.xlsx
USGS-05447500,2001-03-22,51.25349233152,m3/s,00060,Discharge,1,gr-data.xlsx
USGS-05447500,2001-03-23,45.59012301312,m3/s,00060,Discharge,1,gr-data.xlsx
USGS-05447500,2001-03-24,39.92675369472,m3/s,00060,Discharge,1,gr-data.xlsx
USGS-05447500,2001-03-25,35.67922670592,m3/s,00060,Discharge,1,gr-data.xlsx
USGS-05447500,2001-03-26,32.84754204672,m3/s,00060,Discharge,1,gr-data.xlsx
USGS-05447500,2001-03-27,30.865362785280002,m3/s,00060,Discharge,1,gr-data.xlsx
USGS-05447500,2001-03-28,28.88318352384,m3/s,00060,Discharge,1,gr-data.xlsx
USGS-05447500,2001-03-29,28.090311819264002,m3/s,00060,Discharge,1,gr-data.xlsx
USGS-05447500,2001-03-30,26.9010042624,m3/s,00060,Discharge,1,gr-data.xlsx
USGS-05447500,2001-03-31,25.90991463168,m3/s,00060,Discharge,1,gr-data.xlsx
USGS-05447500,2001-04-01,25.371894546432,m3/s,00060,Discharge,1,gr-data.xlsx
USGS-05447500,2001-04-02,24.380804915712,m3/s,00060,Discharge,1,gr-data.xlsx
USGS-05447500,2001-04-03,23.361398438400002,m3/s,00060,Discharge,1,gr-data.xlsx
USGS-05447500,2001-04-04,22.455259347456,m3/s,00060,Discharge,1,gr-data.xlsx
USGS-05447500,2001-04-05,21.9455561088,m3/s,00060,Discharge,1,gr-data.xlsx
USGS-05447500,2001-04-06,22.738427813376,m3/s,00060,Discharge,1,gr-data.xlsx
USGS-05447500,2001-04-07,23.474665824768,m3/s,00060,Discharge,1,gr-data.xlsx
USGS-05447500,2001-04-08,22.398625654272,m3/s,00060,Discharge,1,gr-data.xlsx
USGS-05447500,2001-04-09,22.08714034176,m3/s,00060,Discharge,1,gr-data.xlsx
USGS-05447500,2001-04-10,23.276447898624,m3/s,00060,Discharge,1,gr-data.xlsx
USGS-05447500,2001-04-11,23.757834290688,m3/s,00060,Discharge,1,gr-data.xlsx
USGS-05447500,2001-04-12,31.1485312512,m3/s,00060,Discharge,1,gr-data.xlsx
USGS-05447500,2001-04-13,31.71486818304,m3/s,00060,Discharge,1,gr-data.xlsx
USGS-05447500,2001-04-14,28.005361279488,m3/s,00060,Discharge,1,gr-data.xlsx
USGS-05447500,2001-04-15,37.661405967360004,m3/s,00060,Discharge,1,gr-data.xlsx
USGS-05447500,2001-04-16,55.2178508544,m3/s,00060,Discharge,1,gr-data.xlsx
USGS-05447500,2001-04-17,47.00596534272,m3/s,00060,Discharge,1,gr-data.xlsx
USGS-05447500,2001-04-18,38.2277428992,m3/s,00060,Discharge,1,gr-data.xlsx
USGS-05447500,2001-04-19,33.9802159104,m3/s,00060,Discharge,1,gr-data.xlsx
USGS-05447500,2001-04-20,31.43169971712,m3/s,00060,Discharge,1,gr-data.xlsx
USGS-05447500,2001-04-21,29.449520455680002,m3/s,00060,Discharge,1,gr-data.xlsx
USGS-05447500,2001-04-22,31.43169971712,m3/s,00060,Discharge,1,gr-data.xlsx
USGS-05447500,2001-04-23,33.69704744448,m3/s,00060,Discharge,1,gr-data.xlsx
USGS-05447500,2001-04-24,28.88318352384,m3/s,00060,Discharge,1,gr-data.xlsx
USGS-05447500,2001-04-25,26.61783579648,m3/s,00060,Discharge,1,gr-data.xlsx
USGS-05447500,2001-04-26,25.513478779392,m3/s,00060,Discharge,1,gr-data.xlsx
USGS-05447500,2001-04-27,24.49407230208,m3/s,00060,Discharge,1,gr-data.xlsx
USGS-05447500,2001-04-28,22.993279432704,m3/s,00060,Discharge,1,gr-data.xlsx
USGS-05447500,2001-04-29,21.9455561088,m3/s,00060,Discharge,1,gr-data.xlsx
USGS-05447500,2001-04-30,21.350902330368,m3/s,00060,Discharge,1,gr-data.xlsx
USGS-05447500,2001-05-01,20.982783324672,m3/s,00060,Discharge,1,gr-data.xlsx
USGS-05447500,2001-05-02,20.444763239424,m3/s,00060,Discharge,1,gr-data.xlsx
USGS-05447500,2001-05-03,19.736842074624,m3/s,00060,Discharge,1,gr-data.xlsx
USGS-05447500,2001-05-04,19.453673608704,m3/s,00060,Discharge,1,gr-data.xlsx
USGS-05447500,2001-05-05,19.000604063232,m3/s,00060,Discharge,1,gr-data.xlsx
USGS-05447500,2001-05-06,19.142188296192,m3/s,00060,Discharge,1,gr-data.xlsx
USGS-05447500,2001-05-07,19.39703991552,m3/s,00060,Discharge,1,gr-data.xlsx
USGS-05447500,2001-05-08,18.632485057536,m3/s,00060,Discharge,1,gr-data.xlsx
USGS-05447500,2001-05-09,18.12278181888,m3/s,00060,Discharge,1,gr-data.xlsx
USGS-05447500,2001-05-10,17.584761733632,m3/s,00060,Discharge,1,gr-data.xlsx
USGS-05447500,2001-05-11,22.6534772736,m3/s,00060,Discharge,1,gr-data.xlsx
USGS-05447500,2001-05-12,23.587933211136,m3/s,00060,Discharge,1,gr-data.xlsx
USGS-05447500,2001-05-13,21.435852870144,m3/s,00060,Discharge,1,gr-data.xlsx
USGS-05447500,2001-05-14,21.181001250816,m3/s,00060,Discharge,1,gr-data.xlsx
USGS-05447500,2001-05-15,22.426942500864,m3/s,00060,Discharge,1,gr-data.xlsx
USGS-05447500,2001-05-16,20.95446647808,m3/s,00060,Discharge,1,gr-data.xlsx
USGS-05447500,2001-05-17,20.161594773504,m3/s,00060,Discharge,1,gr-data.xlsx
USGS-05447500,2001-05-18,19.170505142784002,m3/s,00060,Discharge,1,gr-data.xlsx
USGS-05447500,2001-05-19,17.896247046144,m3/s,00060,Discharge,1,gr-data.xlsx
USGS-05447500,2001-05-20,17.329910114304,m3/s,00060,Discharge,1,gr-data.xlsx
USGS-05447500,2001-05-21,22.51189304064,m3/s,00060,Discharge,1,gr-data.xlsx
USGS-05447500,2001-05-22,32.28120511488,m3/s,00060,Discharge,1,gr-data.xlsx
USGS-05447500,2001-05-23,25.881597785088,m3/s,00060,Discharge,1,gr-data.xlsx
USGS-05447500,2001-05-24,23.191497358848,m3/s,00060,Discharge,1,gr-data.xlsx
USGS-05447500,2001-05-25,21.549120256512,m3/s,00060,Discharge,1,gr-data.xlsx
USGS-05447500,2001-05-26,22.398625654272,m3/s,00060,Discharge,1,gr-data.xlsx
USGS-05447500,2001-05-27,35.39605824,m3/s,00060,Discharge,1,gr-data.xlsx
USGS-05447500,2001-05-28,32.5643735808,m3/s,00060,Discharge,1,gr-data.xlsx
USGS-05447500,2001-05-29,27.580608580608,m3/s,00060,Discharge,1,gr-data.xlsx
USGS-05447500,2001-05-30,24.409121762304,m3/s,00060,Discharge,1,gr-data.xlsx
USGS-05447500,2001-05-31,23.701200597504002,m3/s,00060,Discharge,1,gr-data.xlsx
USGS-05447500,2001-06-01,33.13071051264,m3/s,00060,Discharge,1,gr-data.xlsx
USGS-05447500,2001-06-02,36.52873210368,m3/s,00060,Discharge,1,gr-data.xlsx
USGS-05447500,2001-06-03,36.24556363776,m3/s,00060,Discharge,1,gr-data.xlsx
USGS-05447500,2001-06-04,31.43169971712,m3/s,00060,Discharge,1,gr-data.xlsx
USGS-05447500,2001-06-05,56.633693184,m3/s,00060,Discharge,1,gr-data.xlsx
USGS-05447500,2001-06-06,104.77233239040001,m3/s,00060,Discharge,1,gr-data.xlsx
USGS-05447500,2001-06-07,72.2079588096,m3/s,00060,Discharge,1,gr-data.xlsx
USGS-05447500,2001-06-08,53.23567159296,m3/s,00060,Discharge,1,gr-data.xlsx
USGS-05447500,2001-06-09,42.75843835392,m3/s,00060,Discharge,1,gr-data.xlsx
USGS-05447500,2001-06-10,36.8119005696,m3/s,00060,Discharge,1,gr-data.xlsx
USGS-05447500,2001-06-11,32.84754204672,m3/s,00060,Discharge,1,gr-data.xlsx
USGS-05447500,2001-06-12,30.58219431936,m3/s,00060,Discharge,1,gr-data.xlsx
USGS-05447500,2001-06-13,28.316846592,m3/s,00060,Discharge,1,gr-data.xlsx
USGS-05447500,2001-06-14,26.249716790784,m3/s,00060,Discharge,1,gr-data.xlsx
USGS-05447500,2001-06-15,25.088726080512,m3/s,00060,Discharge,1,gr-data.xlsx
USGS-05447500,2001-06-16,24.0693196032,m3/s,00060,Discharge,1,gr-data.xlsx
USGS-05447500,2001-06-17,22.710110966784,m3/s,00060,Discharge,1,gr-data.xlsx
USGS-05447500,2001-06-18,21.435852870144,m3/s,00060,Discharge,1,gr-data.xlsx
USGS-05447500,2001-06-19,20.501396932608,m3/s,00060,Discharge,1,gr-data.xlsx
USGS-05447500,2001-06-20,19.793475767808,m3/s,00060,Discharge,1,gr-data.xlsx
USGS-05447500,2001-06-21,19.8217926144,m3/s,00060,Discharge,1,gr-data.xlsx
USGS-05447500,2001-06-22,19.651891534848,m3/s,00060,Discharge,1,gr-data.xlsx
USGS-05447500,2001-06-23,19.057237756416,m3/s,00060,Discharge,1,gr-data.xlsx
USGS-05447500,2001-06-24,18.292682898432002,m3/s,00060,Discharge,1,gr-data.xlsx
USGS-05447500,2001-06-25,17.329910114304,m3/s,00060,Discharge,1,gr-data.xlsx
USGS-05447500,2001-06-26,16.537038409728,m3/s,00060,Discharge,1,gr-data.xlsx
USGS-05447500,2001-06-27,15.914067784704,m3/s,00060,Discharge,1,gr-data.xlsx
USGS-05447500,2001-06-28,15.29109715968,m3/s,00060,Discharge,1,gr-data.xlsx
USGS-05447500,2001-06-29,14.668126534656,m3/s,00060,Discharge,1,gr-data.xlsx
USGS-05447500,2001-06-30,14.01683906304,m3/s,00060,Discharge,1,gr-data.xlsx
USGS-05447500,2001-07-01,13.337234744832001,m3/s,00060,Discharge,1,gr-data.xlsx
USGS-05447500,2001-07-02,12.714264119808,m3/s,00060,Discharge,1,gr-data.xlsx
USGS-05447500,2001-07-03,13.054066278912,m3/s,00060,Discharge,1,gr-data.xlsx
USGS-05447500,2001-07-04,23.899418523648002,m3/s,00060,Discharge,1,gr-data.xlsx
USGS-05447500,2001-07-05,21.265951790592002,m3/s,00060,Discharge,1,gr-data.xlsx
USGS-05447500,2001-07-06,16.338820483584,m3/s,00060,Discharge,1,gr-data.xlsx
USGS-05447500,2001-07-07,14.668126534656,m3/s,00060,Discharge,1,gr-data.xlsx
USGS-05447500,2001-07-08,14.469908608512,m3/s,00060,Discharge,1,gr-data.xlsx
USGS-05447500,2001-07-09,15.687533011968,m3/s,00060,Discharge,1,gr-data.xlsx
USGS-05447500,2001-07-10,13.960205369856,m3/s,00060,Discharge,1,gr-data.xlsx
USGS-05447500,2001-07-11,12.459412500480001,m3/s,00060,Discharge,1,gr-data.xlsx
USGS-05447500,2001-07-12,11.411689176576001,m3/s,00060,Discharge,1,gr-data.xlsx
USGS-05447500,2001-07-13,10.732084858368001,m3/s,00060,Discharge,1,gr-data.xlsx
USGS-05447500,2001-07-14,9.939213153792,m3/s,00060,Discharge,1,gr-data.xlsx
USGS-05447500,2001-07-15,9.48614360832,m3/s,00060,Discharge,1,gr-data.xlsx
USGS-05447500,2001-07-16,9.089707756032,m3/s,00060,Discharge,1,gr-data.xlsx
USGS-05447500,2001-07-17,8.721588750336,m3/s,00060,Discharge,1,gr-data.xlsx
USGS-05447500,2001-07-18,9.118024602624,m3/s,00060,Discharge,1,gr-data.xlsx
USGS-05447500,2001-07-19,9.967530000384,m3/s,00060,Discharge,1,gr-data.xlsx
USGS-05447500,2001-07-20,10.222381619712,m3/s,00060,Discharge,1,gr-data.xlsx
USGS-05447500,2001-07-21,9.316242528768,m3/s,00060,Discharge,1,gr-data.xlsx
USGS-05447500,2001-07-22,11.100203864064,m3/s,00060,Discharge,1,gr-data.xlsx
USGS-05447500,2001-07-23,10.420599545856,m3/s,00060,Discharge,1,gr-data.xlsx
USGS-05447500,2001-07-24,10.109114233344,m3/s,00060,Discharge,1,gr-data.xlsx
USGS-05447500,2001-07-25,12.7425809664,m3/s,00060,Discharge,1,gr-data.xlsx
USGS-05447500,2001-07-26,14.668126534656,m3/s,00060,Discharge,1,gr-data.xlsx
USGS-05447500,2001-07-27,10.873669091328,m3/s,00060,Discharge,1,gr-data.xlsx
USGS-05447500,2001-07-28,9.344559375360001,m3/s,00060,Discharge,1,gr-data.xlsx
USGS-05447500,2001-07-29,8.693271903744,m3/s,00060,Discharge,1,gr-data.xlsx
USGS-05447500,2001-07-30,8.098618125312,m3/s,00060,Discharge,1,gr-data.xlsx
USGS-05447500,2001-07-31,7.50396434688,m3/s,00060,Discharge,1,gr-data.xlsx
USGS-05447500,2001-08-01,6.937627415040001,m3/s,00060,Discharge,1,gr-data.xlsx
USGS-05447500,2001-08-02,7.702182273024,m3/s,00060,Discharge,1,gr-data.xlsx
USGS-05447500,2001-08-03,10.618817472,m3/s,00060,Discharge,1,gr-data.xlsx
USGS-05447500,2001-08-04,8.749905596928,m3/s,00060,Discharge,1,gr-data.xlsx
USGS-05447500,2001-08-05,7.50396434688,m3/s,00060,Discharge,1,gr-data.xlsx
USGS-05447500,2001-08-06,6.682775795712,m3/s,00060,Discharge,1,gr-data.xlsx
USGS-05447500,2001-08-07,6.1447557104640005,m3/s,00060,Discharge,1,gr-data.xlsx
USGS-05447500,2001-08-08,5.748319858176,m3/s,00060,Discharge,1,gr-data.xlsx
USGS-05447500,2001-08-09,5.408517699072,m3/s,00060,Discharge,1,gr-data.xlsx
USGS-05447500,2001-08-10,5.23861661952,m3/s,00060,Discharge,1,gr-data.xlsx
USGS-05447500,2001-08-11,4.9554481536,m3/s,00060,Discharge,1,gr-data.xlsx
USGS-05447500,2001-08-12,4.7572302274560005,m3/s,00060,Discharge,1,gr-data.xlsx
USGS-05447500,2001-08-13,4.53069545472,m3/s,00060,Discharge,1,gr-data.xlsx
USGS-05447500,2001-08-14,4.219210142208,m3/s,00060,Discharge,1,gr-data.xlsx
USGS-05447500,2001-08-15,4.134259602432,m3/s,00060,Discharge,1,gr-data.xlsx
USGS-05447500,2001-08-16,4.587329147904,m3/s,00060,Discharge,1,gr-data.xlsx
USGS-05447500,2001-08-17,4.8421807672320005,m3/s,00060,Discharge,1,gr-data.xlsx
USGS-05447500,2001-08-18,4.81386392064,m3/s,00060,Discharge,1,gr-data.xlsx
USGS-05447500,2001-08-19,5.266933466112,m3/s,00060,Discharge,1,gr-data.xlsx
USGS-05447500,2001-08-20,4.870497613824,m3/s,00060,Discharge,1,gr-data.xlsx
USGS-05447500,2001-08-21,4.38911122176,m3/s,00060,Discharge,1,gr-data.xlsx
USGS-05447500,2001-08-22,4.162576449024,m3/s,00060,Discharge,1,gr-data.xlsx
USGS-05447500,2001-08-23,4.162576449024,m3/s,00060,Discharge,1,gr-data.xlsx
USGS-05447500,2001-08-24,4.219210142208,m3/s,00060,Discharge,1,gr-data.xlsx
USGS-05447500,2001-08-25,4.360794375168,m3/s,00060,Discharge,1,gr-data.xlsx
USGS-05447500,2001-08-26,4.445744914944,m3/s,00060,Discharge,1,gr-data.xlsx
USGS-05447500,2001-08-27,4.077625909248,m3/s,00060,Discharge,1,gr-data.xlsx
USGS-05447500,2001-08-28,3.851091136512,m3/s,00060,Discharge,1,gr-data.xlsx
USGS-05447500,2001-08-29,3.567922670592,m3/s,00060,Discharge,1,gr-data.xlsx
USGS-05447500,2001-08-30,3.454655284224,m3/s,00060,Discharge,1,gr-data.xlsx
USGS-05447500,2001-08-31,3.4263384376320003,m3/s,00060,Discharge,1,gr-data.xlsx
USGS-05447500,2001-09-01,3.624556363776,m3/s,00060,Discharge,1,gr-data.xlsx
USGS-05447500,2001-09-02,3.313071051264,m3/s,00060,Discharge,1,gr-data.xlsx
USGS-05447500,2001-09-03,3.143169971712,m3/s,00060,Discharge,1,gr-data.xlsx
USGS-05447500,2001-09-04,3.058219431936,m3/s,00060,Discharge,1,gr-data.xlsx
USGS-05447500,2001-09-05,2.97326889216,m3/s,00060,Discharge,1,gr-data.xlsx
USGS-05447500,2001-09-06,3.058219431936,m3/s,00060,Discharge,1,gr-data.xlsx
USGS-05447500,2001-09-07,3.228120511488,m3/s,00060,Discharge,1,gr-data.xlsx
USGS-05447500,2001-09-08,3.143169971712,m3/s,00060,Discharge,1,gr-data.xlsx
USGS-05447500,2001-09-09,3.6811900569600002,m3/s,00060,Discharge,1,gr-data.xlsx
USGS-05447500,2001-09-10,4.700596534272,m3/s,00060,Discharge,1,gr-data.xlsx
USGS-05447500,2001-09-11,4.10594275584,m3/s,00060,Discharge,1,gr-data.xlsx
USGS-05447500,2001-09-12,3.5112889774080003,m3/s,00060,Discharge,1,gr-data.xlsx
USGS-05447500,2001-09-13,3.228120511488,m3/s,00060,Discharge,1,gr-data.xlsx
USGS-05447500,2001-09-14,3.086536278528,m3/s,00060,Discharge,1,gr-data.xlsx
USGS-05447500,2001-09-15,3.086536278528,m3/s,00060,Discharge,1,gr-data.xlsx
USGS-05447500,2001-09-16,3.1148531251200002,m3/s,00060,Discharge,1,gr-data.xlsx
USGS-05447500,2001-09-17,3.143169971712,m3/s,00060,Discharge,1,gr-data.xlsx
USGS-05447500,2001-09-18,3.341387897856,m3/s,00060,Discharge,1,gr-data.xlsx
USGS-05447500,2001-09-19,4.615645994496,m3/s,00060,Discharge,1,gr-data.xlsx
USGS-05447500,2001-09-20,5.266933466112,m3/s,00060,Discharge,1,gr-data.xlsx
USGS-05447500,2001-09-21,4.643962841088,m3/s,00060,Discharge,1,gr-data.xlsx
USGS-05447500,2001-09-22,4.162576449024,m3/s,00060,Discharge,1,gr-data.xlsx
USGS-05447500,2001-09-23,4.2475269888,m3/s,00060,Discharge,1,gr-data.xlsx
USGS-05447500,2001-09-24,4.672279687680001,m3/s,00060,Discharge,1,gr-data.xlsx
USGS-05447500,2001-09-25,4.9554481536,m3/s,00060,Discharge,1,gr-data.xlsx
USGS-05447500,2001-09-26,4.559012301312,m3/s,00060,Discharge,1,gr-data.xlsx
USGS-05447500,2001-09-27,4.304160681984,m3/s,00060,Discharge,1,gr-data.xlsx
USGS-05447500,2001-09-28,4.077625909248,m3/s,00060,Discharge,1,gr-data.xlsx
USGS-05447500,2001-09-29,3.96435852288,m3/s,00060,Discharge,1,gr-data.xlsx
USGS-05447500,2001-09-30,3.936041676288,m3/s,00060,Discharge,1,gr-data.xlsx
USGS-05447500,2001-10-01,3.851091136512,m3/s,00060,Discharge,1,gr-data.xlsx
USGS-05447500,2001-10-02,3.794457443328,m3/s,00060,Discharge,1,gr-data.xlsx
USGS-05447500,2001-10-03,3.6811900569600002,m3/s,00060,Discharge,1,gr-data.xlsx
USGS-05447500,2001-10-04,3.82277428992,m3/s,00060,Discharge,1,gr-data.xlsx
USGS-05447500,2001-10-05,6.286339943424,m3/s,00060,Discharge,1,gr-data.xlsx
USGS-05447500,2001-10-06,9.089707756032,m3/s,00060,Discharge,1,gr-data.xlsx
USGS-05447500,2001-10-07,7.4473306536960004,m3/s,00060,Discharge,1,gr-data.xlsx
USGS-05447500,2001-10-08,6.173072557056,m3/s,00060,Discharge,1,gr-data.xlsx
USGS-05447500,2001-10-09,5.52178508544,m3/s,00060,Discharge,1,gr-data.xlsx
USGS-05447500,2001-10-10,5.493468238848,m3/s,00060,Discharge,1,gr-data.xlsx
USGS-05447500,2001-10-11,6.116438863872,m3/s,00060,Discharge,1,gr-data.xlsx
USGS-05447500,2001-10-12,6.258023096832,m3/s,00060,Discharge,1,gr-data.xlsx
USGS-05447500,2001-10-13,6.286339943424,m3/s,00060,Discharge,1,gr-data.xlsx
USGS-05447500,2001-10-14,8.296836051456001,m3/s,00060,Discharge,1,gr-data.xlsx
USGS-05447500,2001-10-15,9.825945767424,m3/s,00060,Discharge,1,gr-data.xlsx
USGS-05447500,2001-10-16,8.91980667648,m3/s,00060,Discharge,1,gr-data.xlsx
USGS-05447500,2001-10-17,8.155251818496,m3/s,00060,Discharge,1,gr-data.xlsx
USGS-05447500,2001-10-18,7.588914886656,m3/s,00060,Discharge,1,gr-data.xlsx
USGS-05447500,2001-10-19,7.135845341184,m3/s,00060,Discharge,1,gr-data.xlsx
USGS-05447500,2001-10-20,6.682775795712,m3/s,00060,Discharge,1,gr-data.xlsx
USGS-05447500,2001-10-21,6.541191562752,m3/s,00060,Discharge,1,gr-data.xlsx
USGS-05447500,2001-10-22,6.626142102528,m3/s,00060,Discharge,1,gr-data.xlsx
USGS-05447500,2001-10-23,15.092879233536001,m3/s,00060,Discharge,1,gr-data.xlsx
USGS-05447500,2001-10-24,26.561202103296,m3/s,00060,Discharge,1,gr-data.xlsx
USGS-05447500,2001-10-25,26.419617870336,m3/s,00060,Discharge,1,gr-data.xlsx
USGS-05447500,2001-10-26,23.333081591808,m3/s,00060,Discharge,1,gr-data.xlsx
USGS-05447500,2001-10-27,19.25545568256,m3/s,00060,Discharge,1,gr-data.xlsx
USGS-05447500,2001-10-28,16.2821867904,m3/s,00060,Discharge,1,gr-data.xlsx
USGS-05447500,2001-10-29,14.498225455104,m3/s,00060,Discharge,1,gr-data.xlsx
USGS-05447500,2001-10-30,13.422185284608,m3/s,00060,Discharge,1,gr-data.xlsx
USGS-05447500,2001-10-31,12.629313580032,m3/s,00060,Discharge,1,gr-data.xlsx
USGS-05447500,2001-11-01,12.091293494784,m3/s,00060,Discharge,1,gr-data.xlsx
USGS-05447500,2001-11-02,11.553273409536,m3/s,00060,Discharge,1,gr-data.xlsx
USGS-05447500,2001-11-03,10.76040170496,m3/s,00060,Discharge,1,gr-data.xlsx
USGS-05447500,2001-11-04,10.33564900608,m3/s,00060,Discharge,1,gr-data.xlsx
USGS-05447500,2001-11-05,9.882579460608,m3/s,00060,Discharge,1,gr-data.xlsx
USGS-05447500,2001-11-06,9.62772784128,m3/s,00060,Discharge,1,gr-data.xlsx
USGS-05447500,2001-11-07,9.457826761728,m3/s,00060,Discharge,1,gr-data.xlsx
USGS-05447500,2001-11-08,9.259608835584,m3/s,00060,Discharge,1,gr-data.xlsx
USGS-05447500,2001-11-09,8.976440369664001,m3/s,00060,Discharge,1,gr-data.xlsx
USGS-05447500,2001-11-10,8.77822244352,m3/s,00060,Discharge,1,gr-data.xlsx
USGS-05447500,2001-11-11,8.749905596928,m3/s,00060,Discharge,1,gr-data.xlsx
USGS-05447500,2001-11-12,8.438420284416,m3/s,00060,Discharge,1,gr-data.xlsx
USGS-05447500,2001-11-13,8.35346974464,m3/s,00060,Discharge,1,gr-data.xlsx
USGS-05447500,2001-11-14,8.891489829888,m3/s,00060,Discharge,1,gr-data.xlsx
USGS-05447500,2001-11-15,9.2029751424,m3/s,00060,Discharge,1,gr-data.xlsx
USGS-05447500,2001-11-16,9.033074062848,m3/s,00060,Discharge,1,gr-data.xlsx
USGS-05447500,2001-11-17,8.693271903744,m3/s,00060,Discharge,1,gr-data.xlsx
USGS-05447500,2001-11-18,8.381786591232,m3/s,00060,Discharge,1,gr-data.xlsx
USGS-05447500,2001-11-19,8.240202358272,m3/s,00060,Discharge,1,gr-data.xlsx
USGS-05447500,2001-11-20,8.21188551168,m3/s,00060,Discharge,1,gr-data.xlsx
USGS-05447500,2001-11-21,8.07030127872,m3/s,00060,Discharge,1,gr-data.xlsx
USGS-05447500,2001-11-22,8.041984432128,m3/s,00060,Discharge,1,gr-data.xlsx
USGS-05447500,2001-11-23,7.872083352576,m3/s,00060,Discharge,1,gr-data.xlsx
USGS-05447500,2001-11-24,8.466737131008001,m3/s,00060,Discharge,1,gr-data.xlsx
USGS-05447500,2001-11-25,10.618817472,m3/s,00060,Discharge,1,gr-data.xlsx
USGS-05447500,2001-11-26,14.583175994880001,m3/s,00060,Discharge,1,gr-data.xlsx
USGS-05447500,2001-11-27,14.215056989184001,m3/s,00060,Discharge,1,gr-data.xlsx
USGS-05447500,2001-11-28,13.280601051648,m3/s,00060,Discharge,1,gr-data.xlsx
USGS-05447500,2001-11-29,12.544363040256,m3/s,00060,Discharge,1,gr-data.xlsx
USGS-05447500,2001-11-30,12.261194574336,m3/s,00060,Discharge,1,gr-data.xlsx
USGS-05447500,2001-12-01,12.261194574336,m3/s,00060,Discharge,1,gr-data.xlsx
USGS-05447500,2001-12-02,11.836441875456,m3/s,00060,Discharge,1,gr-data.xlsx
USGS-05447500,2001-12-03,11.383372329984,m3/s,00060,Discharge,1,gr-data.xlsx
USGS-05447500,2001-12-04,11.156837557248,m3/s,00060,Discharge,1,gr-data.xlsx
USGS-05447500,2001-12-05,10.873669091328,m3/s,00060,Discharge,1,gr-data.xlsx
USGS-05447500,2001-12-06,10.76040170496,m3/s,00060,Discharge,1,gr-data.xlsx
USGS-05447500,2001-12-07,10.618817472,m3/s,00060,Discharge,1,gr-data.xlsx
USGS-05447500,2001-12-08,10.420599545856,m3/s,00060,Discharge,1,gr-data.xlsx
USGS-05447500,2001-12-09,10.222381619712,m3/s,00060,Discharge,1,gr-data.xlsx
USGS-05447500,2001-12-10,9.825945767424,m3/s,00060,Discharge,1,gr-data.xlsx
USGS-05447500,2001-12-11,9.740995227648,m3/s,00060,Discharge,1,gr-data.xlsx
USGS-05447500,2001-12-12,9.740995227648,m3/s,00060,Discharge,1,gr-data.xlsx
USGS-05447500,2001-12-13,10.986936477696,m3/s,00060,Discharge,1,gr-data.xlsx
USGS-05447500,2001-12-14,12.147927187968,m3/s,00060,Discharge,1,gr-data.xlsx
USGS-05447500,2001-12-15,12.346145114112,m3/s,00060,Discharge,1,gr-data.xlsx
USGS-05447500,2001-12-16,11.921392415232,m3/s,00060,Discharge,1,gr-data.xlsx
USGS-05447500,2001-12-17,11.723174489088,m3/s,00060,Discharge,1,gr-data.xlsx
USGS-05447500,2001-12-18,11.666540795904,m3/s,00060,Discharge,1,gr-data.xlsx
USGS-05447500,2001-12-19,11.609907102720001,m3/s,00060,Discharge,1,gr-data.xlsx
USGS-05447500,2001-12-20,11.270104943616,m3/s,00060,Discharge,1,gr-data.xlsx
USGS-05447500,2001-12-21,10.930302784512,m3/s,00060,Discharge,1,gr-data.xlsx
USGS-05447500,2001-12-22,10.817035398144,m3/s,00060,Discharge,1,gr-data.xlsx
USGS-05447500,2001-12-23,11.100203864064,m3/s,00060,Discharge,1,gr-data.xlsx
USGS-05447500,2001-12-24,8.664955057152,m3/s,00060,Discharge,1,gr-data.xlsx
USGS-05447500,2001-12-25,11.3267386368,m3/s,00060,Discharge,1,gr-data.xlsx
USGS-05447500,2001-12-26,11.04357017088,m3/s,00060,Discharge,1,gr-data.xlsx
USGS-05447500,2001-12-27,10.76040170496,m3/s,00060,Discharge,1,gr-data.xlsx
USGS-05447500,2001-12-28,10.194064773120001,m3/s,00060,Discharge,1,gr-data.xlsx
USGS-05447500,2001-12-29,9.76931207424,m3/s,00060,Discharge,1,gr-data.xlsx
USGS-05447500,2001-12-30,9.344559375360001,m3/s,00060,Discharge,1,gr-data.xlsx
USGS-05447500,2001-12-31,9.06139090944,m3/s,00060,Discharge,1,gr-data.xlsx
USGS-05447500,2002-01-01,8.77822244352,m3/s,00060,Discharge,1,gr-data.xlsx
USGS-05447500,2002-01-02,8.77822244352,m3/s,00060,Discharge,1,gr-data.xlsx
USGS-05447500,2002-01-03,8.77822244352,m3/s,00060,Discharge,1,gr-data.xlsx
USGS-05447500,2002-01-04,8.91980667648,m3/s,00060,Discharge,1,gr-data.xlsx
USGS-05447500,2002-01-05,9.06139090944,m3/s,00060,Discharge,1,gr-data.xlsx
USGS-05447500,2002-01-06,9.2029751424,m3/s,00060,Discharge,1,gr-data.xlsx
USGS-05447500,2002-01-07,9.344559375360001,m3/s,00060,Discharge,1,gr-data.xlsx
USGS-05447500,2002-01-08,9.62772784128,m3/s,00060,Discharge,1,gr-data.xlsx
USGS-05447500,2002-01-09,9.76931207424,m3/s,00060,Discharge,1,gr-data.xlsx
USGS-05447500,2002-01-10,9.9108963072,m3/s,00060,Discharge,1,gr-data.xlsx
USGS-05447500,2002-01-11,10.05248054016,m3/s,00060,Discharge,1,gr-data.xlsx
USGS-05447500,2002-01-12,10.05248054016,m3/s,00060,Discharge,1,gr-data.xlsx
USGS-05447500,2002-01-13,9.9108963072,m3/s,00060,Discharge,1,gr-data.xlsx
USGS-05447500,2002-01-14,9.62772784128,m3/s,00060,Discharge,1,gr-data.xlsx
USGS-05447500,2002-01-15,9.344559375360001,m3/s,00060,Discharge,1,gr-data.xlsx
USGS-05447500,2002-01-16,9.06139090944,m3/s,00060,Discharge,1,gr-data.xlsx
USGS-05447500,2002-01-17,8.77822244352,m3/s,00060,Discharge,1,gr-data.xlsx
USGS-05447500,2002-01-18,8.4950539776,m3/s,00060,Discharge,1,gr-data.xlsx
USGS-05447500,2002-01-19,8.77822244352,m3/s,00060,Discharge,1,gr-data.xlsx
USGS-05447500,2002-01-20,8.91980667648,m3/s,00060,Discharge,1,gr-data.xlsx
USGS-05447500,2002-01-21,9.06139090944,m3/s,00060,Discharge,1,gr-data.xlsx
USGS-05447500,2002-01-22,9.344559375360001,m3/s,00060,Discharge,1,gr-data.xlsx
USGS-05447500,2002-01-23,9.48614360832,m3/s,00060,Discharge,1,gr-data.xlsx
USGS-05447500,2002-01-24,9.344559375360001,m3/s,00060,Discharge,1,gr-data.xlsx
USGS-05447500,2002-01-25,8.77822244352,m3/s,00060,Discharge,1,gr-data.xlsx
USGS-05447500,2002-01-26,8.21188551168,m3/s,00060,Discharge,1,gr-data.xlsx
USGS-05447500,2002-01-27,7.4473306536960004,m3/s,00060,Discharge,1,gr-data.xlsx
USGS-05447500,2002-01-28,7.2774295741440005,m3/s,00060,Discharge,1,gr-data.xlsx
USGS-05447500,2002-01-29,7.22079588096,m3/s,00060,Discharge,1,gr-data.xlsx
USGS-05447500,2002-01-30,7.22079588096,m3/s,00060,Discharge,1,gr-data.xlsx
USGS-05447500,2002-01-31,5.918220937728,m3/s,00060,Discharge,1,gr-data.xlsx
USGS-05447500,2002-02-01,9.542777301504,m3/s,00060,Discharge,1,gr-data.xlsx
USGS-05447500,2002-02-02,7.532281193472,m3/s,00060,Discharge,1,gr-data.xlsx
USGS-05447500,2002-02-03,7.2774295741440005,m3/s,00060,Discharge,1,gr-data.xlsx
USGS-05447500,2002-02-04,5.550101932032,m3/s,00060,Discharge,1,gr-data.xlsx
USGS-05447500,2002-02-05,7.475647500288,m3/s,00060,Discharge,1,gr-data.xlsx
USGS-05447500,2002-02-06,8.721588750336,m3/s,00060,Discharge,1,gr-data.xlsx
USGS-05447500,2002-02-07,8.126934971904,m3/s,00060,Discharge,1,gr-data.xlsx
USGS-05447500,2002-02-08,8.155251818496,m3/s,00060,Discharge,1,gr-data.xlsx
USGS-05447500,2002-02-09,8.183568665088,m3/s,00060,Discharge,1,gr-data.xlsx
USGS-05447500,2002-02-10,8.749905596928,m3/s,00060,Discharge,1,gr-data.xlsx
USGS-05447500,2002-02-11,12.204560881152,m3/s,00060,Discharge,1,gr-data.xlsx
USGS-05447500,2002-02-12,13.903571676672,m3/s,00060,Discharge,1,gr-data.xlsx
USGS-05447500,2002-02-13,14.469908608512,m3/s,00060,Discharge,1,gr-data.xlsx
USGS-05447500,2002-02-14,14.413274915328,m3/s,00060,Discharge,1,gr-data.xlsx
USGS-05447500,2002-02-15,14.01683906304,m3/s,00060,Discharge,1,gr-data.xlsx
USGS-05447500,2002-02-16,13.988522216448,m3/s,00060,Discharge,1,gr-data.xlsx
USGS-05447500,2002-02-17,13.761987443712,m3/s,00060,Discharge,1,gr-data.xlsx
USGS-05447500,2002-02-18,13.082383125504,m3/s,00060,Discharge,1,gr-data.xlsx
USGS-05447500,2002-02-19,13.478818977792,m3/s,00060,Discharge,1,gr-data.xlsx
USGS-05447500,2002-02-20,20.501396932608,m3/s,00060,Discharge,1,gr-data.xlsx
USGS-05447500,2002-02-21,33.69704744448,m3/s,00060,Discharge,1,gr-data.xlsx
USGS-05447500,2002-02-22,31.1485312512,m3/s,00060,Discharge,1,gr-data.xlsx
USGS-05447500,2002-02-23,27.269123268096,m3/s,00060,Discharge,1,gr-data.xlsx
USGS-05447500,2002-02-24,24.63565653504,m3/s,00060,Discharge,1,gr-data.xlsx
USGS-05447500,2002-02-25,22.568526733824,m3/s,00060,Discharge,1,gr-data.xlsx
USGS-05447500,2002-02-26,21.294268637184,m3/s,00060,Discharge,1,gr-data.xlsx
USGS-05447500,2002-02-27,19.340406222336,m3/s,00060,Discharge,1,gr-data.xlsx
USGS-05447500,2002-02-28,19.198821989376,m3/s,00060,Discharge,1,gr-data.xlsx
USGS-05447500,2002-03-01,18.717435597312,m3/s,00060,Discharge,1,gr-data.xlsx
USGS-05447500,2002-03-02,18.292682898432002,m3/s,00060,Discharge,1,gr-data.xlsx
USGS-05447500,2002-03-03,14.611492841472,m3/s,00060,Discharge,1,gr-data.xlsx
USGS-05447500,2002-03-04,20.048327387136002,m3/s,00060,Discharge,1,gr-data.xlsx
USGS-05447500,2002-03-05,30.29902585344,m3/s,00060,Discharge,1,gr-data.xlsx
USGS-05447500,2002-03-06,25.966548324864,m3/s,00060,Discharge,1,gr-data.xlsx
USGS-05447500,2002-03-07,19.453673608704,m3/s,00060,Discharge,1,gr-data.xlsx
USGS-05447500,2002-03-08,27.46734119424,m3/s,00060,Discharge,1,gr-data.xlsx
USGS-05447500,2002-03-09,48.42180767232,m3/s,00060,Discharge,1,gr-data.xlsx
USGS-05447500,2002-03-10,47.28913380864,m3/s,00060,Discharge,1,gr-data.xlsx
USGS-05447500,2002-03-11,39.92675369472,m3/s,00060,Discharge,1,gr-data.xlsx
USGS-05447500,2002-03-12,32.84754204672,m3/s,00060,Discharge,1,gr-data.xlsx
USGS-05447500,2002-03-13,29.166351989760003,m3/s,00060,Discharge,1,gr-data.xlsx
USGS-05447500,2002-03-14,27.014271648768002,m3/s,00060,Discharge,1,gr-data.xlsx
USGS-05447500,2002-03-15,25.117042927104002,m3/s,00060,Discharge,1,gr-data.xlsx
USGS-05447500,2002-03-16,23.191497358848,m3/s,00060,Discharge,1,gr-data.xlsx
USGS-05447500,2002-03-17,21.66238764288,m3/s,00060,Discharge,1,gr-data.xlsx
USGS-05447500,2002-03-18,21.067733864448,m3/s,00060,Discharge,1,gr-data.xlsx
USGS-05447500,2002-03-19,20.133277926912,m3/s,00060,Discharge,1,gr-data.xlsx
USGS-05447500,2002-03-20,19.651891534848,m3/s,00060,Discharge,1,gr-data.xlsx
USGS-05447500,2002-03-21,18.887336676864,m3/s,00060,Discharge,1,gr-data.xlsx
USGS-05447500,2002-03-22,17.301593267712,m3/s,00060,Discharge,1,gr-data.xlsx
USGS-05447500,2002-03-23,18.490900824576002,m3/s,00060,Discharge,1,gr-data.xlsx
USGS-05447500,2002-03-24,17.924563892736,m3/s,00060,Discharge,1,gr-data.xlsx
USGS-05447500,2002-03-25,16.933474262016002,m3/s,00060,Discharge,1,gr-data.xlsx
USGS-05447500,2002-03-26,16.621988949504,m3/s,00060,Discharge,1,gr-data.xlsx
USGS-05447500,2002-03-27,15.99901832448,m3/s,00060,Discharge,1,gr-data.xlsx
USGS-05447500,2002-03-28,15.687533011968,m3/s,00060,Discharge,1,gr-data.xlsx
USGS-05447500,2002-03-29,16.225553097216,m3/s,00060,Discharge,1,gr-data.xlsx
USGS-05447500,2002-03-30,16.650305796096,m3/s,00060,Discharge,1,gr-data.xlsx
USGS-05447500,2002-03-31,16.367137330176,m3/s,00060,Discharge,1,gr-data.xlsx
USGS-05447500,2002-04-01,16.2821867904,m3/s,00060,Discharge,1,gr-data.xlsx
USGS-05447500,2002-04-02,17.811296506368002,m3/s,00060,Discharge,1,gr-data.xlsx
USGS-05447500,2002-04-03,23.587933211136,m3/s,00060,Discharge,1,gr-data.xlsx
USGS-05447500,2002-04-04,22.455259347456,m3/s,00060,Discharge,1,gr-data.xlsx
USGS-05447500,2002-04-05,20.699614858752,m3/s,00060,Discharge,1,gr-data.xlsx
USGS-05447500,2002-04-06,19.566940995072,m3/s,00060,Discharge,1,gr-data.xlsx
USGS-05447500,2002-04-07,20.897832784896,m3/s,00060,Discharge,1,gr-data.xlsx
USGS-05447500,2002-04-08,39.07724829696,m3/s,00060,Discharge,1,gr-data.xlsx
USGS-05447500,2002-04-09,84.66737131008,m3/s,00060,Discharge,1,gr-data.xlsx
USGS-05447500,2002-04-10,82.68519204864,m3/s,00060,Discharge,1,gr-data.xlsx
USGS-05447500,2002-04-11,63.712904832,m3/s,00060,Discharge,1,gr-data.xlsx
USGS-05447500,2002-04-12,49.837650001920004,m3/s,00060,Discharge,1,gr-data.xlsx
USGS-05447500,2002-04-13,40.776259092480004,m3/s,00060,Discharge,1,gr-data.xlsx
USGS-05447500,2002-04-14,35.96239517184,m3/s,00060,Discharge,1,gr-data.xlsx
USGS-05447500,2002-04-15,32.84754204672,m3/s,00060,Discharge,1,gr-data.xlsx
USGS-05447500,2002-04-16,30.01585738752,m3/s,00060,Discharge,1,gr-data.xlsx
USGS-05447500,2002-04-17,27.410707501056002,m3/s,00060,Discharge,1,gr-data.xlsx
USGS-05447500,2002-04-18,25.400211393024,m3/s,00060,Discharge,1,gr-data.xlsx
USGS-05447500,2002-04-19,24.125953296384,m3/s,00060,Discharge,1,gr-data.xlsx
USGS-05447500,2002-04-20,22.681794120192002,m3/s,00060,Discharge,1,gr-data.xlsx
USGS-05447500,2002-04-21,23.871101677056,m3/s,00060,Discharge,1,gr-data.xlsx
USGS-05447500,2002-04-22,25.06040923392,m3/s,00060,Discharge,1,gr-data.xlsx
USGS-05447500,2002-04-23,24.35248806912,m3/s,00060,Discharge,1,gr-data.xlsx
USGS-05447500,2002-04-24,24.35248806912,m3/s,00060,Discharge,1,gr-data.xlsx
USGS-05447500,2002-04-25,27.863777046528,m3/s,00060,Discharge,1,gr-data.xlsx
USGS-05447500,2002-04-26,26.447934716928,m3/s,00060,Discharge,1,gr-data.xlsx
USGS-05447500,2002-04-27,26.023182018048,m3/s,00060,Discharge,1,gr-data.xlsx
USGS-05447500,2002-04-28,37.94457443328,m3/s,00060,Discharge,1,gr-data.xlsx
USGS-05447500,2002-04-29,40.776259092480004,m3/s,00060,Discharge,1,gr-data.xlsx
USGS-05447500,2002-04-30,35.96239517184,m3/s,00060,Discharge,1,gr-data.xlsx
USGS-05447500,2002-05-01,32.28120511488,m3/s,00060,Discharge,1,gr-data.xlsx
USGS-05447500,2002-05-02,30.01585738752,m3/s,00060,Discharge,1,gr-data.xlsx
USGS-05447500,2002-05-03,28.60001505792,m3/s,00060,Discharge,1,gr-data.xlsx
USGS-05447500,2002-05-04,26.334667330560002,m3/s,00060,Discharge,1,gr-data.xlsx
USGS-05447500,2002-05-05,24.692290228224,m3/s,00060,Discharge,1,gr-data.xlsx
USGS-05447500,2002-05-06,23.78615113728,m3/s,00060,Discharge,1,gr-data.xlsx
USGS-05447500,2002-05-07,22.93664573952,m3/s,00060,Discharge,1,gr-data.xlsx
USGS-05447500,2002-05-08,21.747338182656,m3/s,00060,Discharge,1,gr-data.xlsx
USGS-05447500,2002-05-09,22.313675114496,m3/s,00060,Discharge,1,gr-data.xlsx
USGS-05447500,2002-05-10,22.08714034176,m3/s,00060,Discharge,1,gr-data.xlsx
USGS-05447500,2002-05-11,31.99803664896,m3/s,00060,Discharge,1,gr-data.xlsx
USGS-05447500,2002-05-12,160.83968864256,m3/s,00060,Discharge,1,gr-data.xlsx
USGS-05447500,2002-05-13,176.69712273408,m3/s,00060,Discharge,1,gr-data.xlsx
USGS-05447500,2002-05-14,140.45155909632,m3/s,00060,Discharge,1,gr-data.xlsx
USGS-05447500,2002-05-15,110.15253324288,m3/s,00060,Discharge,1,gr-data.xlsx
USGS-05447500,2002-05-16,87.49905596928001,m3/s,00060,Discharge,1,gr-data.xlsx
USGS-05447500,2002-05-17,79.00400199168,m3/s,00060,Discharge,1,gr-data.xlsx
USGS-05447500,2002-05-18,72.77429574144,m3/s,00060,Discharge,1,gr-data.xlsx
USGS-05447500,2002-05-19,60.59805170688,m3/s,00060,Discharge,1,gr-data.xlsx
USGS-05447500,2002-05-20,51.53666079744,m3/s,00060,Discharge,1,gr-data.xlsx
USGS-05447500,2002-05-21,44.74061761536,m3/s,00060,Discharge,1,gr-data.xlsx
USGS-05447500,2002-05-22,40.20992216064,m3/s,00060,Discharge,1,gr-data.xlsx
USGS-05447500,2002-05-23,37.661405967360004,m3/s,00060,Discharge,1,gr-data.xlsx
USGS-05447500,2002-05-24,35.96239517184,m3/s,00060,Discharge,1,gr-data.xlsx
USGS-05447500,2002-05-25,40.20992216064,m3/s,00060,Discharge,1,gr-data.xlsx
USGS-05447500,2002-05-26,43.04160681984,m3/s,00060,Discharge,1,gr-data.xlsx
USGS-05447500,2002-05-27,37.378237501440005,m3/s,00060,Discharge,1,gr-data.xlsx
USGS-05447500,2002-05-28,33.69704744448,m3/s,00060,Discharge,1,gr-data.xlsx
USGS-05447500,2002-05-29,31.43169971712,m3/s,00060,Discharge,1,gr-data.xlsx
USGS-05447500,2002-05-30,29.7326889216,m3/s,00060,Discharge,1,gr-data.xlsx
USGS-05447500,2002-05-31,27.977044432896,m3/s,00060,Discharge,1,gr-data.xlsx
USGS-05447500,2002-06-01,26.391301023744,m3/s,00060,Discharge,1,gr-data.xlsx
USGS-05447500,2002-06-02,25.315260853248002,m3/s,00060,Discharge,1,gr-data.xlsx
USGS-05447500,2002-06-03,24.692290228224,m3/s,00060,Discharge,1,gr-data.xlsx
USGS-05447500,2002-06-04,89.76440369664,m3/s,00060,Discharge,1,gr-data.xlsx
USGS-05447500,2002-06-05,248.05557614592,m3/s,00060,Discharge,1,gr-data.xlsx
USGS-05447500,2002-06-06,205.297137792,m3/s,00060,Discharge,1,gr-data.xlsx
USGS-05447500,2002-06-07,174.14860654080002,m3/s,00060,Discharge,1,gr-data.xlsx
USGS-05447500,2002-06-08,145.8317599488,m3/s,00060,Discharge,1,gr-data.xlsx
USGS-05447500,2002-06-09,122.32877727744,m3/s,00060,Discharge,1,gr-data.xlsx
USGS-05447500,2002-06-10,100.80797386752,m3/s,00060,Discharge,1,gr-data.xlsx
USGS-05447500,2002-06-11,85.23370824192,m3/s,00060,Discharge,1,gr-data.xlsx
USGS-05447500,2002-06-12,77.30499119616,m3/s,00060,Discharge,1,gr-data.xlsx
USGS-05447500,2002-06-13,95.71094148096,m3/s,00060,Discharge,1,gr-data.xlsx
USGS-05447500,2002-06-14,82.96836051456,m3/s,00060,Discharge,1,gr-data.xlsx
USGS-05447500,2002-06-15,67.9604318208,m3/s,00060,Discharge,1,gr-data.xlsx
USGS-05447500,2002-06-16,57.76636704768,m3/s,00060,Discharge,1,gr-data.xlsx
USGS-05447500,2002-06-17,49.837650001920004,m3/s,00060,Discharge,1,gr-data.xlsx
USGS-05447500,2002-06-18,44.74061761536,m3/s,00060,Discharge,1,gr-data.xlsx
USGS-05447500,2002-06-19,40.776259092480004,m3/s,00060,Discharge,1,gr-data.xlsx
USGS-05447500,2002-06-20,37.661405967360004,m3/s,00060,Discharge,1,gr-data.xlsx
USGS-05447500,2002-06-21,35.39605824,m3/s,00060,Discharge,1,gr-data.xlsx
USGS-05447500,2002-06-22,33.41387897856,m3/s,00060,Discharge,1,gr-data.xlsx
USGS-05447500,2002-06-23,31.71486818304,m3/s,00060,Discharge,1,gr-data.xlsx
USGS-05447500,2002-06-24,30.01585738752,m3/s,00060,Discharge,1,gr-data.xlsx
USGS-05447500,2002-06-25,28.60001505792,m3/s,00060,Discharge,1,gr-data.xlsx
USGS-05447500,2002-06-26,39.92675369472,m3/s,00060,Discharge,1,gr-data.xlsx
USGS-05447500,2002-06-27,76.17231733248,m3/s,00060,Discharge,1,gr-data.xlsx
USGS-05447500,2002-06-28,62.2970625024,m3/s,00060,Discharge,1,gr-data.xlsx
USGS-05447500,2002-06-29,42.75843835392,m3/s,00060,Discharge,1,gr-data.xlsx
USGS-05447500,2002-06-30,34.82972130816,m3/s,00060,Discharge,1,gr-data.xlsx
USGS-05447500,2002-07-01,30.865362785280002,m3/s,00060,Discharge,1,gr-data.xlsx
USGS-05447500,2002-07-02,27.835460199936,m3/s,00060,Discharge,1,gr-data.xlsx
USGS-05447500,2002-07-03,25.62674616576,m3/s,00060,Discharge,1,gr-data.xlsx
USGS-05447500,2002-07-04,23.78615113728,m3/s,00060,Discharge,1,gr-data.xlsx
USGS-05447500,2002-07-05,22.115457188352,m3/s,00060,Discharge,1,gr-data.xlsx
USGS-05447500,2002-07-06,22.426942500864,m3/s,00060,Discharge,1,gr-data.xlsx
USGS-05447500,2002-07-07,24.324171222528,m3/s,00060,Discharge,1,gr-data.xlsx
USGS-05447500,2002-07-08,21.237634944,m3/s,00060,Discharge,1,gr-data.xlsx
USGS-05447500,2002-07-09,20.218228466688,m3/s,00060,Discharge,1,gr-data.xlsx
USGS-05447500,2002-07-10,21.917239262208,m3/s,00060,Discharge,1,gr-data.xlsx
USGS-05447500,2002-07-11,19.453673608704,m3/s,00060,Discharge,1,gr-data.xlsx
USGS-05447500,2002-07-12,18.094464972288,m3/s,00060,Discharge,1,gr-data.xlsx
USGS-05447500,2002-07-13,16.961791108608,m3/s,00060,Discharge,1,gr-data.xlsx
USGS-05447500,2002-07-14,16.055652017664002,m3/s,00060,Discharge,1,gr-data.xlsx
USGS-05447500,2002-07-15,15.177829773312,m3/s,00060,Discharge,1,gr-data.xlsx
USGS-05447500,2002-07-16,14.384958068736001,m3/s,00060,Discharge,1,gr-data.xlsx
USGS-05447500,2002-07-17,13.648720057344,m3/s,00060,Discharge,1,gr-data.xlsx
USGS-05447500,2002-07-18,13.167333665280001,m3/s,00060,Discharge,1,gr-data.xlsx
USGS-05447500,2002-07-19,13.620403210752,m3/s,00060,Discharge,1,gr-data.xlsx
USGS-05447500,2002-07-20,13.02574943232,m3/s,00060,Discharge,1,gr-data.xlsx
USGS-05447500,2002-07-21,12.232877727744,m3/s,00060,Discharge,1,gr-data.xlsx
USGS-05447500,2002-07-22,11.46832286976,m3/s,00060,Discharge,1,gr-data.xlsx
USGS-05447500,2002-07-23,10.873669091328,m3/s,00060,Discharge,1,gr-data.xlsx
USGS-05447500,2002-07-24,10.420599545856,m3/s,00060,Discharge,1,gr-data.xlsx
USGS-05447500,2002-07-25,10.165747926528,m3/s,00060,Discharge,1,gr-data.xlsx
USGS-05447500,2002-07-26,9.9108963072,m3/s,00060,Discharge,1,gr-data.xlsx
USGS-05447500,2002-07-27,20.869515938304,m3/s,00060,Discharge,1,gr-data.xlsx
USGS-05447500,2002-07-28,22.455259347456,m3/s,00060,Discharge,1,gr-data.xlsx
USGS-05447500,2002-07-29,14.639809688064,m3/s,00060,Discharge,1,gr-data.xlsx
USGS-05447500,2002-07-30,12.17624403456,m3/s,00060,Discharge,1,gr-data.xlsx
USGS-05447500,2002-07-31,10.47723323904,m3/s,00060,Discharge,1,gr-data.xlsx
USGS-05447500,2002-08-01,9.48614360832,m3/s,00060,Discharge,1,gr-data.xlsx
USGS-05447500,2002-08-02,8.551687670784,m3/s,00060,Discharge,1,gr-data.xlsx
USGS-05447500,2002-08-03,7.758815966208,m3/s,00060,Discharge,1,gr-data.xlsx
USGS-05447500,2002-08-04,8.749905596928,m3/s,00060,Discharge,1,gr-data.xlsx
USGS-05447500,2002-08-05,14.611492841472,m3/s,00060,Discharge,1,gr-data.xlsx
USGS-05447500,2002-08-06,13.252284205056,m3/s,00060,Discharge,1,gr-data.xlsx
USGS-05447500,2002-08-07,10.307332159488,m3/s,00060,Discharge,1,gr-data.xlsx
USGS-05447500,2002-08-08,8.551687670784,m3/s,00060,Discharge,1,gr-data.xlsx
USGS-05447500,2002-08-09,7.673865426432,m3/s,00060,Discharge,1,gr-data.xlsx
USGS-05447500,2002-08-10,7.164162187776,m3/s,00060,Discharge,1,gr-data.xlsx
USGS-05447500,2002-08-11,6.682775795712,m3/s,00060,Discharge,1,gr-data.xlsx
USGS-05447500,2002-08-12,6.399607329792,m3/s,00060,Discharge,1,gr-data.xlsx
USGS-05447500,2002-08-13,9.231291988992,m3/s,00060,Discharge,1,gr-data.xlsx
USGS-05447500,2002-08-14,9.9108963072,m3/s,00060,Discharge,1,gr-data.xlsx
USGS-05447500,2002-08-15,8.806539290112001,m3/s,00060,Discharge,1,gr-data.xlsx
USGS-05447500,2002-08-16,8.438420284416,m3/s,00060,Discharge,1,gr-data.xlsx
USGS-05447500,2002-08-17,7.4473306536960004,m3/s,00060,Discharge,1,gr-data.xlsx
USGS-05447500,2002-08-18,6.937627415040001,m3/s,00060,Discharge,1,gr-data.xlsx
USGS-05447500,2002-08-19,13.422185284608,m3/s,00060,Discharge,1,gr-data.xlsx
USGS-05447500,2002-08-20,16.027335171072,m3/s,00060,Discharge,1,gr-data.xlsx
USGS-05447500,2002-08-21,10.618817472,m3/s,00060,Discharge,1,gr-data.xlsx
USGS-05447500,2002-08-22,9.457826761728,m3/s,00060,Discharge,1,gr-data.xlsx
USGS-05447500,2002-08-23,12.940798892544,m3/s,00060,Discharge,1,gr-data.xlsx
USGS-05447500,2002-08-24,17.83961335296,m3/s,00060,Discharge,1,gr-data.xlsx
USGS-05447500,2002-08-25,12.062976648192,m3/s,00060,Discharge,1,gr-data.xlsx
USGS-05447500,2002-08-26,10.873669091328,m3/s,00060,Discharge,1,gr-data.xlsx
USGS-05447500,2002-08-27,9.231291988992,m3/s,00060,Discharge,1,gr-data.xlsx
USGS-05447500,2002-08-28,8.155251818496,m3/s,00060,Discharge,1,gr-data.xlsx
USGS-05447500,2002-08-29,7.475647500288,m3/s,00060,Discharge,1,gr-data.xlsx
USGS-05447500,2002-08-30,7.022577954816001,m3/s,00060,Discharge,1,gr-data.xlsx
USGS-05447500,2002-08-31,6.597825255936,m3/s,00060,Discharge,1,gr-data.xlsx
USGS-05447500,2002-09-01,6.342973636608,m3/s,00060,Discharge,1,gr-data.xlsx
USGS-05447500,2002-09-02,6.08812201728,m3/s,00060,Discharge,1,gr-data.xlsx
USGS-05447500,2002-09-03,5.804953551360001,m3/s,00060,Discharge,1,gr-data.xlsx
USGS-05447500,2002-09-04,5.635052471808,m3/s,00060,Discharge,1,gr-data.xlsx
USGS-05447500,2002-09-05,5.266933466112,m3/s,00060,Discharge,1,gr-data.xlsx
USGS-05447500,2002-09-06,5.0120818467840005,m3/s,00060,Discharge,1,gr-data.xlsx
USGS-05447500,2002-09-07,4.870497613824,m3/s,00060,Discharge,1,gr-data.xlsx
USGS-05447500,2002-09-08,4.728913380864,m3/s,00060,Discharge,1,gr-data.xlsx
USGS-05447500,2002-09-09,4.785547074048,m3/s,00060,Discharge,1,gr-data.xlsx
USGS-05447500,2002-09-10,4.502378608128,m3/s,00060,Discharge,1,gr-data.xlsx
USGS-05447500,2002-09-11,4.38911122176,m3/s,00060,Discharge,1,gr-data.xlsx
USGS-05447500,2002-09-12,4.2475269888,m3/s,00060,Discharge,1,gr-data.xlsx
USGS-05447500,2002-09-13,4.190893295616,m3/s,00060,Discharge,1,gr-data.xlsx
USGS-05447500,2002-09-14,4.162576449024,m3/s,00060,Discharge,1,gr-data.xlsx
USGS-05447500,2002-09-15,4.10594275584,m3/s,00060,Discharge,1,gr-data.xlsx
USGS-05447500,2002-09-16,4.049309062656,m3/s,00060,Discharge,1,gr-data.xlsx
USGS-05447500,2002-09-17,3.936041676288,m3/s,00060,Discharge,1,gr-data.xlsx
USGS-05447500,2002-09-18,3.936041676288,m3/s,00060,Discharge,1,gr-data.xlsx
USGS-05447500,2002-09-19,4.020992216064,m3/s,00060,Discharge,1,gr-data.xlsx
USGS-05447500,2002-09-20,4.077625909248,m3/s,00060,Discharge,1,gr-data.xlsx
USGS-05447500,2002-09-21,4.38911122176,m3/s,00060,Discharge,1,gr-data.xlsx
USGS-05447500,2002-09-22,4.38911122176,m3/s,00060,Discharge,1,gr-data.xlsx
USGS-05447500,2002-09-23,4.134259602432,m3/s,00060,Discharge,1,gr-data.xlsx
USGS-05447500,2002-09-24,3.936041676288,m3/s,00060,Discharge,1,gr-data.xlsx
USGS-05447500,2002-09-25,3.82277428992,m3/s,00060,Discharge,1,gr-data.xlsx
USGS-05447500,2002-09-26,4.049309062656,m3/s,00060,Discharge,1,gr-data.xlsx
USGS-05447500,2002-09-27,3.851091136512,m3/s,00060,Discharge,1,gr-data.xlsx
USGS-05447500,2002-09-28,3.879407983104,m3/s,00060,Discharge,1,gr-data.xlsx
USGS-05447500,2002-09-29,3.936041676288,m3/s,00060,Discharge,1,gr-data.xlsx
USGS-05447500,2002-09-30,3.851091136512,m3/s,00060,Discharge,1,gr-data.xlsx
USGS-05447500,2002-10-01,3.766140596736,m3/s,00060,Discharge,1,gr-data.xlsx
USGS-05447500,2002-10-02,4.445744914944,m3/s,00060,Discharge,1,gr-data.xlsx
USGS-05447500,2002-10-03,4.559012301312,m3/s,00060,Discharge,1,gr-data.xlsx
USGS-05447500,2002-10-04,5.0970323865600005,m3/s,00060,Discharge,1,gr-data.xlsx
USGS-05447500,2002-10-05,6.342973636608,m3/s,00060,Discharge,1,gr-data.xlsx
USGS-05447500,2002-10-06,5.408517699072,m3/s,00060,Discharge,1,gr-data.xlsx
USGS-05447500,2002-10-07,4.9271313070080005,m3/s,00060,Discharge,1,gr-data.xlsx
USGS-05447500,2002-10-08,4.559012301312,m3/s,00060,Discharge,1,gr-data.xlsx
USGS-05447500,2002-10-09,4.643962841088,m3/s,00060,Discharge,1,gr-data.xlsx
USGS-05447500,2002-10-10,4.700596534272,m3/s,00060,Discharge,1,gr-data.xlsx
USGS-05447500,2002-10-11,4.53069545472,m3/s,00060,Discharge,1,gr-data.xlsx
USGS-05447500,2002-10-12,4.445744914944,m3/s,00060,Discharge,1,gr-data.xlsx
USGS-05447500,2002-10-13,4.360794375168,m3/s,00060,Discharge,1,gr-data.xlsx
USGS-05447500,2002-10-14,4.615645994496,m3/s,00060,Discharge,1,gr-data.xlsx
USGS-05447500,2002-10-15,4.53069545472,m3/s,00060,Discharge,1,gr-data.xlsx
USGS-05447500,2002-10-16,4.502378608128,m3/s,00060,Discharge,1,gr-data.xlsx
USGS-05447500,2002-10-17,4.38911122176,m3/s,00060,Discharge,1,gr-data.xlsx
USGS-05447500,2002-10-18,4.474061761536,m3/s,00060,Discharge,1,gr-data.xlsx
USGS-05447500,2002-10-19,4.360794375168,m3/s,00060,Discharge,1,gr-data.xlsx
USGS-05447500,2002-10-20,4.38911122176,m3/s,00060,Discharge,1,gr-data.xlsx
USGS-05447500,2002-10-21,4.38911122176,m3/s,00060,Discharge,1,gr-data.xlsx
USGS-05447500,2002-10-22,4.38911122176,m3/s,00060,Discharge,1,gr-data.xlsx
USGS-05447500,2002-10-23,4.38911122176,m3/s,00060,Discharge,1,gr-data.xlsx
USGS-05447500,2002-10-24,4.559012301312,m3/s,00060,Discharge,1,gr-data.xlsx
USGS-05447500,2002-10-25,5.181982926336,m3/s,00060,Discharge,1,gr-data.xlsx
USGS-05447500,2002-10-26,5.295250312704,m3/s,00060,Discharge,1,gr-data.xlsx
USGS-05447500,2002-10-27,5.040398693376,m3/s,00060,Discharge,1,gr-data.xlsx
USGS-05447500,2002-10-28,4.785547074048,m3/s,00060,Discharge,1,gr-data.xlsx
USGS-05447500,2002-10-29,4.643962841088,m3/s,00060,Discharge,1,gr-data.xlsx
USGS-05447500,2002-10-30,4.785547074048,m3/s,00060,Discharge,1,gr-data.xlsx
USGS-05447500,2002-10-31,4.785547074048,m3/s,00060,Discharge,1,gr-data.xlsx
USGS-05447500,2002-11-01,4.587329147904,m3/s,00060,Discharge,1,gr-data.xlsx
USGS-05447500,2002-11-02,4.417428068352,m3/s,00060,Discharge,1,gr-data.xlsx
USGS-05447500,2002-11-03,4.474061761536,m3/s,00060,Discharge,1,gr-data.xlsx
USGS-05447500,2002-11-04,4.559012301312,m3/s,00060,Discharge,1,gr-data.xlsx
USGS-05447500,2002-11-05,4.700596534272,m3/s,00060,Discharge,1,gr-data.xlsx
USGS-05447500,2002-11-06,4.643962841088,m3/s,00060,Discharge,1,gr-data.xlsx
USGS-05447500,2002-11-07,4.643962841088,m3/s,00060,Discharge,1,gr-data.xlsx
USGS-05447500,2002-11-08,4.53069545472,m3/s,00060,Discharge,1,gr-data.xlsx
USGS-05447500,2002-11-09,4.559012301312,m3/s,00060,Discharge,1,gr-data.xlsx
USGS-05447500,2002-11-10,4.587329147904,m3/s,00060,Discharge,1,gr-data.xlsx
USGS-05447500,2002-11-11,4.615645994496,m3/s,00060,Discharge,1,gr-data.xlsx
USGS-05447500,2002-11-12,4.474061761536,m3/s,00060,Discharge,1,gr-data.xlsx
USGS-05447500,2002-11-13,4.445744914944,m3/s,00060,Discharge,1,gr-data.xlsx
USGS-05447500,2002-11-14,4.502378608128,m3/s,00060,Discharge,1,gr-data.xlsx
USGS-05447500,2002-11-15,4.502378608128,m3/s,00060,Discharge,1,gr-data.xlsx
USGS-05447500,2002-11-16,4.474061761536,m3/s,00060,Discharge,1,gr-data.xlsx
USGS-05447500,2002-11-17,4.445744914944,m3/s,00060,Discharge,1,gr-data.xlsx
USGS-05447500,2002-11-18,4.445744914944,m3/s,00060,Discharge,1,gr-data.xlsx
USGS-05447500,2002-11-19,4.502378608128,m3/s,00060,Discharge,1,gr-data.xlsx
USGS-05447500,2002-11-20,4.502378608128,m3/s,00060,Discharge,1,gr-data.xlsx
USGS-05447500,2002-11-21,4.445744914944,m3/s,00060,Discharge,1,gr-data.xlsx
USGS-05447500,2002-11-22,4.502378608128,m3/s,00060,Discharge,1,gr-data.xlsx
USGS-05447500,2002-11-23,4.445744914944,m3/s,00060,Discharge,1,gr-data.xlsx
USGS-05447500,2002-11-24,4.53069545472,m3/s,00060,Discharge,1,gr-data.xlsx
USGS-05447500,2002-11-25,4.502378608128,m3/s,00060,Discharge,1,gr-data.xlsx
USGS-05447500,2002-11-26,3.96435852288,m3/s,00060,Discharge,1,gr-data.xlsx
USGS-05447500,2002-11-27,3.39802159104,m3/s,00060,Discharge,1,gr-data.xlsx
USGS-05447500,2002-11-28,3.6811900569600002,m3/s,00060,Discharge,1,gr-data.xlsx
USGS-05447500,2002-11-29,3.96435852288,m3/s,00060,Discharge,1,gr-data.xlsx
USGS-05447500,2002-11-30,3.6811900569600002,m3/s,00060,Discharge,1,gr-data.xlsx
USGS-05447500,2002-12-01,3.96435852288,m3/s,00060,Discharge,1,gr-data.xlsx
USGS-05447500,2002-12-02,4.2475269888,m3/s,00060,Discharge,1,gr-data.xlsx
USGS-05447500,2002-12-03,3.6811900569600002,m3/s,00060,Discharge,1,gr-data.xlsx
USGS-05447500,2002-12-04,3.539605824,m3/s,00060,Discharge,1,gr-data.xlsx
USGS-05447500,2002-12-05,3.39802159104,m3/s,00060,Discharge,1,gr-data.xlsx
USGS-05447500,2002-12-06,3.6811900569600002,m3/s,00060,Discharge,1,gr-data.xlsx
USGS-05447500,2002-12-07,3.39802159104,m3/s,00060,Discharge,1,gr-data.xlsx
USGS-05447500,2002-12-08,3.313071051264,m3/s,00060,Discharge,1,gr-data.xlsx
USGS-05447500,2002-12-09,3.199803664896,m3/s,00060,Discharge,1,gr-data.xlsx
USGS-05447500,2002-12-10,3.1148531251200002,m3/s,00060,Discharge,1,gr-data.xlsx
USGS-05447500,2002-12-11,3.1148531251200002,m3/s,00060,Discharge,1,gr-data.xlsx
USGS-05447500,2002-12-12,3.199803664896,m3/s,00060,Discharge,1,gr-data.xlsx
USGS-05447500,2002-12-13,3.39802159104,m3/s,00060,Discharge,1,gr-data.xlsx
USGS-05447500,2002-12-14,3.6811900569600002,m3/s,00060,Discharge,1,gr-data.xlsx
USGS-05447500,2002-12-15,3.96435852288,m3/s,00060,Discharge,1,gr-data.xlsx
USGS-05447500,2002-12-16,4.2475269888,m3/s,00060,Discharge,1,gr-data.xlsx
USGS-05447500,2002-12-17,4.53069545472,m3/s,00060,Discharge,1,gr-data.xlsx
USGS-05447500,2002-12-18,5.0970323865600005,m3/s,00060,Discharge,1,gr-data.xlsx
USGS-05447500,2002-12-19,7.588914886656,m3/s,00060,Discharge,1,gr-data.xlsx
USGS-05447500,2002-12-20,6.682775795712,m3/s,00060,Discharge,1,gr-data.xlsx
USGS-05447500,2002-12-21,5.776636704768,m3/s,00060,Discharge,1,gr-data.xlsx
USGS-05447500,2002-12-22,5.266933466112,m3/s,00060,Discharge,1,gr-data.xlsx
USGS-05447500,2002-12-23,3.454655284224,m3/s,00060,Discharge,1,gr-data.xlsx
USGS-05447500,2002-12-24,3.96435852288,m3/s,00060,Discharge,1,gr-data.xlsx
USGS-05447500,2002-12-25,4.81386392064,m3/s,00060,Discharge,1,gr-data.xlsx
USGS-05447500,2002-12-26,6.79604318208,m3/s,00060,Discharge,1,gr-data.xlsx
USGS-05447500,2002-12-27,5.94653778432,m3/s,00060,Discharge,1,gr-data.xlsx
USGS-05447500,2002-12-28,5.6633693184,m3/s,00060,Discharge,1,gr-data.xlsx
USGS-05447500,2002-12-29,5.6633693184,m3/s,00060,Discharge,1,gr-data.xlsx
USGS-05447500,2002-12-30,5.635052471808,m3/s,00060,Discharge,1,gr-data.xlsx
USGS-05447500,2002-12-31,5.295250312704,m3/s,00060,Discharge,1,gr-data.xlsx
USGS-05447500,2003-01-01,4.2475269888,m3/s,00060,Discharge,1,gr-data.xlsx
USGS-05447500,2003-01-02,4.502378608128,m3/s,00060,Discharge,1,gr-data.xlsx
USGS-05447500,2003-01-03,3.82277428992,m3/s,00060,Discharge,1,gr-data.xlsx
USGS-05447500,2003-01-04,3.39802159104,m3/s,00060,Discharge,1,gr-data.xlsx
USGS-05447500,2003-01-05,4.2475269888,m3/s,00060,Discharge,1,gr-data.xlsx
USGS-05447500,2003-01-06,3.96435852288,m3/s,00060,Discharge,1,gr-data.xlsx
USGS-05447500,2003-01-07,3.6811900569600002,m3/s,00060,Discharge,1,gr-data.xlsx
USGS-05447500,2003-01-08,3.96435852288,m3/s,00060,Discharge,1,gr-data.xlsx
USGS-05447500,2003-01-09,3.6811900569600002,m3/s,00060,Discharge,1,gr-data.xlsx
USGS-05447500,2003-01-10,3.39802159104,m3/s,00060,Discharge,1,gr-data.xlsx
USGS-05447500,2003-01-11,3.6811900569600002,m3/s,00060,Discharge,1,gr-data.xlsx
USGS-05447500,2003-01-12,4.2475269888,m3/s,00060,Discharge,1,gr-data.xlsx
USGS-05447500,2003-01-13,3.6811900569600002,m3/s,00060,Discharge,1,gr-data.xlsx
USGS-05447500,2003-01-14,3.25643735808,m3/s,00060,Discharge,1,gr-data.xlsx
USGS-05447500,2003-01-15,2.916635198976,m3/s,00060,Discharge,1,gr-data.xlsx
USGS-05447500,2003-01-16,2.775050966016,m3/s,00060,Discharge,1,gr-data.xlsx
USGS-05447500,2003-01-17,2.661783579648,m3/s,00060,Discharge,1,gr-data.xlsx
USGS-05447500,2003-01-18,2.5485161932800002,m3/s,00060,Discharge,1,gr-data.xlsx
USGS-05447500,2003-01-19,2.435248806912,m3/s,00060,Discharge,1,gr-data.xlsx
USGS-05447500,2003-01-20,2.3786151137280003,m3/s,00060,Discharge,1,gr-data.xlsx
USGS-05447500,2003-01-21,2.321981420544,m3/s,00060,Discharge,1,gr-data.xlsx
USGS-05447500,2003-01-22,2.208714034176,m3/s,00060,Discharge,1,gr-data.xlsx
USGS-05447500,2003-01-23,2.152080340992,m3/s,00060,Discharge,1,gr-data.xlsx
USGS-05447500,2003-01-24,2.095446647808,m3/s,00060,Discharge,1,gr-data.xlsx
USGS-05447500,2003-01-25,2.038812954624,m3/s,00060,Discharge,1,gr-data.xlsx
USGS-05447500,2003-01-26,2.038812954624,m3/s,00060,Discharge,1,gr-data.xlsx
USGS-05447500,2003-01-27,2.067129801216,m3/s,00060,Discharge,1,gr-data.xlsx
USGS-05447500,2003-01-28,2.067129801216,m3/s,00060,Discharge,1,gr-data.xlsx
USGS-05447500,2003-01-29,2.038812954624,m3/s,00060,Discharge,1,gr-data.xlsx
USGS-05447500,2003-01-30,2.152080340992,m3/s,00060,Discharge,1,gr-data.xlsx
USGS-05447500,2003-01-31,2.40693196032,m3/s,00060,Discharge,1,gr-data.xlsx
USGS-05447500,2003-02-01,2.5485161932800002,m3/s,00060,Discharge,1,gr-data.xlsx
USGS-05447500,2003-02-02,2.8316846592,m3/s,00060,Discharge,1,gr-data.xlsx
USGS-05447500,2003-02-03,3.1148531251200002,m3/s,00060,Discharge,1,gr-data.xlsx
USGS-05447500,2003-02-04,3.39802159104,m3/s,00060,Discharge,1,gr-data.xlsx
USGS-05447500,2003-02-05,3.96435852288,m3/s,00060,Discharge,1,gr-data.xlsx
USGS-05447500,2003-02-06,3.539605824,m3/s,00060,Discharge,1,gr-data.xlsx
USGS-05447500,2003-02-07,3.25643735808,m3/s,00060,Discharge,1,gr-data.xlsx
USGS-05447500,2003-02-08,2.97326889216,m3/s,00060,Discharge,1,gr-data.xlsx
USGS-05447500,2003-02-09,2.69010042624,m3/s,00060,Discharge,1,gr-data.xlsx
USGS-05447500,2003-02-10,2.5485161932800002,m3/s,00060,Discharge,1,gr-data.xlsx
USGS-05447500,2003-02-11,2.435248806912,m3/s,00060,Discharge,1,gr-data.xlsx
USGS-05447500,2003-02-12,2.350298267136,m3/s,00060,Discharge,1,gr-data.xlsx
USGS-05447500,2003-02-13,2.26534772736,m3/s,00060,Discharge,1,gr-data.xlsx
USGS-05447500,2003-02-14,2.237030880768,m3/s,00060,Discharge,1,gr-data.xlsx
USGS-05447500,2003-02-15,2.237030880768,m3/s,00060,Discharge,1,gr-data.xlsx
USGS-05447500,2003-02-16,2.208714034176,m3/s,00060,Discharge,1,gr-data.xlsx
USGS-05447500,2003-02-17,2.208714034176,m3/s,00060,Discharge,1,gr-data.xlsx
USGS-05447500,2003-02-18,2.208714034176,m3/s,00060,Discharge,1,gr-data.xlsx
USGS-05447500,2003-02-19,2.26534772736,m3/s,00060,Discharge,1,gr-data.xlsx
USGS-05447500,2003-02-20,2.40693196032,m3/s,00060,Discharge,1,gr-data.xlsx
USGS-05447500,2003-02-21,2.69010042624,m3/s,00060,Discharge,1,gr-data.xlsx
USGS-05447500,2003-02-22,3.25643735808,m3/s,00060,Discharge,1,gr-data.xlsx
USGS-05447500,2003-02-23,3.96435852288,m3/s,00060,Discharge,1,gr-data.xlsx
USGS-05447500,2003-02-24,5.38020085248,m3/s,00060,Discharge,1,gr-data.xlsx
USGS-05447500,2003-02-25,5.0970323865600005,m3/s,00060,Discharge,1,gr-data.xlsx
USGS-05447500,2003-02-26,4.2475269888,m3/s,00060,Discharge,1,gr-data.xlsx
USGS-05447500,2003-02-27,3.6811900569600002,m3/s,00060,Discharge,1,gr-data.xlsx
USGS-05447500,2003-02-28,3.39802159104,m3/s,00060,Discharge,1,gr-data.xlsx
USGS-05447500,2003-03-01,3.1148531251200002,m3/s,00060,Discharge,1,gr-data.xlsx
USGS-05447500,2003-03-02,2.8316846592,m3/s,00060,Discharge,1,gr-data.xlsx
USGS-05447500,2003-03-03,2.775050966016,m3/s,00060,Discharge,1,gr-data.xlsx
USGS-05447500,2003-03-04,2.718417272832,m3/s,00060,Discharge,1,gr-data.xlsx
USGS-05447500,2003-03-05,3.1148531251200002,m3/s,00060,Discharge,1,gr-data.xlsx
USGS-05447500,2003-03-06,3.0299025853440003,m3/s,00060,Discharge,1,gr-data.xlsx
USGS-05447500,2003-03-07,2.916635198976,m3/s,00060,Discharge,1,gr-data.xlsx
USGS-05447500,2003-03-08,2.8316846592,m3/s,00060,Discharge,1,gr-data.xlsx
USGS-05447500,2003-03-09,2.8316846592,m3/s,00060,Discharge,1,gr-data.xlsx
USGS-05447500,2003-03-10,2.97326889216,m3/s,00060,Discharge,1,gr-data.xlsx
USGS-05447500,2003-03-11,3.25643735808,m3/s,00060,Discharge,1,gr-data.xlsx
USGS-05447500,2003-03-12,3.96435852288,m3/s,00060,Discharge,1,gr-data.xlsx
USGS-05447500,2003-03-13,9.62772784128,m3/s,00060,Discharge,1,gr-data.xlsx
USGS-05447500,2003-03-14,9.004757216256,m3/s,00060,Discharge,1,gr-data.xlsx
USGS-05447500,2003-03-15,8.636638210560001,m3/s,00060,Discharge,1,gr-data.xlsx
USGS-05447500,2003-03-16,7.673865426432,m3/s,00060,Discharge,1,gr-data.xlsx
USGS-05447500,2003-03-17,7.1075284945920005,m3/s,00060,Discharge,1,gr-data.xlsx
USGS-05447500,2003-03-18,6.342973636608,m3/s,00060,Discharge,1,gr-data.xlsx
USGS-05447500,2003-03-19,5.8899040911360006,m3/s,00060,Discharge,1,gr-data.xlsx
USGS-05447500,2003-03-20,6.116438863872,m3/s,00060,Discharge,1,gr-data.xlsx
USGS-05447500,2003-03-21,6.0598051706880005,m3/s,00060,Discharge,1,gr-data.xlsx
USGS-05447500,2003-03-22,5.606735625216,m3/s,00060,Discharge,1,gr-data.xlsx
USGS-05447500,2003-03-23,5.210299772928,m3/s,00060,Discharge,1,gr-data.xlsx
USGS-05447500,2003-03-24,4.8421807672320005,m3/s,00060,Discharge,1,gr-data.xlsx
USGS-05447500,2003-03-25,4.870497613824,m3/s,00060,Discharge,1,gr-data.xlsx
USGS-05447500,2003-03-26,4.785547074048,m3/s,00060,Discharge,1,gr-data.xlsx
USGS-05447500,2003-03-27,4.53069545472,m3/s,00060,Discharge,1,gr-data.xlsx
USGS-05447500,2003-03-28,4.700596534272,m3/s,00060,Discharge,1,gr-data.xlsx
USGS-05447500,2003-03-29,5.408517699072,m3/s,00060,Discharge,1,gr-data.xlsx
USGS-05447500,2003-03-30,5.323567159296,m3/s,00060,Discharge,1,gr-data.xlsx
USGS-05447500,2003-03-31,4.9271313070080005,m3/s,00060,Discharge,1,gr-data.xlsx
USGS-05447500,2003-04-01,4.700596534272,m3/s,00060,Discharge,1,gr-data.xlsx
USGS-05447500,2003-04-02,4.53069545472,m3/s,00060,Discharge,1,gr-data.xlsx
USGS-05447500,2003-04-03,4.332477528576,m3/s,00060,Discharge,1,gr-data.xlsx
USGS-05447500,2003-04-04,4.643962841088,m3/s,00060,Discharge,1,gr-data.xlsx
USGS-05447500,2003-04-05,5.606735625216,m3/s,00060,Discharge,1,gr-data.xlsx
USGS-05447500,2003-04-06,5.804953551360001,m3/s,00060,Discharge,1,gr-data.xlsx
USGS-05447500,2003-04-07,5.550101932032,m3/s,00060,Discharge,1,gr-data.xlsx
USGS-05447500,2003-04-08,5.436834545664,m3/s,00060,Discharge,1,gr-data.xlsx
USGS-05447500,2003-04-09,5.295250312704,m3/s,00060,Discharge,1,gr-data.xlsx
USGS-05447500,2003-04-10,4.9554481536,m3/s,00060,Discharge,1,gr-data.xlsx
USGS-05447500,2003-04-11,4.785547074048,m3/s,00060,Discharge,1,gr-data.xlsx
USGS-05447500,2003-04-12,4.53069545472,m3/s,00060,Discharge,1,gr-data.xlsx
USGS-05447500,2003-04-13,4.332477528576,m3/s,00060,Discharge,1,gr-data.xlsx
USGS-05447500,2003-04-14,4.134259602432,m3/s,00060,Discharge,1,gr-data.xlsx
USGS-05447500,2003-04-15,3.936041676288,m3/s,00060,Discharge,1,gr-data.xlsx
USGS-05447500,2003-04-16,3.96435852288,m3/s,00060,Discharge,1,gr-data.xlsx
USGS-05447500,2003-04-17,4.219210142208,m3/s,00060,Discharge,1,gr-data.xlsx
USGS-05447500,2003-04-18,4.219210142208,m3/s,00060,Discharge,1,gr-data.xlsx
USGS-05447500,2003-04-19,4.219210142208,m3/s,00060,Discharge,1,gr-data.xlsx
USGS-05447500,2003-04-20,4.474061761536,m3/s,00060,Discharge,1,gr-data.xlsx
USGS-05447500,2003-04-21,4.474061761536,m3/s,00060,Discharge,1,gr-data.xlsx
USGS-05447500,2003-04-22,4.2475269888,m3/s,00060,Discharge,1,gr-data.xlsx
USGS-05447500,2003-04-23,4.049309062656,m3/s,00060,Discharge,1,gr-data.xlsx
USGS-05447500,2003-04-24,3.851091136512,m3/s,00060,Discharge,1,gr-data.xlsx
USGS-05447500,2003-04-25,3.9077248296960003,m3/s,00060,Discharge,1,gr-data.xlsx
USGS-05447500,2003-04-26,3.82277428992,m3/s,00060,Discharge,1,gr-data.xlsx
USGS-05447500,2003-04-27,3.6811900569600002,m3/s,00060,Discharge,1,gr-data.xlsx
USGS-05447500,2003-04-28,3.5962395171840003,m3/s,00060,Discharge,1,gr-data.xlsx
USGS-05447500,2003-04-29,3.794457443328,m3/s,00060,Discharge,1,gr-data.xlsx
USGS-05447500,2003-04-30,4.332477528576,m3/s,00060,Discharge,1,gr-data.xlsx
USGS-05447500,2003-05-01,103.92282699264,m3/s,00060,Discharge,1,gr-data.xlsx
USGS-05447500,2003-05-02,68.80993721856001,m3/s,00060,Discharge,1,gr-data.xlsx
USGS-05447500,2003-05-03,35.67922670592,m3/s,00060,Discharge,1,gr-data.xlsx
USGS-05447500,2003-05-04,26.391301023744,m3/s,00060,Discharge,1,gr-data.xlsx
USGS-05447500,2003-05-05,83.81786591232,m3/s,00060,Discharge,1,gr-data.xlsx
USGS-05447500,2003-05-06,55.2178508544,m3/s,00060,Discharge,1,gr-data.xlsx
USGS-05447500,2003-05-07,36.24556363776,m3/s,00060,Discharge,1,gr-data.xlsx
USGS-05447500,2003-05-08,28.118628665856,m3/s,00060,Discharge,1,gr-data.xlsx
USGS-05447500,2003-05-09,95.71094148096,m3/s,00060,Discharge,1,gr-data.xlsx
USGS-05447500,2003-05-10,85.80004517376,m3/s,00060,Discharge,1,gr-data.xlsx
USGS-05447500,2003-05-11,87.7822244352,m3/s,00060,Discharge,1,gr-data.xlsx
USGS-05447500,2003-05-12,81.83568665088,m3/s,00060,Discharge,1,gr-data.xlsx
USGS-05447500,2003-05-13,52.669334661120004,m3/s,00060,Discharge,1,gr-data.xlsx
USGS-05447500,2003-05-14,37.661405967360004,m3/s,00060,Discharge,1,gr-data.xlsx
USGS-05447500,2003-05-15,41.90893295616,m3/s,00060,Discharge,1,gr-data.xlsx
USGS-05447500,2003-05-16,30.58219431936,m3/s,00060,Discharge,1,gr-data.xlsx
USGS-05447500,2003-05-17,26.731103182848,m3/s,00060,Discharge,1,gr-data.xlsx
USGS-05447500,2003-05-18,23.814467983872,m3/s,00060,Discharge,1,gr-data.xlsx
USGS-05447500,2003-05-19,21.9455561088,m3/s,00060,Discharge,1,gr-data.xlsx
USGS-05447500,2003-05-20,21.888922415616,m3/s,00060,Discharge,1,gr-data.xlsx
USGS-05447500,2003-05-21,32.84754204672,m3/s,00060,Discharge,1,gr-data.xlsx
USGS-05447500,2003-05-22,26.47625156352,m3/s,00060,Discharge,1,gr-data.xlsx
USGS-05447500,2003-05-23,21.690704489472,m3/s,00060,Discharge,1,gr-data.xlsx
USGS-05447500,2003-05-24,19.765158921216,m3/s,00060,Discharge,1,gr-data.xlsx
USGS-05447500,2003-05-25,18.179415512064,m3/s,00060,Discharge,1,gr-data.xlsx
USGS-05447500,2003-05-26,16.537038409728,m3/s,00060,Discharge,1,gr-data.xlsx
USGS-05447500,2003-05-27,15.347730852864,m3/s,00060,Discharge,1,gr-data.xlsx
USGS-05447500,2003-05-28,14.8663444608,m3/s,00060,Discharge,1,gr-data.xlsx
USGS-05447500,2003-05-29,14.469908608512,m3/s,00060,Discharge,1,gr-data.xlsx
USGS-05447500,2003-05-30,13.73367059712,m3/s,00060,Discharge,1,gr-data.xlsx
USGS-05447500,2003-05-31,13.677036903936001,m3/s,00060,Discharge,1,gr-data.xlsx
USGS-05447500,2003-06-01,12.912482045952,m3/s,00060,Discharge,1,gr-data.xlsx
USGS-05447500,2003-06-02,12.940798892544,m3/s,00060,Discharge,1,gr-data.xlsx
USGS-05447500,2003-06-03,12.7425809664,m3/s,00060,Discharge,1,gr-data.xlsx
USGS-05447500,2003-06-04,12.572679886848,m3/s,00060,Discharge,1,gr-data.xlsx
USGS-05447500,2003-06-05,12.119610341376001,m3/s,00060,Discharge,1,gr-data.xlsx
USGS-05447500,2003-06-06,11.808125028864,m3/s,00060,Discharge,1,gr-data.xlsx
USGS-05447500,2003-06-07,12.374461960704,m3/s,00060,Discharge,1,gr-data.xlsx
USGS-05447500,2003-06-08,11.581590256128,m3/s,00060,Discharge,1,gr-data.xlsx
USGS-05447500,2003-06-09,12.119610341376001,m3/s,00060,Discharge,1,gr-data.xlsx
USGS-05447500,2003-06-10,11.723174489088,m3/s,00060,Discharge,1,gr-data.xlsx
USGS-05447500,2003-06-11,12.119610341376001,m3/s,00060,Discharge,1,gr-data.xlsx
USGS-05447500,2003-06-12,11.298421790208,m3/s,00060,Discharge,1,gr-data.xlsx
USGS-05447500,2003-06-13,10.845352244736,m3/s,00060,Discharge,1,gr-data.xlsx
USGS-05447500,2003-06-14,10.47723323904,m3/s,00060,Discharge,1,gr-data.xlsx
USGS-05447500,2003-06-15,9.825945767424,m3/s,00060,Discharge,1,gr-data.xlsx
USGS-05447500,2003-06-16,9.146341449216001,m3/s,00060,Discharge,1,gr-data.xlsx
USGS-05447500,2003-06-17,8.749905596928,m3/s,00060,Discharge,1,gr-data.xlsx
USGS-05447500,2003-06-18,8.410103437824,m3/s,00060,Discharge,1,gr-data.xlsx
USGS-05447500,2003-06-19,9.62772784128,m3/s,00060,Discharge,1,gr-data.xlsx
USGS-05447500,2003-06-20,10.222381619712,m3/s,00060,Discharge,1,gr-data.xlsx
USGS-05447500,2003-06-21,8.891489829888,m3/s,00060,Discharge,1,gr-data.xlsx
USGS-05447500,2003-06-22,8.098618125312,m3/s,00060,Discharge,1,gr-data.xlsx
USGS-05447500,2003-06-23,7.419013807104,m3/s,00060,Discharge,1,gr-data.xlsx
USGS-05447500,2003-06-24,7.050894801408,m3/s,00060,Discharge,1,gr-data.xlsx
USGS-05447500,2003-06-25,6.739409488896,m3/s,00060,Discharge,1,gr-data.xlsx
USGS-05447500,2003-06-26,8.041984432128,m3/s,00060,Discharge,1,gr-data.xlsx
USGS-05447500,2003-06-27,8.041984432128,m3/s,00060,Discharge,1,gr-data.xlsx
USGS-05447500,2003-06-28,7.249112727552,m3/s,00060,Discharge,1,gr-data.xlsx
USGS-05447500,2003-06-29,7.079211648,m3/s,00060,Discharge,1,gr-data.xlsx
USGS-05447500,2003-06-30,6.852676875264001,m3/s,00060,Discharge,1,gr-data.xlsx
USGS-05447500,2003-07-01,6.286339943424,m3/s,00060,Discharge,1,gr-data.xlsx
USGS-05447500,2003-07-02,5.8899040911360006,m3/s,00060,Discharge,1,gr-data.xlsx
USGS-05447500,2003-07-03,5.720003011584001,m3/s,00060,Discharge,1,gr-data.xlsx
USGS-05447500,2003-07-04,5.408517699072,m3/s,00060,Discharge,1,gr-data.xlsx
USGS-05447500,2003-07-05,5.266933466112,m3/s,00060,Discharge,1,gr-data.xlsx
USGS-05447500,2003-07-06,5.0970323865600005,m3/s,00060,Discharge,1,gr-data.xlsx
USGS-05447500,2003-07-07,5.720003011584001,m3/s,00060,Discharge,1,gr-data.xlsx
USGS-05447500,2003-07-08,9.287925682176,m3/s,00060,Discharge,1,gr-data.xlsx
USGS-05447500,2003-07-09,20.841199091712,m3/s,00060,Discharge,1,gr-data.xlsx
USGS-05447500,2003-07-10,23.361398438400002,m3/s,00060,Discharge,1,gr-data.xlsx
USGS-05447500,2003-07-11,18.377633438208,m3/s,00060,Discharge,1,gr-data.xlsx
USGS-05447500,2003-07-12,14.186740142592,m3/s,00060,Discharge,1,gr-data.xlsx
USGS-05447500,2003-07-13,11.808125028864,m3/s,00060,Discharge,1,gr-data.xlsx
USGS-05447500,2003-07-14,10.194064773120001,m3/s,00060,Discharge,1,gr-data.xlsx
USGS-05447500,2003-07-15,8.749905596928,m3/s,00060,Discharge,1,gr-data.xlsx
USGS-05447500,2003-07-16,7.872083352576,m3/s,00060,Discharge,1,gr-data.xlsx
USGS-05447500,2003-07-17,7.305746420736,m3/s,00060,Discharge,1,gr-data.xlsx
USGS-05447500,2003-07-18,6.824360028672,m3/s,00060,Discharge,1,gr-data.xlsx
USGS-05447500,2003-07-19,6.399607329792,m3/s,00060,Discharge,1,gr-data.xlsx
USGS-05447500,2003-07-20,6.003171477504,m3/s,00060,Discharge,1,gr-data.xlsx
USGS-05447500,2003-07-21,22.115457188352,m3/s,00060,Discharge,1,gr-data.xlsx
USGS-05447500,2003-07-22,11.779808182272001,m3/s,00060,Discharge,1,gr-data.xlsx
USGS-05447500,2003-07-23,11.213471250432,m3/s,00060,Discharge,1,gr-data.xlsx
USGS-05447500,2003-07-24,8.523370824192,m3/s,00060,Discharge,1,gr-data.xlsx
USGS-05447500,2003-07-25,7.079211648,m3/s,00060,Discharge,1,gr-data.xlsx
USGS-05447500,2003-07-26,6.1447557104640005,m3/s,00060,Discharge,1,gr-data.xlsx
USGS-05447500,2003-07-27,7.164162187776,m3/s,00060,Discharge,1,gr-data.xlsx
USGS-05447500,2003-07-28,7.730499119616,m3/s,00060,Discharge,1,gr-data.xlsx
USGS-05447500,2003-07-29,6.626142102528,m3/s,00060,Discharge,1,gr-data.xlsx
USGS-05447500,2003-07-30,6.003171477504,m3/s,00060,Discharge,1,gr-data.xlsx
USGS-05447500,2003-07-31,5.52178508544,m3/s,00060,Discharge,1,gr-data.xlsx
USGS-05447500,2003-08-01,5.040398693376,m3/s,00060,Discharge,1,gr-data.xlsx
USGS-05447500,2003-08-02,5.748319858176,m3/s,00060,Discharge,1,gr-data.xlsx
USGS-05447500,2003-08-03,5.125349233152,m3/s,00060,Discharge,1,gr-data.xlsx
USGS-05447500,2003-08-04,8.77822244352,m3/s,00060,Discharge,1,gr-data.xlsx
USGS-05447500,2003-08-05,5.52178508544,m3/s,00060,Discharge,1,gr-data.xlsx
USGS-05447500,2003-08-06,4.81386392064,m3/s,00060,Discharge,1,gr-data.xlsx
USGS-05447500,2003-08-07,4.559012301312,m3/s,00060,Discharge,1,gr-data.xlsx
USGS-05447500,2003-08-08,4.10594275584,m3/s,00060,Discharge,1,gr-data.xlsx
USGS-05447500,2003-08-09,3.879407983104,m3/s,00060,Discharge,1,gr-data.xlsx
USGS-05447500,2003-08-10,3.624556363776,m3/s,00060,Discharge,1,gr-data.xlsx
USGS-05447500,2003-08-11,3.482972130816,m3/s,00060,Discharge,1,gr-data.xlsx
USGS-05447500,2003-08-12,4.077625909248,m3/s,00060,Discharge,1,gr-data.xlsx
USGS-05447500,2003-08-13,3.879407983104,m3/s,00060,Discharge,1,gr-data.xlsx
USGS-05447500,2003-08-14,3.482972130816,m3/s,00060,Discharge,1,gr-data.xlsx
USGS-05447500,2003-08-15,3.228120511488,m3/s,00060,Discharge,1,gr-data.xlsx
USGS-05447500,2003-08-16,3.001585738752,m3/s,00060,Discharge,1,gr-data.xlsx
USGS-05447500,2003-08-17,2.8316846592,m3/s,00060,Discharge,1,gr-data.xlsx
USGS-05447500,2003-08-18,2.61930830976,m3/s,00060,Discharge,1,gr-data.xlsx
USGS-05447500,2003-08-19,2.4635656535040003,m3/s,00060,Discharge,1,gr-data.xlsx
USGS-05447500,2003-08-20,2.4041002756608,m3/s,00060,Discharge,1,gr-data.xlsx
USGS-05447500,2003-08-21,2.2964962586112,m3/s,00060,Discharge,1,gr-data.xlsx
USGS-05447500,2003-08-22,2.1719021336064,m3/s,00060,Discharge,1,gr-data.xlsx
USGS-05447500,2003-08-23,2.0473080086016,m3/s,00060,Discharge,1,gr-data.xlsx
USGS-05447500,2003-08-24,1.9142188296192,m3/s,00060,Discharge,1,gr-data.xlsx
USGS-05447500,2003-08-25,1.8462583977984002,m3/s,00060,Discharge,1,gr-data.xlsx
USGS-05447500,2003-08-26,1.8377633438208003,m3/s,00060,Discharge,1,gr-data.xlsx
USGS-05447500,2003-08-27,1.769802912,m3/s,00060,Discharge,1,gr-data.xlsx
USGS-05447500,2003-08-28,1.6678622642688,m3/s,00060,Discharge,1,gr-data.xlsx
USGS-05447500,2003-08-29,1.7358226960896,m3/s,00060,Discharge,1,gr-data.xlsx
USGS-05447500,2003-08-30,1.7613078580224002,m3/s,00060,Discharge,1,gr-data.xlsx
USGS-05447500,2003-08-31,1.9028920909824,m3/s,00060,Discharge,1,gr-data.xlsx
USGS-05447500,2003-09-01,2.6391301023744003,m3/s,00060,Discharge,1,gr-data.xlsx
USGS-05447500,2003-09-02,2.97326889216,m3/s,00060,Discharge,1,gr-data.xlsx
USGS-05447500,2003-09-03,2.5598429319168003,m3/s,00060,Discharge,1,gr-data.xlsx
USGS-05447500,2003-09-04,2.3418032131584003,m3/s,00060,Discharge,1,gr-data.xlsx
USGS-05447500,2003-09-05,2.2030506648576,m3/s,00060,Discharge,1,gr-data.xlsx
USGS-05447500,2003-09-06,2.1209318097408003,m3/s,00060,Discharge,1,gr-data.xlsx
USGS-05447500,2003-09-07,2.0444763239424,m3/s,00060,Discharge,1,gr-data.xlsx
USGS-05447500,2003-09-08,2.0133277926912,m3/s,00060,Discharge,1,gr-data.xlsx
USGS-05447500,2003-09-09,1.98217926144,m3/s,00060,Discharge,1,gr-data.xlsx
USGS-05447500,2003-09-10,1.9368723068928002,m3/s,00060,Discharge,1,gr-data.xlsx
USGS-05447500,2003-09-11,1.9142188296192,m3/s,00060,Discharge,1,gr-data.xlsx
USGS-05447500,2003-09-12,2.010496108032,m3/s,00060,Discharge,1,gr-data.xlsx
USGS-05447500,2003-09-13,2.3021596279296,m3/s,00060,Discharge,1,gr-data.xlsx
USGS-05447500,2003-09-14,2.5966548324864003,m3/s,00060,Discharge,1,gr-data.xlsx
USGS-05447500,2003-09-15,2.3106546819072,m3/s,00060,Discharge,1,gr-data.xlsx
USGS-05447500,2003-09-16,2.0642981165568,m3/s,00060,Discharge,1,gr-data.xlsx
USGS-05447500,2003-09-17,1.925545568256,m3/s,00060,Discharge,1,gr-data.xlsx
USGS-05447500,2003-09-18,1.9170505142784002,m3/s,00060,Discharge,1,gr-data.xlsx
USGS-05447500,2003-09-19,1.8774069290496,m3/s,00060,Discharge,1,gr-data.xlsx
USGS-05447500,2003-09-20,1.8377633438208003,m3/s,00060,Discharge,1,gr-data.xlsx
USGS-05447500,2003-09-21,1.91138714496,m3/s,00060,Discharge,1,gr-data.xlsx
USGS-05447500,2003-09-22,2.0897832784896,m3/s,00060,Discharge,1,gr-data.xlsx
USGS-05447500,2003-09-23,2.0586347472384,m3/s,00060,Discharge,1,gr-data.xlsx
USGS-05447500,2003-09-24,1.9510307301888001,m3/s,00060,Discharge,1,gr-data.xlsx
USGS-05447500,2003-09-25,1.8802386137088003,m3/s,00060,Discharge,1,gr-data.xlsx
USGS-05447500,2003-09-26,1.9425356762111998,m3/s,00060,Discharge,1,gr-data.xlsx
USGS-05447500,2003-09-27,2.3389715284992,m3/s,00060,Discharge,1,gr-data.xlsx
USGS-05447500,2003-09-28,2.5173676620288004,m3/s,00060,Discharge,1,gr-data.xlsx
USGS-05447500,2003-09-29,2.1181001250816,m3/s,00060,Discharge,1,gr-data.xlsx
USGS-05447500,2003-09-30,2.010496108032,m3/s,00060,Discharge,1,gr-data.xlsx
USGS-05447500,2003-10-01,1.9878426307584,m3/s,00060,Discharge,1,gr-data.xlsx
USGS-05447500,2003-10-02,1.9708525228032,m3/s,00060,Discharge,1,gr-data.xlsx
USGS-05447500,2003-10-03,1.9991693693952,m3/s,00060,Discharge,1,gr-data.xlsx
USGS-05447500,2003-10-04,2.0133277926912,m3/s,00060,Discharge,1,gr-data.xlsx
USGS-05447500,2003-10-05,2.0189911620096,m3/s,00060,Discharge,1,gr-data.xlsx
USGS-05447500,2003-10-06,1.9991693693952,m3/s,00060,Discharge,1,gr-data.xlsx
USGS-05447500,2003-10-07,1.9765158921216,m3/s,00060,Discharge,1,gr-data.xlsx
USGS-05447500,2003-10-08,1.9623574688256,m3/s,00060,Discharge,1,gr-data.xlsx
USGS-05447500,2003-10-09,1.9850109460991998,m3/s,00060,Discharge,1,gr-data.xlsx
USGS-05447500,2003-10-10,2.010496108032,m3/s,00060,Discharge,1,gr-data.xlsx
USGS-05447500,2003-10-11,2.024654531328,m3/s,00060,Discharge,1,gr-data.xlsx
USGS-05447500,2003-10-12,1.9963376847360002,m3/s,00060,Discharge,1,gr-data.xlsx
USGS-05447500,2003-10-13,2.0133277926912,m3/s,00060,Discharge,1,gr-data.xlsx
USGS-05447500,2003-10-14,2.4635656535040003,m3/s,00060,Discharge,1,gr-data.xlsx
USGS-05447500,2003-10-15,2.916635198976,m3/s,00060,Discharge,1,gr-data.xlsx
USGS-05447500,2003-10-16,2.6221399944192,m3/s,00060,Discharge,1,gr-data.xlsx
USGS-05447500,2003-10-17,2.4522389148671997,m3/s,00060,Discharge,1,gr-data.xlsx
USGS-05447500,2003-10-18,2.2908328892928003,m3/s,00060,Discharge,1,gr-data.xlsx
USGS-05447500,2003-10-19,2.208714034176,m3/s,00060,Discharge,1,gr-data.xlsx
USGS-05447500,2003-10-20,2.1917239262208,m3/s,00060,Discharge,1,gr-data.xlsx
USGS-05447500,2003-10-21,2.0982783324672,m3/s,00060,Discharge,1,gr-data.xlsx
USGS-05447500,2003-10-22,2.0586347472384,m3/s,00060,Discharge,1,gr-data.xlsx
USGS-05447500,2003-10-23,2.081288224512,m3/s,00060,Discharge,1,gr-data.xlsx
USGS-05447500,2003-10-24,2.095446647808,m3/s,00060,Discharge,1,gr-data.xlsx
USGS-05447500,2003-10-25,2.237030880768,m3/s,00060,Discharge,1,gr-data.xlsx
USGS-05447500,2003-10-26,2.2681794120192,m3/s,00060,Discharge,1,gr-data.xlsx
USGS-05447500,2003-10-27,2.2993279432704004,m3/s,00060,Discharge,1,gr-data.xlsx
USGS-05447500,2003-10-28,2.3361398438400003,m3/s,00060,Discharge,1,gr-data.xlsx
USGS-05447500,2003-10-29,2.2568526733824004,m3/s,00060,Discharge,1,gr-data.xlsx
USGS-05447500,2003-10-30,2.3021596279296,m3/s,00060,Discharge,1,gr-data.xlsx
USGS-05447500,2003-10-31,2.3134863665664,m3/s,00060,Discharge,1,gr-data.xlsx
USGS-05447500,2003-11-01,2.2625160427008004,m3/s,00060,Discharge,1,gr-data.xlsx
USGS-05447500,2003-11-02,2.4154270142976,m3/s,00060,Discharge,1,gr-data.xlsx
USGS-05447500,2003-11-03,4.304160681984,m3/s,00060,Discharge,1,gr-data.xlsx
USGS-05447500,2003-11-04,5.9748546309120005,m3/s,00060,Discharge,1,gr-data.xlsx
USGS-05447500,2003-11-05,7.419013807104,m3/s,00060,Discharge,1,gr-data.xlsx
USGS-05447500,2003-11-06,6.880993721856,m3/s,00060,Discharge,1,gr-data.xlsx
USGS-05447500,2003-11-07,5.23861661952,m3/s,00060,Discharge,1,gr-data.xlsx
USGS-05447500,2003-11-08,4.502378608128,m3/s,00060,Discharge,1,gr-data.xlsx
USGS-05447500,2003-11-09,4.10594275584,m3/s,00060,Discharge,1,gr-data.xlsx
USGS-05447500,2003-11-10,3.9077248296960003,m3/s,00060,Discharge,1,gr-data.xlsx
USGS-05447500,2003-11-11,3.794457443328,m3/s,00060,Discharge,1,gr-data.xlsx
USGS-05447500,2003-11-12,3.766140596736,m3/s,00060,Discharge,1,gr-data.xlsx
USGS-05447500,2003-11-13,3.341387897856,m3/s,00060,Discharge,1,gr-data.xlsx
USGS-05447500,2003-11-14,3.143169971712,m3/s,00060,Discharge,1,gr-data.xlsx
USGS-05447500,2003-11-15,3.143169971712,m3/s,00060,Discharge,1,gr-data.xlsx
USGS-05447500,2003-11-16,3.228120511488,m3/s,00060,Discharge,1,gr-data.xlsx
USGS-05447500,2003-11-17,3.313071051264,m3/s,00060,Discharge,1,gr-data.xlsx
USGS-05447500,2003-11-18,5.210299772928,m3/s,00060,Discharge,1,gr-data.xlsx
USGS-05447500,2003-11-19,6.965944261632,m3/s,00060,Discharge,1,gr-data.xlsx
USGS-05447500,2003-11-20,5.9748546309120005,m3/s,00060,Discharge,1,gr-data.xlsx
USGS-05447500,2003-11-21,5.323567159296,m3/s,00060,Discharge,1,gr-data.xlsx
USGS-05447500,2003-11-22,4.898814460416,m3/s,00060,Discharge,1,gr-data.xlsx
USGS-05447500,2003-11-23,4.785547074048,m3/s,00060,Discharge,1,gr-data.xlsx
USGS-05447500,2003-11-24,4.559012301312,m3/s,00060,Discharge,1,gr-data.xlsx
USGS-05447500,2003-11-25,4.38911122176,m3/s,00060,Discharge,1,gr-data.xlsx
USGS-05447500,2003-11-26,4.360794375168,m3/s,00060,Discharge,1,gr-data.xlsx
USGS-05447500,2003-11-27,4.162576449024,m3/s,00060,Discharge,1,gr-data.xlsx
USGS-05447500,2003-11-28,3.9926753694720003,m3/s,00060,Discharge,1,gr-data.xlsx
USGS-05447500,2003-11-29,3.737823750144,m3/s,00060,Discharge,1,gr-data.xlsx
USGS-05447500,2003-11-30,3.9077248296960003,m3/s,00060,Discharge,1,gr-data.xlsx
USGS-05447500,2003-12-01,3.82277428992,m3/s,00060,Discharge,1,gr-data.xlsx
USGS-05447500,2003-12-02,3.567922670592,m3/s,00060,Discharge,1,gr-data.xlsx
USGS-05447500,2003-12-03,3.5962395171840003,m3/s,00060,Discharge,1,gr-data.xlsx
USGS-05447500,2003-12-04,3.709506903552,m3/s,00060,Discharge,1,gr-data.xlsx
USGS-05447500,2003-12-05,3.9077248296960003,m3/s,00060,Discharge,1,gr-data.xlsx
USGS-05447500,2003-12-06,3.9926753694720003,m3/s,00060,Discharge,1,gr-data.xlsx
USGS-05447500,2003-12-07,3.936041676288,m3/s,00060,Discharge,1,gr-data.xlsx
USGS-05447500,2003-12-08,3.794457443328,m3/s,00060,Discharge,1,gr-data.xlsx
USGS-05447500,2003-12-09,3.9926753694720003,m3/s,00060,Discharge,1,gr-data.xlsx
USGS-05447500,2003-12-10,48.98814460416,m3/s,00060,Discharge,1,gr-data.xlsx
USGS-05447500,2003-12-11,81.26934971904001,m3/s,00060,Discharge,1,gr-data.xlsx
USGS-05447500,2003-12-12,45.02378608128,m3/s,00060,Discharge,1,gr-data.xlsx
USGS-05447500,2003-12-13,30.865362785280002,m3/s,00060,Discharge,1,gr-data.xlsx
USGS-05447500,2003-12-14,25.90991463168,m3/s,00060,Discharge,1,gr-data.xlsx
USGS-05447500,2003-12-15,22.823378353152002,m3/s,00060,Discharge,1,gr-data.xlsx
USGS-05447500,2003-12-16,20.67129801216,m3/s,00060,Discharge,1,gr-data.xlsx
USGS-05447500,2003-12-17,18.26436605184,m3/s,00060,Discharge,1,gr-data.xlsx
USGS-05447500,2003-12-18,16.9901079552,m3/s,00060,Discharge,1,gr-data.xlsx
USGS-05447500,2003-12-19,15.829117244928,m3/s,00060,Discharge,1,gr-data.xlsx
USGS-05447500,2003-12-20,12.516046193664,m3/s,00060,Discharge,1,gr-data.xlsx
USGS-05447500,2003-12-21,13.337234744832001,m3/s,00060,Discharge,1,gr-data.xlsx
USGS-05447500,2003-12-22,14.724760227840001,m3/s,00060,Discharge,1,gr-data.xlsx
USGS-05447500,2003-12-23,13.903571676672,m3/s,00060,Discharge,1,gr-data.xlsx
USGS-05447500,2003-12-24,12.006342955008,m3/s,00060,Discharge,1,gr-data.xlsx
USGS-05447500,2003-12-25,10.279015312896,m3/s,00060,Discharge,1,gr-data.xlsx
USGS-05447500,2003-12-26,10.590500625408,m3/s,00060,Discharge,1,gr-data.xlsx
USGS-05447500,2003-12-27,11.89307556864,m3/s,00060,Discharge,1,gr-data.xlsx
USGS-05447500,2003-12-28,11.723174489088,m3/s,00060,Discharge,1,gr-data.xlsx
USGS-05447500,2003-12-29,11.3267386368,m3/s,00060,Discharge,1,gr-data.xlsx
USGS-05447500,2003-12-30,11.156837557248,m3/s,00060,Discharge,1,gr-data.xlsx
USGS-05447500,2003-12-31,10.788718551552,m3/s,00060,Discharge,1,gr-data.xlsx
USGS-05447500,2004-01-01,10.363965852672,m3/s,00060,Discharge,1,gr-data.xlsx
USGS-05447500,2004-01-02,10.222381619712,m3/s,00060,Discharge,1,gr-data.xlsx
USGS-05447500,2004-01-03,10.080797386752,m3/s,00060,Discharge,1,gr-data.xlsx
USGS-05447500,2004-01-04,9.9108963072,m3/s,00060,Discharge,1,gr-data.xlsx
USGS-05447500,2004-01-05,9.825945767424,m3/s,00060,Discharge,1,gr-data.xlsx
USGS-05447500,2004-01-06,9.712678381056,m3/s,00060,Discharge,1,gr-data.xlsx
USGS-05447500,2004-01-07,9.62772784128,m3/s,00060,Discharge,1,gr-data.xlsx
USGS-05447500,2004-01-08,9.542777301504,m3/s,00060,Discharge,1,gr-data.xlsx
USGS-05447500,2004-01-09,9.429509915136,m3/s,00060,Discharge,1,gr-data.xlsx
USGS-05447500,2004-01-10,9.344559375360001,m3/s,00060,Discharge,1,gr-data.xlsx
USGS-05447500,2004-01-11,9.259608835584,m3/s,00060,Discharge,1,gr-data.xlsx
USGS-05447500,2004-01-12,9.146341449216001,m3/s,00060,Discharge,1,gr-data.xlsx
USGS-05447500,2004-01-13,9.06139090944,m3/s,00060,Discharge,1,gr-data.xlsx
USGS-05447500,2004-01-14,8.976440369664001,m3/s,00060,Discharge,1,gr-data.xlsx
USGS-05447500,2004-01-15,8.863172983296,m3/s,00060,Discharge,1,gr-data.xlsx
USGS-05447500,2004-01-16,8.4950539776,m3/s,00060,Discharge,1,gr-data.xlsx
USGS-05447500,2004-01-17,9.62772784128,m3/s,00060,Discharge,1,gr-data.xlsx
USGS-05447500,2004-01-18,8.4950539776,m3/s,00060,Discharge,1,gr-data.xlsx
USGS-05447500,2004-01-19,7.64554857984,m3/s,00060,Discharge,1,gr-data.xlsx
USGS-05447500,2004-01-20,6.79604318208,m3/s,00060,Discharge,1,gr-data.xlsx
USGS-05447500,2004-01-21,5.94653778432,m3/s,00060,Discharge,1,gr-data.xlsx
USGS-05447500,2004-01-22,5.0970323865600005,m3/s,00060,Discharge,1,gr-data.xlsx
USGS-05447500,2004-01-23,4.81386392064,m3/s,00060,Discharge,1,gr-data.xlsx
USGS-05447500,2004-01-24,4.672279687680001,m3/s,00060,Discharge,1,gr-data.xlsx
USGS-05447500,2004-01-25,4.53069545472,m3/s,00060,Discharge,1,gr-data.xlsx
USGS-05447500,2004-01-26,4.81386392064,m3/s,00060,Discharge,1,gr-data.xlsx
USGS-05447500,2004-01-27,5.0970323865600005,m3/s,00060,Discharge,1,gr-data.xlsx
USGS-05447500,2004-01-28,4.81386392064,m3/s,00060,Discharge,1,gr-data.xlsx
USGS-05447500,2004-01-29,4.53069545472,m3/s,00060,Discharge,1,gr-data.xlsx
USGS-05447500,2004-01-30,4.38911122176,m3/s,00060,Discharge,1,gr-data.xlsx
USGS-05447500,2004-01-31,4.332477528576,m3/s,00060,Discharge,1,gr-data.xlsx
USGS-05447500,2004-02-01,4.2475269888,m3/s,00060,Discharge,1,gr-data.xlsx
USGS-05447500,2004-02-02,4.53069545472,m3/s,00060,Discharge,1,gr-data.xlsx
USGS-05447500,2004-02-03,4.81386392064,m3/s,00060,Discharge,1,gr-data.xlsx
USGS-05447500,2004-02-04,5.0970323865600005,m3/s,00060,Discharge,1,gr-data.xlsx
USGS-05447500,2004-02-05,5.6633693184,m3/s,00060,Discharge,1,gr-data.xlsx
USGS-05447500,2004-02-06,5.94653778432,m3/s,00060,Discharge,1,gr-data.xlsx
USGS-05447500,2004-02-07,6.2297062502400005,m3/s,00060,Discharge,1,gr-data.xlsx
USGS-05447500,2004-02-08,5.94653778432,m3/s,00060,Discharge,1,gr-data.xlsx
USGS-05447500,2004-02-09,5.6633693184,m3/s,00060,Discharge,1,gr-data.xlsx
USGS-05447500,2004-02-10,5.52178508544,m3/s,00060,Discharge,1,gr-data.xlsx
USGS-05447500,2004-02-11,5.23861661952,m3/s,00060,Discharge,1,gr-data.xlsx
USGS-05447500,2004-02-12,4.9554481536,m3/s,00060,Discharge,1,gr-data.xlsx
USGS-05447500,2004-02-13,4.672279687680001,m3/s,00060,Discharge,1,gr-data.xlsx
USGS-05447500,2004-02-14,4.53069545472,m3/s,00060,Discharge,1,gr-data.xlsx
USGS-05447500,2004-02-15,4.38911122176,m3/s,00060,Discharge,1,gr-data.xlsx
USGS-05447500,2004-02-16,4.2475269888,m3/s,00060,Discharge,1,gr-data.xlsx
USGS-05447500,2004-02-17,4.10594275584,m3/s,00060,Discharge,1,gr-data.xlsx
USGS-05447500,2004-02-18,3.96435852288,m3/s,00060,Discharge,1,gr-data.xlsx
USGS-05447500,2004-02-19,6.2297062502400005,m3/s,00060,Discharge,1,gr-data.xlsx
USGS-05447500,2004-02-20,11.3267386368,m3/s,00060,Discharge,1,gr-data.xlsx
USGS-05447500,2004-02-21,26.47625156352,m3/s,00060,Discharge,1,gr-data.xlsx
USGS-05447500,2004-02-22,22.058823495168,m3/s,00060,Discharge,1,gr-data.xlsx
USGS-05447500,2004-02-23,25.428528239616,m3/s,00060,Discharge,1,gr-data.xlsx
USGS-05447500,2004-02-24,19.8217926144,m3/s,00060,Discharge,1,gr-data.xlsx
USGS-05447500,2004-02-25,16.9901079552,m3/s,00060,Discharge,1,gr-data.xlsx
USGS-05447500,2004-02-26,14.724760227840001,m3/s,00060,Discharge,1,gr-data.xlsx
USGS-05447500,2004-02-27,13.02574943232,m3/s,00060,Discharge,1,gr-data.xlsx
USGS-05447500,2004-02-28,11.609907102720001,m3/s,00060,Discharge,1,gr-data.xlsx
USGS-05447500,2004-02-29,11.609907102720001,m3/s,00060,Discharge,1,gr-data.xlsx
USGS-05447500,2004-03-01,11.836441875456,m3/s,00060,Discharge,1,gr-data.xlsx
USGS-05447500,2004-03-02,12.006342955008,m3/s,00060,Discharge,1,gr-data.xlsx
USGS-05447500,2004-03-03,11.524956562944,m3/s,00060,Discharge,1,gr-data.xlsx
USGS-05447500,2004-03-04,11.411689176576001,m3/s,00060,Discharge,1,gr-data.xlsx
USGS-05447500,2004-03-05,27.410707501056002,m3/s,00060,Discharge,1,gr-data.xlsx
USGS-05447500,2004-03-06,37.378237501440005,m3/s,00060,Discharge,1,gr-data.xlsx
USGS-05447500,2004-03-07,30.865362785280002,m3/s,00060,Discharge,1,gr-data.xlsx
USGS-05447500,2004-03-08,26.249716790784,m3/s,00060,Discharge,1,gr-data.xlsx
USGS-05447500,2004-03-09,22.964962586112,m3/s,00060,Discharge,1,gr-data.xlsx
USGS-05447500,2004-03-10,20.218228466688,m3/s,00060,Discharge,1,gr-data.xlsx
USGS-05447500,2004-03-11,18.717435597312,m3/s,00060,Discharge,1,gr-data.xlsx
USGS-05447500,2004-03-12,16.480404716544,m3/s,00060,Discharge,1,gr-data.xlsx
USGS-05447500,2004-03-13,16.820206875648,m3/s,00060,Discharge,1,gr-data.xlsx
USGS-05447500,2004-03-14,15.99901832448,m3/s,00060,Discharge,1,gr-data.xlsx
USGS-05447500,2004-03-15,15.347730852864,m3/s,00060,Discharge,1,gr-data.xlsx
USGS-05447500,2004-03-16,15.177829773312,m3/s,00060,Discharge,1,gr-data.xlsx
USGS-05447500,2004-03-17,14.951295000576,m3/s,00060,Discharge,1,gr-data.xlsx
USGS-05447500,2004-03-18,15.14951292672,m3/s,00060,Discharge,1,gr-data.xlsx
USGS-05447500,2004-03-19,15.319414006272,m3/s,00060,Discharge,1,gr-data.xlsx
USGS-05447500,2004-03-20,15.121196080128,m3/s,00060,Discharge,1,gr-data.xlsx
USGS-05447500,2004-03-21,14.724760227840001,m3/s,00060,Discharge,1,gr-data.xlsx
USGS-05447500,2004-03-22,13.875254830080001,m3/s,00060,Discharge,1,gr-data.xlsx
USGS-05447500,2004-03-23,13.337234744832001,m3/s,00060,Discharge,1,gr-data.xlsx
USGS-05447500,2004-03-24,13.73367059712,m3/s,00060,Discharge,1,gr-data.xlsx
USGS-05447500,2004-03-25,15.772483551744001,m3/s,00060,Discharge,1,gr-data.xlsx
USGS-05447500,2004-03-26,25.258627160064,m3/s,00060,Discharge,1,gr-data.xlsx
USGS-05447500,2004-03-27,36.8119005696,m3/s,00060,Discharge,1,gr-data.xlsx
USGS-05447500,2004-03-28,33.9802159104,m3/s,00060,Discharge,1,gr-data.xlsx
USGS-05447500,2004-03-29,33.41387897856,m3/s,00060,Discharge,1,gr-data.xlsx
USGS-05447500,2004-03-30,34.82972130816,m3/s,00060,Discharge,1,gr-data.xlsx
USGS-05447500,2004-03-31,32.28120511488,m3/s,00060,Discharge,1,gr-data.xlsx
USGS-05447500,2004-04-01,30.865362785280002,m3/s,00060,Discharge,1,gr-data.xlsx
USGS-05447500,2004-04-02,28.60001505792,m3/s,00060,Discharge,1,gr-data.xlsx
USGS-05447500,2004-04-03,26.136449404416002,m3/s,00060,Discharge,1,gr-data.xlsx
USGS-05447500,2004-04-04,24.182586989568,m3/s,00060,Discharge,1,gr-data.xlsx
USGS-05447500,2004-04-05,22.37030880768,m3/s,00060,Discharge,1,gr-data.xlsx
USGS-05447500,2004-04-06,21.067733864448,m3/s,00060,Discharge,1,gr-data.xlsx
USGS-05447500,2004-04-07,20.076644233728,m3/s,00060,Discharge,1,gr-data.xlsx
USGS-05447500,2004-04-08,19.028920909824002,m3/s,00060,Discharge,1,gr-data.xlsx
USGS-05447500,2004-04-09,18.037831279104,m3/s,00060,Discharge,1,gr-data.xlsx
USGS-05447500,2004-04-10,16.9901079552,m3/s,00060,Discharge,1,gr-data.xlsx
USGS-05447500,2004-04-11,16.253869943808,m3/s,00060,Discharge,1,gr-data.xlsx
USGS-05447500,2004-04-12,15.71584985856,m3/s,00060,Discharge,1,gr-data.xlsx
USGS-05447500,2004-04-13,15.14951292672,m3/s,00060,Discharge,1,gr-data.xlsx
USGS-05447500,2004-04-14,14.838027614208,m3/s,00060,Discharge,1,gr-data.xlsx
USGS-05447500,2004-04-15,14.186740142592,m3/s,00060,Discharge,1,gr-data.xlsx
USGS-05447500,2004-04-16,13.563769517568,m3/s,00060,Discharge,1,gr-data.xlsx
USGS-05447500,2004-04-17,13.082383125504,m3/s,00060,Discharge,1,gr-data.xlsx
USGS-05447500,2004-04-18,12.374461960704,m3/s,00060,Discharge,1,gr-data.xlsx
USGS-05447500,2004-04-19,12.062976648192,m3/s,00060,Discharge,1,gr-data.xlsx
USGS-05447500,2004-04-20,12.147927187968,m3/s,00060,Discharge,1,gr-data.xlsx
USGS-05447500,2004-04-21,14.724760227840001,m3/s,00060,Discharge,1,gr-data.xlsx
USGS-05447500,2004-04-22,16.253869943808,m3/s,00060,Discharge,1,gr-data.xlsx
USGS-05447500,2004-04-23,15.71584985856,m3/s,00060,Discharge,1,gr-data.xlsx
USGS-05447500,2004-04-24,14.781393921024,m3/s,00060,Discharge,1,gr-data.xlsx
USGS-05447500,2004-04-25,15.262780313088001,m3/s,00060,Discharge,1,gr-data.xlsx
USGS-05447500,2004-04-26,15.71584985856,m3/s,00060,Discharge,1,gr-data.xlsx
USGS-05447500,2004-04-27,15.262780313088001,m3/s,00060,Discharge,1,gr-data.xlsx
USGS-05447500,2004-04-28,14.328324375552,m3/s,00060,Discharge,1,gr-data.xlsx
USGS-05447500,2004-04-29,13.761987443712,m3/s,00060,Discharge,1,gr-data.xlsx
USGS-05447500,2004-04-30,13.705353750528001,m3/s,00060,Discharge,1,gr-data.xlsx
USGS-05447500,2004-05-01,14.130106449408,m3/s,00060,Discharge,1,gr-data.xlsx
USGS-05447500,2004-05-02,14.158423296,m3/s,00060,Discharge,1,gr-data.xlsx
USGS-05447500,2004-05-03,13.960205369856,m3/s,00060,Discharge,1,gr-data.xlsx
USGS-05447500,2004-05-04,13.393868438016,m3/s,00060,Discharge,1,gr-data.xlsx
USGS-05447500,2004-05-05,12.997432585728001,m3/s,00060,Discharge,1,gr-data.xlsx
USGS-05447500,2004-05-06,12.289511420928001,m3/s,00060,Discharge,1,gr-data.xlsx
USGS-05447500,2004-05-07,14.753077074432001,m3/s,00060,Discharge,1,gr-data.xlsx
USGS-05447500,2004-05-08,17.046741648384,m3/s,00060,Discharge,1,gr-data.xlsx
USGS-05447500,2004-05-09,14.639809688064,m3/s,00060,Discharge,1,gr-data.xlsx
USGS-05447500,2004-05-10,13.705353750528001,m3/s,00060,Discharge,1,gr-data.xlsx
USGS-05447500,2004-05-11,23.304764745216,m3/s,00060,Discharge,1,gr-data.xlsx
USGS-05447500,2004-05-12,23.446348978176,m3/s,00060,Discharge,1,gr-data.xlsx
USGS-05447500,2004-05-13,28.88318352384,m3/s,00060,Discharge,1,gr-data.xlsx
USGS-05447500,2004-05-14,36.52873210368,m3/s,00060,Discharge,1,gr-data.xlsx
USGS-05447500,2004-05-15,47.28913380864,m3/s,00060,Discharge,1,gr-data.xlsx
USGS-05447500,2004-05-16,48.70497613824,m3/s,00060,Discharge,1,gr-data.xlsx
USGS-05447500,2004-05-17,37.94457443328,m3/s,00060,Discharge,1,gr-data.xlsx
USGS-05447500,2004-05-18,42.475269888,m3/s,00060,Discharge,1,gr-data.xlsx
USGS-05447500,2004-05-19,48.1386392064,m3/s,00060,Discharge,1,gr-data.xlsx
USGS-05447500,2004-05-20,41.34259602432,m3/s,00060,Discharge,1,gr-data.xlsx
USGS-05447500,2004-05-21,38.2277428992,m3/s,00060,Discharge,1,gr-data.xlsx
USGS-05447500,2004-05-22,36.52873210368,m3/s,00060,Discharge,1,gr-data.xlsx
USGS-05447500,2004-05-23,60.31488324096,m3/s,00060,Discharge,1,gr-data.xlsx
USGS-05447500,2004-05-24,57.76636704768,m3/s,00060,Discharge,1,gr-data.xlsx
USGS-05447500,2004-05-25,48.42180767232,m3/s,00060,Discharge,1,gr-data.xlsx
USGS-05447500,2004-05-26,42.475269888,m3/s,00060,Discharge,1,gr-data.xlsx
USGS-05447500,2004-05-27,36.24556363776,m3/s,00060,Discharge,1,gr-data.xlsx
USGS-05447500,2004-05-28,31.99803664896,m3/s,00060,Discharge,1,gr-data.xlsx
USGS-05447500,2004-05-29,28.231896052224002,m3/s,00060,Discharge,1,gr-data.xlsx
USGS-05447500,2004-05-30,60.8812201728,m3/s,00060,Discharge,1,gr-data.xlsx
USGS-05447500,2004-05-31,150.36245540352002,m3/s,00060,Discharge,1,gr-data.xlsx
USGS-05447500,2004-06-01,151.21196080128001,m3/s,00060,Discharge,1,gr-data.xlsx
USGS-05447500,2004-06-02,110.71887017472001,m3/s,00060,Discharge,1,gr-data.xlsx
USGS-05447500,2004-06-03,82.96836051456,m3/s,00060,Discharge,1,gr-data.xlsx
USGS-05447500,2004-06-04,63.42973636608,m3/s,00060,Discharge,1,gr-data.xlsx
USGS-05447500,2004-06-05,51.25349233152,m3/s,00060,Discharge,1,gr-data.xlsx
USGS-05447500,2004-06-06,43.8911122176,m3/s,00060,Discharge,1,gr-data.xlsx
USGS-05447500,2004-06-07,38.79407983104,m3/s,00060,Discharge,1,gr-data.xlsx
USGS-05447500,2004-06-08,34.546552842240004,m3/s,00060,Discharge,1,gr-data.xlsx
USGS-05447500,2004-06-09,31.1485312512,m3/s,00060,Discharge,1,gr-data.xlsx
USGS-05447500,2004-06-10,30.58219431936,m3/s,00060,Discharge,1,gr-data.xlsx
USGS-05447500,2004-06-11,47.28913380864,m3/s,00060,Discharge,1,gr-data.xlsx
USGS-05447500,2004-06-12,45.59012301312,m3/s,00060,Discharge,1,gr-data.xlsx
USGS-05447500,2004-06-13,39.07724829696,m3/s,00060,Discharge,1,gr-data.xlsx
USGS-05447500,2004-06-14,39.6435852288,m3/s,00060,Discharge,1,gr-data.xlsx
USGS-05447500,2004-06-15,41.90893295616,m3/s,00060,Discharge,1,gr-data.xlsx
USGS-05447500,2004-06-16,33.9802159104,m3/s,00060,Discharge,1,gr-data.xlsx
USGS-05447500,2004-06-17,30.01585738752,m3/s,00060,Discharge,1,gr-data.xlsx
USGS-05447500,2004-06-18,27.240806421504,m3/s,00060,Discharge,1,gr-data.xlsx
USGS-05447500,2004-06-19,24.777240768000002,m3/s,00060,Discharge,1,gr-data.xlsx
USGS-05447500,2004-06-20,22.993279432704,m3/s,00060,Discharge,1,gr-data.xlsx
USGS-05447500,2004-06-21,22.22872457472,m3/s,00060,Discharge,1,gr-data.xlsx
USGS-05447500,2004-06-22,22.313675114496,m3/s,00060,Discharge,1,gr-data.xlsx
USGS-05447500,2004-06-23,21.124367557632002,m3/s,00060,Discharge,1,gr-data.xlsx
USGS-05447500,2004-06-24,19.793475767808,m3/s,00060,Discharge,1,gr-data.xlsx
USGS-05447500,2004-06-25,18.774069290496,m3/s,00060,Discharge,1,gr-data.xlsx
USGS-05447500,2004-06-26,17.669712273408,m3/s,00060,Discharge,1,gr-data.xlsx
USGS-05447500,2004-06-27,16.876840568832,m3/s,00060,Discharge,1,gr-data.xlsx
USGS-05447500,2004-06-28,16.395454176768002,m3/s,00060,Discharge,1,gr-data.xlsx
USGS-05447500,2004-06-29,15.659216165376,m3/s,00060,Discharge,1,gr-data.xlsx
USGS-05447500,2004-06-30,14.8663444608,m3/s,00060,Discharge,1,gr-data.xlsx
USGS-05447500,2004-07-01,14.130106449408,m3/s,00060,Discharge,1,gr-data.xlsx
USGS-05447500,2004-07-02,13.4505021312,m3/s,00060,Discharge,1,gr-data.xlsx
USGS-05447500,2004-07-03,13.054066278912,m3/s,00060,Discharge,1,gr-data.xlsx
USGS-05447500,2004-07-04,13.535452670976001,m3/s,00060,Discharge,1,gr-data.xlsx
USGS-05447500,2004-07-05,12.799214659584,m3/s,00060,Discharge,1,gr-data.xlsx
USGS-05447500,2004-07-06,15.99901832448,m3/s,00060,Discharge,1,gr-data.xlsx
USGS-05447500,2004-07-07,15.659216165376,m3/s,00060,Discharge,1,gr-data.xlsx
USGS-05447500,2004-07-08,13.846937983488,m3/s,00060,Discharge,1,gr-data.xlsx
USGS-05447500,2004-07-09,12.60099673344,m3/s,00060,Discharge,1,gr-data.xlsx
USGS-05447500,2004-07-10,13.082383125504,m3/s,00060,Discharge,1,gr-data.xlsx
USGS-05447500,2004-07-11,12.799214659584,m3/s,00060,Discharge,1,gr-data.xlsx
USGS-05447500,2004-07-12,12.062976648192,m3/s,00060,Discharge,1,gr-data.xlsx
USGS-05447500,2004-07-13,11.213471250432,m3/s,00060,Discharge,1,gr-data.xlsx
USGS-05447500,2004-07-14,10.420599545856,m3/s,00060,Discharge,1,gr-data.xlsx
USGS-05447500,2004-07-15,10.165747926528,m3/s,00060,Discharge,1,gr-data.xlsx
USGS-05447500,2004-07-16,9.48614360832,m3/s,00060,Discharge,1,gr-data.xlsx
USGS-05447500,2004-07-17,9.06139090944,m3/s,00060,Discharge,1,gr-data.xlsx
USGS-05447500,2004-07-18,8.721588750336,m3/s,00060,Discharge,1,gr-data.xlsx
USGS-05447500,2004-07-19,8.466737131008001,m3/s,00060,Discharge,1,gr-data.xlsx
USGS-05447500,2004-07-20,8.155251818496,m3/s,00060,Discharge,1,gr-data.xlsx
USGS-05447500,2004-07-21,8.296836051456001,m3/s,00060,Discharge,1,gr-data.xlsx
USGS-05447500,2004-07-22,8.325152898048,m3/s,00060,Discharge,1,gr-data.xlsx
USGS-05447500,2004-07-23,8.636638210560001,m3/s,00060,Discharge,1,gr-data.xlsx
USGS-05447500,2004-07-24,8.268519204864,m3/s,00060,Discharge,1,gr-data.xlsx
USGS-05447500,2004-07-25,7.985350738944001,m3/s,00060,Discharge,1,gr-data.xlsx
USGS-05447500,2004-07-26,7.617231733248,m3/s,00060,Discharge,1,gr-data.xlsx
USGS-05447500,2004-07-27,7.334063267328,m3/s,00060,Discharge,1,gr-data.xlsx
USGS-05447500,2004-07-28,6.994261108224,m3/s,00060,Discharge,1,gr-data.xlsx
USGS-05447500,2004-07-29,6.569508409344,m3/s,00060,Discharge,1,gr-data.xlsx
USGS-05447500,2004-07-30,6.201389403648,m3/s,00060,Discharge,1,gr-data.xlsx
USGS-05447500,2004-07-31,6.0598051706880005,m3/s,00060,Discharge,1,gr-data.xlsx
USGS-05447500,2004-08-01,5.861587244544,m3/s,00060,Discharge,1,gr-data.xlsx
USGS-05447500,2004-08-02,5.6633693184,m3/s,00060,Discharge,1,gr-data.xlsx
USGS-05447500,2004-08-03,5.720003011584001,m3/s,00060,Discharge,1,gr-data.xlsx
USGS-05447500,2004-08-04,7.390696960512,m3/s,00060,Discharge,1,gr-data.xlsx
USGS-05447500,2004-08-05,8.608321363968,m3/s,00060,Discharge,1,gr-data.xlsx
USGS-05447500,2004-08-06,6.597825255936,m3/s,00060,Discharge,1,gr-data.xlsx
USGS-05447500,2004-08-07,5.861587244544,m3/s,00060,Discharge,1,gr-data.xlsx
USGS-05447500,2004-08-08,5.52178508544,m3/s,00060,Discharge,1,gr-data.xlsx
USGS-05447500,2004-08-09,5.210299772928,m3/s,00060,Discharge,1,gr-data.xlsx
USGS-05447500,2004-08-10,4.9554481536,m3/s,00060,Discharge,1,gr-data.xlsx
USGS-05447500,2004-08-11,4.870497613824,m3/s,00060,Discharge,1,gr-data.xlsx
USGS-05447500,2004-08-12,4.81386392064,m3/s,00060,Discharge,1,gr-data.xlsx
USGS-05447500,2004-08-13,4.728913380864,m3/s,00060,Discharge,1,gr-data.xlsx
USGS-05447500,2004-08-14,4.502378608128,m3/s,00060,Discharge,1,gr-data.xlsx
USGS-05447500,2004-08-15,4.219210142208,m3/s,00060,Discharge,1,gr-data.xlsx
USGS-05447500,2004-08-16,3.96435852288,m3/s,00060,Discharge,1,gr-data.xlsx
USGS-05447500,2004-08-17,3.9077248296960003,m3/s,00060,Discharge,1,gr-data.xlsx
USGS-05447500,2004-08-18,4.502378608128,m3/s,00060,Discharge,1,gr-data.xlsx
USGS-05447500,2004-08-19,4.9554481536,m3/s,00060,Discharge,1,gr-data.xlsx
USGS-05447500,2004-08-20,4.785547074048,m3/s,00060,Discharge,1,gr-data.xlsx
USGS-05447500,2004-08-21,4.275843835392,m3/s,00060,Discharge,1,gr-data.xlsx
USGS-05447500,2004-08-22,3.9077248296960003,m3/s,00060,Discharge,1,gr-data.xlsx
USGS-05447500,2004-08-23,3.652873210368,m3/s,00060,Discharge,1,gr-data.xlsx
USGS-05447500,2004-08-24,3.709506903552,m3/s,00060,Discharge,1,gr-data.xlsx
USGS-05447500,2004-08-25,4.077625909248,m3/s,00060,Discharge,1,gr-data.xlsx
USGS-05447500,2004-08-26,4.700596534272,m3/s,00060,Discharge,1,gr-data.xlsx
USGS-05447500,2004-08-27,4.7572302274560005,m3/s,00060,Discharge,1,gr-data.xlsx
USGS-05447500,2004-08-28,6.994261108224,m3/s,00060,Discharge,1,gr-data.xlsx
USGS-05447500,2004-08-29,10.250698466304,m3/s,00060,Discharge,1,gr-data.xlsx
USGS-05447500,2004-08-30,8.580004517376,m3/s,00060,Discharge,1,gr-data.xlsx
USGS-05447500,2004-08-31,6.880993721856,m3/s,00060,Discharge,1,gr-data.xlsx
USGS-05447500,2004-09-01,5.804953551360001,m3/s,00060,Discharge,1,gr-data.xlsx
USGS-05447500,2004-09-02,5.0970323865600005,m3/s,00060,Discharge,1,gr-data.xlsx
USGS-05447500,2004-09-03,4.643962841088,m3/s,00060,Discharge,1,gr-data.xlsx
USGS-05447500,2004-09-04,4.38911122176,m3/s,00060,Discharge,1,gr-data.xlsx
USGS-05447500,2004-09-05,3.96435852288,m3/s,00060,Discharge,1,gr-data.xlsx
USGS-05447500,2004-09-06,3.709506903552,m3/s,00060,Discharge,1,gr-data.xlsx
USGS-05447500,2004-09-07,3.567922670592,m3/s,00060,Discharge,1,gr-data.xlsx
USGS-05447500,2004-09-08,3.482972130816,m3/s,00060,Discharge,1,gr-data.xlsx
USGS-05447500,2004-09-09,3.4263384376320003,m3/s,00060,Discharge,1,gr-data.xlsx
USGS-05447500,2004-09-10,3.313071051264,m3/s,00060,Discharge,1,gr-data.xlsx
USGS-05447500,2004-09-11,3.313071051264,m3/s,00060,Discharge,1,gr-data.xlsx
USGS-05447500,2004-09-12,3.143169971712,m3/s,00060,Discharge,1,gr-data.xlsx
USGS-05447500,2004-09-13,2.916635198976,m3/s,00060,Discharge,1,gr-data.xlsx
USGS-05447500,2004-09-14,2.916635198976,m3/s,00060,Discharge,1,gr-data.xlsx
USGS-05447500,2004-09-15,3.0299025853440003,m3/s,00060,Discharge,1,gr-data.xlsx
USGS-05447500,2004-09-16,4.049309062656,m3/s,00060,Discharge,1,gr-data.xlsx
USGS-05447500,2004-09-17,4.219210142208,m3/s,00060,Discharge,1,gr-data.xlsx
USGS-05447500,2004-09-18,3.228120511488,m3/s,00060,Discharge,1,gr-data.xlsx
USGS-05447500,2004-09-19,2.8288529745408004,m3/s,00060,Discharge,1,gr-data.xlsx
USGS-05447500,2004-09-20,2.732575696128,m3/s,00060,Discharge,1,gr-data.xlsx
USGS-05447500,2004-09-21,2.7014271648768005,m3/s,00060,Discharge,1,gr-data.xlsx
USGS-05447500,2004-09-22,2.590991463168,m3/s,00060,Discharge,1,gr-data.xlsx
USGS-05447500,2004-09-23,2.534357769984,m3/s,00060,Discharge,1,gr-data.xlsx
USGS-05447500,2004-09-24,2.5796647245312,m3/s,00060,Discharge,1,gr-data.xlsx
USGS-05447500,2004-09-25,2.5541795625984003,m3/s,00060,Discharge,1,gr-data.xlsx
USGS-05447500,2004-09-26,2.4663973381632,m3/s,00060,Discharge,1,gr-data.xlsx
USGS-05447500,2004-09-27,2.4862191307776,m3/s,00060,Discharge,1,gr-data.xlsx
USGS-05447500,2004-09-28,2.4295854375936,m3/s,00060,Discharge,1,gr-data.xlsx
USGS-05447500,2004-09-29,2.3786151137280003,m3/s,00060,Discharge,1,gr-data.xlsx
USGS-05447500,2004-09-30,2.3786151137280003,m3/s,00060,Discharge,1,gr-data.xlsx
USGS-05447500,2004-10-01,2.5286944006656,m3/s,00060,Discharge,1,gr-data.xlsx
USGS-05447500,2004-10-02,2.8061994972671997,m3/s,00060,Discharge,1,gr-data.xlsx
USGS-05447500,2004-10-03,2.7863777046528004,m3/s,00060,Discharge,1,gr-data.xlsx
USGS-05447500,2004-10-04,2.7722192813568003,m3/s,00060,Discharge,1,gr-data.xlsx
USGS-05447500,2004-10-05,2.6787736876032,m3/s,00060,Discharge,1,gr-data.xlsx
USGS-05447500,2004-10-06,2.5428528239616,m3/s,00060,Discharge,1,gr-data.xlsx
USGS-05447500,2004-10-07,2.6391301023744003,m3/s,00060,Discharge,1,gr-data.xlsx
USGS-05447500,2004-10-08,3.737823750144,m3/s,00060,Discharge,1,gr-data.xlsx
USGS-05447500,2004-10-09,4.474061761536,m3/s,00060,Discharge,1,gr-data.xlsx
USGS-05447500,2004-10-10,3.737823750144,m3/s,00060,Discharge,1,gr-data.xlsx
USGS-05447500,2004-10-11,3.199803664896,m3/s,00060,Discharge,1,gr-data.xlsx
USGS-05447500,2004-10-12,3.0299025853440003,m3/s,00060,Discharge,1,gr-data.xlsx
USGS-05447500,2004-10-13,3.086536278528,m3/s,00060,Discharge,1,gr-data.xlsx
USGS-05447500,2004-10-14,3.1148531251200002,m3/s,00060,Discharge,1,gr-data.xlsx
USGS-05447500,2004-10-15,3.171486818304,m3/s,00060,Discharge,1,gr-data.xlsx
USGS-05447500,2004-10-16,3.25643735808,m3/s,00060,Discharge,1,gr-data.xlsx
USGS-05447500,2004-10-17,3.228120511488,m3/s,00060,Discharge,1,gr-data.xlsx
USGS-05447500,2004-10-18,3.143169971712,m3/s,00060,Discharge,1,gr-data.xlsx
USGS-05447500,2004-10-19,3.228120511488,m3/s,00060,Discharge,1,gr-data.xlsx
USGS-05447500,2004-10-20,3.171486818304,m3/s,00060,Discharge,1,gr-data.xlsx
USGS-05447500,2004-10-21,3.143169971712,m3/s,00060,Discharge,1,gr-data.xlsx
USGS-05447500,2004-10-22,3.25643735808,m3/s,00060,Discharge,1,gr-data.xlsx
USGS-05447500,2004-10-23,6.116438863872,m3/s,00060,Discharge,1,gr-data.xlsx
USGS-05447500,2004-10-24,8.126934971904,m3/s,00060,Discharge,1,gr-data.xlsx
USGS-05447500,2004-10-25,6.51287471616,m3/s,00060,Discharge,1,gr-data.xlsx
USGS-05447500,2004-10-26,7.7871328128,m3/s,00060,Discharge,1,gr-data.xlsx
USGS-05447500,2004-10-27,9.06139090944,m3/s,00060,Discharge,1,gr-data.xlsx
USGS-05447500,2004-10-28,7.702182273024,m3/s,00060,Discharge,1,gr-data.xlsx
USGS-05447500,2004-10-29,6.937627415040001,m3/s,00060,Discharge,1,gr-data.xlsx
USGS-05447500,2004-10-30,7.985350738944001,m3/s,00060,Discharge,1,gr-data.xlsx
USGS-05447500,2004-10-31,7.872083352576,m3/s,00060,Discharge,1,gr-data.xlsx
USGS-05447500,2004-11-01,9.2029751424,m3/s,00060,Discharge,1,gr-data.xlsx
USGS-05447500,2004-11-02,19.25545568256,m3/s,00060,Discharge,1,gr-data.xlsx
USGS-05447500,2004-11-03,16.791890029056,m3/s,00060,Discharge,1,gr-data.xlsx
USGS-05447500,2004-11-04,14.554859148288001,m3/s,00060,Discharge,1,gr-data.xlsx
USGS-05447500,2004-11-05,13.563769517568,m3/s,00060,Discharge,1,gr-data.xlsx
USGS-05447500,2004-11-06,12.402778807296,m3/s,00060,Discharge,1,gr-data.xlsx
USGS-05447500,2004-11-07,11.18515440384,m3/s,00060,Discharge,1,gr-data.xlsx
USGS-05447500,2004-11-08,9.9108963072,m3/s,00060,Discharge,1,gr-data.xlsx
USGS-05447500,2004-11-09,9.2029751424,m3/s,00060,Discharge,1,gr-data.xlsx
USGS-05447500,2004-11-10,8.77822244352,m3/s,00060,Discharge,1,gr-data.xlsx
USGS-05447500,2004-11-11,8.608321363968,m3/s,00060,Discharge,1,gr-data.xlsx
USGS-05447500,2004-11-12,8.155251818496,m3/s,00060,Discharge,1,gr-data.xlsx
USGS-05447500,2004-11-13,7.985350738944001,m3/s,00060,Discharge,1,gr-data.xlsx
USGS-05447500,2004-11-14,7.843766505984,m3/s,00060,Discharge,1,gr-data.xlsx
USGS-05447500,2004-11-15,7.617231733248,m3/s,00060,Discharge,1,gr-data.xlsx
USGS-05447500,2004-11-16,7.588914886656,m3/s,00060,Discharge,1,gr-data.xlsx
USGS-05447500,2004-11-17,7.50396434688,m3/s,00060,Discharge,1,gr-data.xlsx
USGS-05447500,2004-11-18,7.532281193472,m3/s,00060,Discharge,1,gr-data.xlsx
USGS-05447500,2004-11-19,8.155251818496,m3/s,00060,Discharge,1,gr-data.xlsx
USGS-05447500,2004-11-20,8.891489829888,m3/s,00060,Discharge,1,gr-data.xlsx
USGS-05447500,2004-11-21,8.834856136704,m3/s,00060,Discharge,1,gr-data.xlsx
USGS-05447500,2004-11-22,8.523370824192,m3/s,00060,Discharge,1,gr-data.xlsx
USGS-05447500,2004-11-23,8.438420284416,m3/s,00060,Discharge,1,gr-data.xlsx
USGS-05447500,2004-11-24,8.410103437824,m3/s,00060,Discharge,1,gr-data.xlsx
USGS-05447500,2004-11-25,8.410103437824,m3/s,00060,Discharge,1,gr-data.xlsx
USGS-05447500,2004-11-26,8.325152898048,m3/s,00060,Discharge,1,gr-data.xlsx
USGS-05447500,2004-11-27,11.440006023168001,m3/s,00060,Discharge,1,gr-data.xlsx
USGS-05447500,2004-11-28,24.49407230208,m3/s,00060,Discharge,1,gr-data.xlsx
USGS-05447500,2004-11-29,23.729517444096,m3/s,00060,Discharge,1,gr-data.xlsx
USGS-05447500,2004-11-30,21.634070796288,m3/s,00060,Discharge,1,gr-data.xlsx
USGS-05447500,2004-12-01,20.95446647808,m3/s,00060,Discharge,1,gr-data.xlsx
USGS-05447500,2004-12-02,19.8217926144,m3/s,00060,Discharge,1,gr-data.xlsx
USGS-05447500,2004-12-03,18.859019830272,m3/s,00060,Discharge,1,gr-data.xlsx
USGS-05447500,2004-12-04,18.179415512064,m3/s,00060,Discharge,1,gr-data.xlsx
USGS-05447500,2004-12-05,17.499811193856,m3/s,00060,Discharge,1,gr-data.xlsx
USGS-05447500,2004-12-06,19.850109460992,m3/s,00060,Discharge,1,gr-data.xlsx
USGS-05447500,2004-12-07,25.003775540736,m3/s,00060,Discharge,1,gr-data.xlsx
USGS-05447500,2004-12-08,30.58219431936,m3/s,00060,Discharge,1,gr-data.xlsx
USGS-05447500,2004-12-09,28.288529745408002,m3/s,00060,Discharge,1,gr-data.xlsx
USGS-05447500,2004-12-10,25.76833039872,m3/s,00060,Discharge,1,gr-data.xlsx
USGS-05447500,2004-12-11,23.64456690432,m3/s,00060,Discharge,1,gr-data.xlsx
USGS-05447500,2004-12-12,22.030506648576,m3/s,00060,Discharge,1,gr-data.xlsx
USGS-05447500,2004-12-13,20.784565398528002,m3/s,00060,Discharge,1,gr-data.xlsx
USGS-05447500,2004-12-14,17.867930199552,m3/s,00060,Discharge,1,gr-data.xlsx
USGS-05447500,2004-12-15,17.613078580224002,m3/s,00060,Discharge,1,gr-data.xlsx
USGS-05447500,2004-12-16,17.528128040448,m3/s,00060,Discharge,1,gr-data.xlsx
USGS-05447500,2004-12-17,17.103375341568,m3/s,00060,Discharge,1,gr-data.xlsx
USGS-05447500,2004-12-18,16.338820483584,m3/s,00060,Discharge,1,gr-data.xlsx
USGS-05447500,2004-12-19,16.42377102336,m3/s,00060,Discharge,1,gr-data.xlsx
USGS-05447500,2004-12-20,16.70693948928,m3/s,00060,Discharge,1,gr-data.xlsx
USGS-05447500,2004-12-21,16.84852372224,m3/s,00060,Discharge,1,gr-data.xlsx
USGS-05447500,2004-12-22,18.009514432512,m3/s,00060,Discharge,1,gr-data.xlsx
USGS-05447500,2004-12-23,17.55644488704,m3/s,00060,Discharge,1,gr-data.xlsx
USGS-05447500,2004-12-24,15.85743409152,m3/s,00060,Discharge,1,gr-data.xlsx
USGS-05447500,2004-12-25,15.00792869376,m3/s,00060,Discharge,1,gr-data.xlsx
USGS-05447500,2004-12-26,14.44159176192,m3/s,00060,Discharge,1,gr-data.xlsx
USGS-05447500,2004-12-27,13.875254830080001,m3/s,00060,Discharge,1,gr-data.xlsx
USGS-05447500,2004-12-28,13.59208636416,m3/s,00060,Discharge,1,gr-data.xlsx
USGS-05447500,2004-12-29,13.875254830080001,m3/s,00060,Discharge,1,gr-data.xlsx
USGS-05447500,2004-12-30,14.158423296,m3/s,00060,Discharge,1,gr-data.xlsx
USGS-05447500,2004-12-31,14.44159176192,m3/s,00060,Discharge,1,gr-data.xlsx
USGS-05447500,2005-01-01,14.583175994880001,m3/s,00060,Discharge,1,gr-data.xlsx
USGS-05447500,2005-01-02,15.064562386944,m3/s,00060,Discharge,1,gr-data.xlsx
USGS-05447500,2005-01-03,16.112285710848,m3/s,00060,Discharge,1,gr-data.xlsx
USGS-05447500,2005-01-04,20.558030625792,m3/s,00060,Discharge,1,gr-data.xlsx
USGS-05447500,2005-01-05,18.660801904128,m3/s,00060,Discharge,1,gr-data.xlsx
USGS-05447500,2005-01-06,13.875254830080001,m3/s,00060,Discharge,1,gr-data.xlsx
USGS-05447500,2005-01-07,14.30000752896,m3/s,00060,Discharge,1,gr-data.xlsx
USGS-05447500,2005-01-08,16.027335171072,m3/s,00060,Discharge,1,gr-data.xlsx
USGS-05447500,2005-01-09,15.970701477888001,m3/s,00060,Discharge,1,gr-data.xlsx
USGS-05447500,2005-01-10,14.922978153984001,m3/s,00060,Discharge,1,gr-data.xlsx
USGS-05447500,2005-01-11,14.554859148288001,m3/s,00060,Discharge,1,gr-data.xlsx
USGS-05447500,2005-01-12,15.5742656256,m3/s,00060,Discharge,1,gr-data.xlsx
USGS-05447500,2005-01-13,52.386166195200005,m3/s,00060,Discharge,1,gr-data.xlsx
USGS-05447500,2005-01-14,65.1287471616,m3/s,00060,Discharge,1,gr-data.xlsx
USGS-05447500,2005-01-15,59.4653778432,m3/s,00060,Discharge,1,gr-data.xlsx
USGS-05447500,2005-01-16,56.633693184,m3/s,00060,Discharge,1,gr-data.xlsx
USGS-05447500,2005-01-17,58.0495355136,m3/s,00060,Discharge,1,gr-data.xlsx
USGS-05447500,2005-01-18,61.447557104640005,m3/s,00060,Discharge,1,gr-data.xlsx
USGS-05447500,2005-01-19,62.58023096832,m3/s,00060,Discharge,1,gr-data.xlsx
USGS-05447500,2005-01-20,60.59805170688,m3/s,00060,Discharge,1,gr-data.xlsx
USGS-05447500,2005-01-21,56.633693184,m3/s,00060,Discharge,1,gr-data.xlsx
USGS-05447500,2005-01-22,50.12081846784,m3/s,00060,Discharge,1,gr-data.xlsx
USGS-05447500,2005-01-23,43.04160681984,m3/s,00060,Discharge,1,gr-data.xlsx
USGS-05447500,2005-01-24,39.6435852288,m3/s,00060,Discharge,1,gr-data.xlsx
USGS-05447500,2005-01-25,31.1485312512,m3/s,00060,Discharge,1,gr-data.xlsx
USGS-05447500,2005-01-26,26.05149886464,m3/s,00060,Discharge,1,gr-data.xlsx
USGS-05447500,2005-01-27,23.219814205440002,m3/s,00060,Discharge,1,gr-data.xlsx
USGS-05447500,2005-01-28,22.93664573952,m3/s,00060,Discharge,1,gr-data.xlsx
USGS-05447500,2005-01-29,22.93664573952,m3/s,00060,Discharge,1,gr-data.xlsx
USGS-05447500,2005-01-30,22.08714034176,m3/s,00060,Discharge,1,gr-data.xlsx
USGS-05447500,2005-01-31,19.8217926144,m3/s,00060,Discharge,1,gr-data.xlsx
USGS-05447500,2005-02-01,16.9901079552,m3/s,00060,Discharge,1,gr-data.xlsx
USGS-05447500,2005-02-02,17.273276421120002,m3/s,00060,Discharge,1,gr-data.xlsx
USGS-05447500,2005-02-03,16.933474262016002,m3/s,00060,Discharge,1,gr-data.xlsx
USGS-05447500,2005-02-04,17.13169218816,m3/s,00060,Discharge,1,gr-data.xlsx
USGS-05447500,2005-02-05,17.811296506368002,m3/s,00060,Discharge,1,gr-data.xlsx
USGS-05447500,2005-02-06,18.236049205248,m3/s,00060,Discharge,1,gr-data.xlsx
USGS-05447500,2005-02-07,23.049913125888,m3/s,00060,Discharge,1,gr-data.xlsx
USGS-05447500,2005-02-08,26.872687415808002,m3/s,00060,Discharge,1,gr-data.xlsx
USGS-05447500,2005-02-09,25.06040923392,m3/s,00060,Discharge,1,gr-data.xlsx
USGS-05447500,2005-02-10,21.888922415616,m3/s,00060,Discharge,1,gr-data.xlsx
USGS-05447500,2005-02-11,20.10496108032,m3/s,00060,Discharge,1,gr-data.xlsx
USGS-05447500,2005-02-12,19.25545568256,m3/s,00060,Discharge,1,gr-data.xlsx
USGS-05447500,2005-02-13,19.595257841664,m3/s,00060,Discharge,1,gr-data.xlsx
USGS-05447500,2005-02-14,33.41387897856,m3/s,00060,Discharge,1,gr-data.xlsx
USGS-05447500,2005-02-15,44.17428068352,m3/s,00060,Discharge,1,gr-data.xlsx
USGS-05447500,2005-02-16,39.36041676288,m3/s,00060,Discharge,1,gr-data.xlsx
USGS-05447500,2005-02-17,34.26338437632,m3/s,00060,Discharge,1,gr-data.xlsx
USGS-05447500,2005-02-18,30.58219431936,m3/s,00060,Discharge,1,gr-data.xlsx
USGS-05447500,2005-02-19,27.722192813568,m3/s,00060,Discharge,1,gr-data.xlsx
USGS-05447500,2005-02-20,26.646152643072,m3/s,00060,Discharge,1,gr-data.xlsx
USGS-05447500,2005-02-21,25.881597785088,m3/s,00060,Discharge,1,gr-data.xlsx
USGS-05447500,2005-02-22,24.267537529344,m3/s,00060,Discharge,1,gr-data.xlsx
USGS-05447500,2005-02-23,22.851695199744,m3/s,00060,Discharge,1,gr-data.xlsx
USGS-05447500,2005-02-24,22.285358267904,m3/s,00060,Discharge,1,gr-data.xlsx
USGS-05447500,2005-02-25,21.775655029248,m3/s,00060,Discharge,1,gr-data.xlsx
USGS-05447500,2005-02-26,21.181001250816,m3/s,00060,Discharge,1,gr-data.xlsx
USGS-05447500,2005-02-27,20.784565398528002,m3/s,00060,Discharge,1,gr-data.xlsx
USGS-05447500,2005-02-28,21.747338182656,m3/s,00060,Discharge,1,gr-data.xlsx
USGS-05447500,2005-03-01,22.93664573952,m3/s,00060,Discharge,1,gr-data.xlsx
USGS-05447500,2005-03-02,22.540209887232,m3/s,00060,Discharge,1,gr-data.xlsx
USGS-05447500,2005-03-03,20.926149631488002,m3/s,00060,Discharge,1,gr-data.xlsx
USGS-05447500,2005-03-04,20.274862159872,m3/s,00060,Discharge,1,gr-data.xlsx
USGS-05447500,2005-03-05,19.793475767808,m3/s,00060,Discharge,1,gr-data.xlsx
USGS-05447500,2005-03-06,19.028920909824002,m3/s,00060,Discharge,1,gr-data.xlsx
USGS-05447500,2005-03-07,19.25545568256,m3/s,00060,Discharge,1,gr-data.xlsx
USGS-05447500,2005-03-08,19.595257841664,m3/s,00060,Discharge,1,gr-data.xlsx
USGS-05447500,2005-03-09,19.028920909824002,m3/s,00060,Discharge,1,gr-data.xlsx
USGS-05447500,2005-03-10,18.462583977984,m3/s,00060,Discharge,1,gr-data.xlsx
USGS-05447500,2005-03-11,18.689118750720002,m3/s,00060,Discharge,1,gr-data.xlsx
USGS-05447500,2005-03-12,18.179415512064,m3/s,00060,Discharge,1,gr-data.xlsx
USGS-05447500,2005-03-13,16.905157415424,m3/s,00060,Discharge,1,gr-data.xlsx
USGS-05447500,2005-03-14,16.310503636992,m3/s,00060,Discharge,1,gr-data.xlsx
USGS-05447500,2005-03-15,15.5742656256,m3/s,00060,Discharge,1,gr-data.xlsx
USGS-05447500,2005-03-16,15.00792869376,m3/s,00060,Discharge,1,gr-data.xlsx
USGS-05447500,2005-03-17,14.894661307392001,m3/s,00060,Discharge,1,gr-data.xlsx
USGS-05447500,2005-03-18,14.724760227840001,m3/s,00060,Discharge,1,gr-data.xlsx
USGS-05447500,2005-03-19,14.8663444608,m3/s,00060,Discharge,1,gr-data.xlsx
USGS-05447500,2005-03-20,14.724760227840001,m3/s,00060,Discharge,1,gr-data.xlsx
USGS-05447500,2005-03-21,14.045155909632001,m3/s,00060,Discharge,1,gr-data.xlsx
USGS-05447500,2005-03-22,13.818621136896,m3/s,00060,Discharge,1,gr-data.xlsx
USGS-05447500,2005-03-23,14.583175994880001,m3/s,00060,Discharge,1,gr-data.xlsx
USGS-05447500,2005-03-24,15.00792869376,m3/s,00060,Discharge,1,gr-data.xlsx
USGS-05447500,2005-03-25,22.058823495168,m3/s,00060,Discharge,1,gr-data.xlsx
USGS-05447500,2005-03-26,27.46734119424,m3/s,00060,Discharge,1,gr-data.xlsx
USGS-05447500,2005-03-27,25.62674616576,m3/s,00060,Discharge,1,gr-data.xlsx
USGS-05447500,2005-03-28,24.21090383616,m3/s,00060,Discharge,1,gr-data.xlsx
USGS-05447500,2005-03-29,22.710110966784,m3/s,00060,Discharge,1,gr-data.xlsx
USGS-05447500,2005-03-30,21.322585483776,m3/s,00060,Discharge,1,gr-data.xlsx
USGS-05447500,2005-03-31,20.133277926912,m3/s,00060,Discharge,1,gr-data.xlsx
USGS-05447500,2005-04-01,19.057237756416,m3/s,00060,Discharge,1,gr-data.xlsx
USGS-05447500,2005-04-02,18.26436605184,m3/s,00060,Discharge,1,gr-data.xlsx
USGS-05447500,2005-04-03,17.613078580224002,m3/s,00060,Discharge,1,gr-data.xlsx
USGS-05447500,2005-04-04,16.961791108608,m3/s,00060,Discharge,1,gr-data.xlsx
USGS-05447500,2005-04-05,16.452087869952,m3/s,00060,Discharge,1,gr-data.xlsx
USGS-05447500,2005-04-06,16.083968864256,m3/s,00060,Discharge,1,gr-data.xlsx
USGS-05447500,2005-04-07,15.659216165376,m3/s,00060,Discharge,1,gr-data.xlsx
USGS-05447500,2005-04-08,15.121196080128,m3/s,00060,Discharge,1,gr-data.xlsx
USGS-05447500,2005-04-09,14.554859148288001,m3/s,00060,Discharge,1,gr-data.xlsx
USGS-05447500,2005-04-10,14.215056989184001,m3/s,00060,Discharge,1,gr-data.xlsx
USGS-05447500,2005-04-11,13.903571676672,m3/s,00060,Discharge,1,gr-data.xlsx
USGS-05447500,2005-04-12,14.271690682368,m3/s,00060,Discharge,1,gr-data.xlsx
USGS-05447500,2005-04-13,15.092879233536001,m3/s,00060,Discharge,1,gr-data.xlsx
USGS-05447500,2005-04-14,14.639809688064,m3/s,00060,Discharge,1,gr-data.xlsx
USGS-05447500,2005-04-15,13.761987443712,m3/s,00060,Discharge,1,gr-data.xlsx
USGS-05447500,2005-04-16,13.02574943232,m3/s,00060,Discharge,1,gr-data.xlsx
USGS-05447500,2005-04-17,12.714264119808,m3/s,00060,Discharge,1,gr-data.xlsx
USGS-05447500,2005-04-18,12.459412500480001,m3/s,00060,Discharge,1,gr-data.xlsx
USGS-05447500,2005-04-19,12.062976648192,m3/s,00060,Discharge,1,gr-data.xlsx
USGS-05447500,2005-04-20,11.75149133568,m3/s,00060,Discharge,1,gr-data.xlsx
USGS-05447500,2005-04-21,11.581590256128,m3/s,00060,Discharge,1,gr-data.xlsx
USGS-05447500,2005-04-22,12.091293494784,m3/s,00060,Discharge,1,gr-data.xlsx
USGS-05447500,2005-04-23,12.997432585728001,m3/s,00060,Discharge,1,gr-data.xlsx
USGS-05447500,2005-04-24,12.544363040256,m3/s,00060,Discharge,1,gr-data.xlsx
USGS-05447500,2005-04-25,12.119610341376001,m3/s,00060,Discharge,1,gr-data.xlsx
USGS-05447500,2005-04-26,11.89307556864,m3/s,00060,Discharge,1,gr-data.xlsx
USGS-05447500,2005-04-27,11.723174489088,m3/s,00060,Discharge,1,gr-data.xlsx
USGS-05447500,2005-04-28,11.18515440384,m3/s,00060,Discharge,1,gr-data.xlsx
USGS-05447500,2005-04-29,10.675451165184,m3/s,00060,Discharge,1,gr-data.xlsx
USGS-05447500,2005-04-30,10.392282699264001,m3/s,00060,Discharge,1,gr-data.xlsx
USGS-05447500,2005-05-01,10.222381619712,m3/s,00060,Discharge,1,gr-data.xlsx
USGS-05447500,2005-05-02,10.137431079936,m3/s,00060,Discharge,1,gr-data.xlsx
USGS-05447500,2005-05-03,9.882579460608,m3/s,00060,Discharge,1,gr-data.xlsx
USGS-05447500,2005-05-04,9.514460454912001,m3/s,00060,Discharge,1,gr-data.xlsx
USGS-05447500,2005-05-05,9.287925682176,m3/s,00060,Discharge,1,gr-data.xlsx
USGS-05447500,2005-05-06,9.089707756032,m3/s,00060,Discharge,1,gr-data.xlsx
USGS-05447500,2005-05-07,8.976440369664001,m3/s,00060,Discharge,1,gr-data.xlsx
USGS-05447500,2005-05-08,8.693271903744,m3/s,00060,Discharge,1,gr-data.xlsx
USGS-05447500,2005-05-09,8.749905596928,m3/s,00060,Discharge,1,gr-data.xlsx
USGS-05447500,2005-05-10,8.4950539776,m3/s,00060,Discharge,1,gr-data.xlsx
USGS-05447500,2005-05-11,8.551687670784,m3/s,00060,Discharge,1,gr-data.xlsx
USGS-05447500,2005-05-12,8.608321363968,m3/s,00060,Discharge,1,gr-data.xlsx
USGS-05447500,2005-05-13,9.571094148096,m3/s,00060,Discharge,1,gr-data.xlsx
USGS-05447500,2005-05-14,9.740995227648,m3/s,00060,Discharge,1,gr-data.xlsx
USGS-05447500,2005-05-15,9.287925682176,m3/s,00060,Discharge,1,gr-data.xlsx
USGS-05447500,2005-05-16,9.118024602624,m3/s,00060,Discharge,1,gr-data.xlsx
USGS-05447500,2005-05-17,8.77822244352,m3/s,00060,Discharge,1,gr-data.xlsx
USGS-05447500,2005-05-18,8.381786591232,m3/s,00060,Discharge,1,gr-data.xlsx
USGS-05447500,2005-05-19,8.466737131008001,m3/s,00060,Discharge,1,gr-data.xlsx
USGS-05447500,2005-05-20,8.580004517376,m3/s,00060,Discharge,1,gr-data.xlsx
USGS-05447500,2005-05-21,8.693271903744,m3/s,00060,Discharge,1,gr-data.xlsx
USGS-05447500,2005-05-22,8.636638210560001,m3/s,00060,Discharge,1,gr-data.xlsx
USGS-05447500,2005-05-23,8.268519204864,m3/s,00060,Discharge,1,gr-data.xlsx
USGS-05447500,2005-05-24,7.900400199168001,m3/s,00060,Discharge,1,gr-data.xlsx
USGS-05447500,2005-05-25,7.64554857984,m3/s,00060,Discharge,1,gr-data.xlsx
USGS-05447500,2005-05-26,7.390696960512,m3/s,00060,Discharge,1,gr-data.xlsx
USGS-05447500,2005-05-27,7.305746420736,m3/s,00060,Discharge,1,gr-data.xlsx
USGS-05447500,2005-05-28,7.1924790343680005,m3/s,00060,Discharge,1,gr-data.xlsx
USGS-05447500,2005-05-29,7.22079588096,m3/s,00060,Discharge,1,gr-data.xlsx
USGS-05447500,2005-05-30,7.249112727552,m3/s,00060,Discharge,1,gr-data.xlsx
USGS-05447500,2005-05-31,7.022577954816001,m3/s,00060,Discharge,1,gr-data.xlsx
USGS-05447500,2005-06-01,6.767726335488001,m3/s,00060,Discharge,1,gr-data.xlsx
USGS-05447500,2005-06-02,6.51287471616,m3/s,00060,Discharge,1,gr-data.xlsx
USGS-05447500,2005-06-03,6.427924176384,m3/s,00060,Discharge,1,gr-data.xlsx
USGS-05447500,2005-06-04,6.626142102528,m3/s,00060,Discharge,1,gr-data.xlsx
USGS-05447500,2005-06-05,6.79604318208,m3/s,00060,Discharge,1,gr-data.xlsx
USGS-05447500,2005-06-06,6.682775795712,m3/s,00060,Discharge,1,gr-data.xlsx
USGS-05447500,2005-06-07,6.342973636608,m3/s,00060,Discharge,1,gr-data.xlsx
USGS-05447500,2005-06-08,6.597825255936,m3/s,00060,Discharge,1,gr-data.xlsx
USGS-05447500,2005-06-09,9.76931207424,m3/s,00060,Discharge,1,gr-data.xlsx
USGS-05447500,2005-06-10,12.232877727744,m3/s,00060,Discharge,1,gr-data.xlsx
USGS-05447500,2005-06-11,10.448916392448,m3/s,00060,Discharge,1,gr-data.xlsx
USGS-05447500,2005-06-12,9.316242528768,m3/s,00060,Discharge,1,gr-data.xlsx
USGS-05447500,2005-06-13,8.551687670784,m3/s,00060,Discharge,1,gr-data.xlsx
USGS-05447500,2005-06-14,8.041984432128,m3/s,00060,Discharge,1,gr-data.xlsx
USGS-05447500,2005-06-15,7.843766505984,m3/s,00060,Discharge,1,gr-data.xlsx
USGS-05447500,2005-06-16,7.50396434688,m3/s,00060,Discharge,1,gr-data.xlsx
USGS-05447500,2005-06-17,7.050894801408,m3/s,00060,Discharge,1,gr-data.xlsx
USGS-05447500,2005-06-18,6.79604318208,m3/s,00060,Discharge,1,gr-data.xlsx
USGS-05447500,2005-06-19,6.51287471616,m3/s,00060,Discharge,1,gr-data.xlsx
USGS-05447500,2005-06-20,6.314656790016,m3/s,00060,Discharge,1,gr-data.xlsx
USGS-05447500,2005-06-21,6.0598051706880005,m3/s,00060,Discharge,1,gr-data.xlsx
USGS-05447500,2005-06-22,5.833270397952,m3/s,00060,Discharge,1,gr-data.xlsx
USGS-05447500,2005-06-23,5.635052471808,m3/s,00060,Discharge,1,gr-data.xlsx
USGS-05447500,2005-06-24,5.465151392256,m3/s,00060,Discharge,1,gr-data.xlsx
USGS-05447500,2005-06-25,5.23861661952,m3/s,00060,Discharge,1,gr-data.xlsx
USGS-05447500,2005-06-26,5.153666079744,m3/s,00060,Discharge,1,gr-data.xlsx
USGS-05447500,2005-06-27,4.9271313070080005,m3/s,00060,Discharge,1,gr-data.xlsx
USGS-05447500,2005-06-28,4.700596534272,m3/s,00060,Discharge,1,gr-data.xlsx
USGS-05447500,2005-06-29,4.672279687680001,m3/s,00060,Discharge,1,gr-data.xlsx
USGS-05447500,2005-06-30,4.587329147904,m3/s,00060,Discharge,1,gr-data.xlsx
USGS-05447500,2005-07-01,4.559012301312,m3/s,00060,Discharge,1,gr-data.xlsx
USGS-05447500,2005-07-02,4.332477528576,m3/s,00060,Discharge,1,gr-data.xlsx
USGS-05447500,2005-07-03,4.304160681984,m3/s,00060,Discharge,1,gr-data.xlsx
USGS-05447500,2005-07-04,4.38911122176,m3/s,00060,Discharge,1,gr-data.xlsx
USGS-05447500,2005-07-05,4.332477528576,m3/s,00060,Discharge,1,gr-data.xlsx
USGS-05447500,2005-07-06,4.360794375168,m3/s,00060,Discharge,1,gr-data.xlsx
USGS-05447500,2005-07-07,4.219210142208,m3/s,00060,Discharge,1,gr-data.xlsx
USGS-05447500,2005-07-08,3.936041676288,m3/s,00060,Discharge,1,gr-data.xlsx
USGS-05447500,2005-07-09,3.624556363776,m3/s,00060,Discharge,1,gr-data.xlsx
USGS-05447500,2005-07-10,3.4263384376320003,m3/s,00060,Discharge,1,gr-data.xlsx
USGS-05447500,2005-07-11,3.228120511488,m3/s,00060,Discharge,1,gr-data.xlsx
USGS-05447500,2005-07-12,3.228120511488,m3/s,00060,Discharge,1,gr-data.xlsx
USGS-05447500,2005-07-13,3.482972130816,m3/s,00060,Discharge,1,gr-data.xlsx
USGS-05447500,2005-07-14,3.228120511488,m3/s,00060,Discharge,1,gr-data.xlsx
USGS-05447500,2005-07-15,2.76089254272,m3/s,00060,Discharge,1,gr-data.xlsx
USGS-05447500,2005-07-16,2.4890508154368,m3/s,00060,Discharge,1,gr-data.xlsx
USGS-05447500,2005-07-17,2.3333081591808003,m3/s,00060,Discharge,1,gr-data.xlsx
USGS-05447500,2005-07-18,2.05297137792,m3/s,00060,Discharge,1,gr-data.xlsx
USGS-05447500,2005-07-19,1.9793475767808002,m3/s,00060,Discharge,1,gr-data.xlsx
USGS-05447500,2005-07-20,1.98217926144,m3/s,00060,Discharge,1,gr-data.xlsx
USGS-05447500,2005-07-21,1.968020838144,m3/s,00060,Discharge,1,gr-data.xlsx
USGS-05447500,2005-07-22,1.7188325881344002,m3/s,00060,Discharge,1,gr-data.xlsx
USGS-05447500,2005-07-23,1.6310503636992,m3/s,00060,Discharge,1,gr-data.xlsx
USGS-05447500,2005-07-24,1.529109715968,m3/s,00060,Discharge,1,gr-data.xlsx
USGS-05447500,2005-07-25,1.4300007528960001,m3/s,00060,Discharge,1,gr-data.xlsx
USGS-05447500,2005-07-26,1.7584761733632002,m3/s,00060,Discharge,1,gr-data.xlsx
USGS-05447500,2005-07-27,3.284754204672,m3/s,00060,Discharge,1,gr-data.xlsx
USGS-05447500,2005-07-28,3.171486818304,m3/s,00060,Discharge,1,gr-data.xlsx
USGS-05447500,2005-07-29,2.4748923921408004,m3/s,00060,Discharge,1,gr-data.xlsx
USGS-05447500,2005-07-30,2.2908328892928003,m3/s,00060,Discharge,1,gr-data.xlsx
USGS-05447500,2005-07-31,2.1549120256511998,m3/s,00060,Discharge,1,gr-data.xlsx
USGS-05447500,2005-08-01,2.05297137792,m3/s,00060,Discharge,1,gr-data.xlsx
USGS-05447500,2005-08-02,1.9227138835968003,m3/s,00060,Discharge,1,gr-data.xlsx
USGS-05447500,2005-08-03,1.8490900824576,m3/s,00060,Discharge,1,gr-data.xlsx
USGS-05447500,2005-08-04,1.7584761733632002,m3/s,00060,Discharge,1,gr-data.xlsx
USGS-05447500,2005-08-05,1.656535525632,m3/s,00060,Discharge,1,gr-data.xlsx
USGS-05447500,2005-08-06,1.5772483551744,m3/s,00060,Discharge,1,gr-data.xlsx
USGS-05447500,2005-08-07,1.5064562386944,m3/s,00060,Discharge,1,gr-data.xlsx
USGS-05447500,2005-08-08,1.4384958068736,m3/s,00060,Discharge,1,gr-data.xlsx
USGS-05447500,2005-08-09,1.3082383125504,m3/s,00060,Discharge,1,gr-data.xlsx
USGS-05447500,2005-08-10,1.20346598016,m3/s,00060,Discharge,1,gr-data.xlsx
USGS-05447500,2005-08-11,1.48663444608,m3/s,00060,Discharge,1,gr-data.xlsx
USGS-05447500,2005-08-12,1.854753451776,m3/s,00060,Discharge,1,gr-data.xlsx
USGS-05447500,2005-08-13,2.237030880768,m3/s,00060,Discharge,1,gr-data.xlsx
USGS-05447500,2005-08-14,2.0161594773504,m3/s,00060,Discharge,1,gr-data.xlsx
USGS-05447500,2005-08-15,1.826436605184,m3/s,00060,Discharge,1,gr-data.xlsx
USGS-05447500,2005-08-16,1.7216642727936,m3/s,00060,Discharge,1,gr-data.xlsx
USGS-05447500,2005-08-17,1.6593672102912,m3/s,00060,Discharge,1,gr-data.xlsx
USGS-05447500,2005-08-18,1.6027335171072001,m3/s,00060,Discharge,1,gr-data.xlsx
USGS-05447500,2005-08-19,1.6112285710848,m3/s,00060,Discharge,1,gr-data.xlsx
USGS-05447500,2005-08-20,2.0756248551936,m3/s,00060,Discharge,1,gr-data.xlsx
USGS-05447500,2005-08-21,2.3106546819072,m3/s,00060,Discharge,1,gr-data.xlsx
USGS-05447500,2005-08-22,1.9481990455295999,m3/s,00060,Discharge,1,gr-data.xlsx
USGS-05447500,2005-08-23,1.8462583977984002,m3/s,00060,Discharge,1,gr-data.xlsx
USGS-05447500,2005-08-24,1.741486065408,m3/s,00060,Discharge,1,gr-data.xlsx
USGS-05447500,2005-08-25,1.6678622642688,m3/s,00060,Discharge,1,gr-data.xlsx
USGS-05447500,2005-08-26,1.6791890029056,m3/s,00060,Discharge,1,gr-data.xlsx
USGS-05447500,2005-08-27,1.69901079552,m3/s,00060,Discharge,1,gr-data.xlsx
USGS-05447500,2005-08-28,1.6253869943808,m3/s,00060,Discharge,1,gr-data.xlsx
USGS-05447500,2005-08-29,1.5347730852864,m3/s,00060,Discharge,1,gr-data.xlsx
USGS-05447500,2005-08-30,1.4554859148288,m3/s,00060,Discharge,1,gr-data.xlsx
USGS-05447500,2005-08-31,1.3422185284608,m3/s,00060,Discharge,1,gr-data.xlsx
USGS-05447500,2005-09-01,1.2827531506176,m3/s,00060,Discharge,1,gr-data.xlsx
USGS-05447500,2005-09-02,1.2855848352768,m3/s,00060,Discharge,1,gr-data.xlsx
USGS-05447500,2005-09-03,1.2487729347072,m3/s,00060,Discharge,1,gr-data.xlsx
USGS-05447500,2005-09-04,1.2827531506176,m3/s,00060,Discharge,1,gr-data.xlsx
USGS-05447500,2005-09-05,1.359208636416,m3/s,00060,Discharge,1,gr-data.xlsx
USGS-05447500,2005-09-06,1.2544363040256,m3/s,00060,Discharge,1,gr-data.xlsx
USGS-05447500,2005-09-07,1.2402778807296,m3/s,00060,Discharge,1,gr-data.xlsx
USGS-05447500,2005-09-08,1.1694857642496,m3/s,00060,Discharge,1,gr-data.xlsx
USGS-05447500,2005-09-09,1.2232877727744,m3/s,00060,Discharge,1,gr-data.xlsx
USGS-05447500,2005-09-10,1.2374461960704002,m3/s,00060,Discharge,1,gr-data.xlsx
USGS-05447500,2005-09-11,1.1524956562944002,m3/s,00060,Discharge,1,gr-data.xlsx
USGS-05447500,2005-09-12,1.0986936477695999,m3/s,00060,Discharge,1,gr-data.xlsx
USGS-05447500,2005-09-13,1.033564900608,m3/s,00060,Discharge,1,gr-data.xlsx
USGS-05447500,2005-09-14,1.1071887017472,m3/s,00060,Discharge,1,gr-data.xlsx
USGS-05447500,2005-09-15,1.3620403210752001,m3/s,00060,Discharge,1,gr-data.xlsx
USGS-05447500,2005-09-16,1.7216642727936,m3/s,00060,Discharge,1,gr-data.xlsx
USGS-05447500,2005-09-17,1.585743409152,m3/s,00060,Discharge,1,gr-data.xlsx
USGS-05447500,2005-09-18,1.5149512926720001,m3/s,00060,Discharge,1,gr-data.xlsx
USGS-05447500,2005-09-19,1.458317599488,m3/s,00060,Discharge,1,gr-data.xlsx
USGS-05447500,2005-09-20,1.3903571676672002,m3/s,00060,Discharge,1,gr-data.xlsx
USGS-05447500,2005-09-21,1.387525483008,m3/s,00060,Discharge,1,gr-data.xlsx
USGS-05447500,2005-09-22,1.3365551591424,m3/s,00060,Discharge,1,gr-data.xlsx
USGS-05447500,2005-09-23,1.3988522216448,m3/s,00060,Discharge,1,gr-data.xlsx
USGS-05447500,2005-09-24,1.316733366528,m3/s,00060,Discharge,1,gr-data.xlsx
USGS-05447500,2005-09-25,1.3790304290304,m3/s,00060,Discharge,1,gr-data.xlsx
USGS-05447500,2005-09-26,1.4951295000576,m3/s,00060,Discharge,1,gr-data.xlsx
USGS-05447500,2005-09-27,1.4894661307392,m3/s,00060,Discharge,1,gr-data.xlsx
USGS-05447500,2005-09-28,1.5149512926720001,m3/s,00060,Discharge,1,gr-data.xlsx
USGS-05447500,2005-09-29,1.5545948779008,m3/s,00060,Discharge,1,gr-data.xlsx
USGS-05447500,2005-09-30,1.5262780313088,m3/s,00060,Discharge,1,gr-data.xlsx
USGS-05447500,2005-10-01,1.48663444608,m3/s,00060,Discharge,1,gr-data.xlsx
USGS-05447500,2005-10-02,1.4413274915328,m3/s,00060,Discharge,1,gr-data.xlsx
USGS-05447500,2005-10-03,1.4413274915328,m3/s,00060,Discharge,1,gr-data.xlsx
USGS-05447500,2005-10-04,1.5064562386944,m3/s,00060,Discharge,1,gr-data.xlsx
USGS-05447500,2005-10-05,1.4526542301696,m3/s,00060,Discharge,1,gr-data.xlsx
USGS-05447500,2005-10-06,1.4356641222144002,m3/s,00060,Discharge,1,gr-data.xlsx
USGS-05447500,2005-10-07,1.3705353750528,m3/s,00060,Discharge,1,gr-data.xlsx
USGS-05447500,2005-10-08,1.3422185284608,m3/s,00060,Discharge,1,gr-data.xlsx
USGS-05447500,2005-10-09,1.3252284205056,m3/s,00060,Discharge,1,gr-data.xlsx
USGS-05447500,2005-10-10,1.3507135824384002,m3/s,00060,Discharge,1,gr-data.xlsx
USGS-05447500,2005-10-11,1.401683906304,m3/s,00060,Discharge,1,gr-data.xlsx
USGS-05447500,2005-10-12,1.4356641222144002,m3/s,00060,Discharge,1,gr-data.xlsx
USGS-05447500,2005-10-13,1.4498225455104001,m3/s,00060,Discharge,1,gr-data.xlsx
USGS-05447500,2005-10-14,1.4073472756224001,m3/s,00060,Discharge,1,gr-data.xlsx
USGS-05447500,2005-10-15,1.3563769517568,m3/s,00060,Discharge,1,gr-data.xlsx
USGS-05447500,2005-10-16,1.3337234744832,m3/s,00060,Discharge,1,gr-data.xlsx
USGS-05447500,2005-10-17,1.34505021312,m3/s,00060,Discharge,1,gr-data.xlsx
USGS-05447500,2005-10-18,1.3054066278912,m3/s,00060,Discharge,1,gr-data.xlsx
USGS-05447500,2005-10-19,1.2997432585728,m3/s,00060,Discharge,1,gr-data.xlsx
USGS-05447500,2005-10-20,1.3139016818688,m3/s,00060,Discharge,1,gr-data.xlsx
USGS-05447500,2005-10-21,1.4498225455104001,m3/s,00060,Discharge,1,gr-data.xlsx
USGS-05447500,2005-10-22,1.4838027614208,m3/s,00060,Discharge,1,gr-data.xlsx
USGS-05447500,2005-10-23,1.4384958068736,m3/s,00060,Discharge,1,gr-data.xlsx
USGS-05447500,2005-10-24,1.500792869376,m3/s,00060,Discharge,1,gr-data.xlsx
USGS-05447500,2005-10-25,1.543268139264,m3/s,00060,Discharge,1,gr-data.xlsx
USGS-05447500,2005-10-26,1.543268139264,m3/s,00060,Discharge,1,gr-data.xlsx
USGS-05447500,2005-10-27,1.5404364546048,m3/s,00060,Discharge,1,gr-data.xlsx
USGS-05447500,2005-10-28,1.5121196080128,m3/s,00060,Discharge,1,gr-data.xlsx
USGS-05447500,2005-10-29,1.4979611847168,m3/s,00060,Discharge,1,gr-data.xlsx
USGS-05447500,2005-10-30,1.5347730852864,m3/s,00060,Discharge,1,gr-data.xlsx
USGS-05447500,2005-10-31,1.5149512926720001,m3/s,00060,Discharge,1,gr-data.xlsx
USGS-05447500,2005-11-01,1.5404364546048,m3/s,00060,Discharge,1,gr-data.xlsx
USGS-05447500,2005-11-02,1.5121196080128,m3/s,00060,Discharge,1,gr-data.xlsx
USGS-05447500,2005-11-03,1.5092879233536,m3/s,00060,Discharge,1,gr-data.xlsx
USGS-05447500,2005-11-04,1.5404364546048,m3/s,00060,Discharge,1,gr-data.xlsx
USGS-05447500,2005-11-05,1.5744166705152,m3/s,00060,Discharge,1,gr-data.xlsx
USGS-05447500,2005-11-06,1.8632485057536,m3/s,00060,Discharge,1,gr-data.xlsx
USGS-05447500,2005-11-07,1.7584761733632002,m3/s,00060,Discharge,1,gr-data.xlsx
USGS-05447500,2005-11-08,1.7584761733632002,m3/s,00060,Discharge,1,gr-data.xlsx
USGS-05447500,2005-11-09,1.7188325881344002,m3/s,00060,Discharge,1,gr-data.xlsx
USGS-05447500,2005-11-10,1.6621988949504,m3/s,00060,Discharge,1,gr-data.xlsx
USGS-05447500,2005-11-11,1.656535525632,m3/s,00060,Discharge,1,gr-data.xlsx
USGS-05447500,2005-11-12,1.6225553097216,m3/s,00060,Discharge,1,gr-data.xlsx
USGS-05447500,2005-11-13,1.7103375341568,m3/s,00060,Discharge,1,gr-data.xlsx
USGS-05447500,2005-11-14,1.727327642112,m3/s,00060,Discharge,1,gr-data.xlsx
USGS-05447500,2005-11-15,1.8349316591616,m3/s,00060,Discharge,1,gr-data.xlsx
USGS-05447500,2005-11-16,1.9312089375744002,m3/s,00060,Discharge,1,gr-data.xlsx
USGS-05447500,2005-11-17,1.6791890029056,m3/s,00060,Discharge,1,gr-data.xlsx
USGS-05447500,2005-11-18,1.8490900824576,m3/s,00060,Discharge,1,gr-data.xlsx
USGS-05447500,2005-11-19,1.9227138835968003,m3/s,00060,Discharge,1,gr-data.xlsx
USGS-05447500,2005-11-20,1.939703991552,m3/s,00060,Discharge,1,gr-data.xlsx
USGS-05447500,2005-11-21,1.8575851364351998,m3/s,00060,Discharge,1,gr-data.xlsx
USGS-05447500,2005-11-22,1.7754662813184001,m3/s,00060,Discharge,1,gr-data.xlsx
USGS-05447500,2005-11-23,1.8094464972288,m3/s,00060,Discharge,1,gr-data.xlsx
USGS-05447500,2005-11-24,1.7811296506368,m3/s,00060,Discharge,1,gr-data.xlsx
USGS-05447500,2005-11-25,1.9623574688256,m3/s,00060,Discharge,1,gr-data.xlsx
USGS-05447500,2005-11-26,1.7924563892736,m3/s,00060,Discharge,1,gr-data.xlsx
USGS-05447500,2005-11-27,1.9283772529152,m3/s,00060,Discharge,1,gr-data.xlsx
USGS-05447500,2005-11-28,2.5315260853248,m3/s,00060,Discharge,1,gr-data.xlsx
USGS-05447500,2005-11-29,2.4324171222528004,m3/s,00060,Discharge,1,gr-data.xlsx
USGS-05447500,2005-11-30,2.1039417017856,m3/s,00060,Discharge,1,gr-data.xlsx
USGS-05447500,2005-12-01,2.0218228466688,m3/s,00060,Discharge,1,gr-data.xlsx
USGS-05447500,2005-12-02,2.26534772736,m3/s,00060,Discharge,1,gr-data.xlsx
USGS-05447500,2005-12-03,2.520199346688,m3/s,00060,Discharge,1,gr-data.xlsx
USGS-05447500,2005-12-04,2.2880012046336,m3/s,00060,Discharge,1,gr-data.xlsx
USGS-05447500,2005-12-05,2.364456690432,m3/s,00060,Discharge,1,gr-data.xlsx
USGS-05447500,2005-12-06,2.2172090881536,m3/s,00060,Discharge,1,gr-data.xlsx
USGS-05447500,2005-12-07,2.180397187584,m3/s,00060,Discharge,1,gr-data.xlsx
USGS-05447500,2005-12-08,2.152080340992,m3/s,00060,Discharge,1,gr-data.xlsx
USGS-05447500,2005-12-09,2.152080340992,m3/s,00060,Discharge,1,gr-data.xlsx
USGS-05447500,2005-12-10,2.26534772736,m3/s,00060,Discharge,1,gr-data.xlsx
USGS-05447500,2005-12-11,2.3786151137280003,m3/s,00060,Discharge,1,gr-data.xlsx
USGS-05447500,2005-12-12,2.321981420544,m3/s,00060,Discharge,1,gr-data.xlsx
USGS-05447500,2005-12-13,2.26534772736,m3/s,00060,Discharge,1,gr-data.xlsx
USGS-05447500,2005-12-14,2.26534772736,m3/s,00060,Discharge,1,gr-data.xlsx
USGS-05447500,2005-12-15,2.26534772736,m3/s,00060,Discharge,1,gr-data.xlsx
USGS-05447500,2005-12-16,2.26534772736,m3/s,00060,Discharge,1,gr-data.xlsx
USGS-05447500,2005-12-17,2.26534772736,m3/s,00060,Discharge,1,gr-data.xlsx
USGS-05447500,2005-12-18,2.321981420544,m3/s,00060,Discharge,1,gr-data.xlsx
USGS-05447500,2005-12-19,2.321981420544,m3/s,00060,Discharge,1,gr-data.xlsx
USGS-05447500,2005-12-20,2.321981420544,m3/s,00060,Discharge,1,gr-data.xlsx
USGS-05447500,2005-12-21,2.321981420544,m3/s,00060,Discharge,1,gr-data.xlsx
USGS-05447500,2005-12-22,2.321981420544,m3/s,00060,Discharge,1,gr-data.xlsx
USGS-05447500,2005-12-23,2.321981420544,m3/s,00060,Discharge,1,gr-data.xlsx
USGS-05447500,2005-12-24,2.26534772736,m3/s,00060,Discharge,1,gr-data.xlsx
USGS-05447500,2005-12-25,2.26534772736,m3/s,00060,Discharge,1,gr-data.xlsx
USGS-05447500,2005-12-26,2.208714034176,m3/s,00060,Discharge,1,gr-data.xlsx
USGS-05447500,2005-12-27,2.321981420544,m3/s,00060,Discharge,1,gr-data.xlsx
USGS-05447500,2005-12-28,2.5485161932800002,m3/s,00060,Discharge,1,gr-data.xlsx
USGS-05447500,2005-12-29,2.605149886464,m3/s,00060,Discharge,1,gr-data.xlsx
USGS-05447500,2005-12-30,2.605149886464,m3/s,00060,Discharge,1,gr-data.xlsx
USGS-05447500,2005-12-31,2.8316846592,m3/s,00060,Discharge,1,gr-data.xlsx
USGS-05447500,2006-01-01,3.284754204672,m3/s,00060,Discharge,1,gr-data.xlsx
USGS-05447500,2006-01-02,3.482972130816,m3/s,00060,Discharge,1,gr-data.xlsx
USGS-05447500,2006-01-03,3.851091136512,m3/s,00060,Discharge,1,gr-data.xlsx
USGS-05447500,2006-01-04,4.275843835392,m3/s,00060,Discharge,1,gr-data.xlsx
USGS-05447500,2006-01-05,3.652873210368,m3/s,00060,Discharge,1,gr-data.xlsx
USGS-05447500,2006-01-06,2.4890508154368,m3/s,00060,Discharge,1,gr-data.xlsx
USGS-05447500,2006-01-07,1.5659216165376,m3/s,00060,Discharge,1,gr-data.xlsx
USGS-05447500,2006-01-08,1.9057237756416,m3/s,00060,Discharge,1,gr-data.xlsx
USGS-05447500,2006-01-09,1.6735256335872002,m3/s,00060,Discharge,1,gr-data.xlsx
USGS-05447500,2006-01-10,1.4186740142592,m3/s,00060,Discharge,1,gr-data.xlsx
USGS-05447500,2006-01-11,1.599901832448,m3/s,00060,Discharge,1,gr-data.xlsx
USGS-05447500,2006-01-12,1.599901832448,m3/s,00060,Discharge,1,gr-data.xlsx
USGS-05447500,2006-01-13,1.5545948779008,m3/s,00060,Discharge,1,gr-data.xlsx
USGS-05447500,2006-01-14,1.2346145114112002,m3/s,00060,Discharge,1,gr-data.xlsx
USGS-05447500,2006-01-15,1.3082383125504,m3/s,00060,Discharge,1,gr-data.xlsx
USGS-05447500,2006-01-16,1.5914067784704,m3/s,00060,Discharge,1,gr-data.xlsx
USGS-05447500,2006-01-17,1.4611492841472,m3/s,00060,Discharge,1,gr-data.xlsx
USGS-05447500,2006-01-18,1.1638223949312,m3/s,00060,Discharge,1,gr-data.xlsx
USGS-05447500,2006-01-19,1.1949709261824002,m3/s,00060,Discharge,1,gr-data.xlsx
USGS-05447500,2006-01-20,1.4668126534655999,m3/s,00060,Discharge,1,gr-data.xlsx
USGS-05447500,2006-01-21,0.8891489829888,m3/s,00060,Discharge,1,gr-data.xlsx
USGS-05447500,2006-01-22,0.934455937536,m3/s,00060,Discharge,1,gr-data.xlsx
USGS-05447500,2006-01-23,1.019406477312,m3/s,00060,Discharge,1,gr-data.xlsx
USGS-05447500,2006-01-24,1.076040170496,m3/s,00060,Discharge,1,gr-data.xlsx
USGS-05447500,2006-01-25,1.1893075568640001,m3/s,00060,Discharge,1,gr-data.xlsx
USGS-05447500,2006-01-26,1.2912482045952,m3/s,00060,Discharge,1,gr-data.xlsx
USGS-05447500,2006-01-27,1.571584985856,m3/s,00060,Discharge,1,gr-data.xlsx
USGS-05447500,2006-01-28,1.6593672102912,m3/s,00060,Discharge,1,gr-data.xlsx
USGS-05447500,2006-01-29,4.445744914944,m3/s,00060,Discharge,1,gr-data.xlsx
USGS-05447500,2006-01-30,8.325152898048,m3/s,00060,Discharge,1,gr-data.xlsx
USGS-05447500,2006-01-31,7.532281193472,m3/s,00060,Discharge,1,gr-data.xlsx
USGS-05447500,2006-02-01,6.484557869568,m3/s,00060,Discharge,1,gr-data.xlsx
USGS-05447500,2006-02-02,5.493468238848,m3/s,00060,Discharge,1,gr-data.xlsx
USGS-05447500,2006-02-03,4.983765000192,m3/s,00060,Discharge,1,gr-data.xlsx
USGS-05447500,2006-02-04,4.587329147904,m3/s,00060,Discharge,1,gr-data.xlsx
USGS-05447500,2006-02-05,3.4263384376320003,m3/s,00060,Discharge,1,gr-data.xlsx
USGS-05447500,2006-02-06,3.39802159104,m3/s,00060,Discharge,1,gr-data.xlsx
USGS-05447500,2006-02-07,3.1148531251200002,m3/s,00060,Discharge,1,gr-data.xlsx
USGS-05447500,2006-02-08,3.539605824,m3/s,00060,Discharge,1,gr-data.xlsx
USGS-05447500,2006-02-09,2.6447934716928003,m3/s,00060,Discharge,1,gr-data.xlsx
USGS-05447500,2006-02-10,3.567922670592,m3/s,00060,Discharge,1,gr-data.xlsx
USGS-05447500,2006-02-11,3.624556363776,m3/s,00060,Discharge,1,gr-data.xlsx
USGS-05447500,2006-02-12,3.058219431936,m3/s,00060,Discharge,1,gr-data.xlsx
USGS-05447500,2006-02-13,3.143169971712,m3/s,00060,Discharge,1,gr-data.xlsx
USGS-05447500,2006-02-14,2.916635198976,m3/s,00060,Discharge,1,gr-data.xlsx
USGS-05447500,2006-02-15,3.709506903552,m3/s,00060,Discharge,1,gr-data.xlsx
USGS-05447500,2006-02-16,3.228120511488,m3/s,00060,Discharge,1,gr-data.xlsx
USGS-05447500,2006-02-17,3.199803664896,m3/s,00060,Discharge,1,gr-data.xlsx
USGS-05447500,2006-02-18,3.1148531251200002,m3/s,00060,Discharge,1,gr-data.xlsx
USGS-05447500,2006-02-19,2.97326889216,m3/s,00060,Discharge,1,gr-data.xlsx
USGS-05447500,2006-02-20,2.8316846592,m3/s,00060,Discharge,1,gr-data.xlsx
USGS-05447500,2006-02-21,2.8316846592,m3/s,00060,Discharge,1,gr-data.xlsx
USGS-05447500,2006-02-22,2.8316846592,m3/s,00060,Discharge,1,gr-data.xlsx
USGS-05447500,2006-02-23,2.775050966016,m3/s,00060,Discharge,1,gr-data.xlsx
USGS-05447500,2006-02-24,2.718417272832,m3/s,00060,Discharge,1,gr-data.xlsx
USGS-05447500,2006-02-25,2.661783579648,m3/s,00060,Discharge,1,gr-data.xlsx
USGS-05447500,2006-02-26,2.6221399944192,m3/s,00060,Discharge,1,gr-data.xlsx
USGS-05447500,2006-02-27,2.732575696128,m3/s,00060,Discharge,1,gr-data.xlsx
USGS-05447500,2006-02-28,2.5032092387328,m3/s,00060,Discharge,1,gr-data.xlsx
USGS-05447500,2006-03-01,2.3106546819072,m3/s,00060,Discharge,1,gr-data.xlsx
USGS-05447500,2006-03-02,2.2880012046336,m3/s,00060,Discharge,1,gr-data.xlsx
USGS-05447500,2006-03-03,2.1690704489472,m3/s,00060,Discharge,1,gr-data.xlsx
USGS-05447500,2006-03-04,2.137921917696,m3/s,00060,Discharge,1,gr-data.xlsx
USGS-05447500,2006-03-05,2.2880012046336,m3/s,00060,Discharge,1,gr-data.xlsx
USGS-05447500,2006-03-06,2.4833874461184,m3/s,00060,Discharge,1,gr-data.xlsx
USGS-05447500,2006-03-07,2.5881597785088,m3/s,00060,Discharge,1,gr-data.xlsx
USGS-05447500,2006-03-08,3.0299025853440003,m3/s,00060,Discharge,1,gr-data.xlsx
USGS-05447500,2006-03-09,3.9077248296960003,m3/s,00060,Discharge,1,gr-data.xlsx
USGS-05447500,2006-03-10,4.983765000192,m3/s,00060,Discharge,1,gr-data.xlsx
USGS-05447500,2006-03-11,5.465151392256,m3/s,00060,Discharge,1,gr-data.xlsx
USGS-05447500,2006-03-12,6.626142102528,m3/s,00060,Discharge,1,gr-data.xlsx
USGS-05447500,2006-03-13,9.656044687872,m3/s,00060,Discharge,1,gr-data.xlsx
USGS-05447500,2006-03-14,12.402778807296,m3/s,00060,Discharge,1,gr-data.xlsx
USGS-05447500,2006-03-15,13.195650511872,m3/s,00060,Discharge,1,gr-data.xlsx
USGS-05447500,2006-03-16,10.901985937920001,m3/s,00060,Discharge,1,gr-data.xlsx
USGS-05447500,2006-03-17,9.599410994688,m3/s,00060,Discharge,1,gr-data.xlsx
USGS-05447500,2006-03-18,8.410103437824,m3/s,00060,Discharge,1,gr-data.xlsx
USGS-05447500,2006-03-19,7.588914886656,m3/s,00060,Discharge,1,gr-data.xlsx
USGS-05447500,2006-03-20,7.079211648,m3/s,00060,Discharge,1,gr-data.xlsx
USGS-05447500,2006-03-21,6.880993721856,m3/s,00060,Discharge,1,gr-data.xlsx
USGS-05447500,2006-03-22,6.456241022976,m3/s,00060,Discharge,1,gr-data.xlsx
USGS-05447500,2006-03-23,6.2297062502400005,m3/s,00060,Discharge,1,gr-data.xlsx
USGS-05447500,2006-03-24,6.031488324096,m3/s,00060,Discharge,1,gr-data.xlsx
USGS-05447500,2006-03-25,5.8899040911360006,m3/s,00060,Discharge,1,gr-data.xlsx
USGS-05447500,2006-03-26,5.691686164992,m3/s,00060,Discharge,1,gr-data.xlsx
USGS-05447500,2006-03-27,5.578418778624,m3/s,00060,Discharge,1,gr-data.xlsx
USGS-05447500,2006-03-28,5.861587244544,m3/s,00060,Discharge,1,gr-data.xlsx
USGS-05447500,2006-03-29,5.776636704768,m3/s,00060,Discharge,1,gr-data.xlsx
USGS-05447500,2006-03-30,5.578418778624,m3/s,00060,Discharge,1,gr-data.xlsx
USGS-05447500,2006-03-31,6.3712904832,m3/s,00060,Discharge,1,gr-data.xlsx
USGS-05447500,2006-04-01,8.636638210560001,m3/s,00060,Discharge,1,gr-data.xlsx
USGS-05447500,2006-04-02,9.033074062848,m3/s,00060,Discharge,1,gr-data.xlsx
USGS-05447500,2006-04-03,11.213471250432,m3/s,00060,Discharge,1,gr-data.xlsx
USGS-05447500,2006-04-04,18.151098665472002,m3/s,00060,Discharge,1,gr-data.xlsx
USGS-05447500,2006-04-05,18.632485057536,m3/s,00060,Discharge,1,gr-data.xlsx
USGS-05447500,2006-04-06,16.055652017664002,m3/s,00060,Discharge,1,gr-data.xlsx
USGS-05447500,2006-04-07,14.838027614208,m3/s,00060,Discharge,1,gr-data.xlsx
USGS-05447500,2006-04-08,13.393868438016,m3/s,00060,Discharge,1,gr-data.xlsx
USGS-05447500,2006-04-09,12.006342955008,m3/s,00060,Discharge,1,gr-data.xlsx
USGS-05447500,2006-04-10,10.958619631104,m3/s,00060,Discharge,1,gr-data.xlsx
USGS-05447500,2006-04-11,10.392282699264001,m3/s,00060,Discharge,1,gr-data.xlsx
USGS-05447500,2006-04-12,9.995846846976,m3/s,00060,Discharge,1,gr-data.xlsx
USGS-05447500,2006-04-13,9.542777301504,m3/s,00060,Discharge,1,gr-data.xlsx
USGS-05447500,2006-04-14,10.080797386752,m3/s,00060,Discharge,1,gr-data.xlsx
USGS-05447500,2006-04-15,10.533866932224,m3/s,00060,Discharge,1,gr-data.xlsx
USGS-05447500,2006-04-16,12.17624403456,m3/s,00060,Discharge,1,gr-data.xlsx
USGS-05447500,2006-04-17,19.68020838144,m3/s,00060,Discharge,1,gr-data.xlsx
USGS-05447500,2006-04-18,26.05149886464,m3/s,00060,Discharge,1,gr-data.xlsx
USGS-05447500,2006-04-19,21.803971875840002,m3/s,00060,Discharge,1,gr-data.xlsx
USGS-05447500,2006-04-20,18.179415512064,m3/s,00060,Discharge,1,gr-data.xlsx
USGS-05447500,2006-04-21,16.112285710848,m3/s,00060,Discharge,1,gr-data.xlsx
USGS-05447500,2006-04-22,14.668126534656,m3/s,00060,Discharge,1,gr-data.xlsx
USGS-05447500,2006-04-23,13.648720057344,m3/s,00060,Discharge,1,gr-data.xlsx
USGS-05447500,2006-04-24,12.827531506176001,m3/s,00060,Discharge,1,gr-data.xlsx
USGS-05447500,2006-04-25,12.204560881152,m3/s,00060,Discharge,1,gr-data.xlsx
USGS-05447500,2006-04-26,11.808125028864,m3/s,00060,Discharge,1,gr-data.xlsx
USGS-05447500,2006-04-27,11.213471250432,m3/s,00060,Discharge,1,gr-data.xlsx
USGS-05447500,2006-04-28,10.590500625408,m3/s,00060,Discharge,1,gr-data.xlsx
USGS-05447500,2006-04-29,10.250698466304,m3/s,00060,Discharge,1,gr-data.xlsx
USGS-05447500,2006-04-30,12.459412500480001,m3/s,00060,Discharge,1,gr-data.xlsx
USGS-05447500,2006-05-01,21.407536023552,m3/s,00060,Discharge,1,gr-data.xlsx
USGS-05447500,2006-05-02,24.748923921408,m3/s,00060,Discharge,1,gr-data.xlsx
USGS-05447500,2006-05-03,21.832288722432,m3/s,00060,Discharge,1,gr-data.xlsx
USGS-05447500,2006-05-04,19.340406222336,m3/s,00060,Discharge,1,gr-data.xlsx
USGS-05447500,2006-05-05,17.584761733632,m3/s,00060,Discharge,1,gr-data.xlsx
USGS-05447500,2006-05-06,16.395454176768002,m3/s,00060,Discharge,1,gr-data.xlsx
USGS-05447500,2006-05-07,15.121196080128,m3/s,00060,Discharge,1,gr-data.xlsx
USGS-05447500,2006-05-08,14.243373835776,m3/s,00060,Discharge,1,gr-data.xlsx
USGS-05447500,2006-05-09,13.73367059712,m3/s,00060,Discharge,1,gr-data.xlsx
USGS-05447500,2006-05-10,13.705353750528001,m3/s,00060,Discharge,1,gr-data.xlsx
USGS-05447500,2006-05-11,13.054066278912,m3/s,00060,Discharge,1,gr-data.xlsx
USGS-05447500,2006-05-12,13.195650511872,m3/s,00060,Discharge,1,gr-data.xlsx
USGS-05447500,2006-05-13,13.4505021312,m3/s,00060,Discharge,1,gr-data.xlsx
USGS-05447500,2006-05-14,13.365551591424,m3/s,00060,Discharge,1,gr-data.xlsx
USGS-05447500,2006-05-15,13.252284205056,m3/s,00060,Discharge,1,gr-data.xlsx
USGS-05447500,2006-05-16,14.44159176192,m3/s,00060,Discharge,1,gr-data.xlsx
USGS-05447500,2006-05-17,14.809710767616,m3/s,00060,Discharge,1,gr-data.xlsx
USGS-05447500,2006-05-18,17.386543807488,m3/s,00060,Discharge,1,gr-data.xlsx
USGS-05447500,2006-05-19,16.027335171072,m3/s,00060,Discharge,1,gr-data.xlsx
USGS-05447500,2006-05-20,14.498225455104,m3/s,00060,Discharge,1,gr-data.xlsx
USGS-05447500,2006-05-21,13.393868438016,m3/s,00060,Discharge,1,gr-data.xlsx
USGS-05447500,2006-05-22,12.459412500480001,m3/s,00060,Discharge,1,gr-data.xlsx
USGS-05447500,2006-05-23,11.779808182272001,m3/s,00060,Discharge,1,gr-data.xlsx
USGS-05447500,2006-05-24,11.383372329984,m3/s,00060,Discharge,1,gr-data.xlsx
USGS-05447500,2006-05-25,11.355055483392,m3/s,00060,Discharge,1,gr-data.xlsx
USGS-05447500,2006-05-26,11.496639716352,m3/s,00060,Discharge,1,gr-data.xlsx
USGS-05447500,2006-05-27,11.3267386368,m3/s,00060,Discharge,1,gr-data.xlsx
USGS-05447500,2006-05-28,10.562183778816001,m3/s,00060,Discharge,1,gr-data.xlsx
USGS-05447500,2006-05-29,11.978026108416,m3/s,00060,Discharge,1,gr-data.xlsx
USGS-05447500,2006-05-30,11.071887017472001,m3/s,00060,Discharge,1,gr-data.xlsx
USGS-05447500,2006-05-31,18.066148125696,m3/s,00060,Discharge,1,gr-data.xlsx
USGS-05447500,2006-06-01,16.650305796096,m3/s,00060,Discharge,1,gr-data.xlsx
USGS-05447500,2006-06-02,13.761987443712,m3/s,00060,Discharge,1,gr-data.xlsx
USGS-05447500,2006-06-03,12.147927187968,m3/s,00060,Discharge,1,gr-data.xlsx
USGS-05447500,2006-06-04,11.071887017472001,m3/s,00060,Discharge,1,gr-data.xlsx
USGS-05447500,2006-06-05,10.307332159488,m3/s,00060,Discharge,1,gr-data.xlsx
USGS-05447500,2006-06-06,9.967530000384,m3/s,00060,Discharge,1,gr-data.xlsx
USGS-05447500,2006-06-07,9.740995227648,m3/s,00060,Discharge,1,gr-data.xlsx
USGS-05447500,2006-06-08,9.2029751424,m3/s,00060,Discharge,1,gr-data.xlsx
USGS-05447500,2006-06-09,8.721588750336,m3/s,00060,Discharge,1,gr-data.xlsx
USGS-05447500,2006-06-10,9.2029751424,m3/s,00060,Discharge,1,gr-data.xlsx
USGS-05447500,2006-06-11,10.250698466304,m3/s,00060,Discharge,1,gr-data.xlsx
USGS-05447500,2006-06-12,12.289511420928001,m3/s,00060,Discharge,1,gr-data.xlsx
USGS-05447500,2006-06-13,11.638223949312,m3/s,00060,Discharge,1,gr-data.xlsx
USGS-05447500,2006-06-14,10.675451165184,m3/s,00060,Discharge,1,gr-data.xlsx
USGS-05447500,2006-06-15,10.024163693568001,m3/s,00060,Discharge,1,gr-data.xlsx
USGS-05447500,2006-06-16,9.429509915136,m3/s,00060,Discharge,1,gr-data.xlsx
USGS-05447500,2006-06-17,8.721588750336,m3/s,00060,Discharge,1,gr-data.xlsx
USGS-05447500,2006-06-18,8.21188551168,m3/s,00060,Discharge,1,gr-data.xlsx
USGS-05447500,2006-06-19,8.013667585536,m3/s,00060,Discharge,1,gr-data.xlsx
USGS-05447500,2006-06-20,7.64554857984,m3/s,00060,Discharge,1,gr-data.xlsx
USGS-05447500,2006-06-21,7.588914886656,m3/s,00060,Discharge,1,gr-data.xlsx
USGS-05447500,2006-06-22,7.475647500288,m3/s,00060,Discharge,1,gr-data.xlsx
USGS-05447500,2006-06-23,7.334063267328,m3/s,00060,Discharge,1,gr-data.xlsx
USGS-05447500,2006-06-24,6.852676875264001,m3/s,00060,Discharge,1,gr-data.xlsx
USGS-05447500,2006-06-25,6.427924176384,m3/s,00060,Discharge,1,gr-data.xlsx
USGS-05447500,2006-06-26,6.711092642304,m3/s,00060,Discharge,1,gr-data.xlsx
USGS-05447500,2006-06-27,14.838027614208,m3/s,00060,Discharge,1,gr-data.xlsx
USGS-05447500,2006-06-28,12.60099673344,m3/s,00060,Discharge,1,gr-data.xlsx
USGS-05447500,2006-06-29,10.307332159488,m3/s,00060,Discharge,1,gr-data.xlsx
USGS-05447500,2006-06-30,8.77822244352,m3/s,00060,Discharge,1,gr-data.xlsx
USGS-05447500,2006-07-01,7.758815966208,m3/s,00060,Discharge,1,gr-data.xlsx
USGS-05447500,2006-07-02,7.022577954816001,m3/s,00060,Discharge,1,gr-data.xlsx
USGS-05447500,2006-07-03,6.767726335488001,m3/s,00060,Discharge,1,gr-data.xlsx
USGS-05447500,2006-07-04,6.682775795712,m3/s,00060,Discharge,1,gr-data.xlsx
USGS-05447500,2006-07-05,6.824360028672,m3/s,00060,Discharge,1,gr-data.xlsx
USGS-05447500,2006-07-06,6.201389403648,m3/s,00060,Discharge,1,gr-data.xlsx
USGS-05447500,2006-07-07,5.6633693184,m3/s,00060,Discharge,1,gr-data.xlsx
USGS-05447500,2006-07-08,5.323567159296,m3/s,00060,Discharge,1,gr-data.xlsx
USGS-05447500,2006-07-09,4.9271313070080005,m3/s,00060,Discharge,1,gr-data.xlsx
USGS-05447500,2006-07-10,4.445744914944,m3/s,00060,Discharge,1,gr-data.xlsx
USGS-05447500,2006-07-11,5.23861661952,m3/s,00060,Discharge,1,gr-data.xlsx
USGS-05447500,2006-07-12,6.0598051706880005,m3/s,00060,Discharge,1,gr-data.xlsx
USGS-05447500,2006-07-13,5.720003011584001,m3/s,00060,Discharge,1,gr-data.xlsx
USGS-05447500,2006-07-14,5.748319858176,m3/s,00060,Discharge,1,gr-data.xlsx
USGS-05447500,2006-07-15,5.493468238848,m3/s,00060,Discharge,1,gr-data.xlsx
USGS-05447500,2006-07-16,5.210299772928,m3/s,00060,Discharge,1,gr-data.xlsx
USGS-05447500,2006-07-17,4.672279687680001,m3/s,00060,Discharge,1,gr-data.xlsx
USGS-05447500,2006-07-18,4.049309062656,m3/s,00060,Discharge,1,gr-data.xlsx
USGS-05447500,2006-07-19,3.82277428992,m3/s,00060,Discharge,1,gr-data.xlsx
USGS-05447500,2006-07-20,4.728913380864,m3/s,00060,Discharge,1,gr-data.xlsx
USGS-05447500,2006-07-21,5.323567159296,m3/s,00060,Discharge,1,gr-data.xlsx
USGS-05447500,2006-07-22,6.79604318208,m3/s,00060,Discharge,1,gr-data.xlsx
USGS-05447500,2006-07-23,6.342973636608,m3/s,00060,Discharge,1,gr-data.xlsx
USGS-05447500,2006-07-24,5.323567159296,m3/s,00060,Discharge,1,gr-data.xlsx
USGS-05447500,2006-07-25,4.559012301312,m3/s,00060,Discharge,1,gr-data.xlsx
USGS-05447500,2006-07-26,4.304160681984,m3/s,00060,Discharge,1,gr-data.xlsx
USGS-05447500,2006-07-27,4.219210142208,m3/s,00060,Discharge,1,gr-data.xlsx
USGS-05447500,2006-07-28,3.96435852288,m3/s,00060,Discharge,1,gr-data.xlsx
USGS-05447500,2006-07-29,3.5112889774080003,m3/s,00060,Discharge,1,gr-data.xlsx
USGS-05447500,2006-07-30,3.143169971712,m3/s,00060,Discharge,1,gr-data.xlsx
USGS-05447500,2006-07-31,2.7552291734016,m3/s,00060,Discharge,1,gr-data.xlsx
USGS-05447500,2006-08-01,2.2993279432704004,m3/s,00060,Discharge,1,gr-data.xlsx
USGS-05447500,2006-08-02,1.9935060000768001,m3/s,00060,Discharge,1,gr-data.xlsx
USGS-05447500,2006-08-03,2.2568526733824004,m3/s,00060,Discharge,1,gr-data.xlsx
USGS-05447500,2006-08-04,2.4947141847552,m3/s,00060,Discharge,1,gr-data.xlsx
USGS-05447500,2006-08-05,2.237030880768,m3/s,00060,Discharge,1,gr-data.xlsx
USGS-05447500,2006-08-06,2.2285358267904,m3/s,00060,Discharge,1,gr-data.xlsx
USGS-05447500,2006-08-07,2.7212489574911998,m3/s,00060,Discharge,1,gr-data.xlsx
USGS-05447500,2006-08-08,2.4097636449791997,m3/s,00060,Discharge,1,gr-data.xlsx
USGS-05447500,2006-08-09,2.1294268637184,m3/s,00060,Discharge,1,gr-data.xlsx
USGS-05447500,2006-08-10,2.5230310313472,m3/s,00060,Discharge,1,gr-data.xlsx
USGS-05447500,2006-08-11,3.39802159104,m3/s,00060,Discharge,1,gr-data.xlsx
USGS-05447500,2006-08-12,3.284754204672,m3/s,00060,Discharge,1,gr-data.xlsx
USGS-05447500,2006-08-13,2.8090311819264002,m3/s,00060,Discharge,1,gr-data.xlsx
USGS-05447500,2006-08-14,2.3531299517952,m3/s,00060,Discharge,1,gr-data.xlsx
USGS-05447500,2006-08-15,2.0416446392832,m3/s,00060,Discharge,1,gr-data.xlsx
USGS-05447500,2006-08-16,1.8887336676864002,m3/s,00060,Discharge,1,gr-data.xlsx
USGS-05447500,2006-08-17,1.69901079552,m3/s,00060,Discharge,1,gr-data.xlsx
USGS-05447500,2006-08-18,1.8292682898431998,m3/s,00060,Discharge,1,gr-data.xlsx
USGS-05447500,2006-08-19,1.968020838144,m3/s,00060,Discharge,1,gr-data.xlsx
USGS-05447500,2006-08-20,1.9283772529152,m3/s,00060,Discharge,1,gr-data.xlsx
USGS-05447500,2006-08-21,1.6395454176768,m3/s,00060,Discharge,1,gr-data.xlsx
USGS-05447500,2006-08-22,1.529109715968,m3/s,00060,Discharge,1,gr-data.xlsx
USGS-05447500,2006-08-23,1.373367059712,m3/s,00060,Discharge,1,gr-data.xlsx
USGS-05447500,2006-08-24,1.160990710272,m3/s,00060,Discharge,1,gr-data.xlsx
USGS-05447500,2006-08-25,1.2062976648192,m3/s,00060,Discharge,1,gr-data.xlsx
USGS-05447500,2006-08-26,2.5258627160064,m3/s,00060,Discharge,1,gr-data.xlsx
USGS-05447500,2006-08-27,3.313071051264,m3/s,00060,Discharge,1,gr-data.xlsx
USGS-05447500,2006-08-28,3.96435852288,m3/s,00060,Discharge,1,gr-data.xlsx
USGS-05447500,2006-08-29,7.843766505984,m3/s,00060,Discharge,1,gr-data.xlsx
USGS-05447500,2006-08-30,10.137431079936,m3/s,00060,Discharge,1,gr-data.xlsx
USGS-05447500,2006-08-31,7.815449659392001,m3/s,00060,Discharge,1,gr-data.xlsx
USGS-05447500,2006-09-01,5.94653778432,m3/s,00060,Discharge,1,gr-data.xlsx
USGS-05447500,2006-09-02,4.81386392064,m3/s,00060,Discharge,1,gr-data.xlsx
USGS-05447500,2006-09-03,3.936041676288,m3/s,00060,Discharge,1,gr-data.xlsx
USGS-05447500,2006-09-04,3.879407983104,m3/s,00060,Discharge,1,gr-data.xlsx
USGS-05447500,2006-09-05,3.652873210368,m3/s,00060,Discharge,1,gr-data.xlsx
USGS-05447500,2006-09-06,4.360794375168,m3/s,00060,Discharge,1,gr-data.xlsx
USGS-05447500,2006-09-07,6.65445894912,m3/s,00060,Discharge,1,gr-data.xlsx
USGS-05447500,2006-09-08,5.38020085248,m3/s,00060,Discharge,1,gr-data.xlsx
USGS-05447500,2006-09-09,4.417428068352,m3/s,00060,Discharge,1,gr-data.xlsx
USGS-05447500,2006-09-10,4.474061761536,m3/s,00060,Discharge,1,gr-data.xlsx
USGS-05447500,2006-09-11,5.040398693376,m3/s,00060,Discharge,1,gr-data.xlsx
USGS-05447500,2006-09-12,5.6633693184,m3/s,00060,Discharge,1,gr-data.xlsx
USGS-05447500,2006-09-13,9.118024602624,m3/s,00060,Discharge,1,gr-data.xlsx
USGS-05447500,2006-09-14,9.62772784128,m3/s,00060,Discharge,1,gr-data.xlsx
USGS-05447500,2006-09-15,8.240202358272,m3/s,00060,Discharge,1,gr-data.xlsx
USGS-05447500,2006-09-16,7.050894801408,m3/s,00060,Discharge,1,gr-data.xlsx
USGS-05447500,2006-09-17,6.1447557104640005,m3/s,00060,Discharge,1,gr-data.xlsx
USGS-05447500,2006-09-18,5.606735625216,m3/s,00060,Discharge,1,gr-data.xlsx
USGS-05447500,2006-09-19,5.266933466112,m3/s,00060,Discharge,1,gr-data.xlsx
USGS-05447500,2006-09-20,5.153666079744,m3/s,00060,Discharge,1,gr-data.xlsx
USGS-05447500,2006-09-21,4.700596534272,m3/s,00060,Discharge,1,gr-data.xlsx
USGS-05447500,2006-09-22,4.587329147904,m3/s,00060,Discharge,1,gr-data.xlsx
USGS-05447500,2006-09-23,4.587329147904,m3/s,00060,Discharge,1,gr-data.xlsx
USGS-05447500,2006-09-24,4.728913380864,m3/s,00060,Discharge,1,gr-data.xlsx
USGS-05447500,2006-09-25,5.040398693376,m3/s,00060,Discharge,1,gr-data.xlsx
USGS-05447500,2006-09-26,4.615645994496,m3/s,00060,Discharge,1,gr-data.xlsx
USGS-05447500,2006-09-27,4.190893295616,m3/s,00060,Discharge,1,gr-data.xlsx
USGS-05447500,2006-09-28,3.936041676288,m3/s,00060,Discharge,1,gr-data.xlsx
USGS-05447500,2006-09-29,3.766140596736,m3/s,00060,Discharge,1,gr-data.xlsx
USGS-05447500,2006-09-30,3.652873210368,m3/s,00060,Discharge,1,gr-data.xlsx
USGS-05447500,2006-10-01,3.624556363776,m3/s,00060,Discharge,1,gr-data.xlsx
USGS-05447500,2006-10-02,3.454655284224,m3/s,00060,Discharge,1,gr-data.xlsx
USGS-05447500,2006-10-03,3.284754204672,m3/s,00060,Discharge,1,gr-data.xlsx
USGS-05447500,2006-10-04,3.171486818304,m3/s,00060,Discharge,1,gr-data.xlsx
USGS-05447500,2006-10-05,4.077625909248,m3/s,00060,Discharge,1,gr-data.xlsx
USGS-05447500,2006-10-06,4.53069545472,m3/s,00060,Discharge,1,gr-data.xlsx
USGS-05447500,2006-10-07,4.077625909248,m3/s,00060,Discharge,1,gr-data.xlsx
USGS-05447500,2006-10-08,3.96435852288,m3/s,00060,Discharge,1,gr-data.xlsx
USGS-05447500,2006-10-09,3.879407983104,m3/s,00060,Discharge,1,gr-data.xlsx
USGS-05447500,2006-10-10,3.5962395171840003,m3/s,00060,Discharge,1,gr-data.xlsx
USGS-05447500,2006-10-11,3.851091136512,m3/s,00060,Discharge,1,gr-data.xlsx
USGS-05447500,2006-10-12,4.020992216064,m3/s,00060,Discharge,1,gr-data.xlsx
USGS-05447500,2006-10-13,4.10594275584,m3/s,00060,Discharge,1,gr-data.xlsx
USGS-05447500,2006-10-14,3.96435852288,m3/s,00060,Discharge,1,gr-data.xlsx
USGS-05447500,2006-10-15,3.737823750144,m3/s,00060,Discharge,1,gr-data.xlsx
USGS-05447500,2006-10-16,3.652873210368,m3/s,00060,Discharge,1,gr-data.xlsx
USGS-05447500,2006-10-17,4.559012301312,m3/s,00060,Discharge,1,gr-data.xlsx
USGS-05447500,2006-10-18,5.408517699072,m3/s,00060,Discharge,1,gr-data.xlsx
USGS-05447500,2006-10-19,6.003171477504,m3/s,00060,Discharge,1,gr-data.xlsx
USGS-05447500,2006-10-20,6.3712904832,m3/s,00060,Discharge,1,gr-data.xlsx
USGS-05447500,2006-10-21,6.258023096832,m3/s,00060,Discharge,1,gr-data.xlsx
USGS-05447500,2006-10-22,6.597825255936,m3/s,00060,Discharge,1,gr-data.xlsx
USGS-05447500,2006-10-23,7.1075284945920005,m3/s,00060,Discharge,1,gr-data.xlsx
USGS-05447500,2006-10-24,8.183568665088,m3/s,00060,Discharge,1,gr-data.xlsx
USGS-05447500,2006-10-25,8.551687670784,m3/s,00060,Discharge,1,gr-data.xlsx
USGS-05447500,2006-10-26,8.410103437824,m3/s,00060,Discharge,1,gr-data.xlsx
USGS-05447500,2006-10-27,8.834856136704,m3/s,00060,Discharge,1,gr-data.xlsx
USGS-05447500,2006-10-28,9.854262614016001,m3/s,00060,Discharge,1,gr-data.xlsx
USGS-05447500,2006-10-29,11.46832286976,m3/s,00060,Discharge,1,gr-data.xlsx
USGS-05447500,2006-10-30,11.071887017472001,m3/s,00060,Discharge,1,gr-data.xlsx
USGS-05447500,2006-10-31,10.307332159488,m3/s,00060,Discharge,1,gr-data.xlsx
USGS-05447500,2006-11-01,9.684361534464001,m3/s,00060,Discharge,1,gr-data.xlsx
USGS-05447500,2006-11-02,9.174658295808,m3/s,00060,Discharge,1,gr-data.xlsx
USGS-05447500,2006-11-03,8.806539290112001,m3/s,00060,Discharge,1,gr-data.xlsx
USGS-05447500,2006-11-04,8.35346974464,m3/s,00060,Discharge,1,gr-data.xlsx
USGS-05447500,2006-11-05,8.183568665088,m3/s,00060,Discharge,1,gr-data.xlsx
USGS-05447500,2006-11-06,7.92871704576,m3/s,00060,Discharge,1,gr-data.xlsx
USGS-05447500,2006-11-07,7.7871328128,m3/s,00060,Discharge,1,gr-data.xlsx
USGS-05447500,2006-11-08,7.702182273024,m3/s,00060,Discharge,1,gr-data.xlsx
USGS-05447500,2006-11-09,7.588914886656,m3/s,00060,Discharge,1,gr-data.xlsx
USGS-05447500,2006-11-10,7.730499119616,m3/s,00060,Discharge,1,gr-data.xlsx
USGS-05447500,2006-11-11,9.882579460608,m3/s,00060,Discharge,1,gr-data.xlsx
USGS-05447500,2006-11-12,13.478818977792,m3/s,00060,Discharge,1,gr-data.xlsx
USGS-05447500,2006-11-13,15.00792869376,m3/s,00060,Discharge,1,gr-data.xlsx
USGS-05447500,2006-11-14,13.761987443712,m3/s,00060,Discharge,1,gr-data.xlsx
USGS-05447500,2006-11-15,12.940798892544,m3/s,00060,Discharge,1,gr-data.xlsx
USGS-05447500,2006-11-16,12.232877727744,m3/s,00060,Discharge,1,gr-data.xlsx
USGS-05447500,2006-11-17,11.553273409536,m3/s,00060,Discharge,1,gr-data.xlsx
USGS-05447500,2006-11-18,10.873669091328,m3/s,00060,Discharge,1,gr-data.xlsx
USGS-05447500,2006-11-19,10.222381619712,m3/s,00060,Discharge,1,gr-data.xlsx
USGS-05447500,2006-11-20,9.797628920832,m3/s,00060,Discharge,1,gr-data.xlsx
USGS-05447500,2006-11-21,9.457826761728,m3/s,00060,Discharge,1,gr-data.xlsx
USGS-05447500,2006-11-22,9.259608835584,m3/s,00060,Discharge,1,gr-data.xlsx
USGS-05447500,2006-11-23,9.089707756032,m3/s,00060,Discharge,1,gr-data.xlsx
USGS-05447500,2006-11-24,9.004757216256,m3/s,00060,Discharge,1,gr-data.xlsx
USGS-05447500,2006-11-25,8.976440369664001,m3/s,00060,Discharge,1,gr-data.xlsx
USGS-05447500,2006-11-26,8.721588750336,m3/s,00060,Discharge,1,gr-data.xlsx
USGS-05447500,2006-11-27,8.466737131008001,m3/s,00060,Discharge,1,gr-data.xlsx
USGS-05447500,2006-11-28,9.06139090944,m3/s,00060,Discharge,1,gr-data.xlsx
USGS-05447500,2006-11-29,10.647134318592,m3/s,00060,Discharge,1,gr-data.xlsx
USGS-05447500,2006-11-30,44.45744914944,m3/s,00060,Discharge,1,gr-data.xlsx
USGS-05447500,2006-12-01,67.39409488896,m3/s,00060,Discharge,1,gr-data.xlsx
USGS-05447500,2006-12-02,53.23567159296,m3/s,00060,Discharge,1,gr-data.xlsx
USGS-05447500,2006-12-03,39.07724829696,m3/s,00060,Discharge,1,gr-data.xlsx
USGS-05447500,2006-12-04,34.546552842240004,m3/s,00060,Discharge,1,gr-data.xlsx
USGS-05447500,2006-12-05,32.28120511488,m3/s,00060,Discharge,1,gr-data.xlsx
USGS-05447500,2006-12-06,30.01585738752,m3/s,00060,Discharge,1,gr-data.xlsx
USGS-05447500,2006-12-07,26.844370569216,m3/s,00060,Discharge,1,gr-data.xlsx
USGS-05447500,2006-12-08,38.79407983104,m3/s,00060,Discharge,1,gr-data.xlsx
USGS-05447500,2006-12-09,50.12081846784,m3/s,00060,Discharge,1,gr-data.xlsx
USGS-05447500,2006-12-10,53.51884005888,m3/s,00060,Discharge,1,gr-data.xlsx
USGS-05447500,2006-12-11,55.2178508544,m3/s,00060,Discharge,1,gr-data.xlsx
USGS-05447500,2006-12-12,58.332703979520005,m3/s,00060,Discharge,1,gr-data.xlsx
USGS-05447500,2006-12-13,67.9604318208,m3/s,00060,Discharge,1,gr-data.xlsx
USGS-05447500,2006-12-14,72.2079588096,m3/s,00060,Discharge,1,gr-data.xlsx
USGS-05447500,2006-12-15,58.615872445440004,m3/s,00060,Discharge,1,gr-data.xlsx
USGS-05447500,2006-12-16,46.722796876800004,m3/s,00060,Discharge,1,gr-data.xlsx
USGS-05447500,2006-12-17,39.36041676288,m3/s,00060,Discharge,1,gr-data.xlsx
USGS-05447500,2006-12-18,33.9802159104,m3/s,00060,Discharge,1,gr-data.xlsx
USGS-05447500,2006-12-19,30.58219431936,m3/s,00060,Discharge,1,gr-data.xlsx
USGS-05447500,2006-12-20,29.166351989760003,m3/s,00060,Discharge,1,gr-data.xlsx
USGS-05447500,2006-12-21,41.34259602432,m3/s,00060,Discharge,1,gr-data.xlsx
USGS-05447500,2006-12-22,65.97825255936,m3/s,00060,Discharge,1,gr-data.xlsx
USGS-05447500,2006-12-23,66.5445894912,m3/s,00060,Discharge,1,gr-data.xlsx
USGS-05447500,2006-12-24,57.48319858176,m3/s,00060,Discharge,1,gr-data.xlsx
USGS-05447500,2006-12-25,46.439628410880005,m3/s,00060,Discharge,1,gr-data.xlsx
USGS-05447500,2006-12-26,39.6435852288,m3/s,00060,Discharge,1,gr-data.xlsx
USGS-05447500,2006-12-27,35.39605824,m3/s,00060,Discharge,1,gr-data.xlsx
USGS-05447500,2006-12-28,32.5643735808,m3/s,00060,Discharge,1,gr-data.xlsx
USGS-05447500,2006-12-29,30.29902585344,m3/s,00060,Discharge,1,gr-data.xlsx
USGS-05447500,2006-12-30,28.316846592,m3/s,00060,Discharge,1,gr-data.xlsx
USGS-05447500,2006-12-31,26.05149886464,m3/s,00060,Discharge,1,gr-data.xlsx
USGS-05447500,2007-01-01,24.918825000960002,m3/s,00060,Discharge,1,gr-data.xlsx
USGS-05447500,2007-01-02,23.50298267136,m3/s,00060,Discharge,1,gr-data.xlsx
USGS-05447500,2007-01-03,22.37030880768,m3/s,00060,Discharge,1,gr-data.xlsx
USGS-05447500,2007-01-04,21.803971875840002,m3/s,00060,Discharge,1,gr-data.xlsx
USGS-05447500,2007-01-05,21.52080340992,m3/s,00060,Discharge,1,gr-data.xlsx
USGS-05447500,2007-01-06,21.237634944,m3/s,00060,Discharge,1,gr-data.xlsx
USGS-05447500,2007-01-07,21.237634944,m3/s,00060,Discharge,1,gr-data.xlsx
USGS-05447500,2007-01-08,21.237634944,m3/s,00060,Discharge,1,gr-data.xlsx
USGS-05447500,2007-01-09,21.237634944,m3/s,00060,Discharge,1,gr-data.xlsx
USGS-05447500,2007-01-10,21.775655029248,m3/s,00060,Discharge,1,gr-data.xlsx
USGS-05447500,2007-01-11,21.322585483776,m3/s,00060,Discharge,1,gr-data.xlsx
USGS-05447500,2007-01-12,21.181001250816,m3/s,00060,Discharge,1,gr-data.xlsx
USGS-05447500,2007-01-13,20.444763239424,m3/s,00060,Discharge,1,gr-data.xlsx
USGS-05447500,2007-01-14,19.96337684736,m3/s,00060,Discharge,1,gr-data.xlsx
USGS-05447500,2007-01-15,18.689118750720002,m3/s,00060,Discharge,1,gr-data.xlsx
USGS-05447500,2007-01-16,17.83961335296,m3/s,00060,Discharge,1,gr-data.xlsx
USGS-05447500,2007-01-17,16.70693948928,m3/s,00060,Discharge,1,gr-data.xlsx
USGS-05447500,2007-01-18,16.14060255744,m3/s,00060,Discharge,1,gr-data.xlsx
USGS-05447500,2007-01-19,15.85743409152,m3/s,00060,Discharge,1,gr-data.xlsx
USGS-05447500,2007-01-20,15.29109715968,m3/s,00060,Discharge,1,gr-data.xlsx
USGS-05447500,2007-01-21,15.00792869376,m3/s,00060,Discharge,1,gr-data.xlsx
USGS-05447500,2007-01-22,14.724760227840001,m3/s,00060,Discharge,1,gr-data.xlsx
USGS-05447500,2007-01-23,14.724760227840001,m3/s,00060,Discharge,1,gr-data.xlsx
USGS-05447500,2007-01-24,15.29109715968,m3/s,00060,Discharge,1,gr-data.xlsx
USGS-05447500,2007-01-25,15.29109715968,m3/s,00060,Discharge,1,gr-data.xlsx
USGS-05447500,2007-01-26,15.85743409152,m3/s,00060,Discharge,1,gr-data.xlsx
USGS-05447500,2007-01-27,16.70693948928,m3/s,00060,Discharge,1,gr-data.xlsx
USGS-05447500,2007-01-28,17.41486065408,m3/s,00060,Discharge,1,gr-data.xlsx
USGS-05447500,2007-01-29,21.407536023552,m3/s,00060,Discharge,1,gr-data.xlsx
USGS-05447500,2007-01-30,24.154270142976,m3/s,00060,Discharge,1,gr-data.xlsx
USGS-05447500,2007-01-31,23.871101677056,m3/s,00060,Discharge,1,gr-data.xlsx
USGS-05447500,2007-02-01,22.426942500864,m3/s,00060,Discharge,1,gr-data.xlsx
USGS-05447500,2007-02-02,16.9901079552,m3/s,00060,Discharge,1,gr-data.xlsx
USGS-05447500,2007-02-03,14.724760227840001,m3/s,00060,Discharge,1,gr-data.xlsx
USGS-05447500,2007-02-04,15.29109715968,m3/s,00060,Discharge,1,gr-data.xlsx
USGS-05447500,2007-02-05,16.70693948928,m3/s,00060,Discharge,1,gr-data.xlsx
USGS-05447500,2007-02-06,18.915653523456,m3/s,00060,Discharge,1,gr-data.xlsx
USGS-05447500,2007-02-07,19.25545568256,m3/s,00060,Discharge,1,gr-data.xlsx
USGS-05447500,2007-02-08,19.510307301888,m3/s,00060,Discharge,1,gr-data.xlsx
USGS-05447500,2007-02-09,19.25545568256,m3/s,00060,Discharge,1,gr-data.xlsx
USGS-05447500,2007-02-10,18.12278181888,m3/s,00060,Discharge,1,gr-data.xlsx
USGS-05447500,2007-02-11,16.9901079552,m3/s,00060,Discharge,1,gr-data.xlsx
USGS-05447500,2007-02-12,15.29109715968,m3/s,00060,Discharge,1,gr-data.xlsx
USGS-05447500,2007-02-13,13.30891789824,m3/s,00060,Discharge,1,gr-data.xlsx
USGS-05447500,2007-02-14,10.76040170496,m3/s,00060,Discharge,1,gr-data.xlsx
USGS-05447500,2007-02-15,9.62772784128,m3/s,00060,Discharge,1,gr-data.xlsx
USGS-05447500,2007-02-16,10.194064773120001,m3/s,00060,Discharge,1,gr-data.xlsx
USGS-05447500,2007-02-17,10.76040170496,m3/s,00060,Discharge,1,gr-data.xlsx
USGS-05447500,2007-02-18,11.04357017088,m3/s,00060,Discharge,1,gr-data.xlsx
USGS-05447500,2007-02-19,10.76040170496,m3/s,00060,Discharge,1,gr-data.xlsx
USGS-05447500,2007-02-20,9.9108963072,m3/s,00060,Discharge,1,gr-data.xlsx
USGS-05447500,2007-02-21,9.62772784128,m3/s,00060,Discharge,1,gr-data.xlsx
USGS-05447500,2007-02-22,11.04357017088,m3/s,00060,Discharge,1,gr-data.xlsx
USGS-05447500,2007-02-23,16.9901079552,m3/s,00060,Discharge,1,gr-data.xlsx
USGS-05447500,2007-02-24,31.1485312512,m3/s,00060,Discharge,1,gr-data.xlsx
USGS-05447500,2007-02-25,43.8911122176,m3/s,00060,Discharge,1,gr-data.xlsx
USGS-05447500,2007-02-26,50.9703238656,m3/s,00060,Discharge,1,gr-data.xlsx
USGS-05447500,2007-02-27,53.8020085248,m3/s,00060,Discharge,1,gr-data.xlsx
USGS-05447500,2007-02-28,58.615872445440004,m3/s,00060,Discharge,1,gr-data.xlsx
USGS-05447500,2007-03-01,127.14264119808,m3/s,00060,Discharge,1,gr-data.xlsx
USGS-05447500,2007-03-02,163.67137330176,m3/s,00060,Discharge,1,gr-data.xlsx
USGS-05447500,2007-03-03,112.13471250432,m3/s,00060,Discharge,1,gr-data.xlsx
USGS-05447500,2007-03-04,62.86339943424,m3/s,00060,Discharge,1,gr-data.xlsx
USGS-05447500,2007-03-05,44.17428068352,m3/s,00060,Discharge,1,gr-data.xlsx
USGS-05447500,2007-03-06,39.07724829696,m3/s,00060,Discharge,1,gr-data.xlsx
USGS-05447500,2007-03-07,33.9802159104,m3/s,00060,Discharge,1,gr-data.xlsx
USGS-05447500,2007-03-08,31.1485312512,m3/s,00060,Discharge,1,gr-data.xlsx
USGS-05447500,2007-03-09,31.1485312512,m3/s,00060,Discharge,1,gr-data.xlsx
USGS-05447500,2007-03-10,48.42180767232,m3/s,00060,Discharge,1,gr-data.xlsx
USGS-05447500,2007-03-11,65.41191562752,m3/s,00060,Discharge,1,gr-data.xlsx
USGS-05447500,2007-03-12,50.68715539968,m3/s,00060,Discharge,1,gr-data.xlsx
USGS-05447500,2007-03-13,41.90893295616,m3/s,00060,Discharge,1,gr-data.xlsx
USGS-05447500,2007-03-14,39.36041676288,m3/s,00060,Discharge,1,gr-data.xlsx
USGS-05447500,2007-03-15,36.24556363776,m3/s,00060,Discharge,1,gr-data.xlsx
USGS-05447500,2007-03-16,32.84754204672,m3/s,00060,Discharge,1,gr-data.xlsx
USGS-05447500,2007-03-17,30.01585738752,m3/s,00060,Discharge,1,gr-data.xlsx
USGS-05447500,2007-03-18,27.495658040832,m3/s,00060,Discharge,1,gr-data.xlsx
USGS-05447500,2007-03-19,25.853280938496,m3/s,00060,Discharge,1,gr-data.xlsx
USGS-05447500,2007-03-20,24.947141847552,m3/s,00060,Discharge,1,gr-data.xlsx
USGS-05447500,2007-03-21,25.570112472576,m3/s,00060,Discharge,1,gr-data.xlsx
USGS-05447500,2007-03-22,34.82972130816,m3/s,00060,Discharge,1,gr-data.xlsx
USGS-05447500,2007-03-23,80.41984432128,m3/s,00060,Discharge,1,gr-data.xlsx
USGS-05447500,2007-03-24,115.53273409536,m3/s,00060,Discharge,1,gr-data.xlsx
USGS-05447500,2007-03-25,100.24163693568,m3/s,00060,Discharge,1,gr-data.xlsx
USGS-05447500,2007-03-26,80.13667585536,m3/s,00060,Discharge,1,gr-data.xlsx
USGS-05447500,2007-03-27,63.99607329792,m3/s,00060,Discharge,1,gr-data.xlsx
USGS-05447500,2007-03-28,53.23567159296,m3/s,00060,Discharge,1,gr-data.xlsx
USGS-05447500,2007-03-29,47.00596534272,m3/s,00060,Discharge,1,gr-data.xlsx
USGS-05447500,2007-03-30,45.59012301312,m3/s,00060,Discharge,1,gr-data.xlsx
USGS-05447500,2007-03-31,54.08517699072,m3/s,00060,Discharge,1,gr-data.xlsx
USGS-05447500,2007-04-01,57.48319858176,m3/s,00060,Discharge,1,gr-data.xlsx
USGS-05447500,2007-04-02,58.615872445440004,m3/s,00060,Discharge,1,gr-data.xlsx
USGS-05447500,2007-04-03,50.12081846784,m3/s,00060,Discharge,1,gr-data.xlsx
USGS-05447500,2007-04-04,43.32477528576,m3/s,00060,Discharge,1,gr-data.xlsx
USGS-05447500,2007-04-05,38.2277428992,m3/s,00060,Discharge,1,gr-data.xlsx
USGS-05447500,2007-04-06,34.82972130816,m3/s,00060,Discharge,1,gr-data.xlsx
USGS-05447500,2007-04-07,32.84754204672,m3/s,00060,Discharge,1,gr-data.xlsx
USGS-05447500,2007-04-08,30.865362785280002,m3/s,00060,Discharge,1,gr-data.xlsx
USGS-05447500,2007-04-09,29.166351989760003,m3/s,00060,Discharge,1,gr-data.xlsx
USGS-05447500,2007-04-10,27.863777046528,m3/s,00060,Discharge,1,gr-data.xlsx
USGS-05447500,2007-04-11,28.60001505792,m3/s,00060,Discharge,1,gr-data.xlsx
USGS-05447500,2007-04-12,31.43169971712,m3/s,00060,Discharge,1,gr-data.xlsx
USGS-05447500,2007-04-13,33.41387897856,m3/s,00060,Discharge,1,gr-data.xlsx
USGS-05447500,2007-04-14,32.84754204672,m3/s,00060,Discharge,1,gr-data.xlsx
USGS-05447500,2007-04-15,31.43169971712,m3/s,00060,Discharge,1,gr-data.xlsx
USGS-05447500,2007-04-16,29.166351989760003,m3/s,00060,Discharge,1,gr-data.xlsx
USGS-05447500,2007-04-17,27.523974887424,m3/s,00060,Discharge,1,gr-data.xlsx
USGS-05447500,2007-04-18,26.334667330560002,m3/s,00060,Discharge,1,gr-data.xlsx
USGS-05447500,2007-04-19,25.003775540736,m3/s,00060,Discharge,1,gr-data.xlsx
USGS-05447500,2007-04-20,23.559616364544002,m3/s,00060,Discharge,1,gr-data.xlsx
USGS-05447500,2007-04-21,22.483576194048002,m3/s,00060,Discharge,1,gr-data.xlsx
USGS-05447500,2007-04-22,21.860605569024,m3/s,00060,Discharge,1,gr-data.xlsx
USGS-05447500,2007-04-23,21.52080340992,m3/s,00060,Discharge,1,gr-data.xlsx
USGS-05447500,2007-04-24,20.784565398528002,m3/s,00060,Discharge,1,gr-data.xlsx
USGS-05447500,2007-04-25,27.6089254272,m3/s,00060,Discharge,1,gr-data.xlsx
USGS-05447500,2007-04-26,60.31488324096,m3/s,00060,Discharge,1,gr-data.xlsx
USGS-05447500,2007-04-27,95.14460454912,m3/s,00060,Discharge,1,gr-data.xlsx
USGS-05447500,2007-04-28,88.06539290112,m3/s,00060,Discharge,1,gr-data.xlsx
USGS-05447500,2007-04-29,67.11092642304,m3/s,00060,Discharge,1,gr-data.xlsx
USGS-05447500,2007-04-30,53.51884005888,m3/s,00060,Discharge,1,gr-data.xlsx
USGS-05447500,2007-05-01,45.02378608128,m3/s,00060,Discharge,1,gr-data.xlsx
USGS-05447500,2007-05-02,39.07724829696,m3/s,00060,Discharge,1,gr-data.xlsx
USGS-05447500,2007-05-03,34.26338437632,m3/s,00060,Discharge,1,gr-data.xlsx
USGS-05447500,2007-05-04,31.1485312512,m3/s,00060,Discharge,1,gr-data.xlsx
USGS-05447500,2007-05-05,29.449520455680002,m3/s,00060,Discharge,1,gr-data.xlsx
USGS-05447500,2007-05-06,27.354073807872002,m3/s,00060,Discharge,1,gr-data.xlsx
USGS-05447500,2007-05-07,25.400211393024,m3/s,00060,Discharge,1,gr-data.xlsx
USGS-05447500,2007-05-08,24.409121762304,m3/s,00060,Discharge,1,gr-data.xlsx
USGS-05447500,2007-05-09,23.333081591808,m3/s,00060,Discharge,1,gr-data.xlsx
USGS-05447500,2007-05-10,22.313675114496,m3/s,00060,Discharge,1,gr-data.xlsx
USGS-05447500,2007-05-11,21.294268637184,m3/s,00060,Discharge,1,gr-data.xlsx
USGS-05447500,2007-05-12,20.218228466688,m3/s,00060,Discharge,1,gr-data.xlsx
USGS-05447500,2007-05-13,19.25545568256,m3/s,00060,Discharge,1,gr-data.xlsx
USGS-05447500,2007-05-14,18.802386137088,m3/s,00060,Discharge,1,gr-data.xlsx
USGS-05447500,2007-05-15,18.575851364352,m3/s,00060,Discharge,1,gr-data.xlsx
USGS-05447500,2007-05-16,18.292682898432002,m3/s,00060,Discharge,1,gr-data.xlsx
USGS-05447500,2007-05-17,17.499811193856,m3/s,00060,Discharge,1,gr-data.xlsx
USGS-05447500,2007-05-18,16.70693948928,m3/s,00060,Discharge,1,gr-data.xlsx
USGS-05447500,2007-05-19,16.112285710848,m3/s,00060,Discharge,1,gr-data.xlsx
USGS-05447500,2007-05-20,15.687533011968,m3/s,00060,Discharge,1,gr-data.xlsx
USGS-05447500,2007-05-21,15.177829773312,m3/s,00060,Discharge,1,gr-data.xlsx
USGS-05447500,2007-05-22,14.583175994880001,m3/s,00060,Discharge,1,gr-data.xlsx
USGS-05447500,2007-05-23,14.130106449408,m3/s,00060,Discharge,1,gr-data.xlsx
USGS-05447500,2007-05-24,13.59208636416,m3/s,00060,Discharge,1,gr-data.xlsx
USGS-05447500,2007-05-25,13.59208636416,m3/s,00060,Discharge,1,gr-data.xlsx
USGS-05447500,2007-05-26,13.988522216448,m3/s,00060,Discharge,1,gr-data.xlsx
USGS-05447500,2007-05-27,19.708525228032002,m3/s,00060,Discharge,1,gr-data.xlsx
USGS-05447500,2007-05-28,24.154270142976,m3/s,00060,Discharge,1,gr-data.xlsx
USGS-05447500,2007-05-29,22.540209887232,m3/s,00060,Discharge,1,gr-data.xlsx
USGS-05447500,2007-05-30,20.246545313280002,m3/s,00060,Discharge,1,gr-data.xlsx
USGS-05447500,2007-05-31,18.915653523456,m3/s,00060,Discharge,1,gr-data.xlsx
USGS-05447500,2007-06-01,19.028920909824002,m3/s,00060,Discharge,1,gr-data.xlsx
USGS-05447500,2007-06-02,24.012685910016,m3/s,00060,Discharge,1,gr-data.xlsx
USGS-05447500,2007-06-03,22.738427813376,m3/s,00060,Discharge,1,gr-data.xlsx
USGS-05447500,2007-06-04,21.322585483776,m3/s,00060,Discharge,1,gr-data.xlsx
USGS-05447500,2007-06-05,20.10496108032,m3/s,00060,Discharge,1,gr-data.xlsx
USGS-05447500,2007-06-06,18.717435597312,m3/s,00060,Discharge,1,gr-data.xlsx
USGS-05447500,2007-06-07,17.867930199552,m3/s,00060,Discharge,1,gr-data.xlsx
USGS-05447500,2007-06-08,16.905157415424,m3/s,00060,Discharge,1,gr-data.xlsx
USGS-05447500,2007-06-09,15.659216165376,m3/s,00060,Discharge,1,gr-data.xlsx
USGS-05447500,2007-06-10,14.922978153984001,m3/s,00060,Discharge,1,gr-data.xlsx
USGS-05447500,2007-06-11,14.384958068736001,m3/s,00060,Discharge,1,gr-data.xlsx
USGS-05447500,2007-06-12,13.761987443712,m3/s,00060,Discharge,1,gr-data.xlsx
USGS-05447500,2007-06-13,13.195650511872,m3/s,00060,Discharge,1,gr-data.xlsx
USGS-05447500,2007-06-14,12.629313580032,m3/s,00060,Discharge,1,gr-data.xlsx
USGS-05447500,2007-06-15,12.091293494784,m3/s,00060,Discharge,1,gr-data.xlsx
USGS-05447500,2007-06-16,11.808125028864,m3/s,00060,Discharge,1,gr-data.xlsx
USGS-05447500,2007-06-17,11.270104943616,m3/s,00060,Discharge,1,gr-data.xlsx
USGS-05447500,2007-06-18,11.156837557248,m3/s,00060,Discharge,1,gr-data.xlsx
USGS-05447500,2007-06-19,11.609907102720001,m3/s,00060,Discharge,1,gr-data.xlsx
USGS-05447500,2007-06-20,11.978026108416,m3/s,00060,Discharge,1,gr-data.xlsx
USGS-05447500,2007-06-21,12.062976648192,m3/s,00060,Discharge,1,gr-data.xlsx
USGS-05447500,2007-06-22,12.969115739136,m3/s,00060,Discharge,1,gr-data.xlsx
USGS-05447500,2007-06-23,20.699614858752,m3/s,00060,Discharge,1,gr-data.xlsx
USGS-05447500,2007-06-24,35.39605824,m3/s,00060,Discharge,1,gr-data.xlsx
USGS-05447500,2007-06-25,37.378237501440005,m3/s,00060,Discharge,1,gr-data.xlsx
USGS-05447500,2007-06-26,28.061994972672,m3/s,00060,Discharge,1,gr-data.xlsx
USGS-05447500,2007-06-27,23.92773537024,m3/s,00060,Discharge,1,gr-data.xlsx
USGS-05447500,2007-06-28,21.917239262208,m3/s,00060,Discharge,1,gr-data.xlsx
USGS-05447500,2007-06-29,19.850109460992,m3/s,00060,Discharge,1,gr-data.xlsx
USGS-05447500,2007-06-30,17.896247046144,m3/s,00060,Discharge,1,gr-data.xlsx
USGS-05447500,2007-07-01,16.338820483584,m3/s,00060,Discharge,1,gr-data.xlsx
USGS-05447500,2007-07-02,14.894661307392001,m3/s,00060,Discharge,1,gr-data.xlsx
USGS-05447500,2007-07-03,13.818621136896,m3/s,00060,Discharge,1,gr-data.xlsx
USGS-05447500,2007-07-04,32.84754204672,m3/s,00060,Discharge,1,gr-data.xlsx
USGS-05447500,2007-07-05,30.29902585344,m3/s,00060,Discharge,1,gr-data.xlsx
USGS-05447500,2007-07-06,22.08714034176,m3/s,00060,Discharge,1,gr-data.xlsx
USGS-05447500,2007-07-07,17.867930199552,m3/s,00060,Discharge,1,gr-data.xlsx
USGS-05447500,2007-07-08,15.630899318784001,m3/s,00060,Discharge,1,gr-data.xlsx
USGS-05447500,2007-07-09,14.243373835776,m3/s,00060,Discharge,1,gr-data.xlsx
USGS-05447500,2007-07-10,13.903571676672,m3/s,00060,Discharge,1,gr-data.xlsx
USGS-05447500,2007-07-11,15.5742656256,m3/s,00060,Discharge,1,gr-data.xlsx
USGS-05447500,2007-07-12,17.386543807488,m3/s,00060,Discharge,1,gr-data.xlsx
USGS-05447500,2007-07-13,15.29109715968,m3/s,00060,Discharge,1,gr-data.xlsx
USGS-05447500,2007-07-14,13.30891789824,m3/s,00060,Discharge,1,gr-data.xlsx
USGS-05447500,2007-07-15,12.147927187968,m3/s,00060,Discharge,1,gr-data.xlsx
USGS-05447500,2007-07-16,11.383372329984,m3/s,00060,Discharge,1,gr-data.xlsx
USGS-05447500,2007-07-17,12.997432585728001,m3/s,00060,Discharge,1,gr-data.xlsx
USGS-05447500,2007-07-18,17.98119758592,m3/s,00060,Discharge,1,gr-data.xlsx
USGS-05447500,2007-07-19,87.7822244352,m3/s,00060,Discharge,1,gr-data.xlsx
USGS-05447500,2007-07-20,79.2871704576,m3/s,00060,Discharge,1,gr-data.xlsx
USGS-05447500,2007-07-21,57.20003011584,m3/s,00060,Discharge,1,gr-data.xlsx
USGS-05447500,2007-07-22,38.51091136512,m3/s,00060,Discharge,1,gr-data.xlsx
USGS-05447500,2007-07-23,29.7326889216,m3/s,00060,Discharge,1,gr-data.xlsx
USGS-05447500,2007-07-24,24.63565653504,m3/s,00060,Discharge,1,gr-data.xlsx
USGS-05447500,2007-07-25,21.237634944,m3/s,00060,Discharge,1,gr-data.xlsx
USGS-05447500,2007-07-26,18.660801904128,m3/s,00060,Discharge,1,gr-data.xlsx
USGS-05447500,2007-07-27,17.216642727936,m3/s,00060,Discharge,1,gr-data.xlsx
USGS-05447500,2007-07-28,17.046741648384,m3/s,00060,Discharge,1,gr-data.xlsx
USGS-05447500,2007-07-29,16.2821867904,m3/s,00060,Discharge,1,gr-data.xlsx
USGS-05447500,2007-07-30,14.922978153984001,m3/s,00060,Discharge,1,gr-data.xlsx
USGS-05447500,2007-07-31,13.790304290304,m3/s,00060,Discharge,1,gr-data.xlsx
USGS-05447500,2007-08-01,12.88416519936,m3/s,00060,Discharge,1,gr-data.xlsx
USGS-05447500,2007-08-02,11.978026108416,m3/s,00060,Discharge,1,gr-data.xlsx
USGS-05447500,2007-08-03,11.18515440384,m3/s,00060,Discharge,1,gr-data.xlsx
USGS-05447500,2007-08-04,10.618817472,m3/s,00060,Discharge,1,gr-data.xlsx
USGS-05447500,2007-08-05,10.533866932224,m3/s,00060,Discharge,1,gr-data.xlsx
USGS-05447500,2007-08-06,10.47723323904,m3/s,00060,Discharge,1,gr-data.xlsx
USGS-05447500,2007-08-07,10.420599545856,m3/s,00060,Discharge,1,gr-data.xlsx
USGS-05447500,2007-08-08,20.444763239424,m3/s,00060,Discharge,1,gr-data.xlsx
USGS-05447500,2007-08-09,21.66238764288,m3/s,00060,Discharge,1,gr-data.xlsx
USGS-05447500,2007-08-10,18.4059502848,m3/s,00060,Discharge,1,gr-data.xlsx
USGS-05447500,2007-08-11,14.554859148288001,m3/s,00060,Discharge,1,gr-data.xlsx
USGS-05447500,2007-08-12,12.60099673344,m3/s,00060,Discharge,1,gr-data.xlsx
USGS-05447500,2007-08-13,11.18515440384,m3/s,00060,Discharge,1,gr-data.xlsx
USGS-05447500,2007-08-14,10.618817472,m3/s,00060,Discharge,1,gr-data.xlsx
USGS-05447500,2007-08-15,10.590500625408,m3/s,00060,Discharge,1,gr-data.xlsx
USGS-05447500,2007-08-16,10.33564900608,m3/s,00060,Discharge,1,gr-data.xlsx
USGS-05447500,2007-08-17,9.939213153792,m3/s,00060,Discharge,1,gr-data.xlsx
USGS-05447500,2007-08-18,9.514460454912001,m3/s,00060,Discharge,1,gr-data.xlsx
USGS-05447500,2007-08-19,9.995846846976,m3/s,00060,Discharge,1,gr-data.xlsx
USGS-05447500,2007-08-20,25.853280938496,m3/s,00060,Discharge,1,gr-data.xlsx
USGS-05447500,2007-08-21,45.3069545472,m3/s,00060,Discharge,1,gr-data.xlsx
USGS-05447500,2007-08-22,36.52873210368,m3/s,00060,Discharge,1,gr-data.xlsx
USGS-05447500,2007-08-23,33.9802159104,m3/s,00060,Discharge,1,gr-data.xlsx
USGS-05447500,2007-08-24,105.33866932224001,m3/s,00060,Discharge,1,gr-data.xlsx
USGS-05447500,2007-08-25,174.43177500672002,m3/s,00060,Discharge,1,gr-data.xlsx
USGS-05447500,2007-08-26,131.95650511872,m3/s,00060,Discharge,1,gr-data.xlsx
USGS-05447500,2007-08-27,97.40995227648,m3/s,00060,Discharge,1,gr-data.xlsx
USGS-05447500,2007-08-28,70.79211648,m3/s,00060,Discharge,1,gr-data.xlsx
USGS-05447500,2007-08-29,53.51884005888,m3/s,00060,Discharge,1,gr-data.xlsx
USGS-05447500,2007-08-30,40.776259092480004,m3/s,00060,Discharge,1,gr-data.xlsx
USGS-05447500,2007-08-31,33.41387897856,m3/s,00060,Discharge,1,gr-data.xlsx
USGS-05447500,2007-09-01,27.977044432896,m3/s,00060,Discharge,1,gr-data.xlsx
USGS-05447500,2007-09-02,24.380804915712,m3/s,00060,Discharge,1,gr-data.xlsx
USGS-05447500,2007-09-03,21.690704489472,m3/s,00060,Discharge,1,gr-data.xlsx
USGS-05447500,2007-09-04,19.566940995072,m3/s,00060,Discharge,1,gr-data.xlsx
USGS-05447500,2007-09-05,17.782979659776,m3/s,00060,Discharge,1,gr-data.xlsx
USGS-05447500,2007-09-06,16.2821867904,m3/s,00060,Discharge,1,gr-data.xlsx
USGS-05447500,2007-09-07,15.489315085824,m3/s,00060,Discharge,1,gr-data.xlsx
USGS-05447500,2007-09-08,14.781393921024,m3/s,00060,Discharge,1,gr-data.xlsx
USGS-05447500,2007-09-09,13.818621136896,m3/s,00060,Discharge,1,gr-data.xlsx
USGS-05447500,2007-09-10,13.110699972096,m3/s,00060,Discharge,1,gr-data.xlsx
USGS-05447500,2007-09-11,12.827531506176001,m3/s,00060,Discharge,1,gr-data.xlsx
USGS-05447500,2007-09-12,12.516046193664,m3/s,00060,Discharge,1,gr-data.xlsx
USGS-05447500,2007-09-13,12.006342955008,m3/s,00060,Discharge,1,gr-data.xlsx
USGS-05447500,2007-09-14,11.553273409536,m3/s,00060,Discharge,1,gr-data.xlsx
USGS-05447500,2007-09-15,11.100203864064,m3/s,00060,Discharge,1,gr-data.xlsx
USGS-05447500,2007-09-16,10.76040170496,m3/s,00060,Discharge,1,gr-data.xlsx
USGS-05447500,2007-09-17,10.505550085632,m3/s,00060,Discharge,1,gr-data.xlsx
USGS-05447500,2007-09-18,10.279015312896,m3/s,00060,Discharge,1,gr-data.xlsx
USGS-05447500,2007-09-19,9.882579460608,m3/s,00060,Discharge,1,gr-data.xlsx
USGS-05447500,2007-09-20,9.571094148096,m3/s,00060,Discharge,1,gr-data.xlsx
USGS-05447500,2007-09-21,9.372876221952,m3/s,00060,Discharge,1,gr-data.xlsx
USGS-05447500,2007-09-22,9.174658295808,m3/s,00060,Discharge,1,gr-data.xlsx
USGS-05447500,2007-09-23,8.91980667648,m3/s,00060,Discharge,1,gr-data.xlsx
USGS-05447500,2007-09-24,8.749905596928,m3/s,00060,Discharge,1,gr-data.xlsx
USGS-05447500,2007-09-25,8.636638210560001,m3/s,00060,Discharge,1,gr-data.xlsx
USGS-05447500,2007-09-26,8.693271903744,m3/s,00060,Discharge,1,gr-data.xlsx
USGS-05447500,2007-09-27,8.580004517376,m3/s,00060,Discharge,1,gr-data.xlsx
USGS-05447500,2007-09-28,8.4950539776,m3/s,00060,Discharge,1,gr-data.xlsx
USGS-05447500,2007-09-29,8.183568665088,m3/s,00060,Discharge,1,gr-data.xlsx
USGS-05447500,2007-09-30,7.900400199168001,m3/s,00060,Discharge,1,gr-data.xlsx
USGS-05447500,2007-10-01,8.098618125312,m3/s,00060,Discharge,1,gr-data.xlsx
USGS-05447500,2007-10-02,8.296836051456001,m3/s,00060,Discharge,1,gr-data.xlsx
USGS-05447500,2007-10-03,8.608321363968,m3/s,00060,Discharge,1,gr-data.xlsx
USGS-05447500,2007-10-04,8.438420284416,m3/s,00060,Discharge,1,gr-data.xlsx
USGS-05447500,2007-10-05,8.07030127872,m3/s,00060,Discharge,1,gr-data.xlsx
USGS-05447500,2007-10-06,7.900400199168001,m3/s,00060,Discharge,1,gr-data.xlsx
USGS-05447500,2007-10-07,7.985350738944001,m3/s,00060,Discharge,1,gr-data.xlsx
USGS-05447500,2007-10-08,7.617231733248,m3/s,00060,Discharge,1,gr-data.xlsx
USGS-05447500,2007-10-09,7.419013807104,m3/s,00060,Discharge,1,gr-data.xlsx
USGS-05447500,2007-10-10,7.305746420736,m3/s,00060,Discharge,1,gr-data.xlsx
USGS-05447500,2007-10-11,7.390696960512,m3/s,00060,Discharge,1,gr-data.xlsx
USGS-05447500,2007-10-12,7.334063267328,m3/s,00060,Discharge,1,gr-data.xlsx
USGS-05447500,2007-10-13,7.305746420736,m3/s,00060,Discharge,1,gr-data.xlsx
USGS-05447500,2007-10-14,7.3623801139200005,m3/s,00060,Discharge,1,gr-data.xlsx
USGS-05447500,2007-10-15,7.305746420736,m3/s,00060,Discharge,1,gr-data.xlsx
USGS-05447500,2007-10-16,7.22079588096,m3/s,00060,Discharge,1,gr-data.xlsx
USGS-05447500,2007-10-17,7.249112727552,m3/s,00060,Discharge,1,gr-data.xlsx
USGS-05447500,2007-10-18,8.240202358272,m3/s,00060,Discharge,1,gr-data.xlsx
USGS-05447500,2007-10-19,8.381786591232,m3/s,00060,Discharge,1,gr-data.xlsx
USGS-05447500,2007-10-20,8.013667585536,m3/s,00060,Discharge,1,gr-data.xlsx
USGS-05447500,2007-10-21,7.4473306536960004,m3/s,00060,Discharge,1,gr-data.xlsx
USGS-05447500,2007-10-22,7.249112727552,m3/s,00060,Discharge,1,gr-data.xlsx
USGS-05447500,2007-10-23,7.022577954816001,m3/s,00060,Discharge,1,gr-data.xlsx
USGS-05447500,2007-10-24,7.1075284945920005,m3/s,00060,Discharge,1,gr-data.xlsx
USGS-05447500,2007-10-25,7.022577954816001,m3/s,00060,Discharge,1,gr-data.xlsx
USGS-05447500,2007-10-26,6.880993721856,m3/s,00060,Discharge,1,gr-data.xlsx
USGS-05447500,2007-10-27,6.937627415040001,m3/s,00060,Discharge,1,gr-data.xlsx
USGS-05447500,2007-10-28,6.767726335488001,m3/s,00060,Discharge,1,gr-data.xlsx
USGS-05447500,2007-10-29,6.597825255936,m3/s,00060,Discharge,1,gr-data.xlsx
USGS-05447500,2007-10-30,6.569508409344,m3/s,00060,Discharge,1,gr-data.xlsx
USGS-05447500,2007-10-31,6.51287471616,m3/s,00060,Discharge,1,gr-data.xlsx
USGS-05447500,2007-11-01,6.51287471616,m3/s,00060,Discharge,1,gr-data.xlsx
USGS-05447500,2007-11-02,6.399607329792,m3/s,00060,Discharge,1,gr-data.xlsx
USGS-05447500,2007-11-03,6.342973636608,m3/s,00060,Discharge,1,gr-data.xlsx
USGS-05447500,2007-11-04,6.3712904832,m3/s,00060,Discharge,1,gr-data.xlsx
USGS-05447500,2007-11-05,6.427924176384,m3/s,00060,Discharge,1,gr-data.xlsx
USGS-05447500,2007-11-06,6.399607329792,m3/s,00060,Discharge,1,gr-data.xlsx
USGS-05447500,2007-11-07,6.3712904832,m3/s,00060,Discharge,1,gr-data.xlsx
USGS-05447500,2007-11-08,6.342973636608,m3/s,00060,Discharge,1,gr-data.xlsx
USGS-05447500,2007-11-09,6.51287471616,m3/s,00060,Discharge,1,gr-data.xlsx
USGS-05447500,2007-11-10,7.1075284945920005,m3/s,00060,Discharge,1,gr-data.xlsx
USGS-05447500,2007-11-11,6.682775795712,m3/s,00060,Discharge,1,gr-data.xlsx
USGS-05447500,2007-11-12,6.711092642304,m3/s,00060,Discharge,1,gr-data.xlsx
USGS-05447500,2007-11-13,6.626142102528,m3/s,00060,Discharge,1,gr-data.xlsx
USGS-05447500,2007-11-14,6.65445894912,m3/s,00060,Discharge,1,gr-data.xlsx
USGS-05447500,2007-11-15,6.65445894912,m3/s,00060,Discharge,1,gr-data.xlsx
USGS-05447500,2007-11-16,6.597825255936,m3/s,00060,Discharge,1,gr-data.xlsx
USGS-05447500,2007-11-17,6.767726335488001,m3/s,00060,Discharge,1,gr-data.xlsx
USGS-05447500,2007-11-18,6.824360028672,m3/s,00060,Discharge,1,gr-data.xlsx
USGS-05447500,2007-11-19,6.880993721856,m3/s,00060,Discharge,1,gr-data.xlsx
USGS-05447500,2007-11-20,6.994261108224,m3/s,00060,Discharge,1,gr-data.xlsx
USGS-05447500,2007-11-21,8.07030127872,m3/s,00060,Discharge,1,gr-data.xlsx
USGS-05447500,2007-11-22,9.118024602624,m3/s,00060,Discharge,1,gr-data.xlsx
USGS-05447500,2007-11-23,8.91980667648,m3/s,00060,Discharge,1,gr-data.xlsx
USGS-05447500,2007-11-24,8.4950539776,m3/s,00060,Discharge,1,gr-data.xlsx
USGS-05447500,2007-11-25,8.296836051456001,m3/s,00060,Discharge,1,gr-data.xlsx
USGS-05447500,2007-11-26,8.325152898048,m3/s,00060,Discharge,1,gr-data.xlsx
USGS-05447500,2007-11-27,8.296836051456001,m3/s,00060,Discharge,1,gr-data.xlsx
USGS-05447500,2007-11-28,8.013667585536,m3/s,00060,Discharge,1,gr-data.xlsx
USGS-05447500,2007-11-29,7.305746420736,m3/s,00060,Discharge,1,gr-data.xlsx
USGS-05447500,2007-11-30,8.21188551168,m3/s,00060,Discharge,1,gr-data.xlsx
USGS-05447500,2007-12-01,6.909310568448,m3/s,00060,Discharge,1,gr-data.xlsx
USGS-05447500,2007-12-02,9.656044687872,m3/s,00060,Discharge,1,gr-data.xlsx
USGS-05447500,2007-12-03,6.682775795712,m3/s,00060,Discharge,1,gr-data.xlsx
USGS-05447500,2007-12-04,8.608321363968,m3/s,00060,Discharge,1,gr-data.xlsx
USGS-05447500,2007-12-05,9.712678381056,m3/s,00060,Discharge,1,gr-data.xlsx
USGS-05447500,2007-12-06,8.749905596928,m3/s,00060,Discharge,1,gr-data.xlsx
USGS-05447500,2007-12-07,8.551687670784,m3/s,00060,Discharge,1,gr-data.xlsx
USGS-05447500,2007-12-08,9.684361534464001,m3/s,00060,Discharge,1,gr-data.xlsx
USGS-05447500,2007-12-09,9.542777301504,m3/s,00060,Discharge,1,gr-data.xlsx
USGS-05447500,2007-12-10,9.372876221952,m3/s,00060,Discharge,1,gr-data.xlsx
USGS-05447500,2007-12-11,10.675451165184,m3/s,00060,Discharge,1,gr-data.xlsx
USGS-05447500,2007-12-12,13.4505021312,m3/s,00060,Discharge,1,gr-data.xlsx
USGS-05447500,2007-12-13,15.5742656256,m3/s,00060,Discharge,1,gr-data.xlsx
USGS-05447500,2007-12-14,15.177829773312,m3/s,00060,Discharge,1,gr-data.xlsx
USGS-05447500,2007-12-15,14.498225455104,m3/s,00060,Discharge,1,gr-data.xlsx
USGS-05447500,2007-12-16,12.516046193664,m3/s,00060,Discharge,1,gr-data.xlsx
USGS-05447500,2007-12-17,14.073472756224,m3/s,00060,Discharge,1,gr-data.xlsx
USGS-05447500,2007-12-18,14.101789602816,m3/s,00060,Discharge,1,gr-data.xlsx
USGS-05447500,2007-12-19,14.271690682368,m3/s,00060,Discharge,1,gr-data.xlsx
USGS-05447500,2007-12-20,13.73367059712,m3/s,00060,Discharge,1,gr-data.xlsx
USGS-05447500,2007-12-21,13.535452670976001,m3/s,00060,Discharge,1,gr-data.xlsx
USGS-05447500,2007-12-22,14.696443381248,m3/s,00060,Discharge,1,gr-data.xlsx
USGS-05447500,2007-12-23,18.717435597312,m3/s,00060,Discharge,1,gr-data.xlsx
USGS-05447500,2007-12-24,27.948727586304,m3/s,00060,Discharge,1,gr-data.xlsx
USGS-05447500,2007-12-25,33.69704744448,m3/s,00060,Discharge,1,gr-data.xlsx
USGS-05447500,2007-12-26,33.13071051264,m3/s,00060,Discharge,1,gr-data.xlsx
USGS-05447500,2007-12-27,29.7326889216,m3/s,00060,Discharge,1,gr-data.xlsx
USGS-05447500,2007-12-28,24.579022841856002,m3/s,00060,Discharge,1,gr-data.xlsx
USGS-05447500,2007-12-29,22.568526733824,m3/s,00060,Discharge,1,gr-data.xlsx
USGS-05447500,2007-12-30,21.152684404224,m3/s,00060,Discharge,1,gr-data.xlsx
USGS-05447500,2007-12-31,19.8217926144,m3/s,00060,Discharge,1,gr-data.xlsx
USGS-05447500,2008-01-01,19.25545568256,m3/s,00060,Discharge,1,gr-data.xlsx
USGS-05447500,2008-01-02,18.4059502848,m3/s,00060,Discharge,1,gr-data.xlsx
USGS-05447500,2008-01-03,17.55644488704,m3/s,00060,Discharge,1,gr-data.xlsx
USGS-05447500,2008-01-04,28.316846592,m3/s,00060,Discharge,1,gr-data.xlsx
USGS-05447500,2008-01-05,34.82972130816,m3/s,00060,Discharge,1,gr-data.xlsx
USGS-05447500,2008-01-06,43.607943751680004,m3/s,00060,Discharge,1,gr-data.xlsx
USGS-05447500,2008-01-07,47.00596534272,m3/s,00060,Discharge,1,gr-data.xlsx
USGS-05447500,2008-01-08,47.85547074048,m3/s,00060,Discharge,1,gr-data.xlsx
USGS-05447500,2008-01-09,55.784187786240004,m3/s,00060,Discharge,1,gr-data.xlsx
USGS-05447500,2008-01-10,51.25349233152,m3/s,00060,Discharge,1,gr-data.xlsx
USGS-05447500,2008-01-11,43.8911122176,m3/s,00060,Discharge,1,gr-data.xlsx
USGS-05447500,2008-01-12,38.79407983104,m3/s,00060,Discharge,1,gr-data.xlsx
USGS-05447500,2008-01-13,35.11288977408,m3/s,00060,Discharge,1,gr-data.xlsx
USGS-05447500,2008-01-14,31.99803664896,m3/s,00060,Discharge,1,gr-data.xlsx
USGS-05447500,2008-01-15,28.60001505792,m3/s,00060,Discharge,1,gr-data.xlsx
USGS-05447500,2008-01-16,28.88318352384,m3/s,00060,Discharge,1,gr-data.xlsx
USGS-05447500,2008-01-17,26.646152643072,m3/s,00060,Discharge,1,gr-data.xlsx
USGS-05447500,2008-01-18,23.191497358848,m3/s,00060,Discharge,1,gr-data.xlsx
USGS-05447500,2008-01-19,24.35248806912,m3/s,00060,Discharge,1,gr-data.xlsx
USGS-05447500,2008-01-20,22.6534772736,m3/s,00060,Discharge,1,gr-data.xlsx
USGS-05447500,2008-01-21,21.52080340992,m3/s,00060,Discharge,1,gr-data.xlsx
USGS-05447500,2008-01-22,20.95446647808,m3/s,00060,Discharge,1,gr-data.xlsx
USGS-05447500,2008-01-23,20.388129546240002,m3/s,00060,Discharge,1,gr-data.xlsx
USGS-05447500,2008-01-24,19.8217926144,m3/s,00060,Discharge,1,gr-data.xlsx
USGS-05447500,2008-01-25,19.53862414848,m3/s,00060,Discharge,1,gr-data.xlsx
USGS-05447500,2008-01-26,19.53862414848,m3/s,00060,Discharge,1,gr-data.xlsx
USGS-05447500,2008-01-27,19.8217926144,m3/s,00060,Discharge,1,gr-data.xlsx
USGS-05447500,2008-01-28,22.08714034176,m3/s,00060,Discharge,1,gr-data.xlsx
USGS-05447500,2008-01-29,25.4851619328,m3/s,00060,Discharge,1,gr-data.xlsx
USGS-05447500,2008-01-30,25.315260853248002,m3/s,00060,Discharge,1,gr-data.xlsx
USGS-05447500,2008-01-31,24.0693196032,m3/s,00060,Discharge,1,gr-data.xlsx
USGS-05447500,2008-02-01,22.6534772736,m3/s,00060,Discharge,1,gr-data.xlsx
USGS-05447500,2008-02-02,21.237634944,m3/s,00060,Discharge,1,gr-data.xlsx
USGS-05447500,2008-02-03,20.95446647808,m3/s,00060,Discharge,1,gr-data.xlsx
USGS-05447500,2008-02-04,21.237634944,m3/s,00060,Discharge,1,gr-data.xlsx
USGS-05447500,2008-02-05,22.37030880768,m3/s,00060,Discharge,1,gr-data.xlsx
USGS-05447500,2008-02-06,24.63565653504,m3/s,00060,Discharge,1,gr-data.xlsx
USGS-05447500,2008-02-07,29.7326889216,m3/s,00060,Discharge,1,gr-data.xlsx
USGS-05447500,2008-02-08,27.18417272832,m3/s,00060,Discharge,1,gr-data.xlsx
USGS-05447500,2008-02-09,24.918825000960002,m3/s,00060,Discharge,1,gr-data.xlsx
USGS-05447500,2008-02-10,23.219814205440002,m3/s,00060,Discharge,1,gr-data.xlsx
USGS-05447500,2008-02-11,21.803971875840002,m3/s,00060,Discharge,1,gr-data.xlsx
USGS-05447500,2008-02-12,21.237634944,m3/s,00060,Discharge,1,gr-data.xlsx
USGS-05447500,2008-02-13,20.67129801216,m3/s,00060,Discharge,1,gr-data.xlsx
USGS-05447500,2008-02-14,20.388129546240002,m3/s,00060,Discharge,1,gr-data.xlsx
USGS-05447500,2008-02-15,20.388129546240002,m3/s,00060,Discharge,1,gr-data.xlsx
USGS-05447500,2008-02-16,20.10496108032,m3/s,00060,Discharge,1,gr-data.xlsx
USGS-05447500,2008-02-17,77.58815966208,m3/s,00060,Discharge,1,gr-data.xlsx
USGS-05447500,2008-02-18,150.36245540352002,m3/s,00060,Discharge,1,gr-data.xlsx
USGS-05447500,2008-02-19,138.46937983488002,m3/s,00060,Discharge,1,gr-data.xlsx
USGS-05447500,2008-02-20,124.02778807296,m3/s,00060,Discharge,1,gr-data.xlsx
USGS-05447500,2008-02-21,102.79015312896,m3/s,00060,Discharge,1,gr-data.xlsx
USGS-05447500,2008-02-22,84.38420284416,m3/s,00060,Discharge,1,gr-data.xlsx
USGS-05447500,2008-02-23,71.07528494592,m3/s,00060,Discharge,1,gr-data.xlsx
USGS-05447500,2008-02-24,61.16438863872,m3/s,00060,Discharge,1,gr-data.xlsx
USGS-05447500,2008-02-25,53.8020085248,m3/s,00060,Discharge,1,gr-data.xlsx
USGS-05447500,2008-02-26,39.6435852288,m3/s,00060,Discharge,1,gr-data.xlsx
USGS-05447500,2008-02-27,31.71486818304,m3/s,00060,Discharge,1,gr-data.xlsx
USGS-05447500,2008-02-28,29.7326889216,m3/s,00060,Discharge,1,gr-data.xlsx
USGS-05447500,2008-02-29,26.362984177152,m3/s,00060,Discharge,1,gr-data.xlsx
USGS-05447500,2008-03-01,25.683379858944,m3/s,00060,Discharge,1,gr-data.xlsx
USGS-05447500,2008-03-02,74.75647500288001,m3/s,00060,Discharge,1,gr-data.xlsx
USGS-05447500,2008-03-03,217.75655029248,m3/s,00060,Discharge,1,gr-data.xlsx
USGS-05447500,2008-03-04,167.91890029056,m3/s,00060,Discharge,1,gr-data.xlsx
USGS-05447500,2008-03-05,126.57630426624,m3/s,00060,Discharge,1,gr-data.xlsx
USGS-05447500,2008-03-06,101.09114233344,m3/s,00060,Discharge,1,gr-data.xlsx
USGS-05447500,2008-03-07,75.32281193472001,m3/s,00060,Discharge,1,gr-data.xlsx
USGS-05447500,2008-03-08,53.8020085248,m3/s,00060,Discharge,1,gr-data.xlsx
USGS-05447500,2008-03-09,43.607943751680004,m3/s,00060,Discharge,1,gr-data.xlsx
USGS-05447500,2008-03-10,39.36041676288,m3/s,00060,Discharge,1,gr-data.xlsx
USGS-05447500,2008-03-11,36.24556363776,m3/s,00060,Discharge,1,gr-data.xlsx
USGS-05447500,2008-03-12,37.661405967360004,m3/s,00060,Discharge,1,gr-data.xlsx
USGS-05447500,2008-03-13,43.607943751680004,m3/s,00060,Discharge,1,gr-data.xlsx
USGS-05447500,2008-03-14,45.3069545472,m3/s,00060,Discharge,1,gr-data.xlsx
USGS-05447500,2008-03-15,41.0594275584,m3/s,00060,Discharge,1,gr-data.xlsx
USGS-05447500,2008-03-16,35.11288977408,m3/s,00060,Discharge,1,gr-data.xlsx
USGS-05447500,2008-03-17,30.865362785280002,m3/s,00060,Discharge,1,gr-data.xlsx
USGS-05447500,2008-03-18,31.99803664896,m3/s,00060,Discharge,1,gr-data.xlsx
USGS-05447500,2008-03-19,34.82972130816,m3/s,00060,Discharge,1,gr-data.xlsx
USGS-05447500,2008-03-20,33.9802159104,m3/s,00060,Discharge,1,gr-data.xlsx
USGS-05447500,2008-03-21,31.99803664896,m3/s,00060,Discharge,1,gr-data.xlsx
USGS-05447500,2008-03-22,31.43169971712,m3/s,00060,Discharge,1,gr-data.xlsx
USGS-05447500,2008-03-23,30.58219431936,m3/s,00060,Discharge,1,gr-data.xlsx
USGS-05447500,2008-03-24,29.166351989760003,m3/s,00060,Discharge,1,gr-data.xlsx
USGS-05447500,2008-03-25,28.146945512448,m3/s,00060,Discharge,1,gr-data.xlsx
USGS-05447500,2008-03-26,27.523974887424,m3/s,00060,Discharge,1,gr-data.xlsx
USGS-05447500,2008-03-27,26.419617870336,m3/s,00060,Discharge,1,gr-data.xlsx
USGS-05447500,2008-03-28,27.014271648768002,m3/s,00060,Discharge,1,gr-data.xlsx
USGS-05447500,2008-03-29,25.994865171456002,m3/s,00060,Discharge,1,gr-data.xlsx
USGS-05447500,2008-03-30,25.456845086208002,m3/s,00060,Discharge,1,gr-data.xlsx
USGS-05447500,2008-03-31,26.419617870336,m3/s,00060,Discharge,1,gr-data.xlsx
USGS-05447500,2008-04-01,33.69704744448,m3/s,00060,Discharge,1,gr-data.xlsx
USGS-05447500,2008-04-02,37.94457443328,m3/s,00060,Discharge,1,gr-data.xlsx
USGS-05447500,2008-04-03,33.13071051264,m3/s,00060,Discharge,1,gr-data.xlsx
USGS-05447500,2008-04-04,31.1485312512,m3/s,00060,Discharge,1,gr-data.xlsx
USGS-05447500,2008-04-05,29.166351989760003,m3/s,00060,Discharge,1,gr-data.xlsx
USGS-05447500,2008-04-06,26.9010042624,m3/s,00060,Discharge,1,gr-data.xlsx
USGS-05447500,2008-04-07,25.315260853248002,m3/s,00060,Discharge,1,gr-data.xlsx
USGS-05447500,2008-04-08,26.674469489664002,m3/s,00060,Discharge,1,gr-data.xlsx
USGS-05447500,2008-04-09,55.501019320320005,m3/s,00060,Discharge,1,gr-data.xlsx
USGS-05447500,2008-04-10,72.2079588096,m3/s,00060,Discharge,1,gr-data.xlsx
USGS-05447500,2008-04-11,117.79808182272001,m3/s,00060,Discharge,1,gr-data.xlsx
USGS-05447500,2008-04-12,112.41788097024,m3/s,00060,Discharge,1,gr-data.xlsx
USGS-05447500,2008-04-13,91.74658295808,m3/s,00060,Discharge,1,gr-data.xlsx
USGS-05447500,2008-04-14,74.47330653696,m3/s,00060,Discharge,1,gr-data.xlsx
USGS-05447500,2008-04-15,63.42973636608,m3/s,00060,Discharge,1,gr-data.xlsx
USGS-05447500,2008-04-16,56.35052471808,m3/s,00060,Discharge,1,gr-data.xlsx
USGS-05447500,2008-04-17,50.68715539968,m3/s,00060,Discharge,1,gr-data.xlsx
USGS-05447500,2008-04-18,46.439628410880005,m3/s,00060,Discharge,1,gr-data.xlsx
USGS-05447500,2008-04-19,44.45744914944,m3/s,00060,Discharge,1,gr-data.xlsx
USGS-05447500,2008-04-20,42.19210142208,m3/s,00060,Discharge,1,gr-data.xlsx
USGS-05447500,2008-04-21,39.36041676288,m3/s,00060,Discharge,1,gr-data.xlsx
USGS-05447500,2008-04-22,39.36041676288,m3/s,00060,Discharge,1,gr-data.xlsx
USGS-05447500,2008-04-23,44.74061761536,m3/s,00060,Discharge,1,gr-data.xlsx
USGS-05447500,2008-04-24,42.75843835392,m3/s,00060,Discharge,1,gr-data.xlsx
USGS-05447500,2008-04-25,40.493090626560004,m3/s,00060,Discharge,1,gr-data.xlsx
USGS-05447500,2008-04-26,41.0594275584,m3/s,00060,Discharge,1,gr-data.xlsx
USGS-05447500,2008-04-27,39.6435852288,m3/s,00060,Discharge,1,gr-data.xlsx
USGS-05447500,2008-04-28,36.52873210368,m3/s,00060,Discharge,1,gr-data.xlsx
USGS-05447500,2008-04-29,34.82972130816,m3/s,00060,Discharge,1,gr-data.xlsx
USGS-05447500,2008-04-30,32.84754204672,m3/s,00060,Discharge,1,gr-data.xlsx
USGS-05447500,2008-05-01,31.71486818304,m3/s,00060,Discharge,1,gr-data.xlsx
USGS-05447500,2008-05-02,30.58219431936,m3/s,00060,Discharge,1,gr-data.xlsx
USGS-05447500,2008-05-03,29.166351989760003,m3/s,00060,Discharge,1,gr-data.xlsx
USGS-05447500,2008-05-04,27.32575696128,m3/s,00060,Discharge,1,gr-data.xlsx
USGS-05447500,2008-05-05,25.4851619328,m3/s,00060,Discharge,1,gr-data.xlsx
USGS-05447500,2008-05-06,24.267537529344,m3/s,00060,Discharge,1,gr-data.xlsx
USGS-05447500,2008-05-07,24.0693196032,m3/s,00060,Discharge,1,gr-data.xlsx
USGS-05447500,2008-05-08,24.49407230208,m3/s,00060,Discharge,1,gr-data.xlsx
USGS-05447500,2008-05-09,23.106546819072,m3/s,00060,Discharge,1,gr-data.xlsx
USGS-05447500,2008-05-10,21.9455561088,m3/s,00060,Discharge,1,gr-data.xlsx
USGS-05447500,2008-05-11,55.2178508544,m3/s,00060,Discharge,1,gr-data.xlsx
USGS-05447500,2008-05-12,105.90500625408,m3/s,00060,Discharge,1,gr-data.xlsx
USGS-05447500,2008-05-13,91.46341449216,m3/s,00060,Discharge,1,gr-data.xlsx
USGS-05447500,2008-05-14,70.22577954816,m3/s,00060,Discharge,1,gr-data.xlsx
USGS-05447500,2008-05-15,57.20003011584,m3/s,00060,Discharge,1,gr-data.xlsx
USGS-05447500,2008-05-16,46.722796876800004,m3/s,00060,Discharge,1,gr-data.xlsx
USGS-05447500,2008-05-17,40.493090626560004,m3/s,00060,Discharge,1,gr-data.xlsx
USGS-05447500,2008-05-18,35.67922670592,m3/s,00060,Discharge,1,gr-data.xlsx
USGS-05447500,2008-05-19,31.99803664896,m3/s,00060,Discharge,1,gr-data.xlsx
USGS-05447500,2008-05-20,30.29902585344,m3/s,00060,Discharge,1,gr-data.xlsx
USGS-05447500,2008-05-21,28.316846592,m3/s,00060,Discharge,1,gr-data.xlsx
USGS-05447500,2008-05-22,26.646152643072,m3/s,00060,Discharge,1,gr-data.xlsx
USGS-05447500,2008-05-23,26.419617870336,m3/s,00060,Discharge,1,gr-data.xlsx
USGS-05447500,2008-05-24,27.212489574912002,m3/s,00060,Discharge,1,gr-data.xlsx
USGS-05447500,2008-05-25,25.711696705536,m3/s,00060,Discharge,1,gr-data.xlsx
USGS-05447500,2008-05-26,28.60001505792,m3/s,00060,Discharge,1,gr-data.xlsx
USGS-05447500,2008-05-27,64.27924176384,m3/s,00060,Discharge,1,gr-data.xlsx
USGS-05447500,2008-05-28,52.386166195200005,m3/s,00060,Discharge,1,gr-data.xlsx
USGS-05447500,2008-05-29,38.51091136512,m3/s,00060,Discharge,1,gr-data.xlsx
USGS-05447500,2008-05-30,35.39605824,m3/s,00060,Discharge,1,gr-data.xlsx
USGS-05447500,2008-05-31,43.04160681984,m3/s,00060,Discharge,1,gr-data.xlsx
USGS-05447500,2008-06-01,39.07724829696,m3/s,00060,Discharge,1,gr-data.xlsx
USGS-05447500,2008-06-02,33.9802159104,m3/s,00060,Discharge,1,gr-data.xlsx
USGS-05447500,2008-06-03,38.2277428992,m3/s,00060,Discharge,1,gr-data.xlsx
USGS-05447500,2008-06-04,87.49905596928001,m3/s,00060,Discharge,1,gr-data.xlsx
USGS-05447500,2008-06-05,94.01193068544,m3/s,00060,Discharge,1,gr-data.xlsx
USGS-05447500,2008-06-06,69.37627415040001,m3/s,00060,Discharge,1,gr-data.xlsx
USGS-05447500,2008-06-07,55.2178508544,m3/s,00060,Discharge,1,gr-data.xlsx
USGS-05447500,2008-06-08,48.42180767232,m3/s,00060,Discharge,1,gr-data.xlsx
USGS-05447500,2008-06-09,50.40398693376,m3/s,00060,Discharge,1,gr-data.xlsx
USGS-05447500,2008-06-10,62.01389403648,m3/s,00060,Discharge,1,gr-data.xlsx
USGS-05447500,2008-06-11,57.76636704768,m3/s,00060,Discharge,1,gr-data.xlsx
USGS-05447500,2008-06-12,48.42180767232,m3/s,00060,Discharge,1,gr-data.xlsx
USGS-05447500,2008-06-13,137.61987443712002,m3/s,00060,Discharge,1,gr-data.xlsx
USGS-05447500,2008-06-14,164.80404716544,m3/s,00060,Discharge,1,gr-data.xlsx
USGS-05447500,2008-06-15,132.80601051648,m3/s,00060,Discharge,1,gr-data.xlsx
USGS-05447500,2008-06-16,105.05550085632001,m3/s,00060,Discharge,1,gr-data.xlsx
USGS-05447500,2008-06-17,81.83568665088,m3/s,00060,Discharge,1,gr-data.xlsx
USGS-05447500,2008-06-18,63.99607329792,m3/s,00060,Discharge,1,gr-data.xlsx
USGS-05447500,2008-06-19,53.23567159296,m3/s,00060,Discharge,1,gr-data.xlsx
USGS-05447500,2008-06-20,46.15645994496,m3/s,00060,Discharge,1,gr-data.xlsx
USGS-05447500,2008-06-21,41.0594275584,m3/s,00060,Discharge,1,gr-data.xlsx
USGS-05447500,2008-06-22,36.8119005696,m3/s,00060,Discharge,1,gr-data.xlsx
USGS-05447500,2008-06-23,33.41387897856,m3/s,00060,Discharge,1,gr-data.xlsx
USGS-05447500,2008-06-24,30.58219431936,m3/s,00060,Discharge,1,gr-data.xlsx
USGS-05447500,2008-06-25,30.01585738752,m3/s,00060,Discharge,1,gr-data.xlsx
USGS-05447500,2008-06-26,30.29902585344,m3/s,00060,Discharge,1,gr-data.xlsx
USGS-05447500,2008-06-27,29.7326889216,m3/s,00060,Discharge,1,gr-data.xlsx
USGS-05447500,2008-06-28,36.24556363776,m3/s,00060,Discharge,1,gr-data.xlsx
USGS-05447500,2008-06-29,30.58219431936,m3/s,00060,Discharge,1,gr-data.xlsx
USGS-05447500,2008-06-30,26.731103182848,m3/s,00060,Discharge,1,gr-data.xlsx
USGS-05447500,2008-07-01,24.239220682752002,m3/s,00060,Discharge,1,gr-data.xlsx
USGS-05447500,2008-07-02,22.766744659968,m3/s,00060,Discharge,1,gr-data.xlsx
USGS-05447500,2008-07-03,21.66238764288,m3/s,00060,Discharge,1,gr-data.xlsx
USGS-05447500,2008-07-04,20.048327387136002,m3/s,00060,Discharge,1,gr-data.xlsx
USGS-05447500,2008-07-05,19.085554603008,m3/s,00060,Discharge,1,gr-data.xlsx
USGS-05447500,2008-07-06,18.236049205248,m3/s,00060,Discharge,1,gr-data.xlsx
USGS-05447500,2008-07-07,17.55644488704,m3/s,00060,Discharge,1,gr-data.xlsx
USGS-05447500,2008-07-08,19.198821989376,m3/s,00060,Discharge,1,gr-data.xlsx
USGS-05447500,2008-07-09,19.765158921216,m3/s,00060,Discharge,1,gr-data.xlsx
USGS-05447500,2008-07-10,17.952880739328002,m3/s,00060,Discharge,1,gr-data.xlsx
USGS-05447500,2008-07-11,71.64162187776,m3/s,00060,Discharge,1,gr-data.xlsx
USGS-05447500,2008-07-12,120.346598016,m3/s,00060,Discharge,1,gr-data.xlsx
USGS-05447500,2008-07-13,108.17035398144,m3/s,00060,Discharge,1,gr-data.xlsx
USGS-05447500,2008-07-14,92.31291988992,m3/s,00060,Discharge,1,gr-data.xlsx
USGS-05447500,2008-07-15,66.26142102528,m3/s,00060,Discharge,1,gr-data.xlsx
USGS-05447500,2008-07-16,50.40398693376,m3/s,00060,Discharge,1,gr-data.xlsx
USGS-05447500,2008-07-17,40.493090626560004,m3/s,00060,Discharge,1,gr-data.xlsx
USGS-05447500,2008-07-18,34.82972130816,m3/s,00060,Discharge,1,gr-data.xlsx
USGS-05447500,2008-07-19,31.99803664896,m3/s,00060,Discharge,1,gr-data.xlsx
USGS-05447500,2008-07-20,34.546552842240004,m3/s,00060,Discharge,1,gr-data.xlsx
USGS-05447500,2008-07-21,43.607943751680004,m3/s,00060,Discharge,1,gr-data.xlsx
USGS-05447500,2008-07-22,44.74061761536,m3/s,00060,Discharge,1,gr-data.xlsx
USGS-05447500,2008-07-23,35.96239517184,m3/s,00060,Discharge,1,gr-data.xlsx
USGS-05447500,2008-07-24,31.1485312512,m3/s,00060,Discharge,1,gr-data.xlsx
USGS-05447500,2008-07-25,28.260212898816,m3/s,00060,Discharge,1,gr-data.xlsx
USGS-05447500,2008-07-26,26.561202103296,m3/s,00060,Discharge,1,gr-data.xlsx
USGS-05447500,2008-07-27,25.032092387328,m3/s,00060,Discharge,1,gr-data.xlsx
USGS-05447500,2008-07-28,24.380804915712,m3/s,00060,Discharge,1,gr-data.xlsx
USGS-05447500,2008-07-29,23.559616364544002,m3/s,00060,Discharge,1,gr-data.xlsx
USGS-05447500,2008-07-30,24.041002756608002,m3/s,00060,Discharge,1,gr-data.xlsx
USGS-05447500,2008-07-31,22.08714034176,m3/s,00060,Discharge,1,gr-data.xlsx
USGS-05447500,2008-08-01,20.841199091712,m3/s,00060,Discharge,1,gr-data.xlsx
USGS-05447500,2008-08-02,20.020010540544,m3/s,00060,Discharge,1,gr-data.xlsx
USGS-05447500,2008-08-03,18.97228721664,m3/s,00060,Discharge,1,gr-data.xlsx
USGS-05447500,2008-08-04,18.745752443904,m3/s,00060,Discharge,1,gr-data.xlsx
USGS-05447500,2008-08-05,18.575851364352,m3/s,00060,Discharge,1,gr-data.xlsx
USGS-05447500,2008-08-06,24.49407230208,m3/s,00060,Discharge,1,gr-data.xlsx
USGS-05447500,2008-08-07,21.973872955392,m3/s,00060,Discharge,1,gr-data.xlsx
USGS-05447500,2008-08-08,19.085554603008,m3/s,00060,Discharge,1,gr-data.xlsx
USGS-05447500,2008-08-09,17.782979659776,m3/s,00060,Discharge,1,gr-data.xlsx
USGS-05447500,2008-08-10,17.386543807488,m3/s,00060,Discharge,1,gr-data.xlsx
USGS-05447500,2008-08-11,16.593672102912002,m3/s,00060,Discharge,1,gr-data.xlsx
USGS-05447500,2008-08-12,15.829117244928,m3/s,00060,Discharge,1,gr-data.xlsx
USGS-05447500,2008-08-13,15.29109715968,m3/s,00060,Discharge,1,gr-data.xlsx
USGS-05447500,2008-08-14,15.319414006272,m3/s,00060,Discharge,1,gr-data.xlsx
USGS-05447500,2008-08-15,14.611492841472,m3/s,00060,Discharge,1,gr-data.xlsx
USGS-05447500,2008-08-16,13.818621136896,m3/s,00060,Discharge,1,gr-data.xlsx
USGS-05447500,2008-08-17,13.139016818688,m3/s,00060,Discharge,1,gr-data.xlsx
USGS-05447500,2008-08-18,12.714264119808,m3/s,00060,Discharge,1,gr-data.xlsx
USGS-05447500,2008-08-19,12.232877727744,m3/s,00060,Discharge,1,gr-data.xlsx
USGS-05447500,2008-08-20,11.75149133568,m3/s,00060,Discharge,1,gr-data.xlsx
USGS-05447500,2008-08-21,11.524956562944,m3/s,00060,Discharge,1,gr-data.xlsx
USGS-05447500,2008-08-22,11.609907102720001,m3/s,00060,Discharge,1,gr-data.xlsx
USGS-05447500,2008-08-23,11.440006023168001,m3/s,00060,Discharge,1,gr-data.xlsx
USGS-05447500,2008-08-24,11.18515440384,m3/s,00060,Discharge,1,gr-data.xlsx
USGS-05447500,2008-08-25,10.703768011776,m3/s,00060,Discharge,1,gr-data.xlsx
USGS-05447500,2008-08-26,10.47723323904,m3/s,00060,Discharge,1,gr-data.xlsx
USGS-05447500,2008-08-27,10.137431079936,m3/s,00060,Discharge,1,gr-data.xlsx
USGS-05447500,2008-08-28,10.194064773120001,m3/s,00060,Discharge,1,gr-data.xlsx
USGS-05447500,2008-08-29,10.420599545856,m3/s,00060,Discharge,1,gr-data.xlsx
USGS-05447500,2008-08-30,9.995846846976,m3/s,00060,Discharge,1,gr-data.xlsx
USGS-05447500,2008-08-31,9.514460454912001,m3/s,00060,Discharge,1,gr-data.xlsx
USGS-05447500,2008-09-01,9.06139090944,m3/s,00060,Discharge,1,gr-data.xlsx
USGS-05447500,2008-09-02,8.806539290112001,m3/s,00060,Discharge,1,gr-data.xlsx
USGS-05447500,2008-09-03,8.834856136704,m3/s,00060,Discharge,1,gr-data.xlsx
USGS-05447500,2008-09-04,10.194064773120001,m3/s,00060,Discharge,1,gr-data.xlsx
USGS-05447500,2008-09-05,12.827531506176001,m3/s,00060,Discharge,1,gr-data.xlsx
USGS-05447500,2008-09-06,12.487729347072001,m3/s,00060,Discharge,1,gr-data.xlsx
USGS-05447500,2008-09-07,11.04357017088,m3/s,00060,Discharge,1,gr-data.xlsx
USGS-05447500,2008-09-08,10.647134318592,m3/s,00060,Discharge,1,gr-data.xlsx
USGS-05447500,2008-09-09,13.110699972096,m3/s,00060,Discharge,1,gr-data.xlsx
USGS-05447500,2008-09-10,13.73367059712,m3/s,00060,Discharge,1,gr-data.xlsx
USGS-05447500,2008-09-11,12.232877727744,m3/s,00060,Discharge,1,gr-data.xlsx
USGS-05447500,2008-09-12,11.666540795904,m3/s,00060,Discharge,1,gr-data.xlsx
USGS-05447500,2008-09-13,120.346598016,m3/s,00060,Discharge,1,gr-data.xlsx
USGS-05447500,2008-09-14,253.71894546432,m3/s,00060,Discharge,1,gr-data.xlsx
USGS-05447500,2008-09-15,231.34863665664,m3/s,00060,Discharge,1,gr-data.xlsx
USGS-05447500,2008-09-16,207.27931705344,m3/s,00060,Discharge,1,gr-data.xlsx
USGS-05447500,2008-09-17,180.37831279104,m3/s,00060,Discharge,1,gr-data.xlsx
USGS-05447500,2008-09-18,157.72483551744,m3/s,00060,Discharge,1,gr-data.xlsx
USGS-05447500,2008-09-19,140.45155909632,m3/s,00060,Discharge,1,gr-data.xlsx
USGS-05447500,2008-09-20,122.04560881152,m3/s,00060,Discharge,1,gr-data.xlsx
USGS-05447500,2008-09-21,103.63965852672,m3/s,00060,Discharge,1,gr-data.xlsx
USGS-05447500,2008-09-22,86.93271903744001,m3/s,00060,Discharge,1,gr-data.xlsx
USGS-05447500,2008-09-23,71.07528494592,m3/s,00060,Discharge,1,gr-data.xlsx
USGS-05447500,2008-09-24,58.615872445440004,m3/s,00060,Discharge,1,gr-data.xlsx
USGS-05447500,2008-09-25,48.98814460416,m3/s,00060,Discharge,1,gr-data.xlsx
USGS-05447500,2008-09-26,42.75843835392,m3/s,00060,Discharge,1,gr-data.xlsx
USGS-05447500,2008-09-27,37.94457443328,m3/s,00060,Discharge,1,gr-data.xlsx
USGS-05447500,2008-09-28,34.26338437632,m3/s,00060,Discharge,1,gr-data.xlsx
USGS-05447500,2008-09-29,32.28120511488,m3/s,00060,Discharge,1,gr-data.xlsx
USGS-05447500,2008-09-30,32.28120511488,m3/s,00060,Discharge,1,gr-data.xlsx
USGS-05447500,2008-10-01,30.29902585344,m3/s,00060,Discharge,1,gr-data.xlsx
USGS-05447500,2008-10-02,28.260212898816,m3/s,00060,Discharge,1,gr-data.xlsx
USGS-05447500,2008-10-03,26.9010042624,m3/s,00060,Discharge,1,gr-data.xlsx
USGS-05447500,2008-10-04,25.570112472576,m3/s,00060,Discharge,1,gr-data.xlsx
USGS-05447500,2008-10-05,24.465755455488,m3/s,00060,Discharge,1,gr-data.xlsx
USGS-05447500,2008-10-06,23.729517444096,m3/s,00060,Discharge,1,gr-data.xlsx
USGS-05447500,2008-10-07,24.0693196032,m3/s,00060,Discharge,1,gr-data.xlsx
USGS-05447500,2008-10-08,27.807143353344,m3/s,00060,Discharge,1,gr-data.xlsx
USGS-05447500,2008-10-09,26.731103182848,m3/s,00060,Discharge,1,gr-data.xlsx
USGS-05447500,2008-10-10,24.862191307776,m3/s,00060,Discharge,1,gr-data.xlsx
USGS-05447500,2008-10-11,23.418032131584,m3/s,00060,Discharge,1,gr-data.xlsx
USGS-05447500,2008-10-12,22.37030880768,m3/s,00060,Discharge,1,gr-data.xlsx
USGS-05447500,2008-10-13,21.634070796288,m3/s,00060,Discharge,1,gr-data.xlsx
USGS-05447500,2008-10-14,21.124367557632002,m3/s,00060,Discharge,1,gr-data.xlsx
USGS-05447500,2008-10-15,21.09605071104,m3/s,00060,Discharge,1,gr-data.xlsx
USGS-05447500,2008-10-16,21.803971875840002,m3/s,00060,Discharge,1,gr-data.xlsx
USGS-05447500,2008-10-17,21.294268637184,m3/s,00060,Discharge,1,gr-data.xlsx
USGS-05447500,2008-10-18,20.841199091712,m3/s,00060,Discharge,1,gr-data.xlsx
USGS-05447500,2008-10-19,20.274862159872,m3/s,00060,Discharge,1,gr-data.xlsx
USGS-05447500,2008-10-20,19.96337684736,m3/s,00060,Discharge,1,gr-data.xlsx
USGS-05447500,2008-10-21,19.96337684736,m3/s,00060,Discharge,1,gr-data.xlsx
USGS-05447500,2008-10-22,19.651891534848,m3/s,00060,Discharge,1,gr-data.xlsx
USGS-05447500,2008-10-23,19.510307301888,m3/s,00060,Discharge,1,gr-data.xlsx
USGS-05447500,2008-10-24,22.200407728128,m3/s,00060,Discharge,1,gr-data.xlsx
USGS-05447500,2008-10-25,27.948727586304,m3/s,00060,Discharge,1,gr-data.xlsx
USGS-05447500,2008-10-26,28.88318352384,m3/s,00060,Discharge,1,gr-data.xlsx
USGS-05447500,2008-10-27,26.872687415808002,m3/s,00060,Discharge,1,gr-data.xlsx
USGS-05447500,2008-10-28,25.20199346688,m3/s,00060,Discharge,1,gr-data.xlsx
USGS-05447500,2008-10-29,24.041002756608002,m3/s,00060,Discharge,1,gr-data.xlsx
USGS-05447500,2008-10-30,23.361398438400002,m3/s,00060,Discharge,1,gr-data.xlsx
USGS-05447500,2008-10-31,22.22872457472,m3/s,00060,Discharge,1,gr-data.xlsx
USGS-05447500,2008-11-01,21.549120256512,m3/s,00060,Discharge,1,gr-data.xlsx
USGS-05447500,2008-11-02,20.95446647808,m3/s,00060,Discharge,1,gr-data.xlsx
USGS-05447500,2008-11-03,20.586347472384002,m3/s,00060,Discharge,1,gr-data.xlsx
USGS-05447500,2008-11-04,20.359812699648,m3/s,00060,Discharge,1,gr-data.xlsx
USGS-05447500,2008-11-05,19.53862414848,m3/s,00060,Discharge,1,gr-data.xlsx
USGS-05447500,2008-11-06,19.25545568256,m3/s,00060,Discharge,1,gr-data.xlsx
USGS-05447500,2008-11-07,19.68020838144,m3/s,00060,Discharge,1,gr-data.xlsx
USGS-05447500,2008-11-08,19.991693693952,m3/s,00060,Discharge,1,gr-data.xlsx
USGS-05447500,2008-11-09,19.595257841664,m3/s,00060,Discharge,1,gr-data.xlsx
USGS-05447500,2008-11-10,18.887336676864,m3/s,00060,Discharge,1,gr-data.xlsx
USGS-05447500,2008-11-11,18.434267131392,m3/s,00060,Discharge,1,gr-data.xlsx
USGS-05447500,2008-11-12,19.1138714496,m3/s,00060,Discharge,1,gr-data.xlsx
USGS-05447500,2008-11-13,19.651891534848,m3/s,00060,Discharge,1,gr-data.xlsx
USGS-05447500,2008-11-14,21.011100171264,m3/s,00060,Discharge,1,gr-data.xlsx
USGS-05447500,2008-11-15,21.549120256512,m3/s,00060,Discharge,1,gr-data.xlsx
USGS-05447500,2008-11-16,21.322585483776,m3/s,00060,Discharge,1,gr-data.xlsx
USGS-05447500,2008-11-17,20.642981165568,m3/s,00060,Discharge,1,gr-data.xlsx
USGS-05447500,2008-11-18,19.765158921216,m3/s,00060,Discharge,1,gr-data.xlsx
USGS-05447500,2008-11-19,19.283772529152,m3/s,00060,Discharge,1,gr-data.xlsx
USGS-05447500,2008-11-20,19.340406222336,m3/s,00060,Discharge,1,gr-data.xlsx
USGS-05447500,2008-11-21,18.236049205248,m3/s,00060,Discharge,1,gr-data.xlsx
USGS-05447500,2008-11-22,17.754662813184,m3/s,00060,Discharge,1,gr-data.xlsx
USGS-05447500,2008-11-23,17.613078580224002,m3/s,00060,Discharge,1,gr-data.xlsx
USGS-05447500,2008-11-24,17.867930199552,m3/s,00060,Discharge,1,gr-data.xlsx
USGS-05447500,2008-11-25,17.584761733632,m3/s,00060,Discharge,1,gr-data.xlsx
USGS-05447500,2008-11-26,17.046741648384,m3/s,00060,Discharge,1,gr-data.xlsx
USGS-05447500,2008-11-27,16.593672102912002,m3/s,00060,Discharge,1,gr-data.xlsx
USGS-05447500,2008-11-28,16.253869943808,m3/s,00060,Discharge,1,gr-data.xlsx
USGS-05447500,2008-11-29,15.970701477888001,m3/s,00060,Discharge,1,gr-data.xlsx
USGS-05447500,2008-11-30,16.310503636992,m3/s,00060,Discharge,1,gr-data.xlsx
USGS-05447500,2008-12-01,16.933474262016002,m3/s,00060,Discharge,1,gr-data.xlsx
USGS-05447500,2008-12-02,15.970701477888001,m3/s,00060,Discharge,1,gr-data.xlsx
USGS-05447500,2008-12-03,15.687533011968,m3/s,00060,Discharge,1,gr-data.xlsx
USGS-05447500,2008-12-04,14.101789602816,m3/s,00060,Discharge,1,gr-data.xlsx
USGS-05447500,2008-12-05,13.59208636416,m3/s,00060,Discharge,1,gr-data.xlsx
USGS-05447500,2008-12-06,14.158423296,m3/s,00060,Discharge,1,gr-data.xlsx
USGS-05447500,2008-12-07,16.42377102336,m3/s,00060,Discharge,1,gr-data.xlsx
USGS-05447500,2008-12-08,19.8217926144,m3/s,00060,Discharge,1,gr-data.xlsx
USGS-05447500,2008-12-09,21.52080340992,m3/s,00060,Discharge,1,gr-data.xlsx
USGS-05447500,2008-12-10,22.08714034176,m3/s,00060,Discharge,1,gr-data.xlsx
USGS-05447500,2008-12-11,20.388129546240002,m3/s,00060,Discharge,1,gr-data.xlsx
USGS-05447500,2008-12-12,18.4059502848,m3/s,00060,Discharge,1,gr-data.xlsx
USGS-05447500,2008-12-13,16.9901079552,m3/s,00060,Discharge,1,gr-data.xlsx
USGS-05447500,2008-12-14,16.42377102336,m3/s,00060,Discharge,1,gr-data.xlsx
USGS-05447500,2008-12-15,15.85743409152,m3/s,00060,Discharge,1,gr-data.xlsx
USGS-05447500,2008-12-16,15.5742656256,m3/s,00060,Discharge,1,gr-data.xlsx
USGS-05447500,2008-12-17,15.85743409152,m3/s,00060,Discharge,1,gr-data.xlsx
USGS-05447500,2008-12-18,16.42377102336,m3/s,00060,Discharge,1,gr-data.xlsx
USGS-05447500,2008-12-19,16.9901079552,m3/s,00060,Discharge,1,gr-data.xlsx
USGS-05447500,2008-12-20,17.83961335296,m3/s,00060,Discharge,1,gr-data.xlsx
USGS-05447500,2008-12-21,19.25545568256,m3/s,00060,Discharge,1,gr-data.xlsx
USGS-05447500,2008-12-22,22.6534772736,m3/s,00060,Discharge,1,gr-data.xlsx
USGS-05447500,2008-12-23,25.4851619328,m3/s,00060,Discharge,1,gr-data.xlsx
USGS-05447500,2008-12-24,33.9802159104,m3/s,00060,Discharge,1,gr-data.xlsx
USGS-05447500,2008-12-25,42.475269888,m3/s,00060,Discharge,1,gr-data.xlsx
USGS-05447500,2008-12-26,58.332703979520005,m3/s,00060,Discharge,1,gr-data.xlsx
USGS-05447500,2008-12-27,164.52087869952,m3/s,00060,Discharge,1,gr-data.xlsx
USGS-05447500,2008-12-28,234.74665824768002,m3/s,00060,Discharge,1,gr-data.xlsx
USGS-05447500,2008-12-29,192.5545568256,m3/s,00060,Discharge,1,gr-data.xlsx
USGS-05447500,2008-12-30,160.55652017664,m3/s,00060,Discharge,1,gr-data.xlsx
USGS-05447500,2008-12-31,138.46937983488002,m3/s,00060,Discharge,1,gr-data.xlsx
USGS-05447500,2009-01-01,116.38223949312,m3/s,00060,Discharge,1,gr-data.xlsx
USGS-05447500,2009-01-02,96.56044687872,m3/s,00060,Discharge,1,gr-data.xlsx
USGS-05447500,2009-01-03,76.4554857984,m3/s,00060,Discharge,1,gr-data.xlsx
USGS-05447500,2009-01-04,62.2970625024,m3/s,00060,Discharge,1,gr-data.xlsx
USGS-05447500,2009-01-05,52.95250312704,m3/s,00060,Discharge,1,gr-data.xlsx
USGS-05447500,2009-01-06,48.42180767232,m3/s,00060,Discharge,1,gr-data.xlsx
USGS-05447500,2009-01-07,45.02378608128,m3/s,00060,Discharge,1,gr-data.xlsx
USGS-05447500,2009-01-08,40.493090626560004,m3/s,00060,Discharge,1,gr-data.xlsx
USGS-05447500,2009-01-09,38.51091136512,m3/s,00060,Discharge,1,gr-data.xlsx
USGS-05447500,2009-01-10,36.24556363776,m3/s,00060,Discharge,1,gr-data.xlsx
USGS-05447500,2009-01-11,33.9802159104,m3/s,00060,Discharge,1,gr-data.xlsx
USGS-05447500,2009-01-12,32.84754204672,m3/s,00060,Discharge,1,gr-data.xlsx
USGS-05447500,2009-01-13,31.1485312512,m3/s,00060,Discharge,1,gr-data.xlsx
USGS-05447500,2009-01-14,29.166351989760003,m3/s,00060,Discharge,1,gr-data.xlsx
USGS-05447500,2009-01-15,27.750509660160002,m3/s,00060,Discharge,1,gr-data.xlsx
USGS-05447500,2009-01-16,26.9010042624,m3/s,00060,Discharge,1,gr-data.xlsx
USGS-05447500,2009-01-17,25.76833039872,m3/s,00060,Discharge,1,gr-data.xlsx
USGS-05447500,2009-01-18,24.918825000960002,m3/s,00060,Discharge,1,gr-data.xlsx
USGS-05447500,2009-01-19,23.78615113728,m3/s,00060,Discharge,1,gr-data.xlsx
USGS-05447500,2009-01-20,23.219814205440002,m3/s,00060,Discharge,1,gr-data.xlsx
USGS-05447500,2009-01-21,22.6534772736,m3/s,00060,Discharge,1,gr-data.xlsx
USGS-05447500,2009-01-22,21.803971875840002,m3/s,00060,Discharge,1,gr-data.xlsx
USGS-05447500,2009-01-23,21.237634944,m3/s,00060,Discharge,1,gr-data.xlsx
USGS-05447500,2009-01-24,20.388129546240002,m3/s,00060,Discharge,1,gr-data.xlsx
USGS-05447500,2009-01-25,19.53862414848,m3/s,00060,Discharge,1,gr-data.xlsx
USGS-05447500,2009-01-26,18.97228721664,m3/s,00060,Discharge,1,gr-data.xlsx
USGS-05447500,2009-01-27,18.4059502848,m3/s,00060,Discharge,1,gr-data.xlsx
USGS-05447500,2009-01-28,18.12278181888,m3/s,00060,Discharge,1,gr-data.xlsx
USGS-05447500,2009-01-29,17.83961335296,m3/s,00060,Discharge,1,gr-data.xlsx
USGS-05447500,2009-01-30,17.55644488704,m3/s,00060,Discharge,1,gr-data.xlsx
USGS-05447500,2009-01-31,17.55644488704,m3/s,00060,Discharge,1,gr-data.xlsx
USGS-05447500,2009-02-01,17.273276421120002,m3/s,00060,Discharge,1,gr-data.xlsx
USGS-05447500,2009-02-02,16.9901079552,m3/s,00060,Discharge,1,gr-data.xlsx
USGS-05447500,2009-02-03,16.9901079552,m3/s,00060,Discharge,1,gr-data.xlsx
USGS-05447500,2009-02-04,17.273276421120002,m3/s,00060,Discharge,1,gr-data.xlsx
USGS-05447500,2009-02-05,17.55644488704,m3/s,00060,Discharge,1,gr-data.xlsx
USGS-05447500,2009-02-06,17.83961335296,m3/s,00060,Discharge,1,gr-data.xlsx
USGS-05447500,2009-02-07,18.4059502848,m3/s,00060,Discharge,1,gr-data.xlsx
USGS-05447500,2009-02-08,28.316846592,m3/s,00060,Discharge,1,gr-data.xlsx
USGS-05447500,2009-02-09,42.475269888,m3/s,00060,Discharge,1,gr-data.xlsx
USGS-05447500,2009-02-10,96.2772784128,m3/s,00060,Discharge,1,gr-data.xlsx
USGS-05447500,2009-02-11,110.4357017088,m3/s,00060,Discharge,1,gr-data.xlsx
USGS-05447500,2009-02-12,101.09114233344,m3/s,00060,Discharge,1,gr-data.xlsx
USGS-05447500,2009-02-13,75.88914886656,m3/s,00060,Discharge,1,gr-data.xlsx
USGS-05447500,2009-02-14,54.93468238848,m3/s,00060,Discharge,1,gr-data.xlsx
USGS-05447500,2009-02-15,44.74061761536,m3/s,00060,Discharge,1,gr-data.xlsx
USGS-05447500,2009-02-16,39.07724829696,m3/s,00060,Discharge,1,gr-data.xlsx
USGS-05447500,2009-02-17,36.24556363776,m3/s,00060,Discharge,1,gr-data.xlsx
USGS-05447500,2009-02-18,32.5643735808,m3/s,00060,Discharge,1,gr-data.xlsx
USGS-05447500,2009-02-19,30.865362785280002,m3/s,00060,Discharge,1,gr-data.xlsx
USGS-05447500,2009-02-20,28.316846592,m3/s,00060,Discharge,1,gr-data.xlsx
USGS-05447500,2009-02-21,26.61783579648,m3/s,00060,Discharge,1,gr-data.xlsx
USGS-05447500,2009-02-22,26.05149886464,m3/s,00060,Discharge,1,gr-data.xlsx
USGS-05447500,2009-02-23,25.76833039872,m3/s,00060,Discharge,1,gr-data.xlsx
USGS-05447500,2009-02-24,25.76833039872,m3/s,00060,Discharge,1,gr-data.xlsx
USGS-05447500,2009-02-25,27.269123268096,m3/s,00060,Discharge,1,gr-data.xlsx
USGS-05447500,2009-02-26,36.8119005696,m3/s,00060,Discharge,1,gr-data.xlsx
USGS-05447500,2009-02-27,171.60009034752,m3/s,00060,Discharge,1,gr-data.xlsx
USGS-05447500,2009-02-28,132.23967358464,m3/s,00060,Discharge,1,gr-data.xlsx
USGS-05447500,2009-03-01,90.33074062848,m3/s,00060,Discharge,1,gr-data.xlsx
USGS-05447500,2009-03-02,58.615872445440004,m3/s,00060,Discharge,1,gr-data.xlsx
USGS-05447500,2009-03-03,46.439628410880005,m3/s,00060,Discharge,1,gr-data.xlsx
USGS-05447500,2009-03-04,41.34259602432,m3/s,00060,Discharge,1,gr-data.xlsx
USGS-05447500,2009-03-05,38.79407983104,m3/s,00060,Discharge,1,gr-data.xlsx
USGS-05447500,2009-03-06,35.96239517184,m3/s,00060,Discharge,1,gr-data.xlsx
USGS-05447500,2009-03-07,40.20992216064,m3/s,00060,Discharge,1,gr-data.xlsx
USGS-05447500,2009-03-08,188.59019830272,m3/s,00060,Discharge,1,gr-data.xlsx
USGS-05447500,2009-03-09,227.38427813376,m3/s,00060,Discharge,1,gr-data.xlsx
USGS-05447500,2009-03-10,211.52684404224001,m3/s,00060,Discharge,1,gr-data.xlsx
USGS-05447500,2009-03-11,184.62583977984,m3/s,00060,Discharge,1,gr-data.xlsx
USGS-05447500,2009-03-12,148.09710767616,m3/s,00060,Discharge,1,gr-data.xlsx
USGS-05447500,2009-03-13,129.40798892544,m3/s,00060,Discharge,1,gr-data.xlsx
USGS-05447500,2009-03-14,116.38223949312,m3/s,00060,Discharge,1,gr-data.xlsx
USGS-05447500,2009-03-15,101.9406477312,m3/s,00060,Discharge,1,gr-data.xlsx
USGS-05447500,2009-03-16,89.76440369664,m3/s,00060,Discharge,1,gr-data.xlsx
USGS-05447500,2009-03-17,76.4554857984,m3/s,00060,Discharge,1,gr-data.xlsx
USGS-05447500,2009-03-18,67.9604318208,m3/s,00060,Discharge,1,gr-data.xlsx
USGS-05447500,2009-03-19,60.31488324096,m3/s,00060,Discharge,1,gr-data.xlsx
USGS-05447500,2009-03-20,54.65151392256,m3/s,00060,Discharge,1,gr-data.xlsx
USGS-05447500,2009-03-21,50.9703238656,m3/s,00060,Discharge,1,gr-data.xlsx
USGS-05447500,2009-03-22,47.57230227456,m3/s,00060,Discharge,1,gr-data.xlsx
USGS-05447500,2009-03-23,45.59012301312,m3/s,00060,Discharge,1,gr-data.xlsx
USGS-05447500,2009-03-24,58.0495355136,m3/s,00060,Discharge,1,gr-data.xlsx
USGS-05447500,2009-03-25,128.55848352768,m3/s,00060,Discharge,1,gr-data.xlsx
USGS-05447500,2009-03-26,126.85947273216,m3/s,00060,Discharge,1,gr-data.xlsx
USGS-05447500,2009-03-27,105.33866932224001,m3/s,00060,Discharge,1,gr-data.xlsx
USGS-05447500,2009-03-28,87.49905596928001,m3/s,00060,Discharge,1,gr-data.xlsx
USGS-05447500,2009-03-29,93.44559375360001,m3/s,00060,Discharge,1,gr-data.xlsx
USGS-05447500,2009-03-30,111.85154403840001,m3/s,00060,Discharge,1,gr-data.xlsx
USGS-05447500,2009-03-31,105.90500625408,m3/s,00060,Discharge,1,gr-data.xlsx
USGS-05447500,2009-04-01,97.12678381056,m3/s,00060,Discharge,1,gr-data.xlsx
USGS-05447500,2009-04-02,91.18024602624,m3/s,00060,Discharge,1,gr-data.xlsx
USGS-05447500,2009-04-03,80.7030127872,m3/s,00060,Discharge,1,gr-data.xlsx
USGS-05447500,2009-04-04,72.49112727552,m3/s,00060,Discharge,1,gr-data.xlsx
USGS-05447500,2009-04-05,67.67726335488,m3/s,00060,Discharge,1,gr-data.xlsx
USGS-05447500,2009-04-06,65.69508409344,m3/s,00060,Discharge,1,gr-data.xlsx
USGS-05447500,2009-04-07,63.42973636608,m3/s,00060,Discharge,1,gr-data.xlsx
USGS-05447500,2009-04-08,60.31488324096,m3/s,00060,Discharge,1,gr-data.xlsx
USGS-05447500,2009-04-09,55.784187786240004,m3/s,00060,Discharge,1,gr-data.xlsx
USGS-05447500,2009-04-10,51.81982926336,m3/s,00060,Discharge,1,gr-data.xlsx
USGS-05447500,2009-04-11,49.837650001920004,m3/s,00060,Discharge,1,gr-data.xlsx
USGS-05447500,2009-04-12,47.00596534272,m3/s,00060,Discharge,1,gr-data.xlsx
USGS-05447500,2009-04-13,48.98814460416,m3/s,00060,Discharge,1,gr-data.xlsx
USGS-05447500,2009-04-14,58.615872445440004,m3/s,00060,Discharge,1,gr-data.xlsx
USGS-05447500,2009-04-15,58.332703979520005,m3/s,00060,Discharge,1,gr-data.xlsx
USGS-05447500,2009-04-16,53.51884005888,m3/s,00060,Discharge,1,gr-data.xlsx
USGS-05447500,2009-04-17,49.554481536000004,m3/s,00060,Discharge,1,gr-data.xlsx
USGS-05447500,2009-04-18,46.722796876800004,m3/s,00060,Discharge,1,gr-data.xlsx
USGS-05447500,2009-04-19,47.00596534272,m3/s,00060,Discharge,1,gr-data.xlsx
USGS-05447500,2009-04-20,83.25152898048,m3/s,00060,Discharge,1,gr-data.xlsx
USGS-05447500,2009-04-21,100.24163693568,m3/s,00060,Discharge,1,gr-data.xlsx
USGS-05447500,2009-04-22,86.08321363968,m3/s,00060,Discharge,1,gr-data.xlsx
USGS-05447500,2009-04-23,69.65944261632,m3/s,00060,Discharge,1,gr-data.xlsx
USGS-05447500,2009-04-24,69.37627415040001,m3/s,00060,Discharge,1,gr-data.xlsx
USGS-05447500,2009-04-25,70.22577954816,m3/s,00060,Discharge,1,gr-data.xlsx
USGS-05447500,2009-04-26,67.11092642304,m3/s,00060,Discharge,1,gr-data.xlsx
USGS-05447500,2009-04-27,64.56241022976,m3/s,00060,Discharge,1,gr-data.xlsx
USGS-05447500,2009-04-28,67.67726335488,m3/s,00060,Discharge,1,gr-data.xlsx
USGS-05447500,2009-04-29,67.11092642304,m3/s,00060,Discharge,1,gr-data.xlsx
USGS-05447500,2009-04-30,82.96836051456,m3/s,00060,Discharge,1,gr-data.xlsx
USGS-05447500,2009-05-01,114.11689176576,m3/s,00060,Discharge,1,gr-data.xlsx
USGS-05447500,2009-05-02,100.80797386752,m3/s,00060,Discharge,1,gr-data.xlsx
USGS-05447500,2009-05-03,79.00400199168,m3/s,00060,Discharge,1,gr-data.xlsx
USGS-05447500,2009-05-04,65.41191562752,m3/s,00060,Discharge,1,gr-data.xlsx
USGS-05447500,2009-05-05,56.91686164992,m3/s,00060,Discharge,1,gr-data.xlsx
USGS-05447500,2009-05-06,51.81982926336,m3/s,00060,Discharge,1,gr-data.xlsx
USGS-05447500,2009-05-07,69.65944261632,m3/s,00060,Discharge,1,gr-data.xlsx
USGS-05447500,2009-05-08,63.42973636608,m3/s,00060,Discharge,1,gr-data.xlsx
USGS-05447500,2009-05-09,58.899040911360004,m3/s,00060,Discharge,1,gr-data.xlsx
USGS-05447500,2009-05-10,51.81982926336,m3/s,00060,Discharge,1,gr-data.xlsx
USGS-05447500,2009-05-11,45.87329147904,m3/s,00060,Discharge,1,gr-data.xlsx
USGS-05447500,2009-05-12,42.19210142208,m3/s,00060,Discharge,1,gr-data.xlsx
USGS-05447500,2009-05-13,47.57230227456,m3/s,00060,Discharge,1,gr-data.xlsx
USGS-05447500,2009-05-14,63.712904832,m3/s,00060,Discharge,1,gr-data.xlsx
USGS-05447500,2009-05-15,90.04757216256,m3/s,00060,Discharge,1,gr-data.xlsx
USGS-05447500,2009-05-16,188.3070298368,m3/s,00060,Discharge,1,gr-data.xlsx
USGS-05447500,2009-05-17,144.98225455104,m3/s,00060,Discharge,1,gr-data.xlsx
USGS-05447500,2009-05-18,106.75451165184,m3/s,00060,Discharge,1,gr-data.xlsx
USGS-05447500,2009-05-19,81.26934971904001,m3/s,00060,Discharge,1,gr-data.xlsx
USGS-05447500,2009-05-20,65.69508409344,m3/s,00060,Discharge,1,gr-data.xlsx
USGS-05447500,2009-05-21,56.35052471808,m3/s,00060,Discharge,1,gr-data.xlsx
USGS-05447500,2009-05-22,49.554481536000004,m3/s,00060,Discharge,1,gr-data.xlsx
USGS-05447500,2009-05-23,45.02378608128,m3/s,00060,Discharge,1,gr-data.xlsx
USGS-05447500,2009-05-24,41.62576449024,m3/s,00060,Discharge,1,gr-data.xlsx
USGS-05447500,2009-05-25,38.51091136512,m3/s,00060,Discharge,1,gr-data.xlsx
USGS-05447500,2009-05-26,36.8119005696,m3/s,00060,Discharge,1,gr-data.xlsx
USGS-05447500,2009-05-27,36.52873210368,m3/s,00060,Discharge,1,gr-data.xlsx
USGS-05447500,2009-05-28,38.51091136512,m3/s,00060,Discharge,1,gr-data.xlsx
USGS-05447500,2009-05-29,37.09506903552,m3/s,00060,Discharge,1,gr-data.xlsx
USGS-05447500,2009-05-30,34.26338437632,m3/s,00060,Discharge,1,gr-data.xlsx
USGS-05447500,2009-05-31,31.99803664896,m3/s,00060,Discharge,1,gr-data.xlsx
USGS-05447500,2009-06-01,31.1485312512,m3/s,00060,Discharge,1,gr-data.xlsx
USGS-05447500,2009-06-02,31.43169971712,m3/s,00060,Discharge,1,gr-data.xlsx
USGS-05447500,2009-06-03,31.43169971712,m3/s,00060,Discharge,1,gr-data.xlsx
USGS-05447500,2009-06-04,29.7326889216,m3/s,00060,Discharge,1,gr-data.xlsx
USGS-05447500,2009-06-05,29.166351989760003,m3/s,00060,Discharge,1,gr-data.xlsx
USGS-05447500,2009-06-06,27.297440114688,m3/s,00060,Discharge,1,gr-data.xlsx
USGS-05447500,2009-06-07,27.269123268096,m3/s,00060,Discharge,1,gr-data.xlsx
USGS-05447500,2009-06-08,30.01585738752,m3/s,00060,Discharge,1,gr-data.xlsx
USGS-05447500,2009-06-09,49.554481536000004,m3/s,00060,Discharge,1,gr-data.xlsx
USGS-05447500,2009-06-10,48.70497613824,m3/s,00060,Discharge,1,gr-data.xlsx
USGS-05447500,2009-06-11,42.75843835392,m3/s,00060,Discharge,1,gr-data.xlsx
USGS-05447500,2009-06-12,42.19210142208,m3/s,00060,Discharge,1,gr-data.xlsx
USGS-05447500,2009-06-13,35.96239517184,m3/s,00060,Discharge,1,gr-data.xlsx
USGS-05447500,2009-06-14,32.5643735808,m3/s,00060,Discharge,1,gr-data.xlsx
USGS-05447500,2009-06-15,31.1485312512,m3/s,00060,Discharge,1,gr-data.xlsx
USGS-05447500,2009-06-16,29.166351989760003,m3/s,00060,Discharge,1,gr-data.xlsx
USGS-05447500,2009-06-17,28.316846592,m3/s,00060,Discharge,1,gr-data.xlsx
USGS-05447500,2009-06-18,32.5643735808,m3/s,00060,Discharge,1,gr-data.xlsx
USGS-05447500,2009-06-19,41.62576449024,m3/s,00060,Discharge,1,gr-data.xlsx
USGS-05447500,2009-06-20,64.56241022976,m3/s,00060,Discharge,1,gr-data.xlsx
USGS-05447500,2009-06-21,63.99607329792,m3/s,00060,Discharge,1,gr-data.xlsx
USGS-05447500,2009-06-22,50.40398693376,m3/s,00060,Discharge,1,gr-data.xlsx
USGS-05447500,2009-06-23,47.28913380864,m3/s,00060,Discharge,1,gr-data.xlsx
USGS-05447500,2009-06-24,43.607943751680004,m3/s,00060,Discharge,1,gr-data.xlsx
USGS-05447500,2009-06-25,37.94457443328,m3/s,00060,Discharge,1,gr-data.xlsx
USGS-05447500,2009-06-26,34.26338437632,m3/s,00060,Discharge,1,gr-data.xlsx
USGS-05447500,2009-06-27,31.71486818304,m3/s,00060,Discharge,1,gr-data.xlsx
USGS-05447500,2009-06-28,39.36041676288,m3/s,00060,Discharge,1,gr-data.xlsx
USGS-05447500,2009-06-29,35.11288977408,m3/s,00060,Discharge,1,gr-data.xlsx
USGS-05447500,2009-06-30,30.58219431936,m3/s,00060,Discharge,1,gr-data.xlsx
USGS-05447500,2009-07-01,28.316846592,m3/s,00060,Discharge,1,gr-data.xlsx
USGS-05447500,2009-07-02,27.04258849536,m3/s,00060,Discharge,1,gr-data.xlsx
USGS-05447500,2009-07-03,25.541795625984,m3/s,00060,Discharge,1,gr-data.xlsx
USGS-05447500,2009-07-04,25.598429319168,m3/s,00060,Discharge,1,gr-data.xlsx
USGS-05447500,2009-07-05,26.221399944192,m3/s,00060,Discharge,1,gr-data.xlsx
USGS-05447500,2009-07-06,24.805557614592,m3/s,00060,Discharge,1,gr-data.xlsx
USGS-05447500,2009-07-07,24.182586989568,m3/s,00060,Discharge,1,gr-data.xlsx
USGS-05447500,2009-07-08,29.166351989760003,m3/s,00060,Discharge,1,gr-data.xlsx
USGS-05447500,2009-07-09,55.2178508544,m3/s,00060,Discharge,1,gr-data.xlsx
USGS-05447500,2009-07-10,60.8812201728,m3/s,00060,Discharge,1,gr-data.xlsx
USGS-05447500,2009-07-11,92.59608835584,m3/s,00060,Discharge,1,gr-data.xlsx
USGS-05447500,2009-07-12,60.8812201728,m3/s,00060,Discharge,1,gr-data.xlsx
USGS-05447500,2009-07-13,45.02378608128,m3/s,00060,Discharge,1,gr-data.xlsx
USGS-05447500,2009-07-14,37.661405967360004,m3/s,00060,Discharge,1,gr-data.xlsx
USGS-05447500,2009-07-15,35.39605824,m3/s,00060,Discharge,1,gr-data.xlsx
USGS-05447500,2009-07-16,35.39605824,m3/s,00060,Discharge,1,gr-data.xlsx
USGS-05447500,2009-07-17,30.58219431936,m3/s,00060,Discharge,1,gr-data.xlsx
USGS-05447500,2009-07-18,27.948727586304,m3/s,00060,Discharge,1,gr-data.xlsx
USGS-05447500,2009-07-19,26.079815711232,m3/s,00060,Discharge,1,gr-data.xlsx
USGS-05447500,2009-07-20,24.49407230208,m3/s,00060,Discharge,1,gr-data.xlsx
USGS-05447500,2009-07-21,25.230310313472,m3/s,00060,Discharge,1,gr-data.xlsx
USGS-05447500,2009-07-22,39.92675369472,m3/s,00060,Discharge,1,gr-data.xlsx
USGS-05447500,2009-07-23,39.92675369472,m3/s,00060,Discharge,1,gr-data.xlsx
USGS-05447500,2009-07-24,32.28120511488,m3/s,00060,Discharge,1,gr-data.xlsx
USGS-05447500,2009-07-25,56.633693184,m3/s,00060,Discharge,1,gr-data.xlsx
USGS-05447500,2009-07-26,67.9604318208,m3/s,00060,Discharge,1,gr-data.xlsx
USGS-05447500,2009-07-27,45.3069545472,m3/s,00060,Discharge,1,gr-data.xlsx
USGS-05447500,2009-07-28,37.378237501440005,m3/s,00060,Discharge,1,gr-data.xlsx
USGS-05447500,2009-07-29,35.39605824,m3/s,00060,Discharge,1,gr-data.xlsx
USGS-05447500,2009-07-30,30.58219431936,m3/s,00060,Discharge,1,gr-data.xlsx
USGS-05447500,2009-07-31,27.382390654464,m3/s,00060,Discharge,1,gr-data.xlsx
USGS-05447500,2009-08-01,26.079815711232,m3/s,00060,Discharge,1,gr-data.xlsx
USGS-05447500,2009-08-02,24.465755455488,m3/s,00060,Discharge,1,gr-data.xlsx
USGS-05447500,2009-08-03,23.163180512256,m3/s,00060,Discharge,1,gr-data.xlsx
USGS-05447500,2009-08-04,21.803971875840002,m3/s,00060,Discharge,1,gr-data.xlsx
USGS-05447500,2009-08-05,20.699614858752,m3/s,00060,Discharge,1,gr-data.xlsx
USGS-05447500,2009-08-06,19.708525228032002,m3/s,00060,Discharge,1,gr-data.xlsx
USGS-05447500,2009-08-07,25.881597785088,m3/s,00060,Discharge,1,gr-data.xlsx
USGS-05447500,2009-08-08,47.57230227456,m3/s,00060,Discharge,1,gr-data.xlsx
USGS-05447500,2009-08-09,40.776259092480004,m3/s,00060,Discharge,1,gr-data.xlsx
USGS-05447500,2009-08-10,31.1485312512,m3/s,00060,Discharge,1,gr-data.xlsx
USGS-05447500,2009-08-11,27.920410739712,m3/s,00060,Discharge,1,gr-data.xlsx
USGS-05447500,2009-08-12,23.92773537024,m3/s,00060,Discharge,1,gr-data.xlsx
USGS-05447500,2009-08-13,21.66238764288,m3/s,00060,Discharge,1,gr-data.xlsx
USGS-05447500,2009-08-14,20.331495853056,m3/s,00060,Discharge,1,gr-data.xlsx
USGS-05447500,2009-08-15,19.170505142784002,m3/s,00060,Discharge,1,gr-data.xlsx
USGS-05447500,2009-08-16,18.97228721664,m3/s,00060,Discharge,1,gr-data.xlsx
USGS-05447500,2009-08-17,19.623574688256,m3/s,00060,Discharge,1,gr-data.xlsx
USGS-05447500,2009-08-18,19.227138835968,m3/s,00060,Discharge,1,gr-data.xlsx
USGS-05447500,2009-08-19,19.651891534848,m3/s,00060,Discharge,1,gr-data.xlsx
USGS-05447500,2009-08-20,28.005361279488,m3/s,00060,Discharge,1,gr-data.xlsx
USGS-05447500,2009-08-21,26.561202103296,m3/s,00060,Discharge,1,gr-data.xlsx
USGS-05447500,2009-08-22,23.191497358848,m3/s,00060,Discharge,1,gr-data.xlsx
USGS-05447500,2009-08-23,20.699614858752,m3/s,00060,Discharge,1,gr-data.xlsx
USGS-05447500,2009-08-24,19.000604063232,m3/s,00060,Discharge,1,gr-data.xlsx
USGS-05447500,2009-08-25,18.066148125696,m3/s,00060,Discharge,1,gr-data.xlsx
USGS-05447500,2009-08-26,20.246545313280002,m3/s,00060,Discharge,1,gr-data.xlsx
USGS-05447500,2009-08-27,44.17428068352,m3/s,00060,Discharge,1,gr-data.xlsx
USGS-05447500,2009-08-28,76.17231733248,m3/s,00060,Discharge,1,gr-data.xlsx
USGS-05447500,2009-08-29,75.88914886656,m3/s,00060,Discharge,1,gr-data.xlsx
USGS-05447500,2009-08-30,55.784187786240004,m3/s,00060,Discharge,1,gr-data.xlsx
USGS-05447500,2009-08-31,41.0594275584,m3/s,00060,Discharge,1,gr-data.xlsx
USGS-05447500,2009-09-01,33.69704744448,m3/s,00060,Discharge,1,gr-data.xlsx
USGS-05447500,2009-09-02,29.449520455680002,m3/s,00060,Discharge,1,gr-data.xlsx
USGS-05447500,2009-09-03,25.994865171456002,m3/s,00060,Discharge,1,gr-data.xlsx
USGS-05447500,2009-09-04,23.78615113728,m3/s,00060,Discharge,1,gr-data.xlsx
USGS-05447500,2009-09-05,22.172090881536,m3/s,00060,Discharge,1,gr-data.xlsx
USGS-05447500,2009-09-06,21.577437103104,m3/s,00060,Discharge,1,gr-data.xlsx
USGS-05447500,2009-09-07,21.067733864448,m3/s,00060,Discharge,1,gr-data.xlsx
USGS-05447500,2009-09-08,20.444763239424,m3/s,00060,Discharge,1,gr-data.xlsx
USGS-05447500,2009-09-09,19.340406222336,m3/s,00060,Discharge,1,gr-data.xlsx
USGS-05447500,2009-09-10,18.689118750720002,m3/s,00060,Discharge,1,gr-data.xlsx
USGS-05447500,2009-09-11,17.641395426816,m3/s,00060,Discharge,1,gr-data.xlsx
USGS-05447500,2009-09-12,17.273276421120002,m3/s,00060,Discharge,1,gr-data.xlsx
USGS-05447500,2009-09-13,17.584761733632,m3/s,00060,Discharge,1,gr-data.xlsx
USGS-05447500,2009-09-14,16.820206875648,m3/s,00060,Discharge,1,gr-data.xlsx
USGS-05447500,2009-09-15,16.083968864256,m3/s,00060,Discharge,1,gr-data.xlsx
USGS-05447500,2009-09-16,15.234463466496,m3/s,00060,Discharge,1,gr-data.xlsx
USGS-05447500,2009-09-17,14.894661307392001,m3/s,00060,Discharge,1,gr-data.xlsx
USGS-05447500,2009-09-18,14.498225455104,m3/s,00060,Discharge,1,gr-data.xlsx
USGS-05447500,2009-09-19,13.790304290304,m3/s,00060,Discharge,1,gr-data.xlsx
USGS-05447500,2009-09-20,14.073472756224,m3/s,00060,Discharge,1,gr-data.xlsx
USGS-05447500,2009-09-21,15.29109715968,m3/s,00060,Discharge,1,gr-data.xlsx
USGS-05447500,2009-09-22,17.329910114304,m3/s,00060,Discharge,1,gr-data.xlsx
USGS-05447500,2009-09-23,20.558030625792,m3/s,00060,Discharge,1,gr-data.xlsx
USGS-05447500,2009-09-24,19.000604063232,m3/s,00060,Discharge,1,gr-data.xlsx
USGS-05447500,2009-09-25,18.236049205248,m3/s,00060,Discharge,1,gr-data.xlsx
USGS-05447500,2009-09-26,20.048327387136002,m3/s,00060,Discharge,1,gr-data.xlsx
USGS-05447500,2009-09-27,19.736842074624,m3/s,00060,Discharge,1,gr-data.xlsx
USGS-05447500,2009-09-28,18.12278181888,m3/s,00060,Discharge,1,gr-data.xlsx
USGS-05447500,2009-09-29,17.188325881344,m3/s,00060,Discharge,1,gr-data.xlsx
USGS-05447500,2009-09-30,16.367137330176,m3/s,00060,Discharge,1,gr-data.xlsx
USGS-05447500,2009-10-01,17.273276421120002,m3/s,00060,Discharge,1,gr-data.xlsx
USGS-05447500,2009-10-02,23.729517444096,m3/s,00060,Discharge,1,gr-data.xlsx
USGS-05447500,2009-10-03,26.079815711232,m3/s,00060,Discharge,1,gr-data.xlsx
USGS-05447500,2009-10-04,25.881597785088,m3/s,00060,Discharge,1,gr-data.xlsx
USGS-05447500,2009-10-05,24.041002756608002,m3/s,00060,Discharge,1,gr-data.xlsx
USGS-05447500,2009-10-06,22.143774034944002,m3/s,00060,Discharge,1,gr-data.xlsx
USGS-05447500,2009-10-07,21.209318097408,m3/s,00060,Discharge,1,gr-data.xlsx
USGS-05447500,2009-10-08,20.048327387136002,m3/s,00060,Discharge,1,gr-data.xlsx
USGS-05447500,2009-10-09,20.020010540544,m3/s,00060,Discharge,1,gr-data.xlsx
USGS-05447500,2009-10-10,20.642981165568,m3/s,00060,Discharge,1,gr-data.xlsx
USGS-05447500,2009-10-11,20.699614858752,m3/s,00060,Discharge,1,gr-data.xlsx
USGS-05447500,2009-10-12,20.246545313280002,m3/s,00060,Discharge,1,gr-data.xlsx
USGS-05447500,2009-10-13,19.736842074624,m3/s,00060,Discharge,1,gr-data.xlsx
USGS-05447500,2009-10-14,19.368723068928002,m3/s,00060,Discharge,1,gr-data.xlsx
USGS-05447500,2009-10-15,19.68020838144,m3/s,00060,Discharge,1,gr-data.xlsx
USGS-05447500,2009-10-16,20.076644233728,m3/s,00060,Discharge,1,gr-data.xlsx
USGS-05447500,2009-10-17,20.020010540544,m3/s,00060,Discharge,1,gr-data.xlsx
USGS-05447500,2009-10-18,19.708525228032002,m3/s,00060,Discharge,1,gr-data.xlsx
USGS-05447500,2009-10-19,19.312089375744,m3/s,00060,Discharge,1,gr-data.xlsx
USGS-05447500,2009-10-20,19.028920909824002,m3/s,00060,Discharge,1,gr-data.xlsx
USGS-05447500,2009-10-21,18.774069290496,m3/s,00060,Discharge,1,gr-data.xlsx
USGS-05447500,2009-10-22,20.784565398528002,m3/s,00060,Discharge,1,gr-data.xlsx
USGS-05447500,2009-10-23,73.6238011392,m3/s,00060,Discharge,1,gr-data.xlsx
USGS-05447500,2009-10-24,101.09114233344,m3/s,00060,Discharge,1,gr-data.xlsx
USGS-05447500,2009-10-25,82.96836051456,m3/s,00060,Discharge,1,gr-data.xlsx
USGS-05447500,2009-10-26,80.98618125312001,m3/s,00060,Discharge,1,gr-data.xlsx
USGS-05447500,2009-10-27,81.26934971904001,m3/s,00060,Discharge,1,gr-data.xlsx
USGS-05447500,2009-10-28,69.94261108224,m3/s,00060,Discharge,1,gr-data.xlsx
USGS-05447500,2009-10-29,59.4653778432,m3/s,00060,Discharge,1,gr-data.xlsx
USGS-05447500,2009-10-30,131.39016818688,m3/s,00060,Discharge,1,gr-data.xlsx
USGS-05447500,2009-10-31,152.34463466496,m3/s,00060,Discharge,1,gr-data.xlsx
USGS-05447500,2009-11-01,134.78818977792,m3/s,00060,Discharge,1,gr-data.xlsx
USGS-05447500,2009-11-02,110.71887017472001,m3/s,00060,Discharge,1,gr-data.xlsx
USGS-05447500,2009-11-03,91.74658295808,m3/s,00060,Discharge,1,gr-data.xlsx
USGS-05447500,2009-11-04,79.00400199168,m3/s,00060,Discharge,1,gr-data.xlsx
USGS-05447500,2009-11-05,69.37627415040001,m3/s,00060,Discharge,1,gr-data.xlsx
USGS-05447500,2009-11-06,62.58023096832,m3/s,00060,Discharge,1,gr-data.xlsx
USGS-05447500,2009-11-07,59.4653778432,m3/s,00060,Discharge,1,gr-data.xlsx
USGS-05447500,2009-11-08,55.501019320320005,m3/s,00060,Discharge,1,gr-data.xlsx
USGS-05447500,2009-11-09,52.386166195200005,m3/s,00060,Discharge,1,gr-data.xlsx
USGS-05447500,2009-11-10,48.98814460416,m3/s,00060,Discharge,1,gr-data.xlsx
USGS-05447500,2009-11-11,48.1386392064,m3/s,00060,Discharge,1,gr-data.xlsx
USGS-05447500,2009-11-12,46.439628410880005,m3/s,00060,Discharge,1,gr-data.xlsx
USGS-05447500,2009-11-13,45.02378608128,m3/s,00060,Discharge,1,gr-data.xlsx
USGS-05447500,2009-11-14,44.45744914944,m3/s,00060,Discharge,1,gr-data.xlsx
USGS-05447500,2009-11-15,42.75843835392,m3/s,00060,Discharge,1,gr-data.xlsx
USGS-05447500,2009-11-16,41.34259602432,m3/s,00060,Discharge,1,gr-data.xlsx
USGS-05447500,2009-11-17,40.776259092480004,m3/s,00060,Discharge,1,gr-data.xlsx
USGS-05447500,2009-11-18,42.19210142208,m3/s,00060,Discharge,1,gr-data.xlsx
USGS-05447500,2009-11-19,41.62576449024,m3/s,00060,Discharge,1,gr-data.xlsx
USGS-05447500,2009-11-20,39.92675369472,m3/s,00060,Discharge,1,gr-data.xlsx
USGS-05447500,2009-11-21,39.07724829696,m3/s,00060,Discharge,1,gr-data.xlsx
USGS-05447500,2009-11-22,38.2277428992,m3/s,00060,Discharge,1,gr-data.xlsx
USGS-05447500,2009-11-23,37.378237501440005,m3/s,00060,Discharge,1,gr-data.xlsx
USGS-05447500,2009-11-24,37.661405967360004,m3/s,00060,Discharge,1,gr-data.xlsx
USGS-05447500,2009-11-25,43.04160681984,m3/s,00060,Discharge,1,gr-data.xlsx
USGS-05447500,2009-11-26,47.57230227456,m3/s,00060,Discharge,1,gr-data.xlsx
USGS-05447500,2009-11-27,52.386166195200005,m3/s,00060,Discharge,1,gr-data.xlsx
USGS-05447500,2009-11-28,50.12081846784,m3/s,00060,Discharge,1,gr-data.xlsx
USGS-05447500,2009-11-29,47.57230227456,m3/s,00060,Discharge,1,gr-data.xlsx
USGS-05447500,2009-11-30,45.02378608128,m3/s,00060,Discharge,1,gr-data.xlsx
USGS-05447500,2009-12-01,43.04160681984,m3/s,00060,Discharge,1,gr-data.xlsx
USGS-05447500,2009-12-02,42.475269888,m3/s,00060,Discharge,1,gr-data.xlsx
USGS-05447500,2009-12-03,42.475269888,m3/s,00060,Discharge,1,gr-data.xlsx
USGS-05447500,2009-12-04,40.20992216064,m3/s,00060,Discharge,1,gr-data.xlsx
USGS-05447500,2009-12-05,39.36041676288,m3/s,00060,Discharge,1,gr-data.xlsx
USGS-05447500,2009-12-06,37.94457443328,m3/s,00060,Discharge,1,gr-data.xlsx
USGS-05447500,2009-12-07,37.09506903552,m3/s,00060,Discharge,1,gr-data.xlsx
USGS-05447500,2009-12-08,36.8119005696,m3/s,00060,Discharge,1,gr-data.xlsx
USGS-05447500,2009-12-09,39.92675369472,m3/s,00060,Discharge,1,gr-data.xlsx
USGS-05447500,2009-12-10,33.41387897856,m3/s,00060,Discharge,1,gr-data.xlsx
USGS-05447500,2009-12-11,68.24360028672,m3/s,00060,Discharge,1,gr-data.xlsx
USGS-05447500,2009-12-12,82.40202358272,m3/s,00060,Discharge,1,gr-data.xlsx
USGS-05447500,2009-12-13,76.17231733248,m3/s,00060,Discharge,1,gr-data.xlsx
USGS-05447500,2009-12-14,52.386166195200005,m3/s,00060,Discharge,1,gr-data.xlsx
USGS-05447500,2009-12-15,40.776259092480004,m3/s,00060,Discharge,1,gr-data.xlsx
USGS-05447500,2009-12-16,46.15645994496,m3/s,00060,Discharge,1,gr-data.xlsx
USGS-05447500,2009-12-17,59.74854630912,m3/s,00060,Discharge,1,gr-data.xlsx
USGS-05447500,2009-12-18,45.87329147904,m3/s,00060,Discharge,1,gr-data.xlsx
USGS-05447500,2009-12-19,39.07724829696,m3/s,00060,Discharge,1,gr-data.xlsx
USGS-05447500,2009-12-20,37.378237501440005,m3/s,00060,Discharge,1,gr-data.xlsx
USGS-05447500,2009-12-21,36.8119005696,m3/s,00060,Discharge,1,gr-data.xlsx
USGS-05447500,2009-12-22,35.67922670592,m3/s,00060,Discharge,1,gr-data.xlsx
USGS-05447500,2009-12-23,35.67922670592,m3/s,00060,Discharge,1,gr-data.xlsx
USGS-05447500,2009-12-24,48.1386392064,m3/s,00060,Discharge,1,gr-data.xlsx
USGS-05447500,2009-12-25,130.82383125504,m3/s,00060,Discharge,1,gr-data.xlsx
USGS-05447500,2009-12-26,156.59216165376,m3/s,00060,Discharge,1,gr-data.xlsx
USGS-05447500,2009-12-27,135.07135824384,m3/s,00060,Discharge,1,gr-data.xlsx
USGS-05447500,2009-12-28,114.11689176576,m3/s,00060,Discharge,1,gr-data.xlsx
USGS-05447500,2009-12-29,96.56044687872,m3/s,00060,Discharge,1,gr-data.xlsx
USGS-05447500,2009-12-30,82.1188551168,m3/s,00060,Discharge,1,gr-data.xlsx
USGS-05447500,2009-12-31,72.2079588096,m3/s,00060,Discharge,1,gr-data.xlsx
USGS-05447500,2010-01-01,63.42973636608,m3/s,00060,Discharge,1,gr-data.xlsx
USGS-05447500,2010-01-02,56.06735625216,m3/s,00060,Discharge,1,gr-data.xlsx
USGS-05447500,2010-01-03,53.51884005888,m3/s,00060,Discharge,1,gr-data.xlsx
USGS-05447500,2010-01-04,51.25349233152,m3/s,00060,Discharge,1,gr-data.xlsx
USGS-05447500,2010-01-05,50.12081846784,m3/s,00060,Discharge,1,gr-data.xlsx
USGS-05447500,2010-01-06,47.57230227456,m3/s,00060,Discharge,1,gr-data.xlsx
USGS-05447500,2010-01-07,45.87329147904,m3/s,00060,Discharge,1,gr-data.xlsx
USGS-05447500,2010-01-08,44.17428068352,m3/s,00060,Discharge,1,gr-data.xlsx
USGS-05447500,2010-01-09,41.34259602432,m3/s,00060,Discharge,1,gr-data.xlsx
USGS-05447500,2010-01-10,39.6435852288,m3/s,00060,Discharge,1,gr-data.xlsx
USGS-05447500,2010-01-11,37.94457443328,m3/s,00060,Discharge,1,gr-data.xlsx
USGS-05447500,2010-01-12,36.52873210368,m3/s,00060,Discharge,1,gr-data.xlsx
USGS-05447500,2010-01-13,35.39605824,m3/s,00060,Discharge,1,gr-data.xlsx
USGS-05447500,2010-01-14,34.82972130816,m3/s,00060,Discharge,1,gr-data.xlsx
USGS-05447500,2010-01-15,33.69704744448,m3/s,00060,Discharge,1,gr-data.xlsx
USGS-05447500,2010-01-16,32.84754204672,m3/s,00060,Discharge,1,gr-data.xlsx
USGS-05447500,2010-01-17,31.71486818304,m3/s,00060,Discharge,1,gr-data.xlsx
USGS-05447500,2010-01-18,31.43169971712,m3/s,00060,Discharge,1,gr-data.xlsx
USGS-05447500,2010-01-19,30.29902585344,m3/s,00060,Discharge,1,gr-data.xlsx
USGS-05447500,2010-01-20,30.29902585344,m3/s,00060,Discharge,1,gr-data.xlsx
USGS-05447500,2010-01-21,29.7326889216,m3/s,00060,Discharge,1,gr-data.xlsx
USGS-05447500,2010-01-22,29.166351989760003,m3/s,00060,Discharge,1,gr-data.xlsx
USGS-05447500,2010-01-23,36.24556363776,m3/s,00060,Discharge,1,gr-data.xlsx
USGS-05447500,2010-01-24,105.90500625408,m3/s,00060,Discharge,1,gr-data.xlsx
USGS-05447500,2010-01-25,150.07928693760002,m3/s,00060,Discharge,1,gr-data.xlsx
USGS-05447500,2010-01-26,124.02778807296,m3/s,00060,Discharge,1,gr-data.xlsx
USGS-05447500,2010-01-27,92.87925682176001,m3/s,00060,Discharge,1,gr-data.xlsx
USGS-05447500,2010-01-28,69.37627415040001,m3/s,00060,Discharge,1,gr-data.xlsx
USGS-05447500,2010-01-29,57.76636704768,m3/s,00060,Discharge,1,gr-data.xlsx
USGS-05447500,2010-01-30,51.25349233152,m3/s,00060,Discharge,1,gr-data.xlsx
USGS-05447500,2010-01-31,44.17428068352,m3/s,00060,Discharge,1,gr-data.xlsx
USGS-05447500,2010-02-01,39.36041676288,m3/s,00060,Discharge,1,gr-data.xlsx
USGS-05447500,2010-02-02,35.96239517184,m3/s,00060,Discharge,1,gr-data.xlsx
USGS-05447500,2010-02-03,32.84754204672,m3/s,00060,Discharge,1,gr-data.xlsx
USGS-05447500,2010-02-04,30.865362785280002,m3/s,00060,Discharge,1,gr-data.xlsx
USGS-05447500,2010-02-05,30.01585738752,m3/s,00060,Discharge,1,gr-data.xlsx
USGS-05447500,2010-02-06,29.166351989760003,m3/s,00060,Discharge,1,gr-data.xlsx
USGS-05447500,2010-02-07,27.977044432896,m3/s,00060,Discharge,1,gr-data.xlsx
USGS-05447500,2010-02-08,27.212489574912002,m3/s,00060,Discharge,1,gr-data.xlsx
USGS-05447500,2010-02-09,26.079815711232,m3/s,00060,Discharge,1,gr-data.xlsx
USGS-05447500,2010-02-10,24.862191307776,m3/s,00060,Discharge,1,gr-data.xlsx
USGS-05447500,2010-02-11,23.871101677056,m3/s,00060,Discharge,1,gr-data.xlsx
USGS-05447500,2010-02-12,23.304764745216,m3/s,00060,Discharge,1,gr-data.xlsx
USGS-05447500,2010-02-13,22.766744659968,m3/s,00060,Discharge,1,gr-data.xlsx
USGS-05447500,2010-02-14,22.455259347456,m3/s,00060,Discharge,1,gr-data.xlsx
USGS-05447500,2010-02-15,22.143774034944002,m3/s,00060,Discharge,1,gr-data.xlsx
USGS-05447500,2010-02-16,21.775655029248,m3/s,00060,Discharge,1,gr-data.xlsx
USGS-05447500,2010-02-17,21.265951790592002,m3/s,00060,Discharge,1,gr-data.xlsx
USGS-05447500,2010-02-18,20.756248551936,m3/s,00060,Discharge,1,gr-data.xlsx
USGS-05447500,2010-02-19,20.416446392832,m3/s,00060,Discharge,1,gr-data.xlsx
USGS-05447500,2010-02-20,20.501396932608,m3/s,00060,Discharge,1,gr-data.xlsx
USGS-05447500,2010-02-21,20.897832784896,m3/s,00060,Discharge,1,gr-data.xlsx
USGS-05447500,2010-02-22,21.747338182656,m3/s,00060,Discharge,1,gr-data.xlsx
USGS-05447500,2010-02-23,21.039417017856,m3/s,00060,Discharge,1,gr-data.xlsx
USGS-05447500,2010-02-24,19.96337684736,m3/s,00060,Discharge,1,gr-data.xlsx
USGS-05447500,2010-02-25,19.53862414848,m3/s,00060,Discharge,1,gr-data.xlsx
USGS-05447500,2010-02-26,19.566940995072,m3/s,00060,Discharge,1,gr-data.xlsx
USGS-05447500,2010-02-27,19.453673608704,m3/s,00060,Discharge,1,gr-data.xlsx
USGS-05447500,2010-02-28,19.340406222336,m3/s,00060,Discharge,1,gr-data.xlsx
USGS-05447500,2010-03-01,19.312089375744,m3/s,00060,Discharge,1,gr-data.xlsx
USGS-05447500,2010-03-02,21.775655029248,m3/s,00060,Discharge,1,gr-data.xlsx
USGS-05447500,2010-03-03,24.663973381632,m3/s,00060,Discharge,1,gr-data.xlsx
USGS-05447500,2010-03-04,26.306350483968,m3/s,00060,Discharge,1,gr-data.xlsx
USGS-05447500,2010-03-05,30.01585738752,m3/s,00060,Discharge,1,gr-data.xlsx
USGS-05447500,2010-03-06,32.84754204672,m3/s,00060,Discharge,1,gr-data.xlsx
USGS-05447500,2010-03-07,40.20992216064,m3/s,00060,Discharge,1,gr-data.xlsx
USGS-05447500,2010-03-08,56.35052471808,m3/s,00060,Discharge,1,gr-data.xlsx
USGS-05447500,2010-03-09,58.332703979520005,m3/s,00060,Discharge,1,gr-data.xlsx
USGS-05447500,2010-03-10,82.68519204864,m3/s,00060,Discharge,1,gr-data.xlsx
USGS-05447500,2010-03-11,102.79015312896,m3/s,00060,Discharge,1,gr-data.xlsx
USGS-05447500,2010-03-12,102.79015312896,m3/s,00060,Discharge,1,gr-data.xlsx
USGS-05447500,2010-03-13,173.58226960896002,m3/s,00060,Discharge,1,gr-data.xlsx
USGS-05447500,2010-03-14,173.58226960896002,m3/s,00060,Discharge,1,gr-data.xlsx
USGS-05447500,2010-03-15,139.03571676672001,m3/s,00060,Discharge,1,gr-data.xlsx
USGS-05447500,2010-03-16,115.53273409536,m3/s,00060,Discharge,1,gr-data.xlsx
USGS-05447500,2010-03-17,96.84361534464,m3/s,00060,Discharge,1,gr-data.xlsx
USGS-05447500,2010-03-18,80.7030127872,m3/s,00060,Discharge,1,gr-data.xlsx
USGS-05447500,2010-03-19,67.39409488896,m3/s,00060,Discharge,1,gr-data.xlsx
USGS-05447500,2010-03-20,59.18220937728,m3/s,00060,Discharge,1,gr-data.xlsx
USGS-05447500,2010-03-21,56.06735625216,m3/s,00060,Discharge,1,gr-data.xlsx
USGS-05447500,2010-03-22,59.74854630912,m3/s,00060,Discharge,1,gr-data.xlsx
USGS-05447500,2010-03-23,56.35052471808,m3/s,00060,Discharge,1,gr-data.xlsx
USGS-05447500,2010-03-24,49.837650001920004,m3/s,00060,Discharge,1,gr-data.xlsx
USGS-05447500,2010-03-25,46.15645994496,m3/s,00060,Discharge,1,gr-data.xlsx
USGS-05447500,2010-03-26,42.75843835392,m3/s,00060,Discharge,1,gr-data.xlsx
USGS-05447500,2010-03-27,38.79407983104,m3/s,00060,Discharge,1,gr-data.xlsx
USGS-05447500,2010-03-28,37.09506903552,m3/s,00060,Discharge,1,gr-data.xlsx
USGS-05447500,2010-03-29,34.546552842240004,m3/s,00060,Discharge,1,gr-data.xlsx
USGS-05447500,2010-03-30,32.28120511488,m3/s,00060,Discharge,1,gr-data.xlsx
USGS-05447500,2010-03-31,31.1485312512,m3/s,00060,Discharge,1,gr-data.xlsx
USGS-05447500,2010-04-01,29.7326889216,m3/s,00060,Discharge,1,gr-data.xlsx
USGS-05447500,2010-04-02,27.920410739712,m3/s,00060,Discharge,1,gr-data.xlsx
USGS-05447500,2010-04-03,28.203579205632,m3/s,00060,Discharge,1,gr-data.xlsx
USGS-05447500,2010-04-04,27.155855881728,m3/s,00060,Discharge,1,gr-data.xlsx
USGS-05447500,2010-04-05,36.24556363776,m3/s,00060,Discharge,1,gr-data.xlsx
USGS-05447500,2010-04-06,45.3069545472,m3/s,00060,Discharge,1,gr-data.xlsx
USGS-05447500,2010-04-07,47.57230227456,m3/s,00060,Discharge,1,gr-data.xlsx
USGS-05447500,2010-04-08,50.40398693376,m3/s,00060,Discharge,1,gr-data.xlsx
USGS-05447500,2010-04-09,45.3069545472,m3/s,00060,Discharge,1,gr-data.xlsx
USGS-05447500,2010-04-10,39.07724829696,m3/s,00060,Discharge,1,gr-data.xlsx
USGS-05447500,2010-04-11,35.11288977408,m3/s,00060,Discharge,1,gr-data.xlsx
USGS-05447500,2010-04-12,31.71486818304,m3/s,00060,Discharge,1,gr-data.xlsx
USGS-05447500,2010-04-13,29.7326889216,m3/s,00060,Discharge,1,gr-data.xlsx
USGS-05447500,2010-04-14,28.090311819264002,m3/s,00060,Discharge,1,gr-data.xlsx
USGS-05447500,2010-04-15,26.362984177152,m3/s,00060,Discharge,1,gr-data.xlsx
USGS-05447500,2010-04-16,25.456845086208002,m3/s,00060,Discharge,1,gr-data.xlsx
USGS-05447500,2010-04-17,24.182586989568,m3/s,00060,Discharge,1,gr-data.xlsx
USGS-05447500,2010-04-18,23.474665824768,m3/s,00060,Discharge,1,gr-data.xlsx
USGS-05447500,2010-04-19,22.766744659968,m3/s,00060,Discharge,1,gr-data.xlsx
USGS-05447500,2010-04-20,22.285358267904,m3/s,00060,Discharge,1,gr-data.xlsx
USGS-05447500,2010-04-21,21.605753949696002,m3/s,00060,Discharge,1,gr-data.xlsx
USGS-05447500,2010-04-22,20.727931705344,m3/s,00060,Discharge,1,gr-data.xlsx
USGS-05447500,2010-04-23,20.388129546240002,m3/s,00060,Discharge,1,gr-data.xlsx
USGS-05447500,2010-04-24,21.181001250816,m3/s,00060,Discharge,1,gr-data.xlsx
USGS-05447500,2010-04-25,35.96239517184,m3/s,00060,Discharge,1,gr-data.xlsx
USGS-05447500,2010-04-26,33.9802159104,m3/s,00060,Discharge,1,gr-data.xlsx
USGS-05447500,2010-04-27,27.552291734016002,m3/s,00060,Discharge,1,gr-data.xlsx
USGS-05447500,2010-04-28,24.522389148672,m3/s,00060,Discharge,1,gr-data.xlsx
USGS-05447500,2010-04-29,23.64456690432,m3/s,00060,Discharge,1,gr-data.xlsx
USGS-05447500,2010-04-30,22.993279432704,m3/s,00060,Discharge,1,gr-data.xlsx
USGS-05447500,2010-05-01,22.851695199744,m3/s,00060,Discharge,1,gr-data.xlsx
USGS-05447500,2010-05-02,22.143774034944002,m3/s,00060,Discharge,1,gr-data.xlsx
USGS-05447500,2010-05-03,20.95446647808,m3/s,00060,Discharge,1,gr-data.xlsx
USGS-05447500,2010-05-04,19.878426307584,m3/s,00060,Discharge,1,gr-data.xlsx
USGS-05447500,2010-05-05,19.198821989376,m3/s,00060,Discharge,1,gr-data.xlsx
USGS-05447500,2010-05-06,18.575851364352,m3/s,00060,Discharge,1,gr-data.xlsx
USGS-05447500,2010-05-07,26.9010042624,m3/s,00060,Discharge,1,gr-data.xlsx
USGS-05447500,2010-05-08,43.8911122176,m3/s,00060,Discharge,1,gr-data.xlsx
USGS-05447500,2010-05-09,35.39605824,m3/s,00060,Discharge,1,gr-data.xlsx
USGS-05447500,2010-05-10,29.7326889216,m3/s,00060,Discharge,1,gr-data.xlsx
USGS-05447500,2010-05-11,36.24556363776,m3/s,00060,Discharge,1,gr-data.xlsx
USGS-05447500,2010-05-12,50.68715539968,m3/s,00060,Discharge,1,gr-data.xlsx
USGS-05447500,2010-05-13,193.40406222336,m3/s,00060,Discharge,1,gr-data.xlsx
USGS-05447500,2010-05-14,210.67733864448002,m3/s,00060,Discharge,1,gr-data.xlsx
USGS-05447500,2010-05-15,163.67137330176,m3/s,00060,Discharge,1,gr-data.xlsx
USGS-05447500,2010-05-16,131.39016818688,m3/s,00060,Discharge,1,gr-data.xlsx
USGS-05447500,2010-05-17,104.77233239040001,m3/s,00060,Discharge,1,gr-data.xlsx
USGS-05447500,2010-05-18,85.80004517376,m3/s,00060,Discharge,1,gr-data.xlsx
USGS-05447500,2010-05-19,71.07528494592,m3/s,00060,Discharge,1,gr-data.xlsx
USGS-05447500,2010-05-20,61.447557104640005,m3/s,00060,Discharge,1,gr-data.xlsx
USGS-05447500,2010-05-21,56.91686164992,m3/s,00060,Discharge,1,gr-data.xlsx
USGS-05447500,2010-05-22,52.386166195200005,m3/s,00060,Discharge,1,gr-data.xlsx
USGS-05447500,2010-05-23,48.1386392064,m3/s,00060,Discharge,1,gr-data.xlsx
USGS-05447500,2010-05-24,44.17428068352,m3/s,00060,Discharge,1,gr-data.xlsx
USGS-05447500,2010-05-25,42.19210142208,m3/s,00060,Discharge,1,gr-data.xlsx
USGS-05447500,2010-05-26,49.27131307008,m3/s,00060,Discharge,1,gr-data.xlsx
USGS-05447500,2010-05-27,49.554481536000004,m3/s,00060,Discharge,1,gr-data.xlsx
USGS-05447500,2010-05-28,41.62576449024,m3/s,00060,Discharge,1,gr-data.xlsx
USGS-05447500,2010-05-29,39.07724829696,m3/s,00060,Discharge,1,gr-data.xlsx
USGS-05447500,2010-05-30,37.09506903552,m3/s,00060,Discharge,1,gr-data.xlsx
USGS-05447500,2010-05-31,39.07724829696,m3/s,00060,Discharge,1,gr-data.xlsx
USGS-05447500,2010-06-01,44.17428068352,m3/s,00060,Discharge,1,gr-data.xlsx
USGS-05447500,2010-06-02,48.70497613824,m3/s,00060,Discharge,1,gr-data.xlsx
USGS-05447500,2010-06-03,74.19013807104,m3/s,00060,Discharge,1,gr-data.xlsx
USGS-05447500,2010-06-04,62.2970625024,m3/s,00060,Discharge,1,gr-data.xlsx
USGS-05447500,2010-06-05,59.4653778432,m3/s,00060,Discharge,1,gr-data.xlsx
USGS-05447500,2010-06-06,53.51884005888,m3/s,00060,Discharge,1,gr-data.xlsx
USGS-05447500,2010-06-07,44.74061761536,m3/s,00060,Discharge,1,gr-data.xlsx
USGS-05447500,2010-06-08,40.776259092480004,m3/s,00060,Discharge,1,gr-data.xlsx
USGS-05447500,2010-06-09,44.17428068352,m3/s,00060,Discharge,1,gr-data.xlsx
USGS-05447500,2010-06-10,41.62576449024,m3/s,00060,Discharge,1,gr-data.xlsx
USGS-05447500,2010-06-11,37.378237501440005,m3/s,00060,Discharge,1,gr-data.xlsx
USGS-05447500,2010-06-12,56.35052471808,m3/s,00060,Discharge,1,gr-data.xlsx
USGS-05447500,2010-06-13,94.8614360832,m3/s,00060,Discharge,1,gr-data.xlsx
USGS-05447500,2010-06-14,115.24956562944,m3/s,00060,Discharge,1,gr-data.xlsx
USGS-05447500,2010-06-15,94.01193068544,m3/s,00060,Discharge,1,gr-data.xlsx
USGS-05447500,2010-06-16,104.20599545856,m3/s,00060,Discharge,1,gr-data.xlsx
USGS-05447500,2010-06-17,83.81786591232,m3/s,00060,Discharge,1,gr-data.xlsx
USGS-05447500,2010-06-18,70.79211648,m3/s,00060,Discharge,1,gr-data.xlsx
USGS-05447500,2010-06-19,171.3169218816,m3/s,00060,Discharge,1,gr-data.xlsx
USGS-05447500,2010-06-20,156.02582472192,m3/s,00060,Discharge,1,gr-data.xlsx
USGS-05447500,2010-06-21,118.08125028864,m3/s,00060,Discharge,1,gr-data.xlsx
USGS-05447500,2010-06-22,98.54262614016,m3/s,00060,Discharge,1,gr-data.xlsx
USGS-05447500,2010-06-23,87.7822244352,m3/s,00060,Discharge,1,gr-data.xlsx
USGS-05447500,2010-06-24,160.27335171072,m3/s,00060,Discharge,1,gr-data.xlsx
USGS-05447500,2010-06-25,143.0000752896,m3/s,00060,Discharge,1,gr-data.xlsx
USGS-05447500,2010-06-26,113.55055483392,m3/s,00060,Discharge,1,gr-data.xlsx
USGS-05447500,2010-06-27,92.31291988992,m3/s,00060,Discharge,1,gr-data.xlsx
USGS-05447500,2010-06-28,79.2871704576,m3/s,00060,Discharge,1,gr-data.xlsx
USGS-05447500,2010-06-29,71.92479034368,m3/s,00060,Discharge,1,gr-data.xlsx
USGS-05447500,2010-06-30,61.16438863872,m3/s,00060,Discharge,1,gr-data.xlsx
USGS-05447500,2010-07-01,53.8020085248,m3/s,00060,Discharge,1,gr-data.xlsx
USGS-05447500,2010-07-02,47.85547074048,m3/s,00060,Discharge,1,gr-data.xlsx
USGS-05447500,2010-07-03,43.32477528576,m3/s,00060,Discharge,1,gr-data.xlsx
USGS-05447500,2010-07-04,39.92675369472,m3/s,00060,Discharge,1,gr-data.xlsx
USGS-05447500,2010-07-05,36.8119005696,m3/s,00060,Discharge,1,gr-data.xlsx
USGS-05447500,2010-07-06,35.11288977408,m3/s,00060,Discharge,1,gr-data.xlsx
USGS-05447500,2010-07-07,34.546552842240004,m3/s,00060,Discharge,1,gr-data.xlsx
USGS-05447500,2010-07-08,41.0594275584,m3/s,00060,Discharge,1,gr-data.xlsx
USGS-05447500,2010-07-09,37.09506903552,m3/s,00060,Discharge,1,gr-data.xlsx
USGS-05447500,2010-07-10,32.84754204672,m3/s,00060,Discharge,1,gr-data.xlsx
USGS-05447500,2010-07-11,30.01585738752,m3/s,00060,Discharge,1,gr-data.xlsx
USGS-05447500,2010-07-12,30.58219431936,m3/s,00060,Discharge,1,gr-data.xlsx
USGS-05447500,2010-07-13,51.81982926336,m3/s,00060,Discharge,1,gr-data.xlsx
USGS-05447500,2010-07-14,44.45744914944,m3/s,00060,Discharge,1,gr-data.xlsx
USGS-05447500,2010-07-15,34.82972130816,m3/s,00060,Discharge,1,gr-data.xlsx
USGS-05447500,2010-07-16,29.7326889216,m3/s,00060,Discharge,1,gr-data.xlsx
USGS-05447500,2010-07-17,26.816053722624,m3/s,00060,Discharge,1,gr-data.xlsx
USGS-05447500,2010-07-18,24.918825000960002,m3/s,00060,Discharge,1,gr-data.xlsx
USGS-05447500,2010-07-19,23.418032131584,m3/s,00060,Discharge,1,gr-data.xlsx
USGS-05447500,2010-07-20,22.625160427008,m3/s,00060,Discharge,1,gr-data.xlsx
USGS-05447500,2010-07-21,21.492486563328,m3/s,00060,Discharge,1,gr-data.xlsx
USGS-05447500,2010-07-22,20.473080086016,m3/s,00060,Discharge,1,gr-data.xlsx
USGS-05447500,2010-07-23,19.566940995072,m3/s,00060,Discharge,1,gr-data.xlsx
USGS-05447500,2010-07-24,24.579022841856002,m3/s,00060,Discharge,1,gr-data.xlsx
USGS-05447500,2010-07-25,33.13071051264,m3/s,00060,Discharge,1,gr-data.xlsx
USGS-05447500,2010-07-26,30.01585738752,m3/s,00060,Discharge,1,gr-data.xlsx
USGS-05447500,2010-07-27,23.418032131584,m3/s,00060,Discharge,1,gr-data.xlsx
USGS-05447500,2010-07-28,21.860605569024,m3/s,00060,Discharge,1,gr-data.xlsx
USGS-05447500,2010-07-29,20.784565398528002,m3/s,00060,Discharge,1,gr-data.xlsx
USGS-05447500,2010-07-30,19.481990455296,m3/s,00060,Discharge,1,gr-data.xlsx
USGS-05447500,2010-07-31,18.830702983680002,m3/s,00060,Discharge,1,gr-data.xlsx
USGS-05447500,2010-08-01,17.952880739328002,m3/s,00060,Discharge,1,gr-data.xlsx
USGS-05447500,2010-08-02,16.876840568832,m3/s,00060,Discharge,1,gr-data.xlsx
USGS-05447500,2010-08-03,18.066148125696,m3/s,00060,Discharge,1,gr-data.xlsx
USGS-05447500,2010-08-04,23.842784830464,m3/s,00060,Discharge,1,gr-data.xlsx
USGS-05447500,2010-08-05,29.166351989760003,m3/s,00060,Discharge,1,gr-data.xlsx
USGS-05447500,2010-08-06,25.06040923392,m3/s,00060,Discharge,1,gr-data.xlsx
USGS-05447500,2010-08-07,20.699614858752,m3/s,00060,Discharge,1,gr-data.xlsx
USGS-05447500,2010-08-08,18.632485057536,m3/s,00060,Discharge,1,gr-data.xlsx
USGS-05447500,2010-08-09,21.09605071104,m3/s,00060,Discharge,1,gr-data.xlsx
USGS-05447500,2010-08-10,34.82972130816,m3/s,00060,Discharge,1,gr-data.xlsx
USGS-05447500,2010-08-11,33.13071051264,m3/s,00060,Discharge,1,gr-data.xlsx
USGS-05447500,2010-08-12,21.917239262208,m3/s,00060,Discharge,1,gr-data.xlsx
USGS-05447500,2010-08-13,19.736842074624,m3/s,00060,Discharge,1,gr-data.xlsx
USGS-05447500,2010-08-14,26.023182018048,m3/s,00060,Discharge,1,gr-data.xlsx
USGS-05447500,2010-08-15,25.938231478272,m3/s,00060,Discharge,1,gr-data.xlsx
USGS-05447500,2010-08-16,21.011100171264,m3/s,00060,Discharge,1,gr-data.xlsx
USGS-05447500,2010-08-17,18.575851364352,m3/s,00060,Discharge,1,gr-data.xlsx
USGS-05447500,2010-08-18,18.292682898432002,m3/s,00060,Discharge,1,gr-data.xlsx
USGS-05447500,2010-08-19,17.499811193856,m3/s,00060,Discharge,1,gr-data.xlsx
USGS-05447500,2010-08-20,16.14060255744,m3/s,00060,Discharge,1,gr-data.xlsx
USGS-05447500,2010-08-21,15.914067784704,m3/s,00060,Discharge,1,gr-data.xlsx
USGS-05447500,2010-08-22,15.121196080128,m3/s,00060,Discharge,1,gr-data.xlsx
USGS-05447500,2010-08-23,14.384958068736001,m3/s,00060,Discharge,1,gr-data.xlsx
USGS-05447500,2010-08-24,13.846937983488,m3/s,00060,Discharge,1,gr-data.xlsx
USGS-05447500,2010-08-25,13.422185284608,m3/s,00060,Discharge,1,gr-data.xlsx
USGS-05447500,2010-08-26,12.969115739136,m3/s,00060,Discharge,1,gr-data.xlsx
USGS-05447500,2010-08-27,12.487729347072001,m3/s,00060,Discharge,1,gr-data.xlsx
USGS-05447500,2010-08-28,12.17624403456,m3/s,00060,Discharge,1,gr-data.xlsx
USGS-05447500,2010-08-29,11.864758722048,m3/s,00060,Discharge,1,gr-data.xlsx
USGS-05447500,2010-08-30,11.3267386368,m3/s,00060,Discharge,1,gr-data.xlsx
USGS-05447500,2010-08-31,11.355055483392,m3/s,00060,Discharge,1,gr-data.xlsx
USGS-05447500,2010-09-01,13.139016818688,m3/s,00060,Discharge,1,gr-data.xlsx
USGS-05447500,2010-09-02,14.838027614208,m3/s,00060,Discharge,1,gr-data.xlsx
USGS-05447500,2010-09-03,15.092879233536001,m3/s,00060,Discharge,1,gr-data.xlsx
USGS-05447500,2010-09-04,14.01683906304,m3/s,00060,Discharge,1,gr-data.xlsx
USGS-05447500,2010-09-05,12.685947273216,m3/s,00060,Discharge,1,gr-data.xlsx
USGS-05447500,2010-09-06,11.411689176576001,m3/s,00060,Discharge,1,gr-data.xlsx
USGS-05447500,2010-09-07,11.553273409536,m3/s,00060,Discharge,1,gr-data.xlsx
USGS-05447500,2010-09-08,10.845352244736,m3/s,00060,Discharge,1,gr-data.xlsx
USGS-05447500,2010-09-09,10.533866932224,m3/s,00060,Discharge,1,gr-data.xlsx
USGS-05447500,2010-09-10,10.363965852672,m3/s,00060,Discharge,1,gr-data.xlsx
USGS-05447500,2010-09-11,10.194064773120001,m3/s,00060,Discharge,1,gr-data.xlsx
USGS-05447500,2010-09-12,10.080797386752,m3/s,00060,Discharge,1,gr-data.xlsx
USGS-05447500,2010-09-13,9.344559375360001,m3/s,00060,Discharge,1,gr-data.xlsx
USGS-05447500,2010-09-14,9.146341449216001,m3/s,00060,Discharge,1,gr-data.xlsx
USGS-05447500,2010-09-15,9.004757216256,m3/s,00060,Discharge,1,gr-data.xlsx
USGS-05447500,2010-09-16,8.806539290112001,m3/s,00060,Discharge,1,gr-data.xlsx
USGS-05447500,2010-09-17,8.91980667648,m3/s,00060,Discharge,1,gr-data.xlsx
USGS-05447500,2010-09-18,9.259608835584,m3/s,00060,Discharge,1,gr-data.xlsx
USGS-05447500,2010-09-19,10.137431079936,m3/s,00060,Discharge,1,gr-data.xlsx
USGS-05447500,2010-09-20,10.165747926528,m3/s,00060,Discharge,1,gr-data.xlsx
USGS-05447500,2010-09-21,9.882579460608,m3/s,00060,Discharge,1,gr-data.xlsx
USGS-05447500,2010-09-22,10.392282699264001,m3/s,00060,Discharge,1,gr-data.xlsx
USGS-05447500,2010-09-23,10.307332159488,m3/s,00060,Discharge,1,gr-data.xlsx
USGS-05447500,2010-09-24,10.703768011776,m3/s,00060,Discharge,1,gr-data.xlsx
USGS-05447500,2010-09-25,11.156837557248,m3/s,00060,Discharge,1,gr-data.xlsx
USGS-05447500,2010-09-26,11.270104943616,m3/s,00060,Discharge,1,gr-data.xlsx
USGS-05447500,2010-09-27,11.241788097024001,m3/s,00060,Discharge,1,gr-data.xlsx
USGS-05447500,2010-09-28,10.901985937920001,m3/s,00060,Discharge,1,gr-data.xlsx
USGS-05447500,2010-09-29,10.590500625408,m3/s,00060,Discharge,1,gr-data.xlsx
USGS-05447500,2010-09-30,10.137431079936,m3/s,00060,Discharge,1,gr-data.xlsx
USGS-05447500,2010-10-01,9.740995227648,m3/s,00060,Discharge,1,gr-data.xlsx
USGS-05447500,2010-10-02,9.854262614016001,m3/s,00060,Discharge,1,gr-data.xlsx
USGS-05447500,2010-10-03,9.712678381056,m3/s,00060,Discharge,1,gr-data.xlsx
USGS-05447500,2010-10-04,9.542777301504,m3/s,00060,Discharge,1,gr-data.xlsx
USGS-05447500,2010-10-05,9.457826761728,m3/s,00060,Discharge,1,gr-data.xlsx
USGS-05447500,2010-10-06,9.372876221952,m3/s,00060,Discharge,1,gr-data.xlsx
USGS-05447500,2010-10-07,9.316242528768,m3/s,00060,Discharge,1,gr-data.xlsx
USGS-05447500,2010-10-08,9.316242528768,m3/s,00060,Discharge,1,gr-data.xlsx
USGS-05447500,2010-10-09,9.344559375360001,m3/s,00060,Discharge,1,gr-data.xlsx
USGS-05447500,2010-10-10,9.089707756032,m3/s,00060,Discharge,1,gr-data.xlsx
USGS-05447500,2010-10-11,9.004757216256,m3/s,00060,Discharge,1,gr-data.xlsx
USGS-05447500,2010-10-12,9.033074062848,m3/s,00060,Discharge,1,gr-data.xlsx
USGS-05447500,2010-10-13,9.146341449216001,m3/s,00060,Discharge,1,gr-data.xlsx
USGS-05447500,2010-10-14,8.863172983296,m3/s,00060,Discharge,1,gr-data.xlsx
USGS-05447500,2010-10-15,8.976440369664001,m3/s,00060,Discharge,1,gr-data.xlsx
USGS-05447500,2010-10-16,9.118024602624,m3/s,00060,Discharge,1,gr-data.xlsx
USGS-05447500,2010-10-17,9.231291988992,m3/s,00060,Discharge,1,gr-data.xlsx
USGS-05447500,2010-10-18,8.948123523072,m3/s,00060,Discharge,1,gr-data.xlsx
USGS-05447500,2010-10-19,8.608321363968,m3/s,00060,Discharge,1,gr-data.xlsx
USGS-05447500,2010-10-20,8.4950539776,m3/s,00060,Discharge,1,gr-data.xlsx
USGS-05447500,2010-10-21,8.834856136704,m3/s,00060,Discharge,1,gr-data.xlsx
USGS-05447500,2010-10-22,8.580004517376,m3/s,00060,Discharge,1,gr-data.xlsx
USGS-05447500,2010-10-23,9.231291988992,m3/s,00060,Discharge,1,gr-data.xlsx
USGS-05447500,2010-10-24,10.986936477696,m3/s,00060,Discharge,1,gr-data.xlsx
USGS-05447500,2010-10-25,10.392282699264001,m3/s,00060,Discharge,1,gr-data.xlsx
USGS-05447500,2010-10-26,15.744166705152,m3/s,00060,Discharge,1,gr-data.xlsx
USGS-05447500,2010-10-27,20.586347472384002,m3/s,00060,Discharge,1,gr-data.xlsx
USGS-05447500,2010-10-28,16.905157415424,m3/s,00060,Discharge,1,gr-data.xlsx
USGS-05447500,2010-10-29,14.243373835776,m3/s,00060,Discharge,1,gr-data.xlsx
USGS-05447500,2010-10-30,12.969115739136,m3/s,00060,Discharge,1,gr-data.xlsx
USGS-05447500,2010-10-31,12.431095653888,m3/s,00060,Discharge,1,gr-data.xlsx
USGS-05447500,2010-11-01,11.779808182272001,m3/s,00060,Discharge,1,gr-data.xlsx
USGS-05447500,2010-11-02,11.3267386368,m3/s,00060,Discharge,1,gr-data.xlsx
USGS-05447500,2010-11-03,11.46832286976,m3/s,00060,Discharge,1,gr-data.xlsx
USGS-05447500,2010-11-04,11.496639716352,m3/s,00060,Discharge,1,gr-data.xlsx
USGS-05447500,2010-11-05,11.978026108416,m3/s,00060,Discharge,1,gr-data.xlsx
USGS-05447500,2010-11-06,11.270104943616,m3/s,00060,Discharge,1,gr-data.xlsx
USGS-05447500,2010-11-07,10.788718551552,m3/s,00060,Discharge,1,gr-data.xlsx
USGS-05447500,2010-11-08,10.590500625408,m3/s,00060,Discharge,1,gr-data.xlsx
USGS-05447500,2010-11-09,10.703768011776,m3/s,00060,Discharge,1,gr-data.xlsx
USGS-05447500,2010-11-10,10.109114233344,m3/s,00060,Discharge,1,gr-data.xlsx
USGS-05447500,2010-11-11,9.854262614016001,m3/s,00060,Discharge,1,gr-data.xlsx
USGS-05447500,2010-11-12,10.080797386752,m3/s,00060,Discharge,1,gr-data.xlsx
USGS-05447500,2010-11-13,10.137431079936,m3/s,00060,Discharge,1,gr-data.xlsx
USGS-05447500,2010-11-14,10.137431079936,m3/s,00060,Discharge,1,gr-data.xlsx
USGS-05447500,2010-11-15,10.562183778816001,m3/s,00060,Discharge,1,gr-data.xlsx
USGS-05447500,2010-11-16,10.590500625408,m3/s,00060,Discharge,1,gr-data.xlsx
USGS-05447500,2010-11-17,10.392282699264001,m3/s,00060,Discharge,1,gr-data.xlsx
USGS-05447500,2010-11-18,10.024163693568001,m3/s,00060,Discharge,1,gr-data.xlsx
USGS-05447500,2010-11-19,9.939213153792,m3/s,00060,Discharge,1,gr-data.xlsx
USGS-05447500,2010-11-20,9.939213153792,m3/s,00060,Discharge,1,gr-data.xlsx
USGS-05447500,2010-11-21,9.76931207424,m3/s,00060,Discharge,1,gr-data.xlsx
USGS-05447500,2010-11-22,10.137431079936,m3/s,00060,Discharge,1,gr-data.xlsx
USGS-05447500,2010-11-23,11.383372329984,m3/s,00060,Discharge,1,gr-data.xlsx
USGS-05447500,2010-11-24,11.100203864064,m3/s,00060,Discharge,1,gr-data.xlsx
USGS-05447500,2010-11-25,11.241788097024001,m3/s,00060,Discharge,1,gr-data.xlsx
USGS-05447500,2010-11-26,9.48614360832,m3/s,00060,Discharge,1,gr-data.xlsx
USGS-05447500,2010-11-27,9.995846846976,m3/s,00060,Discharge,1,gr-data.xlsx
USGS-05447500,2010-11-28,10.33564900608,m3/s,00060,Discharge,1,gr-data.xlsx
USGS-05447500,2010-11-29,10.958619631104,m3/s,00060,Discharge,1,gr-data.xlsx
USGS-05447500,2010-11-30,10.986936477696,m3/s,00060,Discharge,1,gr-data.xlsx
USGS-05447500,2010-12-01,9.854262614016001,m3/s,00060,Discharge,1,gr-data.xlsx
USGS-05447500,2010-12-02,8.4950539776,m3/s,00060,Discharge,1,gr-data.xlsx
USGS-05447500,2010-12-03,11.156837557248,m3/s,00060,Discharge,1,gr-data.xlsx
USGS-05447500,2010-12-04,9.004757216256,m3/s,00060,Discharge,1,gr-data.xlsx
USGS-05447500,2010-12-05,9.231291988992,m3/s,00060,Discharge,1,gr-data.xlsx
USGS-05447500,2010-12-06,12.770897812992,m3/s,00060,Discharge,1,gr-data.xlsx
USGS-05447500,2010-12-07,14.724760227840001,m3/s,00060,Discharge,1,gr-data.xlsx
USGS-05447500,2010-12-08,14.186740142592,m3/s,00060,Discharge,1,gr-data.xlsx
USGS-05447500,2010-12-09,13.393868438016,m3/s,00060,Discharge,1,gr-data.xlsx
USGS-05447500,2010-12-10,13.139016818688,m3/s,00060,Discharge,1,gr-data.xlsx
USGS-05447500,2010-12-11,13.337234744832001,m3/s,00060,Discharge,1,gr-data.xlsx
USGS-05447500,2010-12-12,13.167333665280001,m3/s,00060,Discharge,1,gr-data.xlsx
USGS-05447500,2010-12-13,13.761987443712,m3/s,00060,Discharge,1,gr-data.xlsx
USGS-05447500,2010-12-14,15.036245540352,m3/s,00060,Discharge,1,gr-data.xlsx
USGS-05447500,2010-12-15,14.838027614208,m3/s,00060,Discharge,1,gr-data.xlsx
USGS-05447500,2010-12-16,14.01683906304,m3/s,00060,Discharge,1,gr-data.xlsx
USGS-05447500,2010-12-17,13.818621136896,m3/s,00060,Discharge,1,gr-data.xlsx
USGS-05447500,2010-12-18,13.59208636416,m3/s,00060,Discharge,1,gr-data.xlsx
USGS-05447500,2010-12-19,12.969115739136,m3/s,00060,Discharge,1,gr-data.xlsx
USGS-05447500,2010-12-20,12.7425809664,m3/s,00060,Discharge,1,gr-data.xlsx
USGS-05447500,2010-12-21,12.685947273216,m3/s,00060,Discharge,1,gr-data.xlsx
USGS-05447500,2010-12-22,12.60099673344,m3/s,00060,Discharge,1,gr-data.xlsx
USGS-05447500,2010-12-23,12.714264119808,m3/s,00060,Discharge,1,gr-data.xlsx
USGS-05447500,2010-12-24,12.516046193664,m3/s,00060,Discharge,1,gr-data.xlsx
USGS-05447500,2010-12-25,12.431095653888,m3/s,00060,Discharge,1,gr-data.xlsx
USGS-05447500,2010-12-26,12.431095653888,m3/s,00060,Discharge,1,gr-data.xlsx
USGS-05447500,2010-12-27,12.60099673344,m3/s,00060,Discharge,1,gr-data.xlsx
USGS-05447500,2010-12-28,13.223967358464,m3/s,00060,Discharge,1,gr-data.xlsx
USGS-05447500,2010-12-29,13.620403210752,m3/s,00060,Discharge,1,gr-data.xlsx
USGS-05447500,2010-12-30,15.064562386944,m3/s,00060,Discharge,1,gr-data.xlsx
USGS-05447500,2010-12-31,42.19210142208,m3/s,00060,Discharge,1,gr-data.xlsx
USGS-05447500,2011-01-01,73.34063267328,m3/s,00060,Discharge,1,gr-data.xlsx
USGS-05447500,2011-01-02,51.81982926336,m3/s,00060,Discharge,1,gr-data.xlsx
USGS-05447500,2011-01-03,37.378237501440005,m3/s,00060,Discharge,1,gr-data.xlsx
USGS-05447500,2011-01-04,33.9802159104,m3/s,00060,Discharge,1,gr-data.xlsx
USGS-05447500,2011-01-05,29.449520455680002,m3/s,00060,Discharge,1,gr-data.xlsx
USGS-05447500,2011-01-06,27.240806421504,m3/s,00060,Discharge,1,gr-data.xlsx
USGS-05447500,2011-01-07,25.570112472576,m3/s,00060,Discharge,1,gr-data.xlsx
USGS-05447500,2011-01-08,20.982783324672,m3/s,00060,Discharge,1,gr-data.xlsx
USGS-05447500,2011-01-09,23.304764745216,m3/s,00060,Discharge,1,gr-data.xlsx
USGS-05447500,2011-01-10,23.871101677056,m3/s,00060,Discharge,1,gr-data.xlsx
USGS-05447500,2011-01-11,22.681794120192002,m3/s,00060,Discharge,1,gr-data.xlsx
USGS-05447500,2011-01-12,21.973872955392,m3/s,00060,Discharge,1,gr-data.xlsx
USGS-05447500,2011-01-13,21.407536023552,m3/s,00060,Discharge,1,gr-data.xlsx
USGS-05447500,2011-01-14,21.66238764288,m3/s,00060,Discharge,1,gr-data.xlsx
USGS-05447500,2011-01-15,22.483576194048002,m3/s,00060,Discharge,1,gr-data.xlsx
USGS-05447500,2011-01-16,23.191497358848,m3/s,00060,Discharge,1,gr-data.xlsx
USGS-05447500,2011-01-17,22.79506150656,m3/s,00060,Discharge,1,gr-data.xlsx
USGS-05447500,2011-01-18,21.464169716736002,m3/s,00060,Discharge,1,gr-data.xlsx
USGS-05447500,2011-01-19,20.020010540544,m3/s,00060,Discharge,1,gr-data.xlsx
USGS-05447500,2011-01-20,19.425356762112,m3/s,00060,Discharge,1,gr-data.xlsx
USGS-05447500,2011-01-21,18.943970370048,m3/s,00060,Discharge,1,gr-data.xlsx
USGS-05447500,2011-01-22,21.039417017856,m3/s,00060,Discharge,1,gr-data.xlsx
USGS-05447500,2011-01-23,20.756248551936,m3/s,00060,Discharge,1,gr-data.xlsx
USGS-05447500,2011-01-24,19.227138835968,m3/s,00060,Discharge,1,gr-data.xlsx
USGS-05447500,2011-01-25,18.320999745024,m3/s,00060,Discharge,1,gr-data.xlsx
USGS-05447500,2011-01-26,16.763573182464,m3/s,00060,Discharge,1,gr-data.xlsx
USGS-05447500,2011-01-27,15.970701477888001,m3/s,00060,Discharge,1,gr-data.xlsx
USGS-05447500,2011-01-28,15.71584985856,m3/s,00060,Discharge,1,gr-data.xlsx
USGS-05447500,2011-01-29,15.432681392640001,m3/s,00060,Discharge,1,gr-data.xlsx
USGS-05447500,2011-01-30,14.922978153984001,m3/s,00060,Discharge,1,gr-data.xlsx
USGS-05447500,2011-01-31,14.668126534656,m3/s,00060,Discharge,1,gr-data.xlsx
USGS-05447500,2011-02-01,14.668126534656,m3/s,00060,Discharge,1,gr-data.xlsx
USGS-05447500,2011-02-02,14.8663444608,m3/s,00060,Discharge,1,gr-data.xlsx
USGS-05447500,2011-02-03,15.177829773312,m3/s,00060,Discharge,1,gr-data.xlsx
USGS-05447500,2011-02-04,15.121196080128,m3/s,00060,Discharge,1,gr-data.xlsx
USGS-05447500,2011-02-05,15.432681392640001,m3/s,00060,Discharge,1,gr-data.xlsx
USGS-05447500,2011-02-06,14.979611847168,m3/s,00060,Discharge,1,gr-data.xlsx
USGS-05447500,2011-02-07,14.8663444608,m3/s,00060,Discharge,1,gr-data.xlsx
USGS-05447500,2011-02-08,14.922978153984001,m3/s,00060,Discharge,1,gr-data.xlsx
USGS-05447500,2011-02-09,15.177829773312,m3/s,00060,Discharge,1,gr-data.xlsx
USGS-05447500,2011-02-10,15.432681392640001,m3/s,00060,Discharge,1,gr-data.xlsx
USGS-05447500,2011-02-11,14.922978153984001,m3/s,00060,Discharge,1,gr-data.xlsx
USGS-05447500,2011-02-12,14.922978153984001,m3/s,00060,Discharge,1,gr-data.xlsx
USGS-05447500,2011-02-13,15.432681392640001,m3/s,00060,Discharge,1,gr-data.xlsx
USGS-05447500,2011-02-14,20.303179006464,m3/s,00060,Discharge,1,gr-data.xlsx
USGS-05447500,2011-02-15,37.661405967360004,m3/s,00060,Discharge,1,gr-data.xlsx
USGS-05447500,2011-02-16,52.95250312704,m3/s,00060,Discharge,1,gr-data.xlsx
USGS-05447500,2011-02-17,95.42777301504,m3/s,00060,Discharge,1,gr-data.xlsx
USGS-05447500,2011-02-18,107.6040170496,m3/s,00060,Discharge,1,gr-data.xlsx
USGS-05447500,2011-02-19,82.40202358272,m3/s,00060,Discharge,1,gr-data.xlsx
USGS-05447500,2011-02-20,77.02182273024,m3/s,00060,Discharge,1,gr-data.xlsx
USGS-05447500,2011-02-21,95.71094148096,m3/s,00060,Discharge,1,gr-data.xlsx
USGS-05447500,2011-02-22,78.43766505984,m3/s,00060,Discharge,1,gr-data.xlsx
USGS-05447500,2011-02-23,59.74854630912,m3/s,00060,Discharge,1,gr-data.xlsx
USGS-05447500,2011-02-24,51.81982926336,m3/s,00060,Discharge,1,gr-data.xlsx
USGS-05447500,2011-02-25,47.00596534272,m3/s,00060,Discharge,1,gr-data.xlsx
USGS-05447500,2011-02-26,43.32477528576,m3/s,00060,Discharge,1,gr-data.xlsx
USGS-05447500,2011-02-27,41.0594275584,m3/s,00060,Discharge,1,gr-data.xlsx
USGS-05447500,2011-02-28,42.75843835392,m3/s,00060,Discharge,1,gr-data.xlsx
USGS-05447500,2011-03-01,50.12081846784,m3/s,00060,Discharge,1,gr-data.xlsx
USGS-05447500,2011-03-02,50.12081846784,m3/s,00060,Discharge,1,gr-data.xlsx
USGS-05447500,2011-03-03,45.02378608128,m3/s,00060,Discharge,1,gr-data.xlsx
USGS-05447500,2011-03-04,43.32477528576,m3/s,00060,Discharge,1,gr-data.xlsx
USGS-05447500,2011-03-05,49.27131307008,m3/s,00060,Discharge,1,gr-data.xlsx
USGS-05447500,2011-03-06,55.501019320320005,m3/s,00060,Discharge,1,gr-data.xlsx
USGS-05447500,2011-03-07,49.837650001920004,m3/s,00060,Discharge,1,gr-data.xlsx
USGS-05447500,2011-03-08,43.8911122176,m3/s,00060,Discharge,1,gr-data.xlsx
USGS-05447500,2011-03-09,43.607943751680004,m3/s,00060,Discharge,1,gr-data.xlsx
USGS-05447500,2011-03-10,51.81982926336,m3/s,00060,Discharge,1,gr-data.xlsx
USGS-05447500,2011-03-11,50.9703238656,m3/s,00060,Discharge,1,gr-data.xlsx
USGS-05447500,2011-03-12,44.74061761536,m3/s,00060,Discharge,1,gr-data.xlsx
USGS-05447500,2011-03-13,39.6435852288,m3/s,00060,Discharge,1,gr-data.xlsx
USGS-05447500,2011-03-14,35.96239517184,m3/s,00060,Discharge,1,gr-data.xlsx
USGS-05447500,2011-03-15,33.9802159104,m3/s,00060,Discharge,1,gr-data.xlsx
USGS-05447500,2011-03-16,32.5643735808,m3/s,00060,Discharge,1,gr-data.xlsx
USGS-05447500,2011-03-17,31.1485312512,m3/s,00060,Discharge,1,gr-data.xlsx
USGS-05447500,2011-03-18,29.7326889216,m3/s,00060,Discharge,1,gr-data.xlsx
USGS-05447500,2011-03-19,28.60001505792,m3/s,00060,Discharge,1,gr-data.xlsx
USGS-05447500,2011-03-20,28.231896052224002,m3/s,00060,Discharge,1,gr-data.xlsx
USGS-05447500,2011-03-21,28.60001505792,m3/s,00060,Discharge,1,gr-data.xlsx
USGS-05447500,2011-03-22,28.231896052224002,m3/s,00060,Discharge,1,gr-data.xlsx
USGS-05447500,2011-03-23,32.28120511488,m3/s,00060,Discharge,1,gr-data.xlsx
USGS-05447500,2011-03-24,36.24556363776,m3/s,00060,Discharge,1,gr-data.xlsx
USGS-05447500,2011-03-25,34.82972130816,m3/s,00060,Discharge,1,gr-data.xlsx
USGS-05447500,2011-03-26,31.43169971712,m3/s,00060,Discharge,1,gr-data.xlsx
USGS-05447500,2011-03-27,29.166351989760003,m3/s,00060,Discharge,1,gr-data.xlsx
USGS-05447500,2011-03-28,27.665559120384,m3/s,00060,Discharge,1,gr-data.xlsx
USGS-05447500,2011-03-29,26.561202103296,m3/s,00060,Discharge,1,gr-data.xlsx
USGS-05447500,2011-03-30,25.003775540736,m3/s,00060,Discharge,1,gr-data.xlsx
USGS-05447500,2011-03-31,24.63565653504,m3/s,00060,Discharge,1,gr-data.xlsx
USGS-05447500,2011-04-01,23.956052216832,m3/s,00060,Discharge,1,gr-data.xlsx
USGS-05447500,2011-04-02,23.559616364544002,m3/s,00060,Discharge,1,gr-data.xlsx
USGS-05447500,2011-04-03,22.426942500864,m3/s,00060,Discharge,1,gr-data.xlsx
USGS-05447500,2011-04-04,22.851695199744,m3/s,00060,Discharge,1,gr-data.xlsx
USGS-05447500,2011-04-05,22.313675114496,m3/s,00060,Discharge,1,gr-data.xlsx
USGS-05447500,2011-04-06,21.265951790592002,m3/s,00060,Discharge,1,gr-data.xlsx
USGS-05447500,2011-04-07,20.501396932608,m3/s,00060,Discharge,1,gr-data.xlsx
USGS-05447500,2011-04-08,23.446348978176,m3/s,00060,Discharge,1,gr-data.xlsx
USGS-05447500,2011-04-09,27.523974887424,m3/s,00060,Discharge,1,gr-data.xlsx
USGS-05447500,2011-04-10,30.01585738752,m3/s,00060,Discharge,1,gr-data.xlsx
USGS-05447500,2011-04-11,28.03367812608,m3/s,00060,Discharge,1,gr-data.xlsx
USGS-05447500,2011-04-12,25.683379858944,m3/s,00060,Discharge,1,gr-data.xlsx
USGS-05447500,2011-04-13,24.182586989568,m3/s,00060,Discharge,1,gr-data.xlsx
USGS-05447500,2011-04-14,23.219814205440002,m3/s,00060,Discharge,1,gr-data.xlsx
USGS-05447500,2011-04-15,23.389715284992,m3/s,00060,Discharge,1,gr-data.xlsx
USGS-05447500,2011-04-16,42.19210142208,m3/s,00060,Discharge,1,gr-data.xlsx
USGS-05447500,2011-04-17,39.36041676288,m3/s,00060,Discharge,1,gr-data.xlsx
USGS-05447500,2011-04-18,36.24556363776,m3/s,00060,Discharge,1,gr-data.xlsx
USGS-05447500,2011-04-19,39.6435852288,m3/s,00060,Discharge,1,gr-data.xlsx
USGS-05447500,2011-04-20,60.8812201728,m3/s,00060,Discharge,1,gr-data.xlsx
USGS-05447500,2011-04-21,63.712904832,m3/s,00060,Discharge,1,gr-data.xlsx
USGS-05447500,2011-04-22,67.9604318208,m3/s,00060,Discharge,1,gr-data.xlsx
USGS-05447500,2011-04-23,90.33074062848,m3/s,00060,Discharge,1,gr-data.xlsx
USGS-05447500,2011-04-24,75.88914886656,m3/s,00060,Discharge,1,gr-data.xlsx
USGS-05447500,2011-04-25,63.42973636608,m3/s,00060,Discharge,1,gr-data.xlsx
USGS-05447500,2011-04-26,64.84557869568,m3/s,00060,Discharge,1,gr-data.xlsx
USGS-05447500,2011-04-27,71.35845341184,m3/s,00060,Discharge,1,gr-data.xlsx
USGS-05447500,2011-04-28,65.97825255936,m3/s,00060,Discharge,1,gr-data.xlsx
USGS-05447500,2011-04-29,57.48319858176,m3/s,00060,Discharge,1,gr-data.xlsx
USGS-05447500,2011-04-30,50.9703238656,m3/s,00060,Discharge,1,gr-data.xlsx
USGS-05447500,2011-05-01,45.59012301312,m3/s,00060,Discharge,1,gr-data.xlsx
USGS-05447500,2011-05-02,40.776259092480004,m3/s,00060,Discharge,1,gr-data.xlsx
USGS-05447500,2011-05-03,37.378237501440005,m3/s,00060,Discharge,1,gr-data.xlsx
USGS-05447500,2011-05-04,35.11288977408,m3/s,00060,Discharge,1,gr-data.xlsx
USGS-05447500,2011-05-05,33.41387897856,m3/s,00060,Discharge,1,gr-data.xlsx
USGS-05447500,2011-05-06,32.5643735808,m3/s,00060,Discharge,1,gr-data.xlsx
USGS-05447500,2011-05-07,31.71486818304,m3/s,00060,Discharge,1,gr-data.xlsx
USGS-05447500,2011-05-08,30.01585738752,m3/s,00060,Discharge,1,gr-data.xlsx
USGS-05447500,2011-05-09,28.316846592,m3/s,00060,Discharge,1,gr-data.xlsx
USGS-05447500,2011-05-10,27.835460199936,m3/s,00060,Discharge,1,gr-data.xlsx
USGS-05447500,2011-05-11,26.702786336256,m3/s,00060,Discharge,1,gr-data.xlsx
USGS-05447500,2011-05-12,25.994865171456002,m3/s,00060,Discharge,1,gr-data.xlsx
USGS-05447500,2011-05-13,25.938231478272,m3/s,00060,Discharge,1,gr-data.xlsx
USGS-05447500,2011-05-14,29.449520455680002,m3/s,00060,Discharge,1,gr-data.xlsx
USGS-05447500,2011-05-15,43.32477528576,m3/s,00060,Discharge,1,gr-data.xlsx
USGS-05447500,2011-05-16,40.493090626560004,m3/s,00060,Discharge,1,gr-data.xlsx
USGS-05447500,2011-05-17,34.26338437632,m3/s,00060,Discharge,1,gr-data.xlsx
USGS-05447500,2011-05-18,31.43169971712,m3/s,00060,Discharge,1,gr-data.xlsx
USGS-05447500,2011-05-19,30.01585738752,m3/s,00060,Discharge,1,gr-data.xlsx
USGS-05447500,2011-05-20,27.6089254272,m3/s,00060,Discharge,1,gr-data.xlsx
USGS-05447500,2011-05-21,26.589518949888,m3/s,00060,Discharge,1,gr-data.xlsx
USGS-05447500,2011-05-22,25.966548324864,m3/s,00060,Discharge,1,gr-data.xlsx
USGS-05447500,2011-05-23,31.99803664896,m3/s,00060,Discharge,1,gr-data.xlsx
USGS-05447500,2011-05-24,32.28120511488,m3/s,00060,Discharge,1,gr-data.xlsx
USGS-05447500,2011-05-25,57.20003011584,m3/s,00060,Discharge,1,gr-data.xlsx
USGS-05447500,2011-05-26,203.03179006464,m3/s,00060,Discharge,1,gr-data.xlsx
USGS-05447500,2011-05-27,171.3169218816,m3/s,00060,Discharge,1,gr-data.xlsx
USGS-05447500,2011-05-28,130.82383125504,m3/s,00060,Discharge,1,gr-data.xlsx
USGS-05447500,2011-05-29,158.00800398336,m3/s,00060,Discharge,1,gr-data.xlsx
USGS-05447500,2011-05-30,237.29517444096,m3/s,00060,Discharge,1,gr-data.xlsx
USGS-05447500,2011-05-31,190.85554603008,m3/s,00060,Discharge,1,gr-data.xlsx
USGS-05447500,2011-06-01,154.04364546048,m3/s,00060,Discharge,1,gr-data.xlsx
USGS-05447500,2011-06-02,126.29313580032,m3/s,00060,Discharge,1,gr-data.xlsx
USGS-05447500,2011-06-03,103.63965852672,m3/s,00060,Discharge,1,gr-data.xlsx
USGS-05447500,2011-06-04,83.25152898048,m3/s,00060,Discharge,1,gr-data.xlsx
USGS-05447500,2011-06-05,67.67726335488,m3/s,00060,Discharge,1,gr-data.xlsx
USGS-05447500,2011-06-06,57.20003011584,m3/s,00060,Discharge,1,gr-data.xlsx
USGS-05447500,2011-06-07,50.40398693376,m3/s,00060,Discharge,1,gr-data.xlsx
USGS-05447500,2011-06-08,45.3069545472,m3/s,00060,Discharge,1,gr-data.xlsx
USGS-05447500,2011-06-09,48.98814460416,m3/s,00060,Discharge,1,gr-data.xlsx
USGS-05447500,2011-06-10,114.96639716352,m3/s,00060,Discharge,1,gr-data.xlsx
USGS-05447500,2011-06-11,131.10699972096,m3/s,00060,Discharge,1,gr-data.xlsx
USGS-05447500,2011-06-12,101.9406477312,m3/s,00060,Discharge,1,gr-data.xlsx
USGS-05447500,2011-06-13,79.57033892352,m3/s,00060,Discharge,1,gr-data.xlsx
USGS-05447500,2011-06-14,63.14656790016,m3/s,00060,Discharge,1,gr-data.xlsx
USGS-05447500,2011-06-15,58.615872445440004,m3/s,00060,Discharge,1,gr-data.xlsx
USGS-05447500,2011-06-16,58.332703979520005,m3/s,00060,Discharge,1,gr-data.xlsx
USGS-05447500,2011-06-17,52.669334661120004,m3/s,00060,Discharge,1,gr-data.xlsx
USGS-05447500,2011-06-18,47.28913380864,m3/s,00060,Discharge,1,gr-data.xlsx
USGS-05447500,2011-06-19,42.475269888,m3/s,00060,Discharge,1,gr-data.xlsx
USGS-05447500,2011-06-20,81.83568665088,m3/s,00060,Discharge,1,gr-data.xlsx
USGS-05447500,2011-06-21,106.47134318592,m3/s,00060,Discharge,1,gr-data.xlsx
USGS-05447500,2011-06-22,71.92479034368,m3/s,00060,Discharge,1,gr-data.xlsx
USGS-05447500,2011-06-23,56.06735625216,m3/s,00060,Discharge,1,gr-data.xlsx
USGS-05447500,2011-06-24,48.1386392064,m3/s,00060,Discharge,1,gr-data.xlsx
USGS-05447500,2011-06-25,42.75843835392,m3/s,00060,Discharge,1,gr-data.xlsx
USGS-05447500,2011-06-26,39.07724829696,m3/s,00060,Discharge,1,gr-data.xlsx
USGS-05447500,2011-06-27,36.52873210368,m3/s,00060,Discharge,1,gr-data.xlsx
USGS-05447500,2011-06-28,33.9802159104,m3/s,00060,Discharge,1,gr-data.xlsx
USGS-05447500,2011-06-29,31.43169971712,m3/s,00060,Discharge,1,gr-data.xlsx
USGS-05447500,2011-06-30,30.01585738752,m3/s,00060,Discharge,1,gr-data.xlsx
USGS-05447500,2011-07-01,28.203579205632,m3/s,00060,Discharge,1,gr-data.xlsx
USGS-05447500,2011-07-02,26.674469489664002,m3/s,00060,Discharge,1,gr-data.xlsx
USGS-05447500,2011-07-03,25.003775540736,m3/s,00060,Discharge,1,gr-data.xlsx
USGS-05447500,2011-07-04,23.672883750912,m3/s,00060,Discharge,1,gr-data.xlsx
USGS-05447500,2011-07-05,22.398625654272,m3/s,00060,Discharge,1,gr-data.xlsx
USGS-05447500,2011-07-06,21.435852870144,m3/s,00060,Discharge,1,gr-data.xlsx
USGS-05447500,2011-07-07,20.303179006464,m3/s,00060,Discharge,1,gr-data.xlsx
USGS-05447500,2011-07-08,19.510307301888,m3/s,00060,Discharge,1,gr-data.xlsx
USGS-05447500,2011-07-09,18.632485057536,m3/s,00060,Discharge,1,gr-data.xlsx
USGS-05447500,2011-07-10,17.669712273408,m3/s,00060,Discharge,1,gr-data.xlsx
USGS-05447500,2011-07-11,16.933474262016002,m3/s,00060,Discharge,1,gr-data.xlsx
USGS-05447500,2011-07-12,16.621988949504,m3/s,00060,Discharge,1,gr-data.xlsx
USGS-05447500,2011-07-13,15.914067784704,m3/s,00060,Discharge,1,gr-data.xlsx
USGS-05447500,2011-07-14,15.00792869376,m3/s,00060,Discharge,1,gr-data.xlsx
USGS-05447500,2011-07-15,14.271690682368,m3/s,00060,Discharge,1,gr-data.xlsx
USGS-05447500,2011-07-16,13.677036903936001,m3/s,00060,Discharge,1,gr-data.xlsx
USGS-05447500,2011-07-17,12.855848352768,m3/s,00060,Discharge,1,gr-data.xlsx
USGS-05447500,2011-07-18,12.346145114112,m3/s,00060,Discharge,1,gr-data.xlsx
USGS-05447500,2011-07-19,11.836441875456,m3/s,00060,Discharge,1,gr-data.xlsx
USGS-05447500,2011-07-20,11.581590256128,m3/s,00060,Discharge,1,gr-data.xlsx
USGS-05447500,2011-07-21,11.04357017088,m3/s,00060,Discharge,1,gr-data.xlsx
USGS-05447500,2011-07-22,11.241788097024001,m3/s,00060,Discharge,1,gr-data.xlsx
USGS-05447500,2011-07-23,10.732084858368001,m3/s,00060,Discharge,1,gr-data.xlsx
USGS-05447500,2011-07-24,12.091293494784,m3/s,00060,Discharge,1,gr-data.xlsx
USGS-05447500,2011-07-25,16.735256335872002,m3/s,00060,Discharge,1,gr-data.xlsx
USGS-05447500,2011-07-26,15.5742656256,m3/s,00060,Discharge,1,gr-data.xlsx
USGS-05447500,2011-07-27,12.572679886848,m3/s,00060,Discharge,1,gr-data.xlsx
USGS-05447500,2011-07-28,11.355055483392,m3/s,00060,Discharge,1,gr-data.xlsx
USGS-05447500,2011-07-29,10.958619631104,m3/s,00060,Discharge,1,gr-data.xlsx
USGS-05447500,2011-07-30,11.100203864064,m3/s,00060,Discharge,1,gr-data.xlsx
USGS-05447500,2011-07-31,10.080797386752,m3/s,00060,Discharge,1,gr-data.xlsx
USGS-05447500,2011-08-01,9.2029751424,m3/s,00060,Discharge,1,gr-data.xlsx
USGS-05447500,2011-08-02,8.551687670784,m3/s,00060,Discharge,1,gr-data.xlsx
USGS-05447500,2011-08-03,8.013667585536,m3/s,00060,Discharge,1,gr-data.xlsx
USGS-05447500,2011-08-04,7.64554857984,m3/s,00060,Discharge,1,gr-data.xlsx
USGS-05447500,2011-08-05,7.872083352576,m3/s,00060,Discharge,1,gr-data.xlsx
USGS-05447500,2011-08-06,7.334063267328,m3/s,00060,Discharge,1,gr-data.xlsx
USGS-05447500,2011-08-07,7.1924790343680005,m3/s,00060,Discharge,1,gr-data.xlsx
USGS-05447500,2011-08-08,7.135845341184,m3/s,00060,Discharge,1,gr-data.xlsx
USGS-05447500,2011-08-09,11.071887017472001,m3/s,00060,Discharge,1,gr-data.xlsx
USGS-05447500,2011-08-10,12.940798892544,m3/s,00060,Discharge,1,gr-data.xlsx
USGS-05447500,2011-08-11,10.47723323904,m3/s,00060,Discharge,1,gr-data.xlsx
USGS-05447500,2011-08-12,8.580004517376,m3/s,00060,Discharge,1,gr-data.xlsx
USGS-05447500,2011-08-13,7.64554857984,m3/s,00060,Discharge,1,gr-data.xlsx
USGS-05447500,2011-08-14,7.050894801408,m3/s,00060,Discharge,1,gr-data.xlsx
USGS-05447500,2011-08-15,6.626142102528,m3/s,00060,Discharge,1,gr-data.xlsx
USGS-05447500,2011-08-16,6.286339943424,m3/s,00060,Discharge,1,gr-data.xlsx
USGS-05447500,2011-08-17,6.116438863872,m3/s,00060,Discharge,1,gr-data.xlsx
USGS-05447500,2011-08-18,5.861587244544,m3/s,00060,Discharge,1,gr-data.xlsx
USGS-05447500,2011-08-19,5.550101932032,m3/s,00060,Discharge,1,gr-data.xlsx
USGS-05447500,2011-08-20,5.38020085248,m3/s,00060,Discharge,1,gr-data.xlsx
USGS-05447500,2011-08-21,5.465151392256,m3/s,00060,Discharge,1,gr-data.xlsx
USGS-05447500,2011-08-22,5.295250312704,m3/s,00060,Discharge,1,gr-data.xlsx
USGS-05447500,2011-08-23,6.541191562752,m3/s,00060,Discharge,1,gr-data.xlsx
USGS-05447500,2011-08-24,10.137431079936,m3/s,00060,Discharge,1,gr-data.xlsx
USGS-05447500,2011-08-25,8.77822244352,m3/s,00060,Discharge,1,gr-data.xlsx
USGS-05447500,2011-08-26,7.249112727552,m3/s,00060,Discharge,1,gr-data.xlsx
USGS-05447500,2011-08-27,6.1447557104640005,m3/s,00060,Discharge,1,gr-data.xlsx
USGS-05447500,2011-08-28,5.606735625216,m3/s,00060,Discharge,1,gr-data.xlsx
USGS-05447500,2011-08-29,5.23861661952,m3/s,00060,Discharge,1,gr-data.xlsx
USGS-05447500,2011-08-30,5.0970323865600005,m3/s,00060,Discharge,1,gr-data.xlsx
USGS-05447500,2011-08-31,5.040398693376,m3/s,00060,Discharge,1,gr-data.xlsx
USGS-05447500,2011-09-01,4.898814460416,m3/s,00060,Discharge,1,gr-data.xlsx
USGS-05447500,2011-09-02,4.445744914944,m3/s,00060,Discharge,1,gr-data.xlsx
USGS-05447500,2011-09-03,4.417428068352,m3/s,00060,Discharge,1,gr-data.xlsx
USGS-05447500,2011-09-04,4.870497613824,m3/s,00060,Discharge,1,gr-data.xlsx
USGS-05447500,2011-09-05,4.870497613824,m3/s,00060,Discharge,1,gr-data.xlsx
USGS-05447500,2011-09-06,4.360794375168,m3/s,00060,Discharge,1,gr-data.xlsx
USGS-05447500,2011-09-07,4.077625909248,m3/s,00060,Discharge,1,gr-data.xlsx
USGS-05447500,2011-09-08,3.9926753694720003,m3/s,00060,Discharge,1,gr-data.xlsx
USGS-05447500,2011-09-09,3.82277428992,m3/s,00060,Discharge,1,gr-data.xlsx
USGS-05447500,2011-09-10,3.936041676288,m3/s,00060,Discharge,1,gr-data.xlsx
USGS-05447500,2011-09-11,3.936041676288,m3/s,00060,Discharge,1,gr-data.xlsx
USGS-05447500,2011-09-12,3.709506903552,m3/s,00060,Discharge,1,gr-data.xlsx
USGS-05447500,2011-09-13,3.482972130816,m3/s,00060,Discharge,1,gr-data.xlsx
USGS-05447500,2011-09-14,3.39802159104,m3/s,00060,Discharge,1,gr-data.xlsx
USGS-05447500,2011-09-15,3.39802159104,m3/s,00060,Discharge,1,gr-data.xlsx
USGS-05447500,2011-09-16,3.454655284224,m3/s,00060,Discharge,1,gr-data.xlsx
USGS-05447500,2011-09-17,3.482972130816,m3/s,00060,Discharge,1,gr-data.xlsx
USGS-05447500,2011-09-18,3.5962395171840003,m3/s,00060,Discharge,1,gr-data.xlsx
USGS-05447500,2011-09-19,4.049309062656,m3/s,00060,Discharge,1,gr-data.xlsx
USGS-05447500,2011-09-20,3.9926753694720003,m3/s,00060,Discharge,1,gr-data.xlsx
USGS-05447500,2011-09-21,3.624556363776,m3/s,00060,Discharge,1,gr-data.xlsx
USGS-05447500,2011-09-22,3.4263384376320003,m3/s,00060,Discharge,1,gr-data.xlsx
USGS-05447500,2011-09-23,3.284754204672,m3/s,00060,Discharge,1,gr-data.xlsx
USGS-05447500,2011-09-24,3.313071051264,m3/s,00060,Discharge,1,gr-data.xlsx
USGS-05447500,2011-09-25,3.539605824,m3/s,00060,Discharge,1,gr-data.xlsx
USGS-05447500,2011-09-26,4.672279687680001,m3/s,00060,Discharge,1,gr-data.xlsx
USGS-05447500,2011-09-27,8.041984432128,m3/s,00060,Discharge,1,gr-data.xlsx
USGS-05447500,2011-09-28,8.891489829888,m3/s,00060,Discharge,1,gr-data.xlsx
USGS-05447500,2011-09-29,8.664955057152,m3/s,00060,Discharge,1,gr-data.xlsx
USGS-05447500,2011-09-30,7.390696960512,m3/s,00060,Discharge,1,gr-data.xlsx
USGS-05447500,2011-10-01,6.342973636608,m3/s,00060,Discharge,1,gr-data.xlsx
USGS-05447500,2011-10-02,5.804953551360001,m3/s,00060,Discharge,1,gr-data.xlsx
USGS-05447500,2011-10-03,5.465151392256,m3/s,00060,Discharge,1,gr-data.xlsx
USGS-05447500,2011-10-04,5.23861661952,m3/s,00060,Discharge,1,gr-data.xlsx
USGS-05447500,2011-10-05,5.0120818467840005,m3/s,00060,Discharge,1,gr-data.xlsx
USGS-05447500,2011-10-06,4.785547074048,m3/s,00060,Discharge,1,gr-data.xlsx
USGS-05447500,2011-10-07,4.615645994496,m3/s,00060,Discharge,1,gr-data.xlsx
USGS-05447500,2011-10-08,4.559012301312,m3/s,00060,Discharge,1,gr-data.xlsx
USGS-05447500,2011-10-09,4.38911122176,m3/s,00060,Discharge,1,gr-data.xlsx
USGS-05447500,2011-10-10,4.38911122176,m3/s,00060,Discharge,1,gr-data.xlsx
USGS-05447500,2011-10-11,4.332477528576,m3/s,00060,Discharge,1,gr-data.xlsx
USGS-05447500,2011-10-12,4.559012301312,m3/s,00060,Discharge,1,gr-data.xlsx
USGS-05447500,2011-10-13,5.068715539968,m3/s,00060,Discharge,1,gr-data.xlsx
USGS-05447500,2011-10-14,5.436834545664,m3/s,00060,Discharge,1,gr-data.xlsx
USGS-05447500,2011-10-15,6.51287471616,m3/s,00060,Discharge,1,gr-data.xlsx
USGS-05447500,2011-10-16,6.342973636608,m3/s,00060,Discharge,1,gr-data.xlsx
USGS-05447500,2011-10-17,5.8899040911360006,m3/s,00060,Discharge,1,gr-data.xlsx
USGS-05447500,2011-10-18,5.635052471808,m3/s,00060,Discharge,1,gr-data.xlsx
USGS-05447500,2011-10-19,5.465151392256,m3/s,00060,Discharge,1,gr-data.xlsx
USGS-05447500,2011-10-20,5.38020085248,m3/s,00060,Discharge,1,gr-data.xlsx
USGS-05447500,2011-10-21,5.23861661952,m3/s,00060,Discharge,1,gr-data.xlsx
USGS-05447500,2011-10-22,5.125349233152,m3/s,00060,Discharge,1,gr-data.xlsx
USGS-05447500,2011-10-23,4.9554481536,m3/s,00060,Discharge,1,gr-data.xlsx
USGS-05447500,2011-10-24,4.870497613824,m3/s,00060,Discharge,1,gr-data.xlsx
USGS-05447500,2011-10-25,4.9554481536,m3/s,00060,Discharge,1,gr-data.xlsx
USGS-05447500,2011-10-26,4.898814460416,m3/s,00060,Discharge,1,gr-data.xlsx
USGS-05447500,2011-10-27,4.7572302274560005,m3/s,00060,Discharge,1,gr-data.xlsx
USGS-05447500,2011-10-28,4.7572302274560005,m3/s,00060,Discharge,1,gr-data.xlsx
USGS-05447500,2011-10-29,4.643962841088,m3/s,00060,Discharge,1,gr-data.xlsx
USGS-05447500,2011-10-30,4.615645994496,m3/s,00060,Discharge,1,gr-data.xlsx
USGS-05447500,2011-10-31,4.643962841088,m3/s,00060,Discharge,1,gr-data.xlsx
USGS-05447500,2011-11-01,4.559012301312,m3/s,00060,Discharge,1,gr-data.xlsx
USGS-05447500,2011-11-02,4.587329147904,m3/s,00060,Discharge,1,gr-data.xlsx
USGS-05447500,2011-11-03,6.0598051706880005,m3/s,00060,Discharge,1,gr-data.xlsx
USGS-05447500,2011-11-04,7.730499119616,m3/s,00060,Discharge,1,gr-data.xlsx
USGS-05447500,2011-11-05,6.824360028672,m3/s,00060,Discharge,1,gr-data.xlsx
USGS-05447500,2011-11-06,6.314656790016,m3/s,00060,Discharge,1,gr-data.xlsx
USGS-05447500,2011-11-07,5.748319858176,m3/s,00060,Discharge,1,gr-data.xlsx
USGS-05447500,2011-11-08,9.684361534464001,m3/s,00060,Discharge,1,gr-data.xlsx
USGS-05447500,2011-11-09,24.21090383616,m3/s,00060,Discharge,1,gr-data.xlsx
USGS-05447500,2011-11-10,39.36041676288,m3/s,00060,Discharge,1,gr-data.xlsx
USGS-05447500,2011-11-11,35.96239517184,m3/s,00060,Discharge,1,gr-data.xlsx
USGS-05447500,2011-11-12,27.014271648768002,m3/s,00060,Discharge,1,gr-data.xlsx
USGS-05447500,2011-11-13,22.200407728128,m3/s,00060,Discharge,1,gr-data.xlsx
USGS-05447500,2011-11-14,19.510307301888,m3/s,00060,Discharge,1,gr-data.xlsx
USGS-05447500,2011-11-15,17.329910114304,m3/s,00060,Discharge,1,gr-data.xlsx
USGS-05447500,2011-11-16,15.800800398336001,m3/s,00060,Discharge,1,gr-data.xlsx
USGS-05447500,2011-11-17,14.696443381248,m3/s,00060,Discharge,1,gr-data.xlsx
USGS-05447500,2011-11-18,13.705353750528001,m3/s,00060,Discharge,1,gr-data.xlsx
USGS-05447500,2011-11-19,13.422185284608,m3/s,00060,Discharge,1,gr-data.xlsx
USGS-05447500,2011-11-20,12.770897812992,m3/s,00060,Discharge,1,gr-data.xlsx
USGS-05447500,2011-11-21,12.0346598016,m3/s,00060,Discharge,1,gr-data.xlsx
USGS-05447500,2011-11-22,11.524956562944,m3/s,00060,Discharge,1,gr-data.xlsx
USGS-05447500,2011-11-23,11.496639716352,m3/s,00060,Discharge,1,gr-data.xlsx
USGS-05447500,2011-11-24,11.241788097024001,m3/s,00060,Discharge,1,gr-data.xlsx
USGS-05447500,2011-11-25,10.788718551552,m3/s,00060,Discharge,1,gr-data.xlsx
USGS-05447500,2011-11-26,10.788718551552,m3/s,00060,Discharge,1,gr-data.xlsx
USGS-05447500,2011-11-27,11.836441875456,m3/s,00060,Discharge,1,gr-data.xlsx
USGS-05447500,2011-11-28,13.30891789824,m3/s,00060,Discharge,1,gr-data.xlsx
USGS-05447500,2011-11-29,13.677036903936001,m3/s,00060,Discharge,1,gr-data.xlsx
USGS-05447500,2011-11-30,12.770897812992,m3/s,00060,Discharge,1,gr-data.xlsx
USGS-05447500,2011-12-01,12.374461960704,m3/s,00060,Discharge,1,gr-data.xlsx
USGS-05447500,2011-12-02,11.723174489088,m3/s,00060,Discharge,1,gr-data.xlsx
USGS-05447500,2011-12-03,11.949709261824001,m3/s,00060,Discharge,1,gr-data.xlsx
USGS-05447500,2011-12-04,14.838027614208,m3/s,00060,Discharge,1,gr-data.xlsx
USGS-05447500,2011-12-05,19.453673608704,m3/s,00060,Discharge,1,gr-data.xlsx
USGS-05447500,2011-12-06,18.774069290496,m3/s,00060,Discharge,1,gr-data.xlsx
USGS-05447500,2011-12-07,17.301593267712,m3/s,00060,Discharge,1,gr-data.xlsx
USGS-05447500,2011-12-08,16.253869943808,m3/s,00060,Discharge,1,gr-data.xlsx
USGS-05447500,2011-12-09,15.347730852864,m3/s,00060,Discharge,1,gr-data.xlsx
USGS-05447500,2011-12-10,13.054066278912,m3/s,00060,Discharge,1,gr-data.xlsx
USGS-05447500,2011-12-11,13.365551591424,m3/s,00060,Discharge,1,gr-data.xlsx
USGS-05447500,2011-12-12,14.073472756224,m3/s,00060,Discharge,1,gr-data.xlsx
USGS-05447500,2011-12-13,13.110699972096,m3/s,00060,Discharge,1,gr-data.xlsx
USGS-05447500,2011-12-14,23.842784830464,m3/s,00060,Discharge,1,gr-data.xlsx
USGS-05447500,2011-12-15,58.332703979520005,m3/s,00060,Discharge,1,gr-data.xlsx
USGS-05447500,2011-12-16,62.2970625024,m3/s,00060,Discharge,1,gr-data.xlsx
USGS-05447500,2011-12-17,46.722796876800004,m3/s,00060,Discharge,1,gr-data.xlsx
USGS-05447500,2011-12-18,35.67922670592,m3/s,00060,Discharge,1,gr-data.xlsx
USGS-05447500,2011-12-19,30.865362785280002,m3/s,00060,Discharge,1,gr-data.xlsx
USGS-05447500,2011-12-20,27.863777046528,m3/s,00060,Discharge,1,gr-data.xlsx
USGS-05447500,2011-12-21,25.881597785088,m3/s,00060,Discharge,1,gr-data.xlsx
USGS-05447500,2011-12-22,23.92773537024,m3/s,00060,Discharge,1,gr-data.xlsx
USGS-05447500,2011-12-23,21.832288722432,m3/s,00060,Discharge,1,gr-data.xlsx
USGS-05447500,2011-12-24,20.388129546240002,m3/s,00060,Discharge,1,gr-data.xlsx
USGS-05447500,2011-12-25,19.566940995072,m3/s,00060,Discharge,1,gr-data.xlsx
USGS-05447500,2011-12-26,18.632485057536,m3/s,00060,Discharge,1,gr-data.xlsx
USGS-05447500,2011-12-27,18.037831279104,m3/s,00060,Discharge,1,gr-data.xlsx
USGS-05447500,2011-12-28,17.499811193856,m3/s,00060,Discharge,1,gr-data.xlsx
USGS-05447500,2011-12-29,16.56535525632,m3/s,00060,Discharge,1,gr-data.xlsx
USGS-05447500,2011-12-30,16.56535525632,m3/s,00060,Discharge,1,gr-data.xlsx
USGS-05447500,2011-12-31,16.225553097216,m3/s,00060,Discharge,1,gr-data.xlsx
USGS-05447500,2012-01-01,15.744166705152,m3/s,00060,Discharge,1,gr-data.xlsx
USGS-05447500,2012-01-02,14.526542301696,m3/s,00060,Discharge,1,gr-data.xlsx
USGS-05447500,2012-01-03,14.186740142592,m3/s,00060,Discharge,1,gr-data.xlsx
USGS-05447500,2012-01-04,13.988522216448,m3/s,00060,Discharge,1,gr-data.xlsx
USGS-05447500,2012-01-05,15.036245540352,m3/s,00060,Discharge,1,gr-data.xlsx
USGS-05447500,2012-01-06,13.988522216448,m3/s,00060,Discharge,1,gr-data.xlsx
USGS-05447500,2012-01-07,13.422185284608,m3/s,00060,Discharge,1,gr-data.xlsx
USGS-05447500,2012-01-08,12.685947273216,m3/s,00060,Discharge,1,gr-data.xlsx
USGS-05447500,2012-01-09,12.204560881152,m3/s,00060,Discharge,1,gr-data.xlsx
USGS-05447500,2012-01-10,12.232877727744,m3/s,00060,Discharge,1,gr-data.xlsx
USGS-05447500,2012-01-11,12.204560881152,m3/s,00060,Discharge,1,gr-data.xlsx
USGS-05447500,2012-01-12,11.75149133568,m3/s,00060,Discharge,1,gr-data.xlsx
USGS-05447500,2012-01-13,5.776636704768,m3/s,00060,Discharge,1,gr-data.xlsx
USGS-05447500,2012-01-14,9.287925682176,m3/s,00060,Discharge,1,gr-data.xlsx
USGS-05447500,2012-01-15,11.553273409536,m3/s,00060,Discharge,1,gr-data.xlsx
USGS-05447500,2012-01-16,12.431095653888,m3/s,00060,Discharge,1,gr-data.xlsx
USGS-05447500,2012-01-17,11.75149133568,m3/s,00060,Discharge,1,gr-data.xlsx
USGS-05447500,2012-01-18,10.590500625408,m3/s,00060,Discharge,1,gr-data.xlsx
USGS-05447500,2012-01-19,10.47723323904,m3/s,00060,Discharge,1,gr-data.xlsx
USGS-05447500,2012-01-20,10.47723323904,m3/s,00060,Discharge,1,gr-data.xlsx
USGS-05447500,2012-01-21,11.3267386368,m3/s,00060,Discharge,1,gr-data.xlsx
USGS-05447500,2012-01-22,12.7425809664,m3/s,00060,Discharge,1,gr-data.xlsx
USGS-05447500,2012-01-23,14.158423296,m3/s,00060,Discharge,1,gr-data.xlsx
USGS-05447500,2012-01-24,16.9901079552,m3/s,00060,Discharge,1,gr-data.xlsx
USGS-05447500,2012-01-25,18.12278181888,m3/s,00060,Discharge,1,gr-data.xlsx
USGS-05447500,2012-01-26,18.660801904128,m3/s,00060,Discharge,1,gr-data.xlsx
USGS-05447500,2012-01-27,18.349316591616,m3/s,00060,Discharge,1,gr-data.xlsx
USGS-05447500,2012-01-28,18.236049205248,m3/s,00060,Discharge,1,gr-data.xlsx
USGS-05447500,2012-01-29,17.726345966592,m3/s,00060,Discharge,1,gr-data.xlsx
USGS-05447500,2012-01-30,17.55644488704,m3/s,00060,Discharge,1,gr-data.xlsx
USGS-05447500,2012-01-31,17.98119758592,m3/s,00060,Discharge,1,gr-data.xlsx
USGS-05447500,2012-02-01,17.896247046144,m3/s,00060,Discharge,1,gr-data.xlsx
USGS-05447500,2012-02-02,18.575851364352,m3/s,00060,Discharge,1,gr-data.xlsx
USGS-05447500,2012-02-03,18.009514432512,m3/s,00060,Discharge,1,gr-data.xlsx
USGS-05447500,2012-02-04,18.320999745024,m3/s,00060,Discharge,1,gr-data.xlsx
USGS-05447500,2012-02-05,20.303179006464,m3/s,00060,Discharge,1,gr-data.xlsx
USGS-05447500,2012-02-06,21.209318097408,m3/s,00060,Discharge,1,gr-data.xlsx
USGS-05447500,2012-02-07,20.444763239424,m3/s,00060,Discharge,1,gr-data.xlsx
USGS-05447500,2012-02-08,19.481990455296,m3/s,00060,Discharge,1,gr-data.xlsx
USGS-05447500,2012-02-09,18.179415512064,m3/s,00060,Discharge,1,gr-data.xlsx
USGS-05447500,2012-02-10,18.604168210944,m3/s,00060,Discharge,1,gr-data.xlsx
USGS-05447500,2012-02-11,15.206146619904,m3/s,00060,Discharge,1,gr-data.xlsx
USGS-05447500,2012-02-12,12.147927187968,m3/s,00060,Discharge,1,gr-data.xlsx
USGS-05447500,2012-02-13,13.30891789824,m3/s,00060,Discharge,1,gr-data.xlsx
USGS-05447500,2012-02-14,14.753077074432001,m3/s,00060,Discharge,1,gr-data.xlsx
USGS-05447500,2012-02-15,15.630899318784001,m3/s,00060,Discharge,1,gr-data.xlsx
USGS-05447500,2012-02-16,16.197236250624,m3/s,00060,Discharge,1,gr-data.xlsx
USGS-05447500,2012-02-17,16.621988949504,m3/s,00060,Discharge,1,gr-data.xlsx
USGS-05447500,2012-02-18,16.027335171072,m3/s,00060,Discharge,1,gr-data.xlsx
USGS-05447500,2012-02-19,15.432681392640001,m3/s,00060,Discharge,1,gr-data.xlsx
USGS-05447500,2012-02-20,15.00792869376,m3/s,00060,Discharge,1,gr-data.xlsx
USGS-05447500,2012-02-21,15.234463466496,m3/s,00060,Discharge,1,gr-data.xlsx
USGS-05447500,2012-02-22,15.744166705152,m3/s,00060,Discharge,1,gr-data.xlsx
USGS-05447500,2012-02-23,15.800800398336001,m3/s,00060,Discharge,1,gr-data.xlsx
USGS-05447500,2012-02-24,17.018424801792,m3/s,00060,Discharge,1,gr-data.xlsx
USGS-05447500,2012-02-25,17.471494347264,m3/s,00060,Discharge,1,gr-data.xlsx
USGS-05447500,2012-02-26,17.867930199552,m3/s,00060,Discharge,1,gr-data.xlsx
USGS-05447500,2012-02-27,19.368723068928002,m3/s,00060,Discharge,1,gr-data.xlsx
USGS-05447500,2012-02-28,20.869515938304,m3/s,00060,Discharge,1,gr-data.xlsx
USGS-05447500,2012-02-29,21.832288722432,m3/s,00060,Discharge,1,gr-data.xlsx
USGS-05447500,2012-03-01,26.504568410112,m3/s,00060,Discharge,1,gr-data.xlsx
USGS-05447500,2012-03-02,26.872687415808002,m3/s,00060,Discharge,1,gr-data.xlsx
USGS-05447500,2012-03-03,25.966548324864,m3/s,00060,Discharge,1,gr-data.xlsx
USGS-05447500,2012-03-04,24.805557614592,m3/s,00060,Discharge,1,gr-data.xlsx
USGS-05447500,2012-03-05,23.304764745216,m3/s,00060,Discharge,1,gr-data.xlsx
USGS-05447500,2012-03-06,22.115457188352,m3/s,00060,Discharge,1,gr-data.xlsx
USGS-05447500,2012-03-07,22.22872457472,m3/s,00060,Discharge,1,gr-data.xlsx
USGS-05447500,2012-03-08,22.851695199744,m3/s,00060,Discharge,1,gr-data.xlsx
USGS-05447500,2012-03-09,22.200407728128,m3/s,00060,Discharge,1,gr-data.xlsx
USGS-05447500,2012-03-10,20.926149631488002,m3/s,00060,Discharge,1,gr-data.xlsx
USGS-05447500,2012-03-11,20.67129801216,m3/s,00060,Discharge,1,gr-data.xlsx
USGS-05447500,2012-03-12,24.862191307776,m3/s,00060,Discharge,1,gr-data.xlsx
USGS-05447500,2012-03-13,33.69704744448,m3/s,00060,Discharge,1,gr-data.xlsx
USGS-05447500,2012-03-14,31.1485312512,m3/s,00060,Discharge,1,gr-data.xlsx
USGS-05447500,2012-03-15,26.334667330560002,m3/s,00060,Discharge,1,gr-data.xlsx
USGS-05447500,2012-03-16,23.389715284992,m3/s,00060,Discharge,1,gr-data.xlsx
USGS-05447500,2012-03-17,21.265951790592002,m3/s,00060,Discharge,1,gr-data.xlsx
USGS-05447500,2012-03-18,19.708525228032002,m3/s,00060,Discharge,1,gr-data.xlsx
USGS-05447500,2012-03-19,19.057237756416,m3/s,00060,Discharge,1,gr-data.xlsx
USGS-05447500,2012-03-20,19.000604063232,m3/s,00060,Discharge,1,gr-data.xlsx
USGS-05447500,2012-03-21,17.98119758592,m3/s,00060,Discharge,1,gr-data.xlsx
USGS-05447500,2012-03-22,17.046741648384,m3/s,00060,Discharge,1,gr-data.xlsx
USGS-05447500,2012-03-23,16.933474262016002,m3/s,00060,Discharge,1,gr-data.xlsx
USGS-05447500,2012-03-24,17.160009034752,m3/s,00060,Discharge,1,gr-data.xlsx
USGS-05447500,2012-03-25,16.650305796096,m3/s,00060,Discharge,1,gr-data.xlsx
USGS-05447500,2012-03-26,15.71584985856,m3/s,00060,Discharge,1,gr-data.xlsx
USGS-05447500,2012-03-27,15.376047699456,m3/s,00060,Discharge,1,gr-data.xlsx
USGS-05447500,2012-03-28,15.347730852864,m3/s,00060,Discharge,1,gr-data.xlsx
USGS-05447500,2012-03-29,14.639809688064,m3/s,00060,Discharge,1,gr-data.xlsx
USGS-05447500,2012-03-30,14.30000752896,m3/s,00060,Discharge,1,gr-data.xlsx
USGS-05447500,2012-03-31,14.328324375552,m3/s,00060,Discharge,1,gr-data.xlsx
USGS-05447500,2012-04-01,14.639809688064,m3/s,00060,Discharge,1,gr-data.xlsx
USGS-05447500,2012-04-02,14.073472756224,m3/s,00060,Discharge,1,gr-data.xlsx
USGS-05447500,2012-04-03,13.167333665280001,m3/s,00060,Discharge,1,gr-data.xlsx
USGS-05447500,2012-04-04,12.629313580032,m3/s,00060,Discharge,1,gr-data.xlsx
USGS-05447500,2012-04-05,12.232877727744,m3/s,00060,Discharge,1,gr-data.xlsx
USGS-05447500,2012-04-06,11.949709261824001,m3/s,00060,Discharge,1,gr-data.xlsx
USGS-05447500,2012-04-07,11.694857642496,m3/s,00060,Discharge,1,gr-data.xlsx
USGS-05447500,2012-04-08,11.581590256128,m3/s,00060,Discharge,1,gr-data.xlsx
USGS-05447500,2012-04-09,11.355055483392,m3/s,00060,Discharge,1,gr-data.xlsx
USGS-05447500,2012-04-10,11.298421790208,m3/s,00060,Discharge,1,gr-data.xlsx
USGS-05447500,2012-04-11,11.015253324288,m3/s,00060,Discharge,1,gr-data.xlsx
USGS-05447500,2012-04-12,10.732084858368001,m3/s,00060,Discharge,1,gr-data.xlsx
USGS-05447500,2012-04-13,10.732084858368001,m3/s,00060,Discharge,1,gr-data.xlsx
USGS-05447500,2012-04-14,10.986936477696,m3/s,00060,Discharge,1,gr-data.xlsx
USGS-05447500,2012-04-15,11.3267386368,m3/s,00060,Discharge,1,gr-data.xlsx
USGS-05447500,2012-04-16,11.949709261824001,m3/s,00060,Discharge,1,gr-data.xlsx
USGS-05447500,2012-04-17,12.147927187968,m3/s,00060,Discharge,1,gr-data.xlsx
USGS-05447500,2012-04-18,10.958619631104,m3/s,00060,Discharge,1,gr-data.xlsx
USGS-05447500,2012-04-19,10.788718551552,m3/s,00060,Discharge,1,gr-data.xlsx
USGS-05447500,2012-04-20,10.845352244736,m3/s,00060,Discharge,1,gr-data.xlsx
USGS-05447500,2012-04-21,10.732084858368001,m3/s,00060,Discharge,1,gr-data.xlsx
USGS-05447500,2012-04-22,10.307332159488,m3/s,00060,Discharge,1,gr-data.xlsx
USGS-05447500,2012-04-23,10.05248054016,m3/s,00060,Discharge,1,gr-data.xlsx
USGS-05447500,2012-04-24,9.939213153792,m3/s,00060,Discharge,1,gr-data.xlsx
USGS-05447500,2012-04-25,9.882579460608,m3/s,00060,Discharge,1,gr-data.xlsx
USGS-05447500,2012-04-26,9.62772784128,m3/s,00060,Discharge,1,gr-data.xlsx
USGS-05447500,2012-04-27,9.2029751424,m3/s,00060,Discharge,1,gr-data.xlsx
USGS-05447500,2012-04-28,9.599410994688,m3/s,00060,Discharge,1,gr-data.xlsx
USGS-05447500,2012-04-29,10.307332159488,m3/s,00060,Discharge,1,gr-data.xlsx
USGS-05447500,2012-04-30,10.873669091328,m3/s,00060,Discharge,1,gr-data.xlsx
USGS-05447500,2012-05-01,11.440006023168001,m3/s,00060,Discharge,1,gr-data.xlsx
USGS-05447500,2012-05-02,13.167333665280001,m3/s,00060,Discharge,1,gr-data.xlsx
USGS-05447500,2012-05-03,13.195650511872,m3/s,00060,Discharge,1,gr-data.xlsx
USGS-05447500,2012-05-04,69.94261108224,m3/s,00060,Discharge,1,gr-data.xlsx
USGS-05447500,2012-05-05,46.15645994496,m3/s,00060,Discharge,1,gr-data.xlsx
USGS-05447500,2012-05-06,29.166351989760003,m3/s,00060,Discharge,1,gr-data.xlsx
USGS-05447500,2012-05-07,51.25349233152,m3/s,00060,Discharge,1,gr-data.xlsx
USGS-05447500,2012-05-08,70.79211648,m3/s,00060,Discharge,1,gr-data.xlsx
USGS-05447500,2012-05-09,53.51884005888,m3/s,00060,Discharge,1,gr-data.xlsx
USGS-05447500,2012-05-10,38.51091136512,m3/s,00060,Discharge,1,gr-data.xlsx
USGS-05447500,2012-05-11,31.1485312512,m3/s,00060,Discharge,1,gr-data.xlsx
USGS-05447500,2012-05-12,26.985954802176,m3/s,00060,Discharge,1,gr-data.xlsx
USGS-05447500,2012-05-13,24.579022841856002,m3/s,00060,Discharge,1,gr-data.xlsx
USGS-05447500,2012-05-14,22.51189304064,m3/s,00060,Discharge,1,gr-data.xlsx
USGS-05447500,2012-05-15,21.039417017856,m3/s,00060,Discharge,1,gr-data.xlsx
USGS-05447500,2012-05-16,19.793475767808,m3/s,00060,Discharge,1,gr-data.xlsx
USGS-05447500,2012-05-17,18.632485057536,m3/s,00060,Discharge,1,gr-data.xlsx
USGS-05447500,2012-05-18,17.69802912,m3/s,00060,Discharge,1,gr-data.xlsx
USGS-05447500,2012-05-19,16.961791108608,m3/s,00060,Discharge,1,gr-data.xlsx
USGS-05447500,2012-05-20,16.083968864256,m3/s,00060,Discharge,1,gr-data.xlsx
USGS-05447500,2012-05-21,15.630899318784001,m3/s,00060,Discharge,1,gr-data.xlsx
USGS-05447500,2012-05-22,15.092879233536001,m3/s,00060,Discharge,1,gr-data.xlsx
USGS-05447500,2012-05-23,14.696443381248,m3/s,00060,Discharge,1,gr-data.xlsx
USGS-05447500,2012-05-24,14.158423296,m3/s,00060,Discharge,1,gr-data.xlsx
USGS-05447500,2012-05-25,13.59208636416,m3/s,00060,Discharge,1,gr-data.xlsx
USGS-05447500,2012-05-26,12.88416519936,m3/s,00060,Discharge,1,gr-data.xlsx
USGS-05447500,2012-05-27,12.431095653888,m3/s,00060,Discharge,1,gr-data.xlsx
USGS-05447500,2012-05-28,12.232877727744,m3/s,00060,Discharge,1,gr-data.xlsx
USGS-05447500,2012-05-29,13.4505021312,m3/s,00060,Discharge,1,gr-data.xlsx
USGS-05447500,2012-05-30,12.147927187968,m3/s,00060,Discharge,1,gr-data.xlsx
USGS-05447500,2012-05-31,12.60099673344,m3/s,00060,Discharge,1,gr-data.xlsx
USGS-05447500,2012-06-01,14.611492841472,m3/s,00060,Discharge,1,gr-data.xlsx
USGS-05447500,2012-06-02,14.101789602816,m3/s,00060,Discharge,1,gr-data.xlsx
USGS-05447500,2012-06-03,13.478818977792,m3/s,00060,Discharge,1,gr-data.xlsx
USGS-05447500,2012-06-04,12.657630426624001,m3/s,00060,Discharge,1,gr-data.xlsx
USGS-05447500,2012-06-05,12.147927187968,m3/s,00060,Discharge,1,gr-data.xlsx
USGS-05447500,2012-06-06,11.553273409536,m3/s,00060,Discharge,1,gr-data.xlsx
USGS-05447500,2012-06-07,11.071887017472001,m3/s,00060,Discharge,1,gr-data.xlsx
USGS-05447500,2012-06-08,10.703768011776,m3/s,00060,Discharge,1,gr-data.xlsx
USGS-05447500,2012-06-09,10.165747926528,m3/s,00060,Discharge,1,gr-data.xlsx
USGS-05447500,2012-06-10,9.599410994688,m3/s,00060,Discharge,1,gr-data.xlsx
USGS-05447500,2012-06-11,9.2029751424,m3/s,00060,Discharge,1,gr-data.xlsx
USGS-05447500,2012-06-12,9.033074062848,m3/s,00060,Discharge,1,gr-data.xlsx
USGS-05447500,2012-06-13,8.834856136704,m3/s,00060,Discharge,1,gr-data.xlsx
USGS-05447500,2012-06-14,8.580004517376,m3/s,00060,Discharge,1,gr-data.xlsx
USGS-05447500,2012-06-15,8.155251818496,m3/s,00060,Discharge,1,gr-data.xlsx
USGS-05447500,2012-06-16,7.872083352576,m3/s,00060,Discharge,1,gr-data.xlsx
USGS-05447500,2012-06-17,8.183568665088,m3/s,00060,Discharge,1,gr-data.xlsx
USGS-05447500,2012-06-18,7.843766505984,m3/s,00060,Discharge,1,gr-data.xlsx
USGS-05447500,2012-06-19,7.3623801139200005,m3/s,00060,Discharge,1,gr-data.xlsx
USGS-05447500,2012-06-20,6.79604318208,m3/s,00060,Discharge,1,gr-data.xlsx
USGS-05447500,2012-06-21,6.342973636608,m3/s,00060,Discharge,1,gr-data.xlsx
USGS-05447500,2012-06-22,6.173072557056,m3/s,00060,Discharge,1,gr-data.xlsx
USGS-05447500,2012-06-23,6.031488324096,m3/s,00060,Discharge,1,gr-data.xlsx
USGS-05447500,2012-06-24,5.918220937728,m3/s,00060,Discharge,1,gr-data.xlsx
USGS-05447500,2012-06-25,5.6633693184,m3/s,00060,Discharge,1,gr-data.xlsx
USGS-05447500,2012-06-26,5.351884005888,m3/s,00060,Discharge,1,gr-data.xlsx
USGS-05447500,2012-06-27,5.0970323865600005,m3/s,00060,Discharge,1,gr-data.xlsx
USGS-05447500,2012-06-28,4.8421807672320005,m3/s,00060,Discharge,1,gr-data.xlsx
USGS-05447500,2012-06-29,4.700596534272,m3/s,00060,Discharge,1,gr-data.xlsx
USGS-05447500,2012-06-30,5.9748546309120005,m3/s,00060,Discharge,1,gr-data.xlsx
USGS-05447500,2012-07-01,6.456241022976,m3/s,00060,Discharge,1,gr-data.xlsx
USGS-05447500,2012-07-02,5.918220937728,m3/s,00060,Discharge,1,gr-data.xlsx
USGS-05447500,2012-07-03,6.1447557104640005,m3/s,00060,Discharge,1,gr-data.xlsx
USGS-05447500,2012-07-04,5.578418778624,m3/s,00060,Discharge,1,gr-data.xlsx
USGS-05447500,2012-07-05,5.153666079744,m3/s,00060,Discharge,1,gr-data.xlsx
USGS-05447500,2012-07-06,4.700596534272,m3/s,00060,Discharge,1,gr-data.xlsx
USGS-05447500,2012-07-07,4.304160681984,m3/s,00060,Discharge,1,gr-data.xlsx
USGS-05447500,2012-07-08,4.162576449024,m3/s,00060,Discharge,1,gr-data.xlsx
USGS-05447500,2012-07-09,4.134259602432,m3/s,00060,Discharge,1,gr-data.xlsx
USGS-05447500,2012-07-10,3.9926753694720003,m3/s,00060,Discharge,1,gr-data.xlsx
USGS-05447500,2012-07-11,3.851091136512,m3/s,00060,Discharge,1,gr-data.xlsx
USGS-05447500,2012-07-12,3.652873210368,m3/s,00060,Discharge,1,gr-data.xlsx
USGS-05447500,2012-07-13,3.313071051264,m3/s,00060,Discharge,1,gr-data.xlsx
USGS-05447500,2012-07-14,3.313071051264,m3/s,00060,Discharge,1,gr-data.xlsx
USGS-05447500,2012-07-15,3.539605824,m3/s,00060,Discharge,1,gr-data.xlsx
USGS-05447500,2012-07-16,3.341387897856,m3/s,00060,Discharge,1,gr-data.xlsx
USGS-05447500,2012-07-17,2.916635198976,m3/s,00060,Discharge,1,gr-data.xlsx
USGS-05447500,2012-07-18,2.661783579648,m3/s,00060,Discharge,1,gr-data.xlsx
USGS-05447500,2012-07-19,2.5258627160064,m3/s,00060,Discharge,1,gr-data.xlsx
USGS-05447500,2012-07-20,2.5598429319168003,m3/s,00060,Discharge,1,gr-data.xlsx
USGS-05447500,2012-07-21,2.4607339688448002,m3/s,00060,Discharge,1,gr-data.xlsx
USGS-05447500,2012-07-22,2.26534772736,m3/s,00060,Discharge,1,gr-data.xlsx
USGS-05447500,2012-07-23,2.0869515938304,m3/s,00060,Discharge,1,gr-data.xlsx
USGS-05447500,2012-07-24,2.0161594773504,m3/s,00060,Discharge,1,gr-data.xlsx
USGS-05447500,2012-07-25,1.8519217671168002,m3/s,00060,Discharge,1,gr-data.xlsx
USGS-05447500,2012-07-26,1.8405950284800001,m3/s,00060,Discharge,1,gr-data.xlsx
USGS-05447500,2012-07-27,1.868911875072,m3/s,00060,Discharge,1,gr-data.xlsx
USGS-05447500,2012-07-28,1.897228721664,m3/s,00060,Discharge,1,gr-data.xlsx
USGS-05447500,2012-07-29,1.7443177500672,m3/s,00060,Discharge,1,gr-data.xlsx
USGS-05447500,2012-07-30,1.7556444887040001,m3/s,00060,Discharge,1,gr-data.xlsx
USGS-05447500,2012-07-31,1.727327642112,m3/s,00060,Discharge,1,gr-data.xlsx
USGS-05447500,2012-08-01,1.670693948928,m3/s,00060,Discharge,1,gr-data.xlsx
USGS-05447500,2012-08-02,1.614060255744,m3/s,00060,Discharge,1,gr-data.xlsx
USGS-05447500,2012-08-03,1.585743409152,m3/s,00060,Discharge,1,gr-data.xlsx
USGS-05447500,2012-08-04,1.5574265625600001,m3/s,00060,Discharge,1,gr-data.xlsx
USGS-05447500,2012-08-05,1.529109715968,m3/s,00060,Discharge,1,gr-data.xlsx
USGS-05447500,2012-08-06,1.500792869376,m3/s,00060,Discharge,1,gr-data.xlsx
USGS-05447500,2012-08-07,1.4724760227840001,m3/s,00060,Discharge,1,gr-data.xlsx
USGS-05447500,2012-08-08,1.444159176192,m3/s,00060,Discharge,1,gr-data.xlsx
USGS-05447500,2012-08-09,1.4158423296,m3/s,00060,Discharge,1,gr-data.xlsx
USGS-05447500,2012-08-10,1.387525483008,m3/s,00060,Discharge,1,gr-data.xlsx
USGS-05447500,2012-08-11,1.359208636416,m3/s,00060,Discharge,1,gr-data.xlsx
USGS-05447500,2012-08-12,1.5574265625600001,m3/s,00060,Discharge,1,gr-data.xlsx
USGS-05447500,2012-08-13,1.98217926144,m3/s,00060,Discharge,1,gr-data.xlsx
USGS-05447500,2012-08-14,1.812278181888,m3/s,00060,Discharge,1,gr-data.xlsx
USGS-05447500,2012-08-15,1.6650305796095999,m3/s,00060,Discharge,1,gr-data.xlsx
USGS-05447500,2012-08-16,1.5744166705152,m3/s,00060,Discharge,1,gr-data.xlsx
USGS-05447500,2012-08-17,1.5460998239232,m3/s,00060,Discharge,1,gr-data.xlsx
USGS-05447500,2012-08-18,1.5036245540352,m3/s,00060,Discharge,1,gr-data.xlsx
USGS-05447500,2012-08-19,1.48663444608,m3/s,00060,Discharge,1,gr-data.xlsx
USGS-05447500,2012-08-20,1.500792869376,m3/s,00060,Discharge,1,gr-data.xlsx
USGS-05447500,2012-08-21,1.4413274915328,m3/s,00060,Discharge,1,gr-data.xlsx
USGS-05447500,2012-08-22,1.3648720057344002,m3/s,00060,Discharge,1,gr-data.xlsx
USGS-05447500,2012-08-23,1.330891789824,m3/s,00060,Discharge,1,gr-data.xlsx
USGS-05447500,2012-08-24,1.2997432585728,m3/s,00060,Discharge,1,gr-data.xlsx
USGS-05447500,2012-08-25,1.2572679886848,m3/s,00060,Discharge,1,gr-data.xlsx
USGS-05447500,2012-08-26,1.6197236250624,m3/s,00060,Discharge,1,gr-data.xlsx
USGS-05447500,2012-08-27,2.4833874461184,m3/s,00060,Discharge,1,gr-data.xlsx
USGS-05447500,2012-08-28,2.6079815711232,m3/s,00060,Discharge,1,gr-data.xlsx
USGS-05447500,2012-08-29,1.9906743154175999,m3/s,00060,Discharge,1,gr-data.xlsx
USGS-05447500,2012-08-30,1.7443177500672,m3/s,00060,Discharge,1,gr-data.xlsx
USGS-05447500,2012-08-31,1.6480404716544002,m3/s,00060,Discharge,1,gr-data.xlsx
USGS-05447500,2012-09-01,1.6876840568832001,m3/s,00060,Discharge,1,gr-data.xlsx
USGS-05447500,2012-09-02,1.7669712273408,m3/s,00060,Discharge,1,gr-data.xlsx
USGS-05447500,2012-09-03,1.8179415512064,m3/s,00060,Discharge,1,gr-data.xlsx
USGS-05447500,2012-09-04,1.7499811193855999,m3/s,00060,Discharge,1,gr-data.xlsx
USGS-05447500,2012-09-05,1.7528128040448,m3/s,00060,Discharge,1,gr-data.xlsx
USGS-05447500,2012-09-06,1.7584761733632002,m3/s,00060,Discharge,1,gr-data.xlsx
USGS-05447500,2012-09-07,1.8774069290496,m3/s,00060,Discharge,1,gr-data.xlsx
USGS-05447500,2012-09-08,1.9425356762111998,m3/s,00060,Discharge,1,gr-data.xlsx
USGS-05447500,2012-09-09,1.9510307301888001,m3/s,00060,Discharge,1,gr-data.xlsx
USGS-05447500,2012-09-10,1.7386543807488,m3/s,00060,Discharge,1,gr-data.xlsx
USGS-05447500,2012-09-11,1.6452087869952001,m3/s,00060,Discharge,1,gr-data.xlsx
USGS-05447500,2012-09-12,1.6055652017664002,m3/s,00060,Discharge,1,gr-data.xlsx
USGS-05447500,2012-09-13,1.6055652017664002,m3/s,00060,Discharge,1,gr-data.xlsx
USGS-05447500,2012-09-14,1.642377102336,m3/s,00060,Discharge,1,gr-data.xlsx
USGS-05447500,2012-09-15,1.6735256335872002,m3/s,00060,Discharge,1,gr-data.xlsx
USGS-05447500,2012-09-16,1.6537038409728,m3/s,00060,Discharge,1,gr-data.xlsx
USGS-05447500,2012-09-17,1.6452087869952001,m3/s,00060,Discharge,1,gr-data.xlsx
USGS-05447500,2012-09-18,1.7329910114304001,m3/s,00060,Discharge,1,gr-data.xlsx
USGS-05447500,2012-09-19,1.8037831279104002,m3/s,00060,Discharge,1,gr-data.xlsx
USGS-05447500,2012-09-20,1.7301593267712,m3/s,00060,Discharge,1,gr-data.xlsx
USGS-05447500,2012-09-21,1.6735256335872002,m3/s,00060,Discharge,1,gr-data.xlsx
USGS-05447500,2012-09-22,1.6367137330176,m3/s,00060,Discharge,1,gr-data.xlsx
USGS-05447500,2012-09-23,1.6338820483584002,m3/s,00060,Discharge,1,gr-data.xlsx
USGS-05447500,2012-09-24,1.6112285710848,m3/s,00060,Discharge,1,gr-data.xlsx
USGS-05447500,2012-09-25,1.6027335171072001,m3/s,00060,Discharge,1,gr-data.xlsx
USGS-05447500,2012-09-26,1.62821867904,m3/s,00060,Discharge,1,gr-data.xlsx
USGS-05447500,2012-09-27,1.6168919404032,m3/s,00060,Discharge,1,gr-data.xlsx
USGS-05447500,2012-09-28,1.6225553097216,m3/s,00060,Discharge,1,gr-data.xlsx
USGS-05447500,2012-09-29,1.599901832448,m3/s,00060,Discharge,1,gr-data.xlsx
USGS-05447500,2012-09-30,1.5942384631296,m3/s,00060,Discharge,1,gr-data.xlsx
USGS-05447500,2012-10-01,1.5970701477888,m3/s,00060,Discharge,1,gr-data.xlsx
USGS-05447500,2012-10-02,1.5942384631296,m3/s,00060,Discharge,1,gr-data.xlsx
USGS-05447500,2012-10-03,1.5942384631296,m3/s,00060,Discharge,1,gr-data.xlsx
USGS-05447500,2012-10-04,1.6197236250624,m3/s,00060,Discharge,1,gr-data.xlsx
USGS-05447500,2012-10-05,1.6791890029056,m3/s,00060,Discharge,1,gr-data.xlsx
USGS-05447500,2012-10-06,1.6933474262016,m3/s,00060,Discharge,1,gr-data.xlsx
USGS-05447500,2012-10-07,1.6678622642688,m3/s,00060,Discharge,1,gr-data.xlsx
USGS-05447500,2012-10-08,1.6735256335872002,m3/s,00060,Discharge,1,gr-data.xlsx
USGS-05447500,2012-10-09,1.6961791108608,m3/s,00060,Discharge,1,gr-data.xlsx
USGS-05447500,2012-10-10,1.7584761733632002,m3/s,00060,Discharge,1,gr-data.xlsx
USGS-05447500,2012-10-11,1.769802912,m3/s,00060,Discharge,1,gr-data.xlsx
USGS-05447500,2012-10-12,1.7471494347264,m3/s,00060,Discharge,1,gr-data.xlsx
USGS-05447500,2012-10-13,1.8774069290496,m3/s,00060,Discharge,1,gr-data.xlsx
USGS-05447500,2012-10-14,2.1973872955391998,m3/s,00060,Discharge,1,gr-data.xlsx
USGS-05447500,2012-10-15,2.3163180512256,m3/s,00060,Discharge,1,gr-data.xlsx
USGS-05447500,2012-10-16,2.3276447898624,m3/s,00060,Discharge,1,gr-data.xlsx
USGS-05447500,2012-10-17,2.2200407728128004,m3/s,00060,Discharge,1,gr-data.xlsx
USGS-05447500,2012-10-18,2.3842784830464003,m3/s,00060,Discharge,1,gr-data.xlsx
USGS-05447500,2012-10-19,2.7552291734016,m3/s,00060,Discharge,1,gr-data.xlsx
USGS-05447500,2012-10-20,2.6278033637376,m3/s,00060,Discharge,1,gr-data.xlsx
USGS-05447500,2012-10-21,2.3842784830464003,m3/s,00060,Discharge,1,gr-data.xlsx
USGS-05447500,2012-10-22,2.3049913125888004,m3/s,00060,Discharge,1,gr-data.xlsx
USGS-05447500,2012-10-23,2.2908328892928003,m3/s,00060,Discharge,1,gr-data.xlsx
USGS-05447500,2012-10-24,2.2172090881536,m3/s,00060,Discharge,1,gr-data.xlsx
USGS-05447500,2012-10-25,2.2115457188352,m3/s,00060,Discharge,1,gr-data.xlsx
USGS-05447500,2012-10-26,2.3361398438400003,m3/s,00060,Discharge,1,gr-data.xlsx
USGS-05447500,2012-10-27,2.3984369063424,m3/s,00060,Discharge,1,gr-data.xlsx
USGS-05447500,2012-10-28,2.3361398438400003,m3/s,00060,Discharge,1,gr-data.xlsx
USGS-05447500,2012-10-29,2.2568526733824004,m3/s,00060,Discharge,1,gr-data.xlsx
USGS-05447500,2012-10-30,2.222872457472,m3/s,00060,Discharge,1,gr-data.xlsx
USGS-05447500,2012-10-31,2.2880012046336,m3/s,00060,Discharge,1,gr-data.xlsx
USGS-05447500,2012-11-01,2.251189304064,m3/s,00060,Discharge,1,gr-data.xlsx
USGS-05447500,2012-11-02,2.2483576194048003,m3/s,00060,Discharge,1,gr-data.xlsx
USGS-05447500,2012-11-03,2.2540209887232,m3/s,00060,Discharge,1,gr-data.xlsx
USGS-05447500,2012-11-04,2.2766744659968,m3/s,00060,Discharge,1,gr-data.xlsx
USGS-05447500,2012-11-05,2.307822997248,m3/s,00060,Discharge,1,gr-data.xlsx
USGS-05447500,2012-11-06,2.3418032131584003,m3/s,00060,Discharge,1,gr-data.xlsx
USGS-05447500,2012-11-07,2.4380804915712,m3/s,00060,Discharge,1,gr-data.xlsx
USGS-05447500,2012-11-08,2.4324171222528004,m3/s,00060,Discharge,1,gr-data.xlsx
USGS-05447500,2012-11-09,2.3842784830464003,m3/s,00060,Discharge,1,gr-data.xlsx
USGS-05447500,2012-11-10,2.3956052216832,m3/s,00060,Discharge,1,gr-data.xlsx
USGS-05447500,2012-11-11,2.4239220682752,m3/s,00060,Discharge,1,gr-data.xlsx
USGS-05447500,2012-11-12,2.5286944006656,m3/s,00060,Discharge,1,gr-data.xlsx
USGS-05447500,2012-11-13,2.6419617870336,m3/s,00060,Discharge,1,gr-data.xlsx
USGS-05447500,2012-11-14,2.562674616576,m3/s,00060,Discharge,1,gr-data.xlsx
USGS-05447500,2012-11-15,2.4805557614592,m3/s,00060,Discharge,1,gr-data.xlsx
USGS-05447500,2012-11-16,2.4182586989568002,m3/s,00060,Discharge,1,gr-data.xlsx
USGS-05447500,2012-11-17,2.4125953296384,m3/s,00060,Discharge,1,gr-data.xlsx
USGS-05447500,2012-11-18,2.3956052216832,m3/s,00060,Discharge,1,gr-data.xlsx
USGS-05447500,2012-11-19,2.3871101677056,m3/s,00060,Discharge,1,gr-data.xlsx
USGS-05447500,2012-11-20,2.3587933211136,m3/s,00060,Discharge,1,gr-data.xlsx
USGS-05447500,2012-11-21,2.3899418523648004,m3/s,00060,Discharge,1,gr-data.xlsx
USGS-05447500,2012-11-22,2.3729517444095998,m3/s,00060,Discharge,1,gr-data.xlsx
USGS-05447500,2012-11-23,2.392773537024,m3/s,00060,Discharge,1,gr-data.xlsx
USGS-05447500,2012-11-24,2.2172090881536,m3/s,00060,Discharge,1,gr-data.xlsx
USGS-05447500,2012-11-25,2.3389715284992,m3/s,00060,Discharge,1,gr-data.xlsx
USGS-05447500,2012-11-26,2.3474665824768004,m3/s,00060,Discharge,1,gr-data.xlsx
USGS-05447500,2012-11-27,2.067129801216,m3/s,00060,Discharge,1,gr-data.xlsx
USGS-05447500,2012-11-28,2.180397187584,m3/s,00060,Discharge,1,gr-data.xlsx
USGS-05447500,2012-11-29,2.3559616364544,m3/s,00060,Discharge,1,gr-data.xlsx
USGS-05447500,2012-11-30,2.3587933211136,m3/s,00060,Discharge,1,gr-data.xlsx
USGS-05447500,2012-12-01,2.3049913125888004,m3/s,00060,Discharge,1,gr-data.xlsx
USGS-05447500,2012-12-02,2.3049913125888004,m3/s,00060,Discharge,1,gr-data.xlsx
USGS-05447500,2012-12-03,2.2908328892928003,m3/s,00060,Discharge,1,gr-data.xlsx
USGS-05447500,2012-12-04,2.2568526733824004,m3/s,00060,Discharge,1,gr-data.xlsx
USGS-05447500,2012-12-05,2.2568526733824004,m3/s,00060,Discharge,1,gr-data.xlsx
USGS-05447500,2012-12-06,2.2172090881536,m3/s,00060,Discharge,1,gr-data.xlsx
USGS-05447500,2012-12-07,2.2483576194048003,m3/s,00060,Discharge,1,gr-data.xlsx
USGS-05447500,2012-12-08,2.3163180512256,m3/s,00060,Discharge,1,gr-data.xlsx
USGS-05447500,2012-12-09,2.350298267136,m3/s,00060,Discharge,1,gr-data.xlsx
USGS-05447500,2012-12-10,2.3616250057728,m3/s,00060,Discharge,1,gr-data.xlsx
USGS-05447500,2012-12-11,2.1011100171264,m3/s,00060,Discharge,1,gr-data.xlsx
USGS-05447500,2012-12-12,2.0614664318976,m3/s,00060,Discharge,1,gr-data.xlsx
USGS-05447500,2012-12-13,2.3616250057728,m3/s,00060,Discharge,1,gr-data.xlsx
USGS-05447500,2012-12-14,2.40693196032,m3/s,00060,Discharge,1,gr-data.xlsx
USGS-05447500,2012-12-15,2.4777240768,m3/s,00060,Discharge,1,gr-data.xlsx
USGS-05447500,2012-12-16,2.449407230208,m3/s,00060,Discharge,1,gr-data.xlsx
USGS-05447500,2012-12-17,2.4635656535040003,m3/s,00060,Discharge,1,gr-data.xlsx
USGS-05447500,2012-12-18,2.3672883750911997,m3/s,00060,Discharge,1,gr-data.xlsx
USGS-05447500,2012-12-19,2.3106546819072,m3/s,00060,Discharge,1,gr-data.xlsx
USGS-05447500,2012-12-20,2.7835460199936,m3/s,00060,Discharge,1,gr-data.xlsx
USGS-05447500,2012-12-21,3.39802159104,m3/s,00060,Discharge,1,gr-data.xlsx
USGS-05447500,2012-12-22,4.2475269888,m3/s,00060,Discharge,1,gr-data.xlsx
USGS-05447500,2012-12-23,4.38911122176,m3/s,00060,Discharge,1,gr-data.xlsx
USGS-05447500,2012-12-24,3.9077248296960003,m3/s,00060,Discharge,1,gr-data.xlsx
USGS-05447500,2012-12-25,3.794457443328,m3/s,00060,Discharge,1,gr-data.xlsx
USGS-05447500,2012-12-26,3.624556363776,m3/s,00060,Discharge,1,gr-data.xlsx
USGS-05447500,2012-12-27,3.4263384376320003,m3/s,00060,Discharge,1,gr-data.xlsx
USGS-05447500,2012-12-28,3.4263384376320003,m3/s,00060,Discharge,1,gr-data.xlsx
USGS-05447500,2012-12-29,3.4263384376320003,m3/s,00060,Discharge,1,gr-data.xlsx
USGS-05447500,2012-12-30,3.25643735808,m3/s,00060,Discharge,1,gr-data.xlsx
USGS-05447500,2012-12-31,3.086536278528,m3/s,00060,Discharge,1,gr-data.xlsx
USGS-05447500,2013-01-01,3.058219431936,m3/s,00060,Discharge,1,gr-data.xlsx
USGS-05447500,2013-01-02,3.0299025853440003,m3/s,00060,Discharge,1,gr-data.xlsx
USGS-05447500,2013-01-03,2.97326889216,m3/s,00060,Discharge,1,gr-data.xlsx
USGS-05447500,2013-01-04,2.9449520455680003,m3/s,00060,Discharge,1,gr-data.xlsx
USGS-05447500,2013-01-05,2.916635198976,m3/s,00060,Discharge,1,gr-data.xlsx
USGS-05447500,2013-01-06,2.916635198976,m3/s,00060,Discharge,1,gr-data.xlsx
USGS-05447500,2013-01-07,2.888318352384,m3/s,00060,Discharge,1,gr-data.xlsx
USGS-05447500,2013-01-08,3.0299025853440003,m3/s,00060,Discharge,1,gr-data.xlsx
USGS-05447500,2013-01-09,3.341387897856,m3/s,00060,Discharge,1,gr-data.xlsx
USGS-05447500,2013-01-10,3.82277428992,m3/s,00060,Discharge,1,gr-data.xlsx
USGS-05447500,2013-01-11,7.050894801408,m3/s,00060,Discharge,1,gr-data.xlsx
USGS-05447500,2013-01-12,13.223967358464,m3/s,00060,Discharge,1,gr-data.xlsx
USGS-05447500,2013-01-13,6.880993721856,m3/s,00060,Discharge,1,gr-data.xlsx
USGS-05447500,2013-01-14,5.181982926336,m3/s,00060,Discharge,1,gr-data.xlsx
USGS-05447500,2013-01-15,9.939213153792,m3/s,00060,Discharge,1,gr-data.xlsx
USGS-05447500,2013-01-16,7.702182273024,m3/s,00060,Discharge,1,gr-data.xlsx
USGS-05447500,2013-01-17,6.0598051706880005,m3/s,00060,Discharge,1,gr-data.xlsx
USGS-05447500,2013-01-18,5.23861661952,m3/s,00060,Discharge,1,gr-data.xlsx
USGS-05447500,2013-01-19,4.8421807672320005,m3/s,00060,Discharge,1,gr-data.xlsx
USGS-05447500,2013-01-20,4.445744914944,m3/s,00060,Discharge,1,gr-data.xlsx
USGS-05447500,2013-01-21,4.162576449024,m3/s,00060,Discharge,1,gr-data.xlsx
USGS-05447500,2013-01-22,3.9926753694720003,m3/s,00060,Discharge,1,gr-data.xlsx
USGS-05447500,2013-01-23,3.9077248296960003,m3/s,00060,Discharge,1,gr-data.xlsx
USGS-05447500,2013-01-24,3.82277428992,m3/s,00060,Discharge,1,gr-data.xlsx
USGS-05447500,2013-01-25,3.766140596736,m3/s,00060,Discharge,1,gr-data.xlsx
USGS-05447500,2013-01-26,4.10594275584,m3/s,00060,Discharge,1,gr-data.xlsx
USGS-05447500,2013-01-27,4.559012301312,m3/s,00060,Discharge,1,gr-data.xlsx
USGS-05447500,2013-01-28,6.286339943424,m3/s,00060,Discharge,1,gr-data.xlsx
USGS-05447500,2013-01-29,8.976440369664001,m3/s,00060,Discharge,1,gr-data.xlsx
USGS-05447500,2013-01-30,20.076644233728,m3/s,00060,Discharge,1,gr-data.xlsx
USGS-05447500,2013-01-31,20.133277926912,m3/s,00060,Discharge,1,gr-data.xlsx
USGS-05447500,2013-02-01,18.4059502848,m3/s,00060,Discharge,1,gr-data.xlsx
USGS-05447500,2013-02-02,18.4059502848,m3/s,00060,Discharge,1,gr-data.xlsx
USGS-05447500,2013-02-03,24.0693196032,m3/s,00060,Discharge,1,gr-data.xlsx
USGS-05447500,2013-02-04,24.975458694144002,m3/s,00060,Discharge,1,gr-data.xlsx
USGS-05447500,2013-02-05,20.416446392832,m3/s,00060,Discharge,1,gr-data.xlsx
USGS-05447500,2013-02-06,16.876840568832,m3/s,00060,Discharge,1,gr-data.xlsx
USGS-05447500,2013-02-07,21.719021336064,m3/s,00060,Discharge,1,gr-data.xlsx
USGS-05447500,2013-02-08,52.95250312704,m3/s,00060,Discharge,1,gr-data.xlsx
USGS-05447500,2013-02-09,27.920410739712,m3/s,00060,Discharge,1,gr-data.xlsx
USGS-05447500,2013-02-10,21.52080340992,m3/s,00060,Discharge,1,gr-data.xlsx
USGS-05447500,2013-02-11,44.17428068352,m3/s,00060,Discharge,1,gr-data.xlsx
USGS-05447500,2013-02-12,36.24556363776,m3/s,00060,Discharge,1,gr-data.xlsx
USGS-05447500,2013-02-13,22.455259347456,m3/s,00060,Discharge,1,gr-data.xlsx
USGS-05447500,2013-02-14,17.358226960896,m3/s,00060,Discharge,1,gr-data.xlsx
USGS-05447500,2013-02-15,14.639809688064,m3/s,00060,Discharge,1,gr-data.xlsx
USGS-05447500,2013-02-16,11.46832286976,m3/s,00060,Discharge,1,gr-data.xlsx
USGS-05447500,2013-02-17,10.788718551552,m3/s,00060,Discharge,1,gr-data.xlsx
USGS-05447500,2013-02-18,11.440006023168001,m3/s,00060,Discharge,1,gr-data.xlsx
USGS-05447500,2013-02-19,10.533866932224,m3/s,00060,Discharge,1,gr-data.xlsx
USGS-05447500,2013-02-20,9.9108963072,m3/s,00060,Discharge,1,gr-data.xlsx
USGS-05447500,2013-02-21,14.158423296,m3/s,00060,Discharge,1,gr-data.xlsx
USGS-05447500,2013-02-22,12.7425809664,m3/s,00060,Discharge,1,gr-data.xlsx
USGS-05447500,2013-02-23,11.89307556864,m3/s,00060,Discharge,1,gr-data.xlsx
USGS-05447500,2013-02-24,11.3267386368,m3/s,00060,Discharge,1,gr-data.xlsx
USGS-05447500,2013-02-25,10.618817472,m3/s,00060,Discharge,1,gr-data.xlsx
USGS-05447500,2013-02-26,10.505550085632,m3/s,00060,Discharge,1,gr-data.xlsx
USGS-05447500,2013-02-27,9.995846846976,m3/s,00060,Discharge,1,gr-data.xlsx
USGS-05447500,2013-02-28,9.9108963072,m3/s,00060,Discharge,1,gr-data.xlsx
USGS-05447500,2013-03-01,9.48614360832,m3/s,00060,Discharge,1,gr-data.xlsx
USGS-05447500,2013-03-02,8.35346974464,m3/s,00060,Discharge,1,gr-data.xlsx
USGS-05447500,2013-03-03,7.872083352576,m3/s,00060,Discharge,1,gr-data.xlsx
USGS-05447500,2013-03-04,7.957033892352,m3/s,00060,Discharge,1,gr-data.xlsx
USGS-05447500,2013-03-05,8.155251818496,m3/s,00060,Discharge,1,gr-data.xlsx
USGS-05447500,2013-03-06,7.815449659392001,m3/s,00060,Discharge,1,gr-data.xlsx
USGS-05447500,2013-03-07,7.957033892352,m3/s,00060,Discharge,1,gr-data.xlsx
USGS-05447500,2013-03-08,7.3623801139200005,m3/s,00060,Discharge,1,gr-data.xlsx
USGS-05447500,2013-03-09,7.900400199168001,m3/s,00060,Discharge,1,gr-data.xlsx
USGS-05447500,2013-03-10,83.81786591232,m3/s,00060,Discharge,1,gr-data.xlsx
USGS-05447500,2013-03-11,194.53673608704,m3/s,00060,Discharge,1,gr-data.xlsx
USGS-05447500,2013-03-12,154.89315085824,m3/s,00060,Discharge,1,gr-data.xlsx
USGS-05447500,2013-03-13,111.56837557248001,m3/s,00060,Discharge,1,gr-data.xlsx
USGS-05447500,2013-03-14,84.38420284416,m3/s,00060,Discharge,1,gr-data.xlsx
USGS-05447500,2013-03-15,60.31488324096,m3/s,00060,Discharge,1,gr-data.xlsx
USGS-05447500,2013-03-16,48.1386392064,m3/s,00060,Discharge,1,gr-data.xlsx
USGS-05447500,2013-03-17,42.19210142208,m3/s,00060,Discharge,1,gr-data.xlsx
USGS-05447500,2013-03-18,36.52873210368,m3/s,00060,Discharge,1,gr-data.xlsx
USGS-05447500,2013-03-19,31.99803664896,m3/s,00060,Discharge,1,gr-data.xlsx
USGS-05447500,2013-03-20,29.166351989760003,m3/s,00060,Discharge,1,gr-data.xlsx
USGS-05447500,2013-03-21,25.683379858944,m3/s,00060,Discharge,1,gr-data.xlsx
USGS-05447500,2013-03-22,23.361398438400002,m3/s,00060,Discharge,1,gr-data.xlsx
USGS-05447500,2013-03-23,20.5297137792,m3/s,00060,Discharge,1,gr-data.xlsx
USGS-05447500,2013-03-24,19.68020838144,m3/s,00060,Discharge,1,gr-data.xlsx
USGS-05447500,2013-03-25,19.906743154176002,m3/s,00060,Discharge,1,gr-data.xlsx
USGS-05447500,2013-03-26,17.98119758592,m3/s,00060,Discharge,1,gr-data.xlsx
USGS-05447500,2013-03-27,16.791890029056,m3/s,00060,Discharge,1,gr-data.xlsx
USGS-05447500,2013-03-28,16.508721563136,m3/s,00060,Discharge,1,gr-data.xlsx
USGS-05447500,2013-03-29,16.367137330176,m3/s,00060,Discharge,1,gr-data.xlsx
USGS-05447500,2013-03-30,16.395454176768002,m3/s,00060,Discharge,1,gr-data.xlsx
USGS-05447500,2013-03-31,16.735256335872002,m3/s,00060,Discharge,1,gr-data.xlsx
USGS-05447500,2013-04-01,16.56535525632,m3/s,00060,Discharge,1,gr-data.xlsx
USGS-05447500,2013-04-02,15.545948779008,m3/s,00060,Discharge,1,gr-data.xlsx
USGS-05447500,2013-04-03,14.413274915328,m3/s,00060,Discharge,1,gr-data.xlsx
USGS-05447500,2013-04-04,13.620403210752,m3/s,00060,Discharge,1,gr-data.xlsx
USGS-05447500,2013-04-05,13.167333665280001,m3/s,00060,Discharge,1,gr-data.xlsx
USGS-05447500,2013-04-06,12.60099673344,m3/s,00060,Discharge,1,gr-data.xlsx
USGS-05447500,2013-04-07,12.60099673344,m3/s,00060,Discharge,1,gr-data.xlsx
USGS-05447500,2013-04-08,13.73367059712,m3/s,00060,Discharge,1,gr-data.xlsx
USGS-05447500,2013-04-09,15.177829773312,m3/s,00060,Discharge,1,gr-data.xlsx
USGS-05447500,2013-04-10,15.687533011968,m3/s,00060,Discharge,1,gr-data.xlsx
USGS-05447500,2013-04-11,38.79407983104,m3/s,00060,Discharge,1,gr-data.xlsx
USGS-05447500,2013-04-12,50.68715539968,m3/s,00060,Discharge,1,gr-data.xlsx
USGS-05447500,2013-04-13,40.776259092480004,m3/s,00060,Discharge,1,gr-data.xlsx
USGS-05447500,2013-04-14,33.69704744448,m3/s,00060,Discharge,1,gr-data.xlsx
USGS-05447500,2013-04-15,32.5643735808,m3/s,00060,Discharge,1,gr-data.xlsx
USGS-05447500,2013-04-16,31.1485312512,m3/s,00060,Discharge,1,gr-data.xlsx
USGS-05447500,2013-04-17,41.0594275584,m3/s,00060,Discharge,1,gr-data.xlsx
USGS-05447500,2013-04-18,178.3961335296,m3/s,00060,Discharge,1,gr-data.xlsx
USGS-05447500,2013-04-19,225.1189304064,m3/s,00060,Discharge,1,gr-data.xlsx
USGS-05447500,2013-04-20,205.58030625792,m3/s,00060,Discharge,1,gr-data.xlsx
USGS-05447500,2013-04-21,184.059502848,m3/s,00060,Discharge,1,gr-data.xlsx
USGS-05447500,2013-04-22,155.742656256,m3/s,00060,Discharge,1,gr-data.xlsx
USGS-05447500,2013-04-23,122.04560881152,m3/s,00060,Discharge,1,gr-data.xlsx
USGS-05447500,2013-04-24,113.267386368,m3/s,00060,Discharge,1,gr-data.xlsx
USGS-05447500,2013-04-25,99.10896307200001,m3/s,00060,Discharge,1,gr-data.xlsx
USGS-05447500,2013-04-26,84.950539776,m3/s,00060,Discharge,1,gr-data.xlsx
USGS-05447500,2013-04-27,70.79211648,m3/s,00060,Discharge,1,gr-data.xlsx
USGS-05447500,2013-04-28,56.633693184,m3/s,00060,Discharge,1,gr-data.xlsx
USGS-05447500,2013-04-29,48.1386392064,m3/s,00060,Discharge,1,gr-data.xlsx
USGS-05447500,2013-04-30,42.475269888,m3/s,00060,Discharge,1,gr-data.xlsx
USGS-05447500,2013-05-01,38.2277428992,m3/s,00060,Discharge,1,gr-data.xlsx
USGS-05447500,2013-05-02,33.9802159104,m3/s,00060,Discharge,1,gr-data.xlsx
USGS-05447500,2013-05-03,34.82972130816,m3/s,00060,Discharge,1,gr-data.xlsx
USGS-05447500,2013-05-04,51.25349233152,m3/s,00060,Discharge,1,gr-data.xlsx
USGS-05447500,2013-05-05,48.70497613824,m3/s,00060,Discharge,1,gr-data.xlsx
USGS-05447500,2013-05-06,42.19210142208,m3/s,00060,Discharge,1,gr-data.xlsx
USGS-05447500,2013-05-07,37.378237501440005,m3/s,00060,Discharge,1,gr-data.xlsx
USGS-05447500,2013-05-08,34.26338437632,m3/s,00060,Discharge,1,gr-data.xlsx
USGS-05447500,2013-05-09,32.28120511488,m3/s,00060,Discharge,1,gr-data.xlsx
USGS-05447500,2013-05-10,31.71486818304,m3/s,00060,Discharge,1,gr-data.xlsx
USGS-05447500,2013-05-11,29.449520455680002,m3/s,00060,Discharge,1,gr-data.xlsx
USGS-05447500,2013-05-12,27.297440114688,m3/s,00060,Discharge,1,gr-data.xlsx
USGS-05447500,2013-05-13,25.456845086208002,m3/s,00060,Discharge,1,gr-data.xlsx
USGS-05447500,2013-05-14,24.239220682752002,m3/s,00060,Discharge,1,gr-data.xlsx
USGS-05447500,2013-05-15,22.964962586112,m3/s,00060,Discharge,1,gr-data.xlsx
USGS-05447500,2013-05-16,21.37921917696,m3/s,00060,Discharge,1,gr-data.xlsx
USGS-05447500,2013-05-17,20.020010540544,m3/s,00060,Discharge,1,gr-data.xlsx
USGS-05447500,2013-05-18,19.1138714496,m3/s,00060,Discharge,1,gr-data.xlsx
USGS-05447500,2013-05-19,18.207732358656,m3/s,00060,Discharge,1,gr-data.xlsx
USGS-05447500,2013-05-20,18.207732358656,m3/s,00060,Discharge,1,gr-data.xlsx
USGS-05447500,2013-05-21,24.125953296384,m3/s,00060,Discharge,1,gr-data.xlsx
USGS-05447500,2013-05-22,23.956052216832,m3/s,00060,Discharge,1,gr-data.xlsx
USGS-05447500,2013-05-23,20.614664318976,m3/s,00060,Discharge,1,gr-data.xlsx
USGS-05447500,2013-05-24,18.604168210944,m3/s,00060,Discharge,1,gr-data.xlsx
USGS-05447500,2013-05-25,17.924563892736,m3/s,00060,Discharge,1,gr-data.xlsx
USGS-05447500,2013-05-26,27.6089254272,m3/s,00060,Discharge,1,gr-data.xlsx
USGS-05447500,2013-05-27,162.25553097216002,m3/s,00060,Discharge,1,gr-data.xlsx
USGS-05447500,2013-05-28,93.16242528768001,m3/s,00060,Discharge,1,gr-data.xlsx
USGS-05447500,2013-05-29,86.93271903744001,m3/s,00060,Discharge,1,gr-data.xlsx
USGS-05447500,2013-05-30,61.16438863872,m3/s,00060,Discharge,1,gr-data.xlsx
USGS-05447500,2013-05-31,70.50894801408,m3/s,00060,Discharge,1,gr-data.xlsx
USGS-05447500,2013-06-01,68.24360028672,m3/s,00060,Discharge,1,gr-data.xlsx
USGS-05447500,2013-06-02,52.95250312704,m3/s,00060,Discharge,1,gr-data.xlsx
USGS-05447500,2013-06-03,43.607943751680004,m3/s,00060,Discharge,1,gr-data.xlsx
USGS-05447500,2013-06-04,37.378237501440005,m3/s,00060,Discharge,1,gr-data.xlsx
USGS-05447500,2013-06-05,33.69704744448,m3/s,00060,Discharge,1,gr-data.xlsx
USGS-05447500,2013-06-06,33.41387897856,m3/s,00060,Discharge,1,gr-data.xlsx
USGS-05447500,2013-06-07,33.9802159104,m3/s,00060,Discharge,1,gr-data.xlsx
USGS-05447500,2013-06-08,31.71486818304,m3/s,00060,Discharge,1,gr-data.xlsx
USGS-05447500,2013-06-09,29.166351989760003,m3/s,00060,Discharge,1,gr-data.xlsx
USGS-05447500,2013-06-10,28.60001505792,m3/s,00060,Discharge,1,gr-data.xlsx
USGS-05447500,2013-06-11,25.570112472576,m3/s,00060,Discharge,1,gr-data.xlsx
USGS-05447500,2013-06-12,23.701200597504002,m3/s,00060,Discharge,1,gr-data.xlsx
USGS-05447500,2013-06-13,23.757834290688,m3/s,00060,Discharge,1,gr-data.xlsx
USGS-05447500,2013-06-14,40.20992216064,m3/s,00060,Discharge,1,gr-data.xlsx
USGS-05447500,2013-06-15,35.67922670592,m3/s,00060,Discharge,1,gr-data.xlsx
USGS-05447500,2013-06-16,30.29902585344,m3/s,00060,Discharge,1,gr-data.xlsx
USGS-05447500,2013-06-17,25.966548324864,m3/s,00060,Discharge,1,gr-data.xlsx
USGS-05447500,2013-06-18,22.79506150656,m3/s,00060,Discharge,1,gr-data.xlsx
USGS-05447500,2013-06-19,20.5297137792,m3/s,00060,Discharge,1,gr-data.xlsx
USGS-05447500,2013-06-20,18.887336676864,m3/s,00060,Discharge,1,gr-data.xlsx
USGS-05447500,2013-06-21,17.98119758592,m3/s,00060,Discharge,1,gr-data.xlsx
USGS-05447500,2013-06-22,19.425356762112,m3/s,00060,Discharge,1,gr-data.xlsx
USGS-05447500,2013-06-23,28.316846592,m3/s,00060,Discharge,1,gr-data.xlsx
USGS-05447500,2013-06-24,147.53077074432,m3/s,00060,Discharge,1,gr-data.xlsx
USGS-05447500,2013-06-25,191.42188296192,m3/s,00060,Discharge,1,gr-data.xlsx
USGS-05447500,2013-06-26,125.44363040256,m3/s,00060,Discharge,1,gr-data.xlsx
USGS-05447500,2013-06-27,97.40995227648,m3/s,00060,Discharge,1,gr-data.xlsx
USGS-05447500,2013-06-28,69.94261108224,m3/s,00060,Discharge,1,gr-data.xlsx
USGS-05447500,2013-06-29,55.501019320320005,m3/s,00060,Discharge,1,gr-data.xlsx
USGS-05447500,2013-06-30,50.68715539968,m3/s,00060,Discharge,1,gr-data.xlsx
USGS-05447500,2013-07-01,60.59805170688,m3/s,00060,Discharge,1,gr-data.xlsx
USGS-05447500,2013-07-02,48.1386392064,m3/s,00060,Discharge,1,gr-data.xlsx
USGS-05447500,2013-07-03,39.6435852288,m3/s,00060,Discharge,1,gr-data.xlsx
USGS-05447500,2013-07-04,35.11288977408,m3/s,00060,Discharge,1,gr-data.xlsx
USGS-05447500,2013-07-05,31.99803664896,m3/s,00060,Discharge,1,gr-data.xlsx
USGS-05447500,2013-07-06,29.166351989760003,m3/s,00060,Discharge,1,gr-data.xlsx
USGS-05447500,2013-07-07,26.221399944192,m3/s,00060,Discharge,1,gr-data.xlsx
USGS-05447500,2013-07-08,24.833874461184,m3/s,00060,Discharge,1,gr-data.xlsx
USGS-05447500,2013-07-09,25.145359773696,m3/s,00060,Discharge,1,gr-data.xlsx
USGS-05447500,2013-07-10,24.182586989568,m3/s,00060,Discharge,1,gr-data.xlsx
USGS-05447500,2013-07-11,21.747338182656,m3/s,00060,Discharge,1,gr-data.xlsx
USGS-05447500,2013-07-12,19.623574688256,m3/s,00060,Discharge,1,gr-data.xlsx
USGS-05447500,2013-07-13,17.867930199552,m3/s,00060,Discharge,1,gr-data.xlsx
USGS-05447500,2013-07-14,16.508721563136,m3/s,00060,Discharge,1,gr-data.xlsx
USGS-05447500,2013-07-15,15.432681392640001,m3/s,00060,Discharge,1,gr-data.xlsx
USGS-05447500,2013-07-16,14.384958068736001,m3/s,00060,Discharge,1,gr-data.xlsx
USGS-05447500,2013-07-17,13.4505021312,m3/s,00060,Discharge,1,gr-data.xlsx
USGS-05447500,2013-07-18,12.487729347072001,m3/s,00060,Discharge,1,gr-data.xlsx
USGS-05447500,2013-07-19,11.666540795904,m3/s,00060,Discharge,1,gr-data.xlsx
USGS-05447500,2013-07-20,10.986936477696,m3/s,00060,Discharge,1,gr-data.xlsx
USGS-05447500,2013-07-21,10.392282699264001,m3/s,00060,Discharge,1,gr-data.xlsx
USGS-05447500,2013-07-22,11.18515440384,m3/s,00060,Discharge,1,gr-data.xlsx
USGS-05447500,2013-07-23,10.788718551552,m3/s,00060,Discharge,1,gr-data.xlsx
USGS-05447500,2013-07-24,9.542777301504,m3/s,00060,Discharge,1,gr-data.xlsx
USGS-05447500,2013-07-25,8.948123523072,m3/s,00060,Discharge,1,gr-data.xlsx
USGS-05447500,2013-07-26,8.608321363968,m3/s,00060,Discharge,1,gr-data.xlsx
USGS-05447500,2013-07-27,8.466737131008001,m3/s,00060,Discharge,1,gr-data.xlsx
USGS-05447500,2013-07-28,8.098618125312,m3/s,00060,Discharge,1,gr-data.xlsx
USGS-05447500,2013-07-29,7.843766505984,m3/s,00060,Discharge,1,gr-data.xlsx
USGS-05447500,2013-07-30,7.872083352576,m3/s,00060,Discharge,1,gr-data.xlsx
USGS-05447500,2013-07-31,7.900400199168001,m3/s,00060,Discharge,1,gr-data.xlsx
USGS-05447500,2013-08-01,7.390696960512,m3/s,00060,Discharge,1,gr-data.xlsx
USGS-05447500,2013-08-02,7.1924790343680005,m3/s,00060,Discharge,1,gr-data.xlsx
USGS-05447500,2013-08-03,7.419013807104,m3/s,00060,Discharge,1,gr-data.xlsx
USGS-05447500,2013-08-04,6.597825255936,m3/s,00060,Discharge,1,gr-data.xlsx
USGS-05447500,2013-08-05,7.3623801139200005,m3/s,00060,Discharge,1,gr-data.xlsx
USGS-05447500,2013-08-06,7.7871328128,m3/s,00060,Discharge,1,gr-data.xlsx
USGS-05447500,2013-08-07,6.79604318208,m3/s,00060,Discharge,1,gr-data.xlsx
USGS-05447500,2013-08-08,6.342973636608,m3/s,00060,Discharge,1,gr-data.xlsx
USGS-05447500,2013-08-09,5.861587244544,m3/s,00060,Discharge,1,gr-data.xlsx
USGS-05447500,2013-08-10,5.578418778624,m3/s,00060,Discharge,1,gr-data.xlsx
USGS-05447500,2013-08-11,5.323567159296,m3/s,00060,Discharge,1,gr-data.xlsx
USGS-05447500,2013-08-12,5.068715539968,m3/s,00060,Discharge,1,gr-data.xlsx
USGS-05447500,2013-08-13,4.9271313070080005,m3/s,00060,Discharge,1,gr-data.xlsx
USGS-05447500,2013-08-14,4.728913380864,m3/s,00060,Discharge,1,gr-data.xlsx
USGS-05447500,2013-08-15,4.53069545472,m3/s,00060,Discharge,1,gr-data.xlsx
USGS-05447500,2013-08-16,4.502378608128,m3/s,00060,Discharge,1,gr-data.xlsx
USGS-05447500,2013-08-17,4.360794375168,m3/s,00060,Discharge,1,gr-data.xlsx
USGS-05447500,2013-08-18,4.219210142208,m3/s,00060,Discharge,1,gr-data.xlsx
USGS-05447500,2013-08-19,4.020992216064,m3/s,00060,Discharge,1,gr-data.xlsx
USGS-05447500,2013-08-20,3.879407983104,m3/s,00060,Discharge,1,gr-data.xlsx
USGS-05447500,2013-08-21,3.737823750144,m3/s,00060,Discharge,1,gr-data.xlsx
USGS-05447500,2013-08-22,3.539605824,m3/s,00060,Discharge,1,gr-data.xlsx
USGS-05447500,2013-08-23,3.709506903552,m3/s,00060,Discharge,1,gr-data.xlsx
USGS-05447500,2013-08-24,3.851091136512,m3/s,00060,Discharge,1,gr-data.xlsx
USGS-05447500,2013-08-25,3.624556363776,m3/s,00060,Discharge,1,gr-data.xlsx
USGS-05447500,2013-08-26,3.369704744448,m3/s,00060,Discharge,1,gr-data.xlsx
USGS-05447500,2013-08-27,3.199803664896,m3/s,00060,Discharge,1,gr-data.xlsx
USGS-05447500,2013-08-28,3.0299025853440003,m3/s,00060,Discharge,1,gr-data.xlsx
USGS-05447500,2013-08-29,2.9449520455680003,m3/s,00060,Discharge,1,gr-data.xlsx
USGS-05447500,2013-08-30,2.916635198976,m3/s,00060,Discharge,1,gr-data.xlsx
USGS-05447500,2013-08-31,2.888318352384,m3/s,00060,Discharge,1,gr-data.xlsx
USGS-05447500,2013-09-01,2.888318352384,m3/s,00060,Discharge,1,gr-data.xlsx
USGS-05447500,2013-09-02,2.916635198976,m3/s,00060,Discharge,1,gr-data.xlsx
USGS-05447500,2013-09-03,2.888318352384,m3/s,00060,Discharge,1,gr-data.xlsx
USGS-05447500,2013-09-04,2.8600015057920003,m3/s,00060,Discharge,1,gr-data.xlsx
USGS-05447500,2013-09-05,2.803367812608,m3/s,00060,Discharge,1,gr-data.xlsx
USGS-05447500,2013-09-06,2.7297440114688003,m3/s,00060,Discharge,1,gr-data.xlsx
USGS-05447500,2013-09-07,2.6504568410112,m3/s,00060,Discharge,1,gr-data.xlsx
USGS-05447500,2013-09-08,2.5683379858944,m3/s,00060,Discharge,1,gr-data.xlsx
USGS-05447500,2013-09-09,2.5541795625984003,m3/s,00060,Discharge,1,gr-data.xlsx
USGS-05447500,2013-09-10,2.5400211393024,m3/s,00060,Discharge,1,gr-data.xlsx
USGS-05447500,2013-09-11,2.4692290228224003,m3/s,00060,Discharge,1,gr-data.xlsx
USGS-05447500,2013-09-12,2.4097636449791997,m3/s,00060,Discharge,1,gr-data.xlsx
USGS-05447500,2013-09-13,2.3814467983872,m3/s,00060,Discharge,1,gr-data.xlsx
USGS-05447500,2013-09-14,2.3814467983872,m3/s,00060,Discharge,1,gr-data.xlsx
USGS-05447500,2013-09-15,2.5258627160064,m3/s,00060,Discharge,1,gr-data.xlsx
USGS-05447500,2013-09-16,2.6816053722624003,m3/s,00060,Discharge,1,gr-data.xlsx
USGS-05447500,2013-09-17,2.6419617870336,m3/s,00060,Discharge,1,gr-data.xlsx
USGS-05447500,2013-09-18,2.5938231478272,m3/s,00060,Discharge,1,gr-data.xlsx
USGS-05447500,2013-09-19,2.590991463168,m3/s,00060,Discharge,1,gr-data.xlsx
USGS-05447500,2013-09-20,2.7552291734016,m3/s,00060,Discharge,1,gr-data.xlsx
USGS-05447500,2013-09-21,2.6816053722624003,m3/s,00060,Discharge,1,gr-data.xlsx
USGS-05447500,2013-09-22,2.5853280938496,m3/s,00060,Discharge,1,gr-data.xlsx
USGS-05447500,2013-09-23,2.5032092387328,m3/s,00060,Discharge,1,gr-data.xlsx
USGS-05447500,2013-09-24,2.4833874461184,m3/s,00060,Discharge,1,gr-data.xlsx
USGS-05447500,2013-09-25,2.4663973381632,m3/s,00060,Discharge,1,gr-data.xlsx
USGS-05447500,2013-09-26,2.4465755455488,m3/s,00060,Discharge,1,gr-data.xlsx
USGS-05447500,2013-09-27,2.4267537529344003,m3/s,00060,Discharge,1,gr-data.xlsx
USGS-05447500,2013-09-28,2.3786151137280003,m3/s,00060,Discharge,1,gr-data.xlsx
USGS-05447500,2013-09-29,2.435248806912,m3/s,00060,Discharge,1,gr-data.xlsx
USGS-05447500,2013-09-30,2.4012685910016,m3/s,00060,Discharge,1,gr-data.xlsx
USGS-05447500,2013-10-01,2.3786151137280003,m3/s,00060,Discharge,1,gr-data.xlsx
USGS-05447500,2013-10-02,2.3701200597504,m3/s,00060,Discharge,1,gr-data.xlsx
USGS-05447500,2013-10-03,2.6221399944192,m3/s,00060,Discharge,1,gr-data.xlsx
USGS-05447500,2013-10-04,3.5962395171840003,m3/s,00060,Discharge,1,gr-data.xlsx
USGS-05447500,2013-10-05,3.228120511488,m3/s,00060,Discharge,1,gr-data.xlsx
USGS-05447500,2013-10-06,2.97326889216,m3/s,00060,Discharge,1,gr-data.xlsx
USGS-05447500,2013-10-07,2.803367812608,m3/s,00060,Discharge,1,gr-data.xlsx
USGS-05447500,2013-10-08,2.7070905341952,m3/s,00060,Discharge,1,gr-data.xlsx
USGS-05447500,2013-10-09,2.605149886464,m3/s,00060,Discharge,1,gr-data.xlsx
USGS-05447500,2013-10-10,2.5683379858944,m3/s,00060,Discharge,1,gr-data.xlsx
USGS-05447500,2013-10-11,2.5258627160064,m3/s,00060,Discharge,1,gr-data.xlsx
USGS-05447500,2013-10-12,2.491882500096,m3/s,00060,Discharge,1,gr-data.xlsx
USGS-05447500,2013-10-13,2.4947141847552,m3/s,00060,Discharge,1,gr-data.xlsx
USGS-05447500,2013-10-14,2.4862191307776,m3/s,00060,Discharge,1,gr-data.xlsx
USGS-05447500,2013-10-15,2.5315260853248,m3/s,00060,Discharge,1,gr-data.xlsx
USGS-05447500,2013-10-16,2.590991463168,m3/s,00060,Discharge,1,gr-data.xlsx
USGS-05447500,2013-10-17,2.6504568410112,m3/s,00060,Discharge,1,gr-data.xlsx
USGS-05447500,2013-10-18,2.6702786336256,m3/s,00060,Discharge,1,gr-data.xlsx
USGS-05447500,2013-10-19,2.6674469489664,m3/s,00060,Discharge,1,gr-data.xlsx
USGS-05447500,2013-10-20,2.6674469489664,m3/s,00060,Discharge,1,gr-data.xlsx
USGS-05447500,2013-10-21,2.6079815711232,m3/s,00060,Discharge,1,gr-data.xlsx
USGS-05447500,2013-10-22,2.704258849536,m3/s,00060,Discharge,1,gr-data.xlsx
USGS-05447500,2013-10-23,2.888318352384,m3/s,00060,Discharge,1,gr-data.xlsx
USGS-05447500,2013-10-24,2.916635198976,m3/s,00060,Discharge,1,gr-data.xlsx
USGS-05447500,2013-10-25,2.8600015057920003,m3/s,00060,Discharge,1,gr-data.xlsx
USGS-05447500,2013-10-26,2.888318352384,m3/s,00060,Discharge,1,gr-data.xlsx
USGS-05447500,2013-10-27,2.916635198976,m3/s,00060,Discharge,1,gr-data.xlsx
USGS-05447500,2013-10-28,2.8231896052224004,m3/s,00060,Discharge,1,gr-data.xlsx
USGS-05447500,2013-10-29,2.8316846592,m3/s,00060,Discharge,1,gr-data.xlsx
USGS-05447500,2013-10-30,3.0299025853440003,m3/s,00060,Discharge,1,gr-data.xlsx
USGS-05447500,2013-10-31,4.304160681984,m3/s,00060,Discharge,1,gr-data.xlsx
USGS-05447500,2013-11-01,5.493468238848,m3/s,00060,Discharge,1,gr-data.xlsx
USGS-05447500,2013-11-02,4.785547074048,m3/s,00060,Discharge,1,gr-data.xlsx
USGS-05447500,2013-11-03,4.020992216064,m3/s,00060,Discharge,1,gr-data.xlsx
USGS-05447500,2013-11-04,3.624556363776,m3/s,00060,Discharge,1,gr-data.xlsx
USGS-05447500,2013-11-05,3.454655284224,m3/s,00060,Discharge,1,gr-data.xlsx
USGS-05447500,2013-11-06,3.4263384376320003,m3/s,00060,Discharge,1,gr-data.xlsx
USGS-05447500,2013-11-07,3.5112889774080003,m3/s,00060,Discharge,1,gr-data.xlsx
USGS-05447500,2013-11-08,3.652873210368,m3/s,00060,Discharge,1,gr-data.xlsx
USGS-05447500,2013-11-09,3.5112889774080003,m3/s,00060,Discharge,1,gr-data.xlsx
USGS-05447500,2013-11-10,3.4263384376320003,m3/s,00060,Discharge,1,gr-data.xlsx
USGS-05447500,2013-11-11,3.341387897856,m3/s,00060,Discharge,1,gr-data.xlsx
USGS-05447500,2013-11-12,3.313071051264,m3/s,00060,Discharge,1,gr-data.xlsx
USGS-05447500,2013-11-13,3.199803664896,m3/s,00060,Discharge,1,gr-data.xlsx
USGS-05447500,2013-11-14,3.454655284224,m3/s,00060,Discharge,1,gr-data.xlsx
USGS-05447500,2013-11-15,3.482972130816,m3/s,00060,Discharge,1,gr-data.xlsx
USGS-05447500,2013-11-16,3.369704744448,m3/s,00060,Discharge,1,gr-data.xlsx
USGS-05447500,2013-11-17,3.5962395171840003,m3/s,00060,Discharge,1,gr-data.xlsx
USGS-05447500,2013-11-18,4.559012301312,m3/s,00060,Discharge,1,gr-data.xlsx
USGS-05447500,2013-11-19,4.275843835392,m3/s,00060,Discharge,1,gr-data.xlsx
USGS-05447500,2013-11-20,4.020992216064,m3/s,00060,Discharge,1,gr-data.xlsx
USGS-05447500,2013-11-21,4.077625909248,m3/s,00060,Discharge,1,gr-data.xlsx
USGS-05447500,2013-11-22,3.96435852288,m3/s,00060,Discharge,1,gr-data.xlsx
USGS-05447500,2013-11-23,3.624556363776,m3/s,00060,Discharge,1,gr-data.xlsx
USGS-05447500,2013-11-24,3.82277428992,m3/s,00060,Discharge,1,gr-data.xlsx
USGS-05447500,2013-11-25,4.020992216064,m3/s,00060,Discharge,1,gr-data.xlsx
USGS-05447500,2013-11-26,4.219210142208,m3/s,00060,Discharge,1,gr-data.xlsx
USGS-05447500,2013-11-27,4.10594275584,m3/s,00060,Discharge,1,gr-data.xlsx
USGS-05447500,2013-11-28,3.96435852288,m3/s,00060,Discharge,1,gr-data.xlsx
USGS-05447500,2013-11-29,3.6811900569600002,m3/s,00060,Discharge,1,gr-data.xlsx
USGS-05447500,2013-11-30,3.539605824,m3/s,00060,Discharge,1,gr-data.xlsx
USGS-05447500,2013-12-01,3.39802159104,m3/s,00060,Discharge,1,gr-data.xlsx
USGS-05447500,2013-12-02,3.539605824,m3/s,00060,Discharge,1,gr-data.xlsx
USGS-05447500,2013-12-03,3.6811900569600002,m3/s,00060,Discharge,1,gr-data.xlsx
USGS-05447500,2013-12-04,3.851091136512,m3/s,00060,Discharge,1,gr-data.xlsx
USGS-05447500,2013-12-05,3.454655284224,m3/s,00060,Discharge,1,gr-data.xlsx
USGS-05447500,2013-12-06,3.1148531251200002,m3/s,00060,Discharge,1,gr-data.xlsx
USGS-05447500,2013-12-07,2.8316846592,m3/s,00060,Discharge,1,gr-data.xlsx
USGS-05447500,2013-12-08,2.69010042624,m3/s,00060,Discharge,1,gr-data.xlsx
USGS-05447500,2013-12-09,2.605149886464,m3/s,00060,Discharge,1,gr-data.xlsx
USGS-05447500,2013-12-10,2.5485161932800002,m3/s,00060,Discharge,1,gr-data.xlsx
USGS-05447500,2013-12-11,2.6957637955584,m3/s,00060,Discharge,1,gr-data.xlsx
USGS-05447500,2013-12-12,2.5485161932800002,m3/s,00060,Discharge,1,gr-data.xlsx
USGS-05447500,2013-12-13,2.8316846592,m3/s,00060,Discharge,1,gr-data.xlsx
USGS-05447500,2013-12-14,2.69010042624,m3/s,00060,Discharge,1,gr-data.xlsx
USGS-05447500,2013-12-15,2.69010042624,m3/s,00060,Discharge,1,gr-data.xlsx
USGS-05447500,2013-12-16,2.8316846592,m3/s,00060,Discharge,1,gr-data.xlsx
USGS-05447500,2013-12-17,2.69010042624,m3/s,00060,Discharge,1,gr-data.xlsx
USGS-05447500,2013-12-18,2.5485161932800002,m3/s,00060,Discharge,1,gr-data.xlsx
USGS-05447500,2013-12-19,2.8316846592,m3/s,00060,Discharge,1,gr-data.xlsx
USGS-05447500,2013-12-20,3.1148531251200002,m3/s,00060,Discharge,1,gr-data.xlsx
USGS-05447500,2013-12-21,2.97326889216,m3/s,00060,Discharge,1,gr-data.xlsx
USGS-05447500,2013-12-22,2.8316846592,m3/s,00060,Discharge,1,gr-data.xlsx
USGS-05447500,2013-12-23,2.6957637955584,m3/s,00060,Discharge,1,gr-data.xlsx
USGS-05447500,2013-12-24,2.5485161932800002,m3/s,00060,Discharge,1,gr-data.xlsx
USGS-05447500,2013-12-25,2.8316846592,m3/s,00060,Discharge,1,gr-data.xlsx
USGS-05447500,2013-12-26,3.1148531251200002,m3/s,00060,Discharge,1,gr-data.xlsx
USGS-05447500,2013-12-27,3.39802159104,m3/s,00060,Discharge,1,gr-data.xlsx
USGS-05447500,2013-12-28,3.39802159104,m3/s,00060,Discharge,1,gr-data.xlsx
USGS-05447500,2013-12-29,3.1148531251200002,m3/s,00060,Discharge,1,gr-data.xlsx
USGS-05447500,2013-12-30,2.8316846592,m3/s,00060,Discharge,1,gr-data.xlsx
USGS-05447500,2013-12-31,2.97326889216,m3/s,00060,Discharge,1,gr-data.xlsx
USGS-05447500,2014-01-01,2.8316846592,m3/s,00060,Discharge,1,gr-data.xlsx
USGS-05447500,2014-01-02,2.69010042624,m3/s,00060,Discharge,1,gr-data.xlsx
USGS-05447500,2014-01-03,2.5485161932800002,m3/s,00060,Discharge,1,gr-data.xlsx
USGS-05447500,2014-01-04,2.8316846592,m3/s,00060,Discharge,1,gr-data.xlsx
USGS-05447500,2014-01-05,2.69010042624,m3/s,00060,Discharge,1,gr-data.xlsx
USGS-05447500,2014-01-06,2.5485161932800002,m3/s,00060,Discharge,1,gr-data.xlsx
USGS-05447500,2014-01-07,2.97326889216,m3/s,00060,Discharge,1,gr-data.xlsx
USGS-05447500,2014-01-08,3.1148531251200002,m3/s,00060,Discharge,1,gr-data.xlsx
USGS-05447500,2014-01-09,3.369704744448,m3/s,00060,Discharge,1,gr-data.xlsx
USGS-05447500,2014-01-10,4.2475269888,m3/s,00060,Discharge,1,gr-data.xlsx
USGS-05447500,2014-01-11,8.325152898048,m3/s,00060,Discharge,1,gr-data.xlsx
USGS-05447500,2014-01-12,22.6534772736,m3/s,00060,Discharge,1,gr-data.xlsx
USGS-05447500,2014-01-13,28.316846592,m3/s,00060,Discharge,1,gr-data.xlsx
USGS-05447500,2014-01-14,28.316846592,m3/s,00060,Discharge,1,gr-data.xlsx
USGS-05447500,2014-01-15,21.237634944,m3/s,00060,Discharge,1,gr-data.xlsx
USGS-05447500,2014-01-16,16.9901079552,m3/s,00060,Discharge,1,gr-data.xlsx
USGS-05447500,2014-01-17,14.158423296,m3/s,00060,Discharge,1,gr-data.xlsx
USGS-05447500,2014-01-18,11.3267386368,m3/s,00060,Discharge,1,gr-data.xlsx
USGS-05447500,2014-01-19,9.9108963072,m3/s,00060,Discharge,1,gr-data.xlsx
USGS-05447500,2014-01-20,8.4950539776,m3/s,00060,Discharge,1,gr-data.xlsx
USGS-05447500,2014-01-21,7.079211648,m3/s,00060,Discharge,1,gr-data.xlsx
USGS-05447500,2014-01-22,6.2297062502400005,m3/s,00060,Discharge,1,gr-data.xlsx
USGS-05447500,2014-01-23,5.6633693184,m3/s,00060,Discharge,1,gr-data.xlsx
USGS-05447500,2014-01-24,5.6633693184,m3/s,00060,Discharge,1,gr-data.xlsx
USGS-05447500,2014-01-25,6.2297062502400005,m3/s,00060,Discharge,1,gr-data.xlsx
USGS-05447500,2014-01-26,7.079211648,m3/s,00060,Discharge,1,gr-data.xlsx
USGS-05447500,2014-01-27,6.2297062502400005,m3/s,00060,Discharge,1,gr-data.xlsx
USGS-05447500,2014-01-28,5.38020085248,m3/s,00060,Discharge,1,gr-data.xlsx
USGS-05447500,2014-01-29,5.6633693184,m3/s,00060,Discharge,1,gr-data.xlsx
USGS-05447500,2014-01-30,6.51287471616,m3/s,00060,Discharge,1,gr-data.xlsx
USGS-05447500,2014-01-31,6.2297062502400005,m3/s,00060,Discharge,1,gr-data.xlsx
USGS-05447500,2014-02-01,5.6633693184,m3/s,00060,Discharge,1,gr-data.xlsx
USGS-05447500,2014-02-02,5.38020085248,m3/s,00060,Discharge,1,gr-data.xlsx
USGS-05447500,2014-02-03,5.0970323865600005,m3/s,00060,Discharge,1,gr-data.xlsx
USGS-05447500,2014-02-04,5.38020085248,m3/s,00060,Discharge,1,gr-data.xlsx
USGS-05447500,2014-02-05,5.38020085248,m3/s,00060,Discharge,1,gr-data.xlsx
USGS-05447500,2014-02-06,5.23861661952,m3/s,00060,Discharge,1,gr-data.xlsx
USGS-05447500,2014-02-07,5.0970323865600005,m3/s,00060,Discharge,1,gr-data.xlsx
USGS-05447500,2014-02-08,5.23861661952,m3/s,00060,Discharge,1,gr-data.xlsx
USGS-05447500,2014-02-09,5.38020085248,m3/s,00060,Discharge,1,gr-data.xlsx
USGS-05447500,2014-02-10,5.23861661952,m3/s,00060,Discharge,1,gr-data.xlsx
USGS-05447500,2014-02-11,5.0970323865600005,m3/s,00060,Discharge,1,gr-data.xlsx
USGS-05447500,2014-02-12,5.23861661952,m3/s,00060,Discharge,1,gr-data.xlsx
USGS-05447500,2014-02-13,5.38020085248,m3/s,00060,Discharge,1,gr-data.xlsx
USGS-05447500,2014-02-14,5.23861661952,m3/s,00060,Discharge,1,gr-data.xlsx
USGS-05447500,2014-02-15,5.0970323865600005,m3/s,00060,Discharge,1,gr-data.xlsx
USGS-05447500,2014-02-16,5.0970323865600005,m3/s,00060,Discharge,1,gr-data.xlsx
USGS-05447500,2014-02-17,5.23861661952,m3/s,00060,Discharge,1,gr-data.xlsx
USGS-05447500,2014-02-18,5.38020085248,m3/s,00060,Discharge,1,gr-data.xlsx
USGS-05447500,2014-02-19,5.6633693184,m3/s,00060,Discharge,1,gr-data.xlsx
USGS-05447500,2014-02-20,25.4851619328,m3/s,00060,Discharge,1,gr-data.xlsx
USGS-05447500,2014-02-21,155.742656256,m3/s,00060,Discharge,1,gr-data.xlsx
USGS-05447500,2014-02-22,159.70701477888,m3/s,00060,Discharge,1,gr-data.xlsx
USGS-05447500,2014-02-23,120.06342955008,m3/s,00060,Discharge,1,gr-data.xlsx
USGS-05447500,2014-02-24,84.950539776,m3/s,00060,Discharge,1,gr-data.xlsx
USGS-05447500,2014-02-25,56.633693184,m3/s,00060,Discharge,1,gr-data.xlsx
USGS-05447500,2014-02-26,42.475269888,m3/s,00060,Discharge,1,gr-data.xlsx
USGS-05447500,2014-02-27,31.1485312512,m3/s,00060,Discharge,1,gr-data.xlsx
USGS-05447500,2014-02-28,25.4851619328,m3/s,00060,Discharge,1,gr-data.xlsx
USGS-05447500,2014-03-01,19.8217926144,m3/s,00060,Discharge,1,gr-data.xlsx
USGS-05447500,2014-03-02,15.5742656256,m3/s,00060,Discharge,1,gr-data.xlsx
USGS-05447500,2014-03-03,14.158423296,m3/s,00060,Discharge,1,gr-data.xlsx
USGS-05447500,2014-03-04,12.7425809664,m3/s,00060,Discharge,1,gr-data.xlsx
USGS-05447500,2014-03-05,11.89307556864,m3/s,00060,Discharge,1,gr-data.xlsx
USGS-05447500,2014-03-06,11.3267386368,m3/s,00060,Discharge,1,gr-data.xlsx
USGS-05447500,2014-03-07,11.3267386368,m3/s,00060,Discharge,1,gr-data.xlsx
USGS-05447500,2014-03-08,12.7425809664,m3/s,00060,Discharge,1,gr-data.xlsx
USGS-05447500,2014-03-09,14.158423296,m3/s,00060,Discharge,1,gr-data.xlsx
USGS-05447500,2014-03-10,25.4851619328,m3/s,00060,Discharge,1,gr-data.xlsx
USGS-05447500,2014-03-11,107.6040170496,m3/s,00060,Discharge,1,gr-data.xlsx
USGS-05447500,2014-03-12,141.58423296,m3/s,00060,Discharge,1,gr-data.xlsx
USGS-05447500,2014-03-13,110.15253324288,m3/s,00060,Discharge,1,gr-data.xlsx
USGS-05447500,2014-03-14,95.71094148096,m3/s,00060,Discharge,1,gr-data.xlsx
USGS-05447500,2014-03-15,97.97628920832,m3/s,00060,Discharge,1,gr-data.xlsx
USGS-05447500,2014-03-16,74.19013807104,m3/s,00060,Discharge,1,gr-data.xlsx
USGS-05447500,2014-03-17,47.85547074048,m3/s,00060,Discharge,1,gr-data.xlsx
USGS-05447500,2014-03-18,36.8119005696,m3/s,00060,Discharge,1,gr-data.xlsx
USGS-05447500,2014-03-19,35.11288977408,m3/s,00060,Discharge,1,gr-data.xlsx
USGS-05447500,2014-03-20,37.661405967360004,m3/s,00060,Discharge,1,gr-data.xlsx
USGS-05447500,2014-03-21,33.69704744448,m3/s,00060,Discharge,1,gr-data.xlsx
USGS-05447500,2014-03-22,31.43169971712,m3/s,00060,Discharge,1,gr-data.xlsx
USGS-05447500,2014-03-23,28.03367812608,m3/s,00060,Discharge,1,gr-data.xlsx
USGS-05447500,2014-03-24,23.871101677056,m3/s,00060,Discharge,1,gr-data.xlsx
USGS-05447500,2014-03-25,20.586347472384002,m3/s,00060,Discharge,1,gr-data.xlsx
USGS-05447500,2014-03-26,18.774069290496,m3/s,00060,Discharge,1,gr-data.xlsx
USGS-05447500,2014-03-27,17.754662813184,m3/s,00060,Discharge,1,gr-data.xlsx
USGS-05447500,2014-03-28,17.896247046144,m3/s,00060,Discharge,1,gr-data.xlsx
USGS-05447500,2014-03-29,17.41486065408,m3/s,00060,Discharge,1,gr-data.xlsx
USGS-05447500,2014-03-30,16.338820483584,m3/s,00060,Discharge,1,gr-data.xlsx
USGS-05447500,2014-03-31,15.460998239232,m3/s,00060,Discharge,1,gr-data.xlsx
USGS-05447500,2014-04-01,15.121196080128,m3/s,00060,Discharge,1,gr-data.xlsx
USGS-05447500,2014-04-02,14.809710767616,m3/s,00060,Discharge,1,gr-data.xlsx
USGS-05447500,2014-04-03,19.481990455296,m3/s,00060,Discharge,1,gr-data.xlsx
USGS-05447500,2014-04-04,33.9802159104,m3/s,00060,Discharge,1,gr-data.xlsx
USGS-05447500,2014-04-05,31.71486818304,m3/s,00060,Discharge,1,gr-data.xlsx
USGS-05447500,2014-04-06,25.003775540736,m3/s,00060,Discharge,1,gr-data.xlsx
USGS-05447500,2014-04-07,21.549120256512,m3/s,00060,Discharge,1,gr-data.xlsx
USGS-05447500,2014-04-08,19.198821989376,m3/s,00060,Discharge,1,gr-data.xlsx
USGS-05447500,2014-04-09,17.301593267712,m3/s,00060,Discharge,1,gr-data.xlsx
USGS-05447500,2014-04-10,15.71584985856,m3/s,00060,Discharge,1,gr-data.xlsx
USGS-05447500,2014-04-11,14.8663444608,m3/s,00060,Discharge,1,gr-data.xlsx
USGS-05447500,2014-04-12,13.620403210752,m3/s,00060,Discharge,1,gr-data.xlsx
USGS-05447500,2014-04-13,13.535452670976001,m3/s,00060,Discharge,1,gr-data.xlsx
USGS-05447500,2014-04-14,14.469908608512,m3/s,00060,Discharge,1,gr-data.xlsx
USGS-05447500,2014-04-15,14.951295000576,m3/s,00060,Discharge,1,gr-data.xlsx
USGS-05447500,2014-04-16,14.526542301696,m3/s,00060,Discharge,1,gr-data.xlsx
USGS-05447500,2014-04-17,14.045155909632001,m3/s,00060,Discharge,1,gr-data.xlsx
USGS-05447500,2014-04-18,13.337234744832001,m3/s,00060,Discharge,1,gr-data.xlsx
USGS-05447500,2014-04-19,12.402778807296,m3/s,00060,Discharge,1,gr-data.xlsx
USGS-05447500,2014-04-20,11.864758722048,m3/s,00060,Discharge,1,gr-data.xlsx
USGS-05447500,2014-04-21,11.581590256128,m3/s,00060,Discharge,1,gr-data.xlsx
USGS-05447500,2014-04-22,11.411689176576001,m3/s,00060,Discharge,1,gr-data.xlsx
USGS-05447500,2014-04-23,10.958619631104,m3/s,00060,Discharge,1,gr-data.xlsx
USGS-05447500,2014-04-24,10.675451165184,m3/s,00060,Discharge,1,gr-data.xlsx
USGS-05447500,2014-04-25,10.986936477696,m3/s,00060,Discharge,1,gr-data.xlsx
USGS-05447500,2014-04-26,10.420599545856,m3/s,00060,Discharge,1,gr-data.xlsx
USGS-05447500,2014-04-27,9.995846846976,m3/s,00060,Discharge,1,gr-data.xlsx
USGS-05447500,2014-04-28,20.246545313280002,m3/s,00060,Discharge,1,gr-data.xlsx
USGS-05447500,2014-04-29,34.546552842240004,m3/s,00060,Discharge,1,gr-data.xlsx
USGS-05447500,2014-04-30,27.778826506752,m3/s,00060,Discharge,1,gr-data.xlsx
USGS-05447500,2014-05-01,22.625160427008,m3/s,00060,Discharge,1,gr-data.xlsx
USGS-05447500,2014-05-02,19.793475767808,m3/s,00060,Discharge,1,gr-data.xlsx
USGS-05447500,2014-05-03,17.188325881344,m3/s,00060,Discharge,1,gr-data.xlsx
USGS-05447500,2014-05-04,15.602582472192001,m3/s,00060,Discharge,1,gr-data.xlsx
USGS-05447500,2014-05-05,14.158423296,m3/s,00060,Discharge,1,gr-data.xlsx
USGS-05447500,2014-05-06,13.02574943232,m3/s,00060,Discharge,1,gr-data.xlsx
USGS-05447500,2014-05-07,12.374461960704,m3/s,00060,Discharge,1,gr-data.xlsx
USGS-05447500,2014-05-08,11.864758722048,m3/s,00060,Discharge,1,gr-data.xlsx
USGS-05447500,2014-05-09,11.04357017088,m3/s,00060,Discharge,1,gr-data.xlsx
USGS-05447500,2014-05-10,10.675451165184,m3/s,00060,Discharge,1,gr-data.xlsx
USGS-05447500,2014-05-11,10.165747926528,m3/s,00060,Discharge,1,gr-data.xlsx
USGS-05447500,2014-05-12,12.261194574336,m3/s,00060,Discharge,1,gr-data.xlsx
USGS-05447500,2014-05-13,25.683379858944,m3/s,00060,Discharge,1,gr-data.xlsx
USGS-05447500,2014-05-14,30.865362785280002,m3/s,00060,Discharge,1,gr-data.xlsx
USGS-05447500,2014-05-15,26.164766251008,m3/s,00060,Discharge,1,gr-data.xlsx
USGS-05447500,2014-05-16,27.354073807872002,m3/s,00060,Discharge,1,gr-data.xlsx
USGS-05447500,2014-05-17,29.449520455680002,m3/s,00060,Discharge,1,gr-data.xlsx
USGS-05447500,2014-05-18,31.71486818304,m3/s,00060,Discharge,1,gr-data.xlsx
USGS-05447500,2014-05-19,26.532885256704002,m3/s,00060,Discharge,1,gr-data.xlsx
USGS-05447500,2014-05-20,23.049913125888,m3/s,00060,Discharge,1,gr-data.xlsx
USGS-05447500,2014-05-21,24.182586989568,m3/s,00060,Discharge,1,gr-data.xlsx
USGS-05447500,2014-05-22,21.011100171264,m3/s,00060,Discharge,1,gr-data.xlsx
USGS-05447500,2014-05-23,17.924563892736,m3/s,00060,Discharge,1,gr-data.xlsx
USGS-05447500,2014-05-24,16.225553097216,m3/s,00060,Discharge,1,gr-data.xlsx
USGS-05447500,2014-05-25,15.064562386944,m3/s,00060,Discharge,1,gr-data.xlsx
USGS-05447500,2014-05-26,14.158423296,m3/s,00060,Discharge,1,gr-data.xlsx
USGS-05447500,2014-05-27,14.045155909632001,m3/s,00060,Discharge,1,gr-data.xlsx
USGS-05447500,2014-05-28,14.130106449408,m3/s,00060,Discharge,1,gr-data.xlsx
USGS-05447500,2014-05-29,14.413274915328,m3/s,00060,Discharge,1,gr-data.xlsx
USGS-05447500,2014-05-30,13.393868438016,m3/s,00060,Discharge,1,gr-data.xlsx
USGS-05447500,2014-05-31,12.062976648192,m3/s,00060,Discharge,1,gr-data.xlsx
USGS-05447500,2014-06-01,11.298421790208,m3/s,00060,Discharge,1,gr-data.xlsx
USGS-05447500,2014-06-02,11.128520710656,m3/s,00060,Discharge,1,gr-data.xlsx
USGS-05447500,2014-06-03,11.071887017472001,m3/s,00060,Discharge,1,gr-data.xlsx
USGS-05447500,2014-06-04,11.779808182272001,m3/s,00060,Discharge,1,gr-data.xlsx
USGS-05447500,2014-06-05,12.119610341376001,m3/s,00060,Discharge,1,gr-data.xlsx
USGS-05447500,2014-06-06,11.156837557248,m3/s,00060,Discharge,1,gr-data.xlsx
USGS-05447500,2014-06-07,10.505550085632,m3/s,00060,Discharge,1,gr-data.xlsx
USGS-05447500,2014-06-08,11.411689176576001,m3/s,00060,Discharge,1,gr-data.xlsx
USGS-05447500,2014-06-09,11.524956562944,m3/s,00060,Discharge,1,gr-data.xlsx
USGS-05447500,2014-06-10,10.817035398144,m3/s,00060,Discharge,1,gr-data.xlsx
USGS-05447500,2014-06-11,11.694857642496,m3/s,00060,Discharge,1,gr-data.xlsx
USGS-05447500,2014-06-12,18.037831279104,m3/s,00060,Discharge,1,gr-data.xlsx
USGS-05447500,2014-06-13,23.07822997248,m3/s,00060,Discharge,1,gr-data.xlsx
USGS-05447500,2014-06-14,18.774069290496,m3/s,00060,Discharge,1,gr-data.xlsx
USGS-05447500,2014-06-15,15.829117244928,m3/s,00060,Discharge,1,gr-data.xlsx
USGS-05447500,2014-06-16,14.328324375552,m3/s,00060,Discharge,1,gr-data.xlsx
USGS-05447500,2014-06-17,13.082383125504,m3/s,00060,Discharge,1,gr-data.xlsx
USGS-05447500,2014-06-18,12.17624403456,m3/s,00060,Discharge,1,gr-data.xlsx
USGS-05447500,2014-06-19,12.31782826752,m3/s,00060,Discharge,1,gr-data.xlsx
USGS-05447500,2014-06-20,58.899040911360004,m3/s,00060,Discharge,1,gr-data.xlsx
USGS-05447500,2014-06-21,87.49905596928001,m3/s,00060,Discharge,1,gr-data.xlsx
USGS-05447500,2014-06-22,59.74854630912,m3/s,00060,Discharge,1,gr-data.xlsx
USGS-05447500,2014-06-23,51.25349233152,m3/s,00060,Discharge,1,gr-data.xlsx
USGS-05447500,2014-06-24,40.493090626560004,m3/s,00060,Discharge,1,gr-data.xlsx
USGS-05447500,2014-06-25,33.13071051264,m3/s,00060,Discharge,1,gr-data.xlsx
USGS-05447500,2014-06-26,27.722192813568,m3/s,00060,Discharge,1,gr-data.xlsx
USGS-05447500,2014-06-27,23.899418523648002,m3/s,00060,Discharge,1,gr-data.xlsx
USGS-05447500,2014-06-28,20.303179006464,m3/s,00060,Discharge,1,gr-data.xlsx
USGS-05447500,2014-06-29,20.218228466688,m3/s,00060,Discharge,1,gr-data.xlsx
USGS-05447500,2014-06-30,114.96639716352,m3/s,00060,Discharge,1,gr-data.xlsx
USGS-05447500,2014-07-01,269.57637955584,m3/s,00060,Discharge,1,gr-data.xlsx
USGS-05447500,2014-07-02,220.8714034176,m3/s,00060,Discharge,1,gr-data.xlsx
USGS-05447500,2014-07-03,169.901079552,m3/s,00060,Discharge,1,gr-data.xlsx
USGS-05447500,2014-07-04,138.46937983488002,m3/s,00060,Discharge,1,gr-data.xlsx
USGS-05447500,2014-07-05,108.73669091328,m3/s,00060,Discharge,1,gr-data.xlsx
USGS-05447500,2014-07-06,80.13667585536,m3/s,00060,Discharge,1,gr-data.xlsx
USGS-05447500,2014-07-07,61.730725570560004,m3/s,00060,Discharge,1,gr-data.xlsx
USGS-05447500,2014-07-08,49.554481536000004,m3/s,00060,Discharge,1,gr-data.xlsx
USGS-05447500,2014-07-09,41.62576449024,m3/s,00060,Discharge,1,gr-data.xlsx
USGS-05447500,2014-07-10,35.96239517184,m3/s,00060,Discharge,1,gr-data.xlsx
USGS-05447500,2014-07-11,31.99803664896,m3/s,00060,Discharge,1,gr-data.xlsx
USGS-05447500,2014-07-12,30.29902585344,m3/s,00060,Discharge,1,gr-data.xlsx
USGS-05447500,2014-07-13,32.28120511488,m3/s,00060,Discharge,1,gr-data.xlsx
USGS-05447500,2014-07-14,34.546552842240004,m3/s,00060,Discharge,1,gr-data.xlsx
USGS-05447500,2014-07-15,31.71486818304,m3/s,00060,Discharge,1,gr-data.xlsx
USGS-05447500,2014-07-16,27.099222188544,m3/s,00060,Discharge,1,gr-data.xlsx
USGS-05447500,2014-07-17,23.78615113728,m3/s,00060,Discharge,1,gr-data.xlsx
USGS-05447500,2014-07-18,21.407536023552,m3/s,00060,Discharge,1,gr-data.xlsx
USGS-05447500,2014-07-19,19.453673608704,m3/s,00060,Discharge,1,gr-data.xlsx
USGS-05447500,2014-07-20,17.867930199552,m3/s,00060,Discharge,1,gr-data.xlsx
USGS-05447500,2014-07-21,16.508721563136,m3/s,00060,Discharge,1,gr-data.xlsx
USGS-05447500,2014-07-22,15.234463466496,m3/s,00060,Discharge,1,gr-data.xlsx
USGS-05447500,2014-07-23,14.073472756224,m3/s,00060,Discharge,1,gr-data.xlsx
USGS-05447500,2014-07-24,12.940798892544,m3/s,00060,Discharge,1,gr-data.xlsx
USGS-05447500,2014-07-25,12.487729347072001,m3/s,00060,Discharge,1,gr-data.xlsx
USGS-05447500,2014-07-26,12.516046193664,m3/s,00060,Discharge,1,gr-data.xlsx
USGS-05447500,2014-07-27,11.75149133568,m3/s,00060,Discharge,1,gr-data.xlsx
USGS-05447500,2014-07-28,11.04357017088,m3/s,00060,Discharge,1,gr-data.xlsx
USGS-05447500,2014-07-29,10.307332159488,m3/s,00060,Discharge,1,gr-data.xlsx
USGS-05447500,2014-07-30,9.825945767424,m3/s,00060,Discharge,1,gr-data.xlsx
USGS-05447500,2014-07-31,9.429509915136,m3/s,00060,Discharge,1,gr-data.xlsx
USGS-05447500,2014-08-01,9.089707756032,m3/s,00060,Discharge,1,gr-data.xlsx
USGS-05447500,2014-08-02,8.693271903744,m3/s,00060,Discharge,1,gr-data.xlsx
USGS-05447500,2014-08-03,8.240202358272,m3/s,00060,Discharge,1,gr-data.xlsx
USGS-05447500,2014-08-04,7.900400199168001,m3/s,00060,Discharge,1,gr-data.xlsx
USGS-05447500,2014-08-05,8.664955057152,m3/s,00060,Discharge,1,gr-data.xlsx
USGS-05447500,2014-08-06,8.891489829888,m3/s,00060,Discharge,1,gr-data.xlsx
USGS-05447500,2014-08-07,8.721588750336,m3/s,00060,Discharge,1,gr-data.xlsx
USGS-05447500,2014-08-08,8.155251818496,m3/s,00060,Discharge,1,gr-data.xlsx
USGS-05447500,2014-08-09,7.588914886656,m3/s,00060,Discharge,1,gr-data.xlsx
USGS-05447500,2014-08-10,7.1075284945920005,m3/s,00060,Discharge,1,gr-data.xlsx
USGS-05447500,2014-08-11,6.65445894912,m3/s,00060,Discharge,1,gr-data.xlsx
USGS-05447500,2014-08-12,6.484557869568,m3/s,00060,Discharge,1,gr-data.xlsx
USGS-05447500,2014-08-13,6.201389403648,m3/s,00060,Discharge,1,gr-data.xlsx
USGS-05447500,2014-08-14,6.0598051706880005,m3/s,00060,Discharge,1,gr-data.xlsx
USGS-05447500,2014-08-15,5.8899040911360006,m3/s,00060,Discharge,1,gr-data.xlsx
USGS-05447500,2014-08-16,5.776636704768,m3/s,00060,Discharge,1,gr-data.xlsx
USGS-05447500,2014-08-17,5.748319858176,m3/s,00060,Discharge,1,gr-data.xlsx
USGS-05447500,2014-08-18,5.606735625216,m3/s,00060,Discharge,1,gr-data.xlsx
USGS-05447500,2014-08-19,5.436834545664,m3/s,00060,Discharge,1,gr-data.xlsx
USGS-05447500,2014-08-20,5.323567159296,m3/s,00060,Discharge,1,gr-data.xlsx
USGS-05447500,2014-08-21,5.125349233152,m3/s,00060,Discharge,1,gr-data.xlsx
USGS-05447500,2014-08-22,5.635052471808,m3/s,00060,Discharge,1,gr-data.xlsx
USGS-05447500,2014-08-23,9.825945767424,m3/s,00060,Discharge,1,gr-data.xlsx
USGS-05447500,2014-08-24,10.788718551552,m3/s,00060,Discharge,1,gr-data.xlsx
USGS-05447500,2014-08-25,7.957033892352,m3/s,00060,Discharge,1,gr-data.xlsx
USGS-05447500,2014-08-26,6.909310568448,m3/s,00060,Discharge,1,gr-data.xlsx
USGS-05447500,2014-08-27,6.342973636608,m3/s,00060,Discharge,1,gr-data.xlsx
USGS-05447500,2014-08-28,6.3712904832,m3/s,00060,Discharge,1,gr-data.xlsx
USGS-05447500,2014-08-29,9.429509915136,m3/s,00060,Discharge,1,gr-data.xlsx
USGS-05447500,2014-08-30,9.118024602624,m3/s,00060,Discharge,1,gr-data.xlsx
USGS-05447500,2014-08-31,8.296836051456001,m3/s,00060,Discharge,1,gr-data.xlsx
USGS-05447500,2014-09-01,7.419013807104,m3/s,00060,Discharge,1,gr-data.xlsx
USGS-05447500,2014-09-02,6.79604318208,m3/s,00060,Discharge,1,gr-data.xlsx
USGS-05447500,2014-09-03,6.173072557056,m3/s,00060,Discharge,1,gr-data.xlsx
USGS-05447500,2014-09-04,6.2297062502400005,m3/s,00060,Discharge,1,gr-data.xlsx
USGS-05447500,2014-09-05,7.390696960512,m3/s,00060,Discharge,1,gr-data.xlsx
USGS-05447500,2014-09-06,8.551687670784,m3/s,00060,Discharge,1,gr-data.xlsx
USGS-05447500,2014-09-07,7.305746420736,m3/s,00060,Discharge,1,gr-data.xlsx
USGS-05447500,2014-09-08,6.484557869568,m3/s,00060,Discharge,1,gr-data.xlsx
USGS-05447500,2014-09-09,6.456241022976,m3/s,00060,Discharge,1,gr-data.xlsx
USGS-05447500,2014-09-10,29.166351989760003,m3/s,00060,Discharge,1,gr-data.xlsx
USGS-05447500,2014-09-11,50.40398693376,m3/s,00060,Discharge,1,gr-data.xlsx
USGS-05447500,2014-09-12,28.316846592,m3/s,00060,Discharge,1,gr-data.xlsx
USGS-05447500,2014-09-13,19.595257841664,m3/s,00060,Discharge,1,gr-data.xlsx
USGS-05447500,2014-09-14,15.772483551744001,m3/s,00060,Discharge,1,gr-data.xlsx
USGS-05447500,2014-09-15,13.677036903936001,m3/s,00060,Discharge,1,gr-data.xlsx
USGS-05447500,2014-09-16,12.60099673344,m3/s,00060,Discharge,1,gr-data.xlsx
USGS-05447500,2014-09-17,11.411689176576001,m3/s,00060,Discharge,1,gr-data.xlsx
USGS-05447500,2014-09-18,10.562183778816001,m3/s,00060,Discharge,1,gr-data.xlsx
USGS-05447500,2014-09-19,9.684361534464001,m3/s,00060,Discharge,1,gr-data.xlsx
USGS-05447500,2014-09-20,9.06139090944,m3/s,00060,Discharge,1,gr-data.xlsx
USGS-05447500,2014-09-21,8.636638210560001,m3/s,00060,Discharge,1,gr-data.xlsx
USGS-05447500,2014-09-22,8.410103437824,m3/s,00060,Discharge,1,gr-data.xlsx
USGS-05447500,2014-09-23,8.155251818496,m3/s,00060,Discharge,1,gr-data.xlsx
USGS-05447500,2014-09-24,7.730499119616,m3/s,00060,Discharge,1,gr-data.xlsx
USGS-05447500,2014-09-25,7.475647500288,m3/s,00060,Discharge,1,gr-data.xlsx
USGS-05447500,2014-09-26,7.249112727552,m3/s,00060,Discharge,1,gr-data.xlsx
USGS-05447500,2014-09-27,7.079211648,m3/s,00060,Discharge,1,gr-data.xlsx
USGS-05447500,2014-09-28,6.937627415040001,m3/s,00060,Discharge,1,gr-data.xlsx
USGS-05447500,2014-09-29,6.767726335488001,m3/s,00060,Discharge,1,gr-data.xlsx
USGS-05447500,2014-09-30,6.626142102528,m3/s,00060,Discharge,1,gr-data.xlsx
USGS-05447500,2014-10-01,6.51287471616,m3/s,00060,Discharge,1,gr-data.xlsx
USGS-05447500,2014-10-02,6.65445894912,m3/s,00060,Discharge,1,gr-data.xlsx
USGS-05447500,2014-10-03,8.523370824192,m3/s,00060,Discharge,1,gr-data.xlsx
USGS-05447500,2014-10-04,10.363965852672,m3/s,00060,Discharge,1,gr-data.xlsx
USGS-05447500,2014-10-05,10.618817472,m3/s,00060,Discharge,1,gr-data.xlsx
USGS-05447500,2014-10-06,9.656044687872,m3/s,00060,Discharge,1,gr-data.xlsx
USGS-05447500,2014-10-07,9.004757216256,m3/s,00060,Discharge,1,gr-data.xlsx
USGS-05447500,2014-10-08,8.466737131008001,m3/s,00060,Discharge,1,gr-data.xlsx
USGS-05447500,2014-10-09,8.126934971904,m3/s,00060,Discharge,1,gr-data.xlsx
USGS-05447500,2014-10-10,7.900400199168001,m3/s,00060,Discharge,1,gr-data.xlsx
USGS-05447500,2014-10-11,7.673865426432,m3/s,00060,Discharge,1,gr-data.xlsx
USGS-05447500,2014-10-12,7.588914886656,m3/s,00060,Discharge,1,gr-data.xlsx
USGS-05447500,2014-10-13,8.381786591232,m3/s,00060,Discharge,1,gr-data.xlsx
USGS-05447500,2014-10-14,13.59208636416,m3/s,00060,Discharge,1,gr-data.xlsx
USGS-05447500,2014-10-15,18.292682898432002,m3/s,00060,Discharge,1,gr-data.xlsx
USGS-05447500,2014-10-16,19.481990455296,m3/s,00060,Discharge,1,gr-data.xlsx
USGS-05447500,2014-10-17,17.952880739328002,m3/s,00060,Discharge,1,gr-data.xlsx
USGS-05447500,2014-10-18,16.112285710848,m3/s,00060,Discharge,1,gr-data.xlsx
USGS-05447500,2014-10-19,14.44159176192,m3/s,00060,Discharge,1,gr-data.xlsx
USGS-05447500,2014-10-20,13.280601051648,m3/s,00060,Discharge,1,gr-data.xlsx
USGS-05447500,2014-10-21,12.657630426624001,m3/s,00060,Discharge,1,gr-data.xlsx
USGS-05447500,2014-10-22,12.0346598016,m3/s,00060,Discharge,1,gr-data.xlsx
USGS-05447500,2014-10-23,11.440006023168001,m3/s,00060,Discharge,1,gr-data.xlsx
USGS-05447500,2014-10-24,11.128520710656,m3/s,00060,Discharge,1,gr-data.xlsx
USGS-05447500,2014-10-25,10.788718551552,m3/s,00060,Discharge,1,gr-data.xlsx
USGS-05447500,2014-10-26,10.363965852672,m3/s,00060,Discharge,1,gr-data.xlsx
USGS-05447500,2014-10-27,10.080797386752,m3/s,00060,Discharge,1,gr-data.xlsx
USGS-05447500,2014-10-28,9.62772784128,m3/s,00060,Discharge,1,gr-data.xlsx
USGS-05447500,2014-10-29,9.854262614016001,m3/s,00060,Discharge,1,gr-data.xlsx
USGS-05447500,2014-10-30,9.825945767424,m3/s,00060,Discharge,1,gr-data.xlsx
USGS-05447500,2014-10-31,9.316242528768,m3/s,00060,Discharge,1,gr-data.xlsx
USGS-05447500,2014-11-01,9.06139090944,m3/s,00060,Discharge,1,gr-data.xlsx
USGS-05447500,2014-11-02,8.863172983296,m3/s,00060,Discharge,1,gr-data.xlsx
USGS-05447500,2014-11-03,8.806539290112001,m3/s,00060,Discharge,1,gr-data.xlsx
USGS-05447500,2014-11-04,8.976440369664001,m3/s,00060,Discharge,1,gr-data.xlsx
USGS-05447500,2014-11-05,8.863172983296,m3/s,00060,Discharge,1,gr-data.xlsx
USGS-05447500,2014-11-06,8.580004517376,m3/s,00060,Discharge,1,gr-data.xlsx
USGS-05447500,2014-11-07,8.608321363968,m3/s,00060,Discharge,1,gr-data.xlsx
USGS-05447500,2014-11-08,8.438420284416,m3/s,00060,Discharge,1,gr-data.xlsx
USGS-05447500,2014-11-09,8.4950539776,m3/s,00060,Discharge,1,gr-data.xlsx
USGS-05447500,2014-11-10,8.410103437824,m3/s,00060,Discharge,1,gr-data.xlsx
USGS-05447500,2014-11-11,8.183568665088,m3/s,00060,Discharge,1,gr-data.xlsx
USGS-05447500,2014-11-12,8.013667585536,m3/s,00060,Discharge,1,gr-data.xlsx
USGS-05447500,2014-11-13,7.900400199168001,m3/s,00060,Discharge,1,gr-data.xlsx
USGS-05447500,2014-11-14,7.588914886656,m3/s,00060,Discharge,1,gr-data.xlsx
USGS-05447500,2014-11-15,7.419013807104,m3/s,00060,Discharge,1,gr-data.xlsx
USGS-05447500,2014-11-16,6.965944261632,m3/s,00060,Discharge,1,gr-data.xlsx
USGS-05447500,2014-11-17,6.994261108224,m3/s,00060,Discharge,1,gr-data.xlsx
USGS-05447500,2014-11-18,6.937627415040001,m3/s,00060,Discharge,1,gr-data.xlsx
USGS-05447500,2014-11-19,6.994261108224,m3/s,00060,Discharge,1,gr-data.xlsx
USGS-05447500,2014-11-20,7.588914886656,m3/s,00060,Discharge,1,gr-data.xlsx
USGS-05447500,2014-11-21,8.806539290112001,m3/s,00060,Discharge,1,gr-data.xlsx
USGS-05447500,2014-11-22,10.618817472,m3/s,00060,Discharge,1,gr-data.xlsx
USGS-05447500,2014-11-23,11.553273409536,m3/s,00060,Discharge,1,gr-data.xlsx
USGS-05447500,2014-11-24,10.845352244736,m3/s,00060,Discharge,1,gr-data.xlsx
USGS-05447500,2014-11-25,9.62772784128,m3/s,00060,Discharge,1,gr-data.xlsx
USGS-05447500,2014-11-26,9.571094148096,m3/s,00060,Discharge,1,gr-data.xlsx
USGS-05447500,2014-11-27,9.118024602624,m3/s,00060,Discharge,1,gr-data.xlsx
USGS-05447500,2014-11-28,8.580004517376,m3/s,00060,Discharge,1,gr-data.xlsx
USGS-05447500,2014-11-29,8.834856136704,m3/s,00060,Discharge,1,gr-data.xlsx
USGS-05447500,2014-11-30,10.33564900608,m3/s,00060,Discharge,1,gr-data.xlsx
USGS-05447500,2014-12-01,9.06139090944,m3/s,00060,Discharge,1,gr-data.xlsx
USGS-05447500,2014-12-02,8.296836051456001,m3/s,00060,Discharge,1,gr-data.xlsx
USGS-05447500,2014-12-03,8.608321363968,m3/s,00060,Discharge,1,gr-data.xlsx
USGS-05447500,2014-12-04,9.542777301504,m3/s,00060,Discharge,1,gr-data.xlsx
USGS-05447500,2014-12-05,9.939213153792,m3/s,00060,Discharge,1,gr-data.xlsx
USGS-05447500,2014-12-06,9.401193068544,m3/s,00060,Discharge,1,gr-data.xlsx
USGS-05447500,2014-12-07,8.806539290112001,m3/s,00060,Discharge,1,gr-data.xlsx
USGS-05447500,2014-12-08,8.523370824192,m3/s,00060,Discharge,1,gr-data.xlsx
USGS-05447500,2014-12-09,8.693271903744,m3/s,00060,Discharge,1,gr-data.xlsx
USGS-05447500,2014-12-10,8.693271903744,m3/s,00060,Discharge,1,gr-data.xlsx
USGS-05447500,2014-12-11,8.4950539776,m3/s,00060,Discharge,1,gr-data.xlsx
USGS-05447500,2014-12-12,8.35346974464,m3/s,00060,Discharge,1,gr-data.xlsx
USGS-05447500,2014-12-13,8.35346974464,m3/s,00060,Discharge,1,gr-data.xlsx
USGS-05447500,2014-12-14,8.410103437824,m3/s,00060,Discharge,1,gr-data.xlsx
USGS-05447500,2014-12-15,8.551687670784,m3/s,00060,Discharge,1,gr-data.xlsx
USGS-05447500,2014-12-16,8.834856136704,m3/s,00060,Discharge,1,gr-data.xlsx
USGS-05447500,2014-12-17,9.004757216256,m3/s,00060,Discharge,1,gr-data.xlsx
USGS-05447500,2014-12-18,8.77822244352,m3/s,00060,Discharge,1,gr-data.xlsx
USGS-05447500,2014-12-19,8.410103437824,m3/s,00060,Discharge,1,gr-data.xlsx
USGS-05447500,2014-12-20,9.174658295808,m3/s,00060,Discharge,1,gr-data.xlsx
USGS-05447500,2014-12-21,8.749905596928,m3/s,00060,Discharge,1,gr-data.xlsx
USGS-05447500,2014-12-22,8.664955057152,m3/s,00060,Discharge,1,gr-data.xlsx
USGS-05447500,2014-12-23,9.287925682176,m3/s,00060,Discharge,1,gr-data.xlsx
USGS-05447500,2014-12-24,9.514460454912001,m3/s,00060,Discharge,1,gr-data.xlsx
USGS-05447500,2014-12-25,9.9108963072,m3/s,00060,Discharge,1,gr-data.xlsx
USGS-05447500,2014-12-26,9.882579460608,m3/s,00060,Discharge,1,gr-data.xlsx
USGS-05447500,2014-12-27,9.372876221952,m3/s,00060,Discharge,1,gr-data.xlsx
USGS-05447500,2014-12-28,9.287925682176,m3/s,00060,Discharge,1,gr-data.xlsx
USGS-05447500,2014-12-29,9.033074062848,m3/s,00060,Discharge,1,gr-data.xlsx
USGS-05447500,2014-12-30,8.608321363968,m3/s,00060,Discharge,1,gr-data.xlsx
USGS-05447500,2014-12-31,9.316242528768,m3/s,00060,Discharge,1,gr-data.xlsx
USGS-05447500,2015-01-01,11.156837557248,m3/s,00060,Discharge,1,gr-data.xlsx
USGS-05447500,2015-01-02,9.9108963072,m3/s,00060,Discharge,1,gr-data.xlsx
USGS-05447500,2015-01-03,8.608321363968,m3/s,00060,Discharge,1,gr-data.xlsx
USGS-05447500,2015-01-04,8.041984432128,m3/s,00060,Discharge,1,gr-data.xlsx
USGS-05447500,2015-01-05,7.532281193472,m3/s,00060,Discharge,1,gr-data.xlsx
USGS-05447500,2015-01-06,8.91980667648,m3/s,00060,Discharge,1,gr-data.xlsx
USGS-05447500,2015-01-07,11.3267386368,m3/s,00060,Discharge,1,gr-data.xlsx
USGS-05447500,2015-01-08,10.080797386752,m3/s,00060,Discharge,1,gr-data.xlsx
USGS-05447500,2015-01-09,8.891489829888,m3/s,00060,Discharge,1,gr-data.xlsx
USGS-05447500,2015-01-10,8.664955057152,m3/s,00060,Discharge,1,gr-data.xlsx
USGS-05447500,2015-01-11,8.183568665088,m3/s,00060,Discharge,1,gr-data.xlsx
USGS-05447500,2015-01-12,9.089707756032,m3/s,00060,Discharge,1,gr-data.xlsx
USGS-05447500,2015-01-13,9.06139090944,m3/s,00060,Discharge,1,gr-data.xlsx
USGS-05447500,2015-01-14,8.296836051456001,m3/s,00060,Discharge,1,gr-data.xlsx
USGS-05447500,2015-01-15,9.118024602624,m3/s,00060,Discharge,1,gr-data.xlsx
USGS-05447500,2015-01-16,8.183568665088,m3/s,00060,Discharge,1,gr-data.xlsx
USGS-05447500,2015-01-17,10.024163693568001,m3/s,00060,Discharge,1,gr-data.xlsx
USGS-05447500,2015-01-18,12.770897812992,m3/s,00060,Discharge,1,gr-data.xlsx
USGS-05447500,2015-01-19,17.669712273408,m3/s,00060,Discharge,1,gr-data.xlsx
USGS-05447500,2015-01-20,19.1138714496,m3/s,00060,Discharge,1,gr-data.xlsx
USGS-05447500,2015-01-21,18.575851364352,m3/s,00060,Discharge,1,gr-data.xlsx
USGS-05447500,2015-01-22,17.386543807488,m3/s,00060,Discharge,1,gr-data.xlsx
USGS-05447500,2015-01-23,15.602582472192001,m3/s,00060,Discharge,1,gr-data.xlsx
USGS-05447500,2015-01-24,14.215056989184001,m3/s,00060,Discharge,1,gr-data.xlsx
USGS-05447500,2015-01-25,13.054066278912,m3/s,00060,Discharge,1,gr-data.xlsx
USGS-05447500,2015-01-26,15.234463466496,m3/s,00060,Discharge,1,gr-data.xlsx
USGS-05447500,2015-01-27,15.121196080128,m3/s,00060,Discharge,1,gr-data.xlsx
USGS-05447500,2015-01-28,12.969115739136,m3/s,00060,Discharge,1,gr-data.xlsx
USGS-05447500,2015-01-29,11.921392415232,m3/s,00060,Discharge,1,gr-data.xlsx
USGS-05447500,2015-01-30,11.128520710656,m3/s,00060,Discharge,1,gr-data.xlsx
USGS-05447500,2015-01-31,10.675451165184,m3/s,00060,Discharge,1,gr-data.xlsx
USGS-05447500,2015-02-01,11.213471250432,m3/s,00060,Discharge,1,gr-data.xlsx
USGS-05447500,2015-02-02,12.0346598016,m3/s,00060,Discharge,1,gr-data.xlsx
USGS-05447500,2015-02-03,12.062976648192,m3/s,00060,Discharge,1,gr-data.xlsx
USGS-05447500,2015-02-04,12.516046193664,m3/s,00060,Discharge,1,gr-data.xlsx
USGS-05447500,2015-02-05,11.836441875456,m3/s,00060,Discharge,1,gr-data.xlsx
USGS-05447500,2015-02-06,11.270104943616,m3/s,00060,Discharge,1,gr-data.xlsx
USGS-05447500,2015-02-07,11.015253324288,m3/s,00060,Discharge,1,gr-data.xlsx
USGS-05447500,2015-02-08,12.7425809664,m3/s,00060,Discharge,1,gr-data.xlsx
USGS-05447500,2015-02-09,14.979611847168,m3/s,00060,Discharge,1,gr-data.xlsx
USGS-05447500,2015-02-10,16.112285710848,m3/s,00060,Discharge,1,gr-data.xlsx
USGS-05447500,2015-02-11,15.206146619904,m3/s,00060,Discharge,1,gr-data.xlsx
USGS-05447500,2015-02-12,14.498225455104,m3/s,00060,Discharge,1,gr-data.xlsx
USGS-05447500,2015-02-13,13.818621136896,m3/s,00060,Discharge,1,gr-data.xlsx
USGS-05447500,2015-02-14,13.082383125504,m3/s,00060,Discharge,1,gr-data.xlsx
USGS-05447500,2015-02-15,12.204560881152,m3/s,00060,Discharge,1,gr-data.xlsx
USGS-05447500,2015-02-16,11.18515440384,m3/s,00060,Discharge,1,gr-data.xlsx
USGS-05447500,2015-02-17,11.779808182272001,m3/s,00060,Discharge,1,gr-data.xlsx
USGS-05447500,2015-02-18,11.694857642496,m3/s,00060,Discharge,1,gr-data.xlsx
USGS-05447500,2015-02-19,11.015253324288,m3/s,00060,Discharge,1,gr-data.xlsx
USGS-05447500,2015-02-20,10.533866932224,m3/s,00060,Discharge,1,gr-data.xlsx
USGS-05447500,2015-02-21,9.967530000384,m3/s,00060,Discharge,1,gr-data.xlsx
USGS-05447500,2015-02-22,9.854262614016001,m3/s,00060,Discharge,1,gr-data.xlsx
USGS-05447500,2015-02-23,11.015253324288,m3/s,00060,Discharge,1,gr-data.xlsx
USGS-05447500,2015-02-24,9.854262614016001,m3/s,00060,Discharge,1,gr-data.xlsx
USGS-05447500,2015-02-25,9.2029751424,m3/s,00060,Discharge,1,gr-data.xlsx
USGS-05447500,2015-02-26,10.222381619712,m3/s,00060,Discharge,1,gr-data.xlsx
USGS-05447500,2015-02-27,10.958619631104,m3/s,00060,Discharge,1,gr-data.xlsx
USGS-05447500,2015-02-28,10.33564900608,m3/s,00060,Discharge,1,gr-data.xlsx
USGS-05447500,2015-03-01,9.854262614016001,m3/s,00060,Discharge,1,gr-data.xlsx
USGS-05447500,2015-03-02,9.372876221952,m3/s,00060,Discharge,1,gr-data.xlsx
USGS-05447500,2015-03-03,9.62772784128,m3/s,00060,Discharge,1,gr-data.xlsx
USGS-05447500,2015-03-04,9.316242528768,m3/s,00060,Discharge,1,gr-data.xlsx
USGS-05447500,2015-03-05,8.976440369664001,m3/s,00060,Discharge,1,gr-data.xlsx
USGS-05447500,2015-03-06,8.948123523072,m3/s,00060,Discharge,1,gr-data.xlsx
USGS-05447500,2015-03-07,11.100203864064,m3/s,00060,Discharge,1,gr-data.xlsx
USGS-05447500,2015-03-08,15.00792869376,m3/s,00060,Discharge,1,gr-data.xlsx
USGS-05447500,2015-03-09,28.88318352384,m3/s,00060,Discharge,1,gr-data.xlsx
USGS-05447500,2015-03-10,65.69508409344,m3/s,00060,Discharge,1,gr-data.xlsx
USGS-05447500,2015-03-11,68.52676875264,m3/s,00060,Discharge,1,gr-data.xlsx
USGS-05447500,2015-03-12,70.22577954816,m3/s,00060,Discharge,1,gr-data.xlsx
USGS-05447500,2015-03-13,68.24360028672,m3/s,00060,Discharge,1,gr-data.xlsx
USGS-05447500,2015-03-14,56.35052471808,m3/s,00060,Discharge,1,gr-data.xlsx
USGS-05447500,2015-03-15,45.02378608128,m3/s,00060,Discharge,1,gr-data.xlsx
USGS-05447500,2015-03-16,38.51091136512,m3/s,00060,Discharge,1,gr-data.xlsx
USGS-05447500,2015-03-17,33.9802159104,m3/s,00060,Discharge,1,gr-data.xlsx
USGS-05447500,2015-03-18,30.29902585344,m3/s,00060,Discharge,1,gr-data.xlsx
USGS-05447500,2015-03-19,27.155855881728,m3/s,00060,Discharge,1,gr-data.xlsx
USGS-05447500,2015-03-20,24.862191307776,m3/s,00060,Discharge,1,gr-data.xlsx
USGS-05447500,2015-03-21,22.681794120192002,m3/s,00060,Discharge,1,gr-data.xlsx
USGS-05447500,2015-03-22,20.982783324672,m3/s,00060,Discharge,1,gr-data.xlsx
USGS-05447500,2015-03-23,20.048327387136002,m3/s,00060,Discharge,1,gr-data.xlsx
USGS-05447500,2015-03-24,19.53862414848,m3/s,00060,Discharge,1,gr-data.xlsx
USGS-05447500,2015-03-25,19.736842074624,m3/s,00060,Discharge,1,gr-data.xlsx
USGS-05447500,2015-03-26,20.756248551936,m3/s,00060,Discharge,1,gr-data.xlsx
USGS-05447500,2015-03-27,20.076644233728,m3/s,00060,Discharge,1,gr-data.xlsx
USGS-05447500,2015-03-28,19.028920909824002,m3/s,00060,Discharge,1,gr-data.xlsx
USGS-05447500,2015-03-29,17.754662813184,m3/s,00060,Discharge,1,gr-data.xlsx
USGS-05447500,2015-03-30,17.69802912,m3/s,00060,Discharge,1,gr-data.xlsx
USGS-05447500,2015-03-31,16.678622642688,m3/s,00060,Discharge,1,gr-data.xlsx
USGS-05447500,2015-04-01,15.71584985856,m3/s,00060,Discharge,1,gr-data.xlsx
USGS-05447500,2015-04-02,15.092879233536001,m3/s,00060,Discharge,1,gr-data.xlsx
USGS-05447500,2015-04-03,14.809710767616,m3/s,00060,Discharge,1,gr-data.xlsx
USGS-05447500,2015-04-04,14.44159176192,m3/s,00060,Discharge,1,gr-data.xlsx
USGS-05447500,2015-04-05,14.01683906304,m3/s,00060,Discharge,1,gr-data.xlsx
USGS-05447500,2015-04-06,13.620403210752,m3/s,00060,Discharge,1,gr-data.xlsx
USGS-05447500,2015-04-07,13.563769517568,m3/s,00060,Discharge,1,gr-data.xlsx
USGS-05447500,2015-04-08,13.30891789824,m3/s,00060,Discharge,1,gr-data.xlsx
USGS-05447500,2015-04-09,13.337234744832001,m3/s,00060,Discharge,1,gr-data.xlsx
USGS-05447500,2015-04-10,13.280601051648,m3/s,00060,Discharge,1,gr-data.xlsx
USGS-05447500,2015-04-11,14.30000752896,m3/s,00060,Discharge,1,gr-data.xlsx
USGS-05447500,2015-04-12,13.422185284608,m3/s,00060,Discharge,1,gr-data.xlsx
USGS-05447500,2015-04-13,13.082383125504,m3/s,00060,Discharge,1,gr-data.xlsx
USGS-05447500,2015-04-14,13.02574943232,m3/s,00060,Discharge,1,gr-data.xlsx
USGS-05447500,2015-04-15,12.31782826752,m3/s,00060,Discharge,1,gr-data.xlsx
USGS-05447500,2015-04-16,11.864758722048,m3/s,00060,Discharge,1,gr-data.xlsx
USGS-05447500,2015-04-17,11.46832286976,m3/s,00060,Discharge,1,gr-data.xlsx
USGS-05447500,2015-04-18,11.213471250432,m3/s,00060,Discharge,1,gr-data.xlsx
USGS-05447500,2015-04-19,11.18515440384,m3/s,00060,Discharge,1,gr-data.xlsx
USGS-05447500,2015-04-20,12.827531506176001,m3/s,00060,Discharge,1,gr-data.xlsx
USGS-05447500,2015-04-21,13.365551591424,m3/s,00060,Discharge,1,gr-data.xlsx
USGS-05447500,2015-04-22,12.261194574336,m3/s,00060,Discharge,1,gr-data.xlsx
USGS-05447500,2015-04-23,11.496639716352,m3/s,00060,Discharge,1,gr-data.xlsx
USGS-05447500,2015-04-24,11.100203864064,m3/s,00060,Discharge,1,gr-data.xlsx
USGS-05447500,2015-04-25,16.253869943808,m3/s,00060,Discharge,1,gr-data.xlsx
USGS-05447500,2015-04-26,41.90893295616,m3/s,00060,Discharge,1,gr-data.xlsx
USGS-05447500,2015-04-27,39.92675369472,m3/s,00060,Discharge,1,gr-data.xlsx
USGS-05447500,2015-04-28,31.99803664896,m3/s,00060,Discharge,1,gr-data.xlsx
USGS-05447500,2015-04-29,27.32575696128,m3/s,00060,Discharge,1,gr-data.xlsx
USGS-05447500,2015-04-30,23.92773537024,m3/s,00060,Discharge,1,gr-data.xlsx
USGS-05447500,2015-05-01,21.322585483776,m3/s,00060,Discharge,1,gr-data.xlsx
USGS-05447500,2015-05-02,19.453673608704,m3/s,00060,Discharge,1,gr-data.xlsx
USGS-05447500,2015-05-03,18.320999745024,m3/s,00060,Discharge,1,gr-data.xlsx
USGS-05447500,2015-05-04,17.924563892736,m3/s,00060,Discharge,1,gr-data.xlsx
USGS-05447500,2015-05-05,25.456845086208002,m3/s,00060,Discharge,1,gr-data.xlsx
USGS-05447500,2015-05-06,51.25349233152,m3/s,00060,Discharge,1,gr-data.xlsx
USGS-05447500,2015-05-07,51.53666079744,m3/s,00060,Discharge,1,gr-data.xlsx
USGS-05447500,2015-05-08,41.0594275584,m3/s,00060,Discharge,1,gr-data.xlsx
USGS-05447500,2015-05-09,34.82972130816,m3/s,00060,Discharge,1,gr-data.xlsx
USGS-05447500,2015-05-10,31.71486818304,m3/s,00060,Discharge,1,gr-data.xlsx
USGS-05447500,2015-05-11,30.58219431936,m3/s,00060,Discharge,1,gr-data.xlsx
USGS-05447500,2015-05-12,32.5643735808,m3/s,00060,Discharge,1,gr-data.xlsx
USGS-05447500,2015-05-13,31.71486818304,m3/s,00060,Discharge,1,gr-data.xlsx
USGS-05447500,2015-05-14,27.835460199936,m3/s,00060,Discharge,1,gr-data.xlsx
USGS-05447500,2015-05-15,26.929321108992,m3/s,00060,Discharge,1,gr-data.xlsx
USGS-05447500,2015-05-16,25.258627160064,m3/s,00060,Discharge,1,gr-data.xlsx
USGS-05447500,2015-05-17,23.701200597504002,m3/s,00060,Discharge,1,gr-data.xlsx
USGS-05447500,2015-05-18,23.729517444096,m3/s,00060,Discharge,1,gr-data.xlsx
USGS-05447500,2015-05-19,21.860605569024,m3/s,00060,Discharge,1,gr-data.xlsx
USGS-05447500,2015-05-20,20.67129801216,m3/s,00060,Discharge,1,gr-data.xlsx
USGS-05447500,2015-05-21,19.8217926144,m3/s,00060,Discharge,1,gr-data.xlsx
USGS-05447500,2015-05-22,18.745752443904,m3/s,00060,Discharge,1,gr-data.xlsx
USGS-05447500,2015-05-23,17.273276421120002,m3/s,00060,Discharge,1,gr-data.xlsx
USGS-05447500,2015-05-24,16.42377102336,m3/s,00060,Discharge,1,gr-data.xlsx
USGS-05447500,2015-05-25,19.453673608704,m3/s,00060,Discharge,1,gr-data.xlsx
USGS-05447500,2015-05-26,26.589518949888,m3/s,00060,Discharge,1,gr-data.xlsx
USGS-05447500,2015-05-27,35.11288977408,m3/s,00060,Discharge,1,gr-data.xlsx
USGS-05447500,2015-05-28,38.2277428992,m3/s,00060,Discharge,1,gr-data.xlsx
USGS-05447500,2015-05-29,32.84754204672,m3/s,00060,Discharge,1,gr-data.xlsx
USGS-05447500,2015-05-30,29.449520455680002,m3/s,00060,Discharge,1,gr-data.xlsx
USGS-05447500,2015-05-31,29.7326889216,m3/s,00060,Discharge,1,gr-data.xlsx
USGS-05447500,2015-06-01,28.88318352384,m3/s,00060,Discharge,1,gr-data.xlsx
USGS-05447500,2015-06-02,25.683379858944,m3/s,00060,Discharge,1,gr-data.xlsx
USGS-05447500,2015-06-03,23.304764745216,m3/s,00060,Discharge,1,gr-data.xlsx
USGS-05447500,2015-06-04,21.605753949696002,m3/s,00060,Discharge,1,gr-data.xlsx
USGS-05447500,2015-06-05,19.906743154176002,m3/s,00060,Discharge,1,gr-data.xlsx
USGS-05447500,2015-06-06,18.26436605184,m3/s,00060,Discharge,1,gr-data.xlsx
USGS-05447500,2015-06-07,18.859019830272,m3/s,00060,Discharge,1,gr-data.xlsx
USGS-05447500,2015-06-08,27.495658040832,m3/s,00060,Discharge,1,gr-data.xlsx
USGS-05447500,2015-06-09,30.29902585344,m3/s,00060,Discharge,1,gr-data.xlsx
USGS-05447500,2015-06-10,24.947141847552,m3/s,00060,Discharge,1,gr-data.xlsx
USGS-05447500,2015-06-11,22.285358267904,m3/s,00060,Discharge,1,gr-data.xlsx
USGS-05447500,2015-06-12,34.546552842240004,m3/s,00060,Discharge,1,gr-data.xlsx
USGS-05447500,2015-06-13,52.95250312704,m3/s,00060,Discharge,1,gr-data.xlsx
USGS-05447500,2015-06-14,115.24956562944,m3/s,00060,Discharge,1,gr-data.xlsx
USGS-05447500,2015-06-15,143.56641222144,m3/s,00060,Discharge,1,gr-data.xlsx
USGS-05447500,2015-06-16,198.21792614400002,m3/s,00060,Discharge,1,gr-data.xlsx
USGS-05447500,2015-06-17,173.58226960896002,m3/s,00060,Discharge,1,gr-data.xlsx
USGS-05447500,2015-06-18,147.53077074432,m3/s,00060,Discharge,1,gr-data.xlsx
USGS-05447500,2015-06-19,127.70897812992,m3/s,00060,Discharge,1,gr-data.xlsx
USGS-05447500,2015-06-20,104.77233239040001,m3/s,00060,Discharge,1,gr-data.xlsx
USGS-05447500,2015-06-21,85.80004517376,m3/s,00060,Discharge,1,gr-data.xlsx
USGS-05447500,2015-06-22,71.35845341184,m3/s,00060,Discharge,1,gr-data.xlsx
USGS-05447500,2015-06-23,76.4554857984,m3/s,00060,Discharge,1,gr-data.xlsx
USGS-05447500,2015-06-24,126.57630426624,m3/s,00060,Discharge,1,gr-data.xlsx
USGS-05447500,2015-06-25,97.6931207424,m3/s,00060,Discharge,1,gr-data.xlsx
USGS-05447500,2015-06-26,79.85350738944,m3/s,00060,Discharge,1,gr-data.xlsx
USGS-05447500,2015-06-27,67.39409488896,m3/s,00060,Discharge,1,gr-data.xlsx
USGS-05447500,2015-06-28,57.20003011584,m3/s,00060,Discharge,1,gr-data.xlsx
USGS-05447500,2015-06-29,54.08517699072,m3/s,00060,Discharge,1,gr-data.xlsx
USGS-05447500,2015-06-30,52.95250312704,m3/s,00060,Discharge,1,gr-data.xlsx
USGS-05447500,2015-07-01,55.784187786240004,m3/s,00060,Discharge,1,gr-data.xlsx
USGS-05447500,2015-07-02,48.1386392064,m3/s,00060,Discharge,1,gr-data.xlsx
USGS-05447500,2015-07-03,41.62576449024,m3/s,00060,Discharge,1,gr-data.xlsx
USGS-05447500,2015-07-04,37.661405967360004,m3/s,00060,Discharge,1,gr-data.xlsx
USGS-05447500,2015-07-05,34.546552842240004,m3/s,00060,Discharge,1,gr-data.xlsx
USGS-05447500,2015-07-06,35.11288977408,m3/s,00060,Discharge,1,gr-data.xlsx
USGS-05447500,2015-07-07,60.59805170688,m3/s,00060,Discharge,1,gr-data.xlsx
USGS-05447500,2015-07-08,61.16438863872,m3/s,00060,Discharge,1,gr-data.xlsx
USGS-05447500,2015-07-09,48.70497613824,m3/s,00060,Discharge,1,gr-data.xlsx
USGS-05447500,2015-07-10,40.776259092480004,m3/s,00060,Discharge,1,gr-data.xlsx
USGS-05447500,2015-07-11,37.09506903552,m3/s,00060,Discharge,1,gr-data.xlsx
USGS-05447500,2015-07-12,36.52873210368,m3/s,00060,Discharge,1,gr-data.xlsx
USGS-05447500,2015-07-13,33.9802159104,m3/s,00060,Discharge,1,gr-data.xlsx
USGS-05447500,2015-07-14,44.45744914944,m3/s,00060,Discharge,1,gr-data.xlsx
USGS-05447500,2015-07-15,45.87329147904,m3/s,00060,Discharge,1,gr-data.xlsx
USGS-05447500,2015-07-16,37.09506903552,m3/s,00060,Discharge,1,gr-data.xlsx
USGS-05447500,2015-07-17,34.82972130816,m3/s,00060,Discharge,1,gr-data.xlsx
USGS-05447500,2015-07-18,34.82972130816,m3/s,00060,Discharge,1,gr-data.xlsx
USGS-05447500,2015-07-19,31.43169971712,m3/s,00060,Discharge,1,gr-data.xlsx
USGS-05447500,2015-07-20,27.6089254272,m3/s,00060,Discharge,1,gr-data.xlsx
USGS-05447500,2015-07-21,24.918825000960002,m3/s,00060,Discharge,1,gr-data.xlsx
USGS-05447500,2015-07-22,22.6534772736,m3/s,00060,Discharge,1,gr-data.xlsx
USGS-05447500,2015-07-23,20.81288224512,m3/s,00060,Discharge,1,gr-data.xlsx
USGS-05447500,2015-07-24,19.368723068928002,m3/s,00060,Discharge,1,gr-data.xlsx
USGS-05447500,2015-07-25,18.349316591616,m3/s,00060,Discharge,1,gr-data.xlsx
USGS-05447500,2015-07-26,17.443177500672,m3/s,00060,Discharge,1,gr-data.xlsx
USGS-05447500,2015-07-27,19.028920909824002,m3/s,00060,Discharge,1,gr-data.xlsx
USGS-05447500,2015-07-28,28.88318352384,m3/s,00060,Discharge,1,gr-data.xlsx
USGS-05447500,2015-07-29,24.012685910016,m3/s,00060,Discharge,1,gr-data.xlsx
USGS-05447500,2015-07-30,19.425356762112,m3/s,00060,Discharge,1,gr-data.xlsx
USGS-05447500,2015-07-31,16.70693948928,m3/s,00060,Discharge,1,gr-data.xlsx
USGS-05447500,2015-08-01,15.092879233536001,m3/s,00060,Discharge,1,gr-data.xlsx
USGS-05447500,2015-08-02,13.931888523264,m3/s,00060,Discharge,1,gr-data.xlsx
USGS-05447500,2015-08-03,12.912482045952,m3/s,00060,Discharge,1,gr-data.xlsx
USGS-05447500,2015-08-04,12.006342955008,m3/s,00060,Discharge,1,gr-data.xlsx
USGS-05447500,2015-08-05,11.411689176576001,m3/s,00060,Discharge,1,gr-data.xlsx
USGS-05447500,2015-08-06,10.76040170496,m3/s,00060,Discharge,1,gr-data.xlsx
USGS-05447500,2015-08-07,10.307332159488,m3/s,00060,Discharge,1,gr-data.xlsx
USGS-05447500,2015-08-08,9.9108963072,m3/s,00060,Discharge,1,gr-data.xlsx
USGS-05447500,2015-08-09,10.703768011776,m3/s,00060,Discharge,1,gr-data.xlsx
USGS-05447500,2015-08-10,11.213471250432,m3/s,00060,Discharge,1,gr-data.xlsx
USGS-05447500,2015-08-11,10.080797386752,m3/s,00060,Discharge,1,gr-data.xlsx
USGS-05447500,2015-08-12,9.797628920832,m3/s,00060,Discharge,1,gr-data.xlsx
USGS-05447500,2015-08-13,9.089707756032,m3/s,00060,Discharge,1,gr-data.xlsx
USGS-05447500,2015-08-14,8.608321363968,m3/s,00060,Discharge,1,gr-data.xlsx
USGS-05447500,2015-08-15,8.268519204864,m3/s,00060,Discharge,1,gr-data.xlsx
USGS-05447500,2015-08-16,7.872083352576,m3/s,00060,Discharge,1,gr-data.xlsx
USGS-05447500,2015-08-17,7.673865426432,m3/s,00060,Discharge,1,gr-data.xlsx
USGS-05447500,2015-08-18,8.296836051456001,m3/s,00060,Discharge,1,gr-data.xlsx
USGS-05447500,2015-08-19,10.194064773120001,m3/s,00060,Discharge,1,gr-data.xlsx
USGS-05447500,2015-08-20,10.05248054016,m3/s,00060,Discharge,1,gr-data.xlsx
USGS-05447500,2015-08-21,8.77822244352,m3/s,00060,Discharge,1,gr-data.xlsx
USGS-05447500,2015-08-22,7.957033892352,m3/s,00060,Discharge,1,gr-data.xlsx
USGS-05447500,2015-08-23,7.419013807104,m3/s,00060,Discharge,1,gr-data.xlsx
USGS-05447500,2015-08-24,7.1924790343680005,m3/s,00060,Discharge,1,gr-data.xlsx
USGS-05447500,2015-08-25,6.965944261632,m3/s,00060,Discharge,1,gr-data.xlsx
USGS-05447500,2015-08-26,6.824360028672,m3/s,00060,Discharge,1,gr-data.xlsx
USGS-05447500,2015-08-27,6.682775795712,m3/s,00060,Discharge,1,gr-data.xlsx
USGS-05447500,2015-08-28,6.399607329792,m3/s,00060,Discharge,1,gr-data.xlsx
USGS-05447500,2015-08-29,6.626142102528,m3/s,00060,Discharge,1,gr-data.xlsx
USGS-05447500,2015-08-30,6.739409488896,m3/s,00060,Discharge,1,gr-data.xlsx
USGS-05447500,2015-08-31,6.65445894912,m3/s,00060,Discharge,1,gr-data.xlsx
USGS-05447500,2015-09-01,6.342973636608,m3/s,00060,Discharge,1,gr-data.xlsx
USGS-05447500,2015-09-02,6.116438863872,m3/s,00060,Discharge,1,gr-data.xlsx
USGS-05447500,2015-09-03,5.833270397952,m3/s,00060,Discharge,1,gr-data.xlsx
USGS-05447500,2015-09-04,5.635052471808,m3/s,00060,Discharge,1,gr-data.xlsx
USGS-05447500,2015-09-05,5.465151392256,m3/s,00060,Discharge,1,gr-data.xlsx
USGS-05447500,2015-09-06,5.323567159296,m3/s,00060,Discharge,1,gr-data.xlsx
USGS-05447500,2015-09-07,5.323567159296,m3/s,00060,Discharge,1,gr-data.xlsx
USGS-05447500,2015-09-08,5.918220937728,m3/s,00060,Discharge,1,gr-data.xlsx
USGS-05447500,2015-09-09,6.003171477504,m3/s,00060,Discharge,1,gr-data.xlsx
USGS-05447500,2015-09-10,6.116438863872,m3/s,00060,Discharge,1,gr-data.xlsx
USGS-05447500,2015-09-11,6.79604318208,m3/s,00060,Discharge,1,gr-data.xlsx
USGS-05447500,2015-09-12,6.569508409344,m3/s,00060,Discharge,1,gr-data.xlsx
USGS-05447500,2015-09-13,6.1447557104640005,m3/s,00060,Discharge,1,gr-data.xlsx
USGS-05447500,2015-09-14,5.861587244544,m3/s,00060,Discharge,1,gr-data.xlsx
USGS-05447500,2015-09-15,5.691686164992,m3/s,00060,Discharge,1,gr-data.xlsx
USGS-05447500,2015-09-16,5.550101932032,m3/s,00060,Discharge,1,gr-data.xlsx
USGS-05447500,2015-09-17,5.550101932032,m3/s,00060,Discharge,1,gr-data.xlsx
USGS-05447500,2015-09-18,9.174658295808,m3/s,00060,Discharge,1,gr-data.xlsx
USGS-05447500,2015-09-19,32.5643735808,m3/s,00060,Discharge,1,gr-data.xlsx
USGS-05447500,2015-09-20,27.977044432896,m3/s,00060,Discharge,1,gr-data.xlsx
USGS-05447500,2015-09-21,17.726345966592,m3/s,00060,Discharge,1,gr-data.xlsx
USGS-05447500,2015-09-22,13.478818977792,m3/s,00060,Discharge,1,gr-data.xlsx
USGS-05447500,2015-09-23,11.383372329984,m3/s,00060,Discharge,1,gr-data.xlsx
USGS-05447500,2015-09-24,10.137431079936,m3/s,00060,Discharge,1,gr-data.xlsx
USGS-05447500,2015-09-25,9.429509915136,m3/s,00060,Discharge,1,gr-data.xlsx
USGS-05447500,2015-09-26,8.91980667648,m3/s,00060,Discharge,1,gr-data.xlsx
USGS-05447500,2015-09-27,8.523370824192,m3/s,00060,Discharge,1,gr-data.xlsx
USGS-05447500,2015-09-28,8.296836051456001,m3/s,00060,Discharge,1,gr-data.xlsx
USGS-05447500,2015-09-29,8.098618125312,m3/s,00060,Discharge,1,gr-data.xlsx
USGS-05447500,2015-09-30,7.872083352576,m3/s,00060,Discharge,1,gr-data.xlsx
USGS-05447500,2015-10-01,7.702182273024,m3/s,00060,Discharge,1,gr-data.xlsx
USGS-05447500,2015-10-02,7.50396434688,m3/s,00060,Discharge,1,gr-data.xlsx
USGS-05447500,2015-10-03,7.390696960512,m3/s,00060,Discharge,1,gr-data.xlsx
USGS-05447500,2015-10-04,7.334063267328,m3/s,00060,Discharge,1,gr-data.xlsx
USGS-05447500,2015-10-05,7.305746420736,m3/s,00060,Discharge,1,gr-data.xlsx
USGS-05447500,2015-10-06,7.22079588096,m3/s,00060,Discharge,1,gr-data.xlsx
USGS-05447500,2015-10-07,7.050894801408,m3/s,00060,Discharge,1,gr-data.xlsx
USGS-05447500,2015-10-08,6.824360028672,m3/s,00060,Discharge,1,gr-data.xlsx
USGS-05447500,2015-10-09,6.682775795712,m3/s,00060,Discharge,1,gr-data.xlsx
USGS-05447500,2015-10-10,6.739409488896,m3/s,00060,Discharge,1,gr-data.xlsx
USGS-05447500,2015-10-11,6.65445894912,m3/s,00060,Discharge,1,gr-data.xlsx
USGS-05447500,2015-10-12,6.65445894912,m3/s,00060,Discharge,1,gr-data.xlsx
USGS-05447500,2015-10-13,6.484557869568,m3/s,00060,Discharge,1,gr-data.xlsx
USGS-05447500,2015-10-14,6.342973636608,m3/s,00060,Discharge,1,gr-data.xlsx
USGS-05447500,2015-10-15,6.258023096832,m3/s,00060,Discharge,1,gr-data.xlsx
USGS-05447500,2015-10-16,6.08812201728,m3/s,00060,Discharge,1,gr-data.xlsx
USGS-05447500,2015-10-17,6.173072557056,m3/s,00060,Discharge,1,gr-data.xlsx
USGS-05447500,2015-10-18,6.201389403648,m3/s,00060,Discharge,1,gr-data.xlsx
USGS-05447500,2015-10-19,6.116438863872,m3/s,00060,Discharge,1,gr-data.xlsx
USGS-05447500,2015-10-20,6.173072557056,m3/s,00060,Discharge,1,gr-data.xlsx
USGS-05447500,2015-10-21,6.541191562752,m3/s,00060,Discharge,1,gr-data.xlsx
USGS-05447500,2015-10-22,6.541191562752,m3/s,00060,Discharge,1,gr-data.xlsx
USGS-05447500,2015-10-23,6.286339943424,m3/s,00060,Discharge,1,gr-data.xlsx
USGS-05447500,2015-10-24,6.456241022976,m3/s,00060,Discharge,1,gr-data.xlsx
USGS-05447500,2015-10-25,6.626142102528,m3/s,00060,Discharge,1,gr-data.xlsx
USGS-05447500,2015-10-26,6.342973636608,m3/s,00060,Discharge,1,gr-data.xlsx
USGS-05447500,2015-10-27,6.51287471616,m3/s,00060,Discharge,1,gr-data.xlsx
USGS-05447500,2015-10-28,7.4473306536960004,m3/s,00060,Discharge,1,gr-data.xlsx
USGS-05447500,2015-10-29,7.92871704576,m3/s,00060,Discharge,1,gr-data.xlsx
USGS-05447500,2015-10-30,7.843766505984,m3/s,00060,Discharge,1,gr-data.xlsx
USGS-05447500,2015-10-31,8.183568665088,m3/s,00060,Discharge,1,gr-data.xlsx
USGS-05447500,2015-11-01,10.562183778816001,m3/s,00060,Discharge,1,gr-data.xlsx
USGS-05447500,2015-11-02,11.609907102720001,m3/s,00060,Discharge,1,gr-data.xlsx
USGS-05447500,2015-11-03,10.986936477696,m3/s,00060,Discharge,1,gr-data.xlsx
USGS-05447500,2015-11-04,9.9108963072,m3/s,00060,Discharge,1,gr-data.xlsx
USGS-05447500,2015-11-05,9.259608835584,m3/s,00060,Discharge,1,gr-data.xlsx
USGS-05447500,2015-11-06,9.287925682176,m3/s,00060,Discharge,1,gr-data.xlsx
USGS-05447500,2015-11-07,9.259608835584,m3/s,00060,Discharge,1,gr-data.xlsx
USGS-05447500,2015-11-08,9.033074062848,m3/s,00060,Discharge,1,gr-data.xlsx
USGS-05447500,2015-11-09,8.806539290112001,m3/s,00060,Discharge,1,gr-data.xlsx
USGS-05447500,2015-11-10,8.91980667648,m3/s,00060,Discharge,1,gr-data.xlsx
USGS-05447500,2015-11-11,8.721588750336,m3/s,00060,Discharge,1,gr-data.xlsx
USGS-05447500,2015-11-12,10.109114233344,m3/s,00060,Discharge,1,gr-data.xlsx
USGS-05447500,2015-11-13,11.270104943616,m3/s,00060,Discharge,1,gr-data.xlsx
USGS-05447500,2015-11-14,10.618817472,m3/s,00060,Discharge,1,gr-data.xlsx
USGS-05447500,2015-11-15,9.712678381056,m3/s,00060,Discharge,1,gr-data.xlsx
USGS-05447500,2015-11-16,9.259608835584,m3/s,00060,Discharge,1,gr-data.xlsx
USGS-05447500,2015-11-17,10.76040170496,m3/s,00060,Discharge,1,gr-data.xlsx
USGS-05447500,2015-11-18,31.1485312512,m3/s,00060,Discharge,1,gr-data.xlsx
USGS-05447500,2015-11-19,50.12081846784,m3/s,00060,Discharge,1,gr-data.xlsx
USGS-05447500,2015-11-20,41.0594275584,m3/s,00060,Discharge,1,gr-data.xlsx
USGS-05447500,2015-11-21,32.28120511488,m3/s,00060,Discharge,1,gr-data.xlsx
USGS-05447500,2015-11-22,28.88318352384,m3/s,00060,Discharge,1,gr-data.xlsx
USGS-05447500,2015-11-23,26.079815711232,m3/s,00060,Discharge,1,gr-data.xlsx
USGS-05447500,2015-11-24,24.21090383616,m3/s,00060,Discharge,1,gr-data.xlsx
USGS-05447500,2015-11-25,24.35248806912,m3/s,00060,Discharge,1,gr-data.xlsx
USGS-05447500,2015-11-26,34.82972130816,m3/s,00060,Discharge,1,gr-data.xlsx
USGS-05447500,2015-11-27,60.03171477504,m3/s,00060,Discharge,1,gr-data.xlsx
USGS-05447500,2015-11-28,73.05746420736,m3/s,00060,Discharge,1,gr-data.xlsx
USGS-05447500,2015-11-29,60.8812201728,m3/s,00060,Discharge,1,gr-data.xlsx
USGS-05447500,2015-11-30,47.57230227456,m3/s,00060,Discharge,1,gr-data.xlsx
USGS-05447500,2015-12-01,46.439628410880005,m3/s,00060,Discharge,1,gr-data.xlsx
USGS-05447500,2015-12-02,48.42180767232,m3/s,00060,Discharge,1,gr-data.xlsx
USGS-05447500,2015-12-03,45.02378608128,m3/s,00060,Discharge,1,gr-data.xlsx
USGS-05447500,2015-12-04,39.6435852288,m3/s,00060,Discharge,1,gr-data.xlsx
USGS-05447500,2015-12-05,36.52873210368,m3/s,00060,Discharge,1,gr-data.xlsx
USGS-05447500,2015-12-06,34.546552842240004,m3/s,00060,Discharge,1,gr-data.xlsx
USGS-05447500,2015-12-07,33.13071051264,m3/s,00060,Discharge,1,gr-data.xlsx
USGS-05447500,2015-12-08,31.71486818304,m3/s,00060,Discharge,1,gr-data.xlsx
USGS-05447500,2015-12-09,30.865362785280002,m3/s,00060,Discharge,1,gr-data.xlsx
USGS-05447500,2015-12-10,29.166351989760003,m3/s,00060,Discharge,1,gr-data.xlsx
USGS-05447500,2015-12-11,28.090311819264002,m3/s,00060,Discharge,1,gr-data.xlsx
USGS-05447500,2015-12-12,26.334667330560002,m3/s,00060,Discharge,1,gr-data.xlsx
USGS-05447500,2015-12-13,25.456845086208002,m3/s,00060,Discharge,1,gr-data.xlsx
USGS-05447500,2015-12-14,60.59805170688,m3/s,00060,Discharge,1,gr-data.xlsx
USGS-05447500,2015-12-15,106.75451165184,m3/s,00060,Discharge,1,gr-data.xlsx
USGS-05447500,2015-12-16,89.48123523072,m3/s,00060,Discharge,1,gr-data.xlsx
USGS-05447500,2015-12-17,65.69508409344,m3/s,00060,Discharge,1,gr-data.xlsx
USGS-05447500,2015-12-18,51.25349233152,m3/s,00060,Discharge,1,gr-data.xlsx
USGS-05447500,2015-12-19,43.04160681984,m3/s,00060,Discharge,1,gr-data.xlsx
USGS-05447500,2015-12-20,39.07724829696,m3/s,00060,Discharge,1,gr-data.xlsx
USGS-05447500,2015-12-21,39.36041676288,m3/s,00060,Discharge,1,gr-data.xlsx
USGS-05447500,2015-12-22,46.722796876800004,m3/s,00060,Discharge,1,gr-data.xlsx
USGS-05447500,2015-12-23,51.81982926336,m3/s,00060,Discharge,1,gr-data.xlsx
USGS-05447500,2015-12-24,69.37627415040001,m3/s,00060,Discharge,1,gr-data.xlsx
USGS-05447500,2015-12-25,70.22577954816,m3/s,00060,Discharge,1,gr-data.xlsx
USGS-05447500,2015-12-26,56.06735625216,m3/s,00060,Discharge,1,gr-data.xlsx
USGS-05447500,2015-12-27,48.1386392064,m3/s,00060,Discharge,1,gr-data.xlsx
USGS-05447500,2015-12-28,53.8020085248,m3/s,00060,Discharge,1,gr-data.xlsx
USGS-05447500,2015-12-29,142.43373835776,m3/s,00060,Discharge,1,gr-data.xlsx
USGS-05447500,2015-12-30,134.22185284608,m3/s,00060,Discharge,1,gr-data.xlsx
USGS-05447500,2015-12-31,107.03768011776,m3/s,00060,Discharge,1,gr-data.xlsx
USGS-05447500,2016-01-01,84.38420284416,m3/s,00060,Discharge,1,gr-data.xlsx
USGS-05447500,2016-01-02,67.11092642304,m3/s,00060,Discharge,1,gr-data.xlsx
USGS-05447500,2016-01-03,56.35052471808,m3/s,00060,Discharge,1,gr-data.xlsx
USGS-05447500,2016-01-04,48.98814460416,m3/s,00060,Discharge,1,gr-data.xlsx
USGS-05447500,2016-01-05,44.17428068352,m3/s,00060,Discharge,1,gr-data.xlsx
USGS-05447500,2016-01-06,41.62576449024,m3/s,00060,Discharge,1,gr-data.xlsx
USGS-05447500,2016-01-07,40.20992216064,m3/s,00060,Discharge,1,gr-data.xlsx
USGS-05447500,2016-01-08,40.493090626560004,m3/s,00060,Discharge,1,gr-data.xlsx
USGS-05447500,2016-01-09,52.95250312704,m3/s,00060,Discharge,1,gr-data.xlsx
USGS-05447500,2016-01-10,59.74854630912,m3/s,00060,Discharge,1,gr-data.xlsx
USGS-05447500,2016-01-11,52.669334661120004,m3/s,00060,Discharge,1,gr-data.xlsx
USGS-05447500,2016-01-12,46.439628410880005,m3/s,00060,Discharge,1,gr-data.xlsx
USGS-05447500,2016-01-13,41.34259602432,m3/s,00060,Discharge,1,gr-data.xlsx
USGS-05447500,2016-01-14,41.0594275584,m3/s,00060,Discharge,1,gr-data.xlsx
USGS-05447500,2016-01-15,39.92675369472,m3/s,00060,Discharge,1,gr-data.xlsx
USGS-05447500,2016-01-16,37.661405967360004,m3/s,00060,Discharge,1,gr-data.xlsx
USGS-05447500,2016-01-17,33.69704744448,m3/s,00060,Discharge,1,gr-data.xlsx
USGS-05447500,2016-01-18,33.13071051264,m3/s,00060,Discharge,1,gr-data.xlsx
USGS-05447500,2016-01-19,33.13071051264,m3/s,00060,Discharge,1,gr-data.xlsx
USGS-05447500,2016-01-20,33.41387897856,m3/s,00060,Discharge,1,gr-data.xlsx
USGS-05447500,2016-01-21,33.9802159104,m3/s,00060,Discharge,1,gr-data.xlsx
USGS-05447500,2016-01-22,33.69704744448,m3/s,00060,Discharge,1,gr-data.xlsx
USGS-05447500,2016-01-23,32.28120511488,m3/s,00060,Discharge,1,gr-data.xlsx
USGS-05447500,2016-01-24,29.7326889216,m3/s,00060,Discharge,1,gr-data.xlsx
USGS-05447500,2016-01-25,28.316846592,m3/s,00060,Discharge,1,gr-data.xlsx
USGS-05447500,2016-01-26,26.9010042624,m3/s,00060,Discharge,1,gr-data.xlsx
USGS-05447500,2016-01-27,26.9010042624,m3/s,00060,Discharge,1,gr-data.xlsx
USGS-05447500,2016-01-28,26.844370569216,m3/s,00060,Discharge,1,gr-data.xlsx
USGS-05447500,2016-01-29,25.938231478272,m3/s,00060,Discharge,1,gr-data.xlsx
USGS-05447500,2016-01-30,25.20199346688,m3/s,00060,Discharge,1,gr-data.xlsx
USGS-05447500,2016-01-31,24.975458694144002,m3/s,00060,Discharge,1,gr-data.xlsx
USGS-05447500,2016-02-01,24.805557614592,m3/s,00060,Discharge,1,gr-data.xlsx
USGS-05447500,2016-02-02,26.589518949888,m3/s,00060,Discharge,1,gr-data.xlsx
USGS-05447500,2016-02-03,37.94457443328,m3/s,00060,Discharge,1,gr-data.xlsx
USGS-05447500,2016-02-04,36.24556363776,m3/s,00060,Discharge,1,gr-data.xlsx
USGS-05447500,2016-02-05,30.865362785280002,m3/s,00060,Discharge,1,gr-data.xlsx
USGS-05447500,2016-02-06,28.061994972672,m3/s,00060,Discharge,1,gr-data.xlsx
USGS-05447500,2016-02-07,26.674469489664002,m3/s,00060,Discharge,1,gr-data.xlsx
USGS-05447500,2016-02-08,26.108132557824,m3/s,00060,Discharge,1,gr-data.xlsx
USGS-05447500,2016-02-09,24.35248806912,m3/s,00060,Discharge,1,gr-data.xlsx
USGS-05447500,2016-02-10,24.35248806912,m3/s,00060,Discharge,1,gr-data.xlsx
USGS-05447500,2016-02-11,22.51189304064,m3/s,00060,Discharge,1,gr-data.xlsx
USGS-05447500,2016-02-12,22.79506150656,m3/s,00060,Discharge,1,gr-data.xlsx
USGS-05447500,2016-02-13,22.313675114496,m3/s,00060,Discharge,1,gr-data.xlsx
USGS-05447500,2016-02-14,20.926149631488002,m3/s,00060,Discharge,1,gr-data.xlsx
USGS-05447500,2016-02-15,20.926149631488002,m3/s,00060,Discharge,1,gr-data.xlsx
USGS-05447500,2016-02-16,20.133277926912,m3/s,00060,Discharge,1,gr-data.xlsx
USGS-05447500,2016-02-17,19.96337684736,m3/s,00060,Discharge,1,gr-data.xlsx
USGS-05447500,2016-02-18,20.359812699648,m3/s,00060,Discharge,1,gr-data.xlsx
USGS-05447500,2016-02-19,21.52080340992,m3/s,00060,Discharge,1,gr-data.xlsx
USGS-05447500,2016-02-20,21.860605569024,m3/s,00060,Discharge,1,gr-data.xlsx
USGS-05447500,2016-02-21,20.926149631488002,m3/s,00060,Discharge,1,gr-data.xlsx
USGS-05447500,2016-02-22,19.736842074624,m3/s,00060,Discharge,1,gr-data.xlsx
USGS-05447500,2016-02-23,19.283772529152,m3/s,00060,Discharge,1,gr-data.xlsx
USGS-05447500,2016-02-24,18.830702983680002,m3/s,00060,Discharge,1,gr-data.xlsx
USGS-05447500,2016-02-25,18.859019830272,m3/s,00060,Discharge,1,gr-data.xlsx
USGS-05447500,2016-02-26,18.4059502848,m3/s,00060,Discharge,1,gr-data.xlsx
USGS-05447500,2016-02-27,18.066148125696,m3/s,00060,Discharge,1,gr-data.xlsx
USGS-05447500,2016-02-28,17.811296506368002,m3/s,00060,Discharge,1,gr-data.xlsx
USGS-05447500,2016-02-29,18.179415512064,m3/s,00060,Discharge,1,gr-data.xlsx
USGS-05447500,2016-03-01,17.669712273408,m3/s,00060,Discharge,1,gr-data.xlsx
USGS-05447500,2016-03-02,17.358226960896,m3/s,00060,Discharge,1,gr-data.xlsx
USGS-05447500,2016-03-03,17.726345966592,m3/s,00060,Discharge,1,gr-data.xlsx
USGS-05447500,2016-03-04,17.301593267712,m3/s,00060,Discharge,1,gr-data.xlsx
USGS-05447500,2016-03-05,16.621988949504,m3/s,00060,Discharge,1,gr-data.xlsx
USGS-05447500,2016-03-06,16.678622642688,m3/s,00060,Discharge,1,gr-data.xlsx
USGS-05447500,2016-03-07,16.621988949504,m3/s,00060,Discharge,1,gr-data.xlsx
USGS-05447500,2016-03-08,16.621988949504,m3/s,00060,Discharge,1,gr-data.xlsx
USGS-05447500,2016-03-09,16.84852372224,m3/s,00060,Discharge,1,gr-data.xlsx
USGS-05447500,2016-03-10,16.905157415424,m3/s,00060,Discharge,1,gr-data.xlsx
USGS-05447500,2016-03-11,16.678622642688,m3/s,00060,Discharge,1,gr-data.xlsx
USGS-05447500,2016-03-12,16.395454176768002,m3/s,00060,Discharge,1,gr-data.xlsx
USGS-05447500,2016-03-13,17.669712273408,m3/s,00060,Discharge,1,gr-data.xlsx
USGS-05447500,2016-03-14,25.315260853248002,m3/s,00060,Discharge,1,gr-data.xlsx
USGS-05447500,2016-03-15,34.26338437632,m3/s,00060,Discharge,1,gr-data.xlsx
USGS-05447500,2016-03-16,57.48319858176,m3/s,00060,Discharge,1,gr-data.xlsx
USGS-05447500,2016-03-17,61.730725570560004,m3/s,00060,Discharge,1,gr-data.xlsx
USGS-05447500,2016-03-18,48.98814460416,m3/s,00060,Discharge,1,gr-data.xlsx
USGS-05447500,2016-03-19,39.92675369472,m3/s,00060,Discharge,1,gr-data.xlsx
USGS-05447500,2016-03-20,35.39605824,m3/s,00060,Discharge,1,gr-data.xlsx
USGS-05447500,2016-03-21,33.13071051264,m3/s,00060,Discharge,1,gr-data.xlsx
USGS-05447500,2016-03-22,31.43169971712,m3/s,00060,Discharge,1,gr-data.xlsx
USGS-05447500,2016-03-23,30.58219431936,m3/s,00060,Discharge,1,gr-data.xlsx
USGS-05447500,2016-03-24,31.99803664896,m3/s,00060,Discharge,1,gr-data.xlsx
USGS-05447500,2016-03-25,43.32477528576,m3/s,00060,Discharge,1,gr-data.xlsx
USGS-05447500,2016-03-26,47.00596534272,m3/s,00060,Discharge,1,gr-data.xlsx
USGS-05447500,2016-03-27,41.62576449024,m3/s,00060,Discharge,1,gr-data.xlsx
USGS-05447500,2016-03-28,38.2277428992,m3/s,00060,Discharge,1,gr-data.xlsx
USGS-05447500,2016-03-29,35.39605824,m3/s,00060,Discharge,1,gr-data.xlsx
USGS-05447500,2016-03-30,33.41387897856,m3/s,00060,Discharge,1,gr-data.xlsx
USGS-05447500,2016-03-31,34.82972130816,m3/s,00060,Discharge,1,gr-data.xlsx
USGS-05447500,2016-04-01,33.9802159104,m3/s,00060,Discharge,1,gr-data.xlsx
USGS-05447500,2016-04-02,32.28120511488,m3/s,00060,Discharge,1,gr-data.xlsx
USGS-05447500,2016-04-03,31.1485312512,m3/s,00060,Discharge,1,gr-data.xlsx
USGS-05447500,2016-04-04,29.449520455680002,m3/s,00060,Discharge,1,gr-data.xlsx
USGS-05447500,2016-04-05,27.240806421504,m3/s,00060,Discharge,1,gr-data.xlsx
USGS-05447500,2016-04-06,28.061994972672,m3/s,00060,Discharge,1,gr-data.xlsx
USGS-05447500,2016-04-07,28.88318352384,m3/s,00060,Discharge,1,gr-data.xlsx
USGS-05447500,2016-04-08,27.32575696128,m3/s,00060,Discharge,1,gr-data.xlsx
USGS-05447500,2016-04-09,26.561202103296,m3/s,00060,Discharge,1,gr-data.xlsx
USGS-05447500,2016-04-10,25.371894546432,m3/s,00060,Discharge,1,gr-data.xlsx
USGS-05447500,2016-04-11,24.805557614592,m3/s,00060,Discharge,1,gr-data.xlsx
USGS-05447500,2016-04-12,23.701200597504002,m3/s,00060,Discharge,1,gr-data.xlsx
USGS-05447500,2016-04-13,22.568526733824,m3/s,00060,Discharge,1,gr-data.xlsx
USGS-05447500,2016-04-14,22.058823495168,m3/s,00060,Discharge,1,gr-data.xlsx
USGS-05447500,2016-04-15,21.492486563328,m3/s,00060,Discharge,1,gr-data.xlsx
USGS-05447500,2016-04-16,20.586347472384002,m3/s,00060,Discharge,1,gr-data.xlsx
USGS-05447500,2016-04-17,19.595257841664,m3/s,00060,Discharge,1,gr-data.xlsx
USGS-05447500,2016-04-18,18.774069290496,m3/s,00060,Discharge,1,gr-data.xlsx
USGS-05447500,2016-04-19,18.859019830272,m3/s,00060,Discharge,1,gr-data.xlsx
USGS-05447500,2016-04-20,19.1138714496,m3/s,00060,Discharge,1,gr-data.xlsx
USGS-05447500,2016-04-21,19.198821989376,m3/s,00060,Discharge,1,gr-data.xlsx
USGS-05447500,2016-04-22,20.388129546240002,m3/s,00060,Discharge,1,gr-data.xlsx
USGS-05447500,2016-04-23,20.048327387136002,m3/s,00060,Discharge,1,gr-data.xlsx
USGS-05447500,2016-04-24,19.028920909824002,m3/s,00060,Discharge,1,gr-data.xlsx
USGS-05447500,2016-04-25,18.207732358656,m3/s,00060,Discharge,1,gr-data.xlsx
USGS-05447500,2016-04-26,17.782979659776,m3/s,00060,Discharge,1,gr-data.xlsx
USGS-05447500,2016-04-27,17.41486065408,m3/s,00060,Discharge,1,gr-data.xlsx
USGS-05447500,2016-04-28,18.97228721664,m3/s,00060,Discharge,1,gr-data.xlsx
USGS-05447500,2016-04-29,20.388129546240002,m3/s,00060,Discharge,1,gr-data.xlsx
USGS-05447500,2016-04-30,20.897832784896,m3/s,00060,Discharge,1,gr-data.xlsx
USGS-05447500,2016-05-01,29.166351989760003,m3/s,00060,Discharge,1,gr-data.xlsx
USGS-05447500,2016-05-02,39.07724829696,m3/s,00060,Discharge,1,gr-data.xlsx
USGS-05447500,2016-05-03,47.57230227456,m3/s,00060,Discharge,1,gr-data.xlsx
USGS-05447500,2016-05-04,43.04160681984,m3/s,00060,Discharge,1,gr-data.xlsx
USGS-05447500,2016-05-05,37.661405967360004,m3/s,00060,Discharge,1,gr-data.xlsx
USGS-05447500,2016-05-06,33.41387897856,m3/s,00060,Discharge,1,gr-data.xlsx
USGS-05447500,2016-05-07,30.865362785280002,m3/s,00060,Discharge,1,gr-data.xlsx
USGS-05447500,2016-05-08,28.88318352384,m3/s,00060,Discharge,1,gr-data.xlsx
USGS-05447500,2016-05-09,26.702786336256,m3/s,00060,Discharge,1,gr-data.xlsx
USGS-05447500,2016-05-10,30.865362785280002,m3/s,00060,Discharge,1,gr-data.xlsx
USGS-05447500,2016-05-11,50.9703238656,m3/s,00060,Discharge,1,gr-data.xlsx
USGS-05447500,2016-05-12,59.18220937728,m3/s,00060,Discharge,1,gr-data.xlsx
USGS-05447500,2016-05-13,106.75451165184,m3/s,00060,Discharge,1,gr-data.xlsx
USGS-05447500,2016-05-14,90.6139090944,m3/s,00060,Discharge,1,gr-data.xlsx
USGS-05447500,2016-05-15,77.58815966208,m3/s,00060,Discharge,1,gr-data.xlsx
USGS-05447500,2016-05-16,62.58023096832,m3/s,00060,Discharge,1,gr-data.xlsx
USGS-05447500,2016-05-17,52.10299772928,m3/s,00060,Discharge,1,gr-data.xlsx
USGS-05447500,2016-05-18,45.02378608128,m3/s,00060,Discharge,1,gr-data.xlsx
USGS-05447500,2016-05-19,40.20992216064,m3/s,00060,Discharge,1,gr-data.xlsx
USGS-05447500,2016-05-20,36.8119005696,m3/s,00060,Discharge,1,gr-data.xlsx
USGS-05447500,2016-05-21,34.26338437632,m3/s,00060,Discharge,1,gr-data.xlsx
USGS-05447500,2016-05-22,31.99803664896,m3/s,00060,Discharge,1,gr-data.xlsx
USGS-05447500,2016-05-23,30.58219431936,m3/s,00060,Discharge,1,gr-data.xlsx
USGS-05447500,2016-05-24,29.449520455680002,m3/s,00060,Discharge,1,gr-data.xlsx
USGS-05447500,2016-05-25,27.778826506752,m3/s,00060,Discharge,1,gr-data.xlsx
USGS-05447500,2016-05-26,26.362984177152,m3/s,00060,Discharge,1,gr-data.xlsx
USGS-05447500,2016-05-27,25.76833039872,m3/s,00060,Discharge,1,gr-data.xlsx
USGS-05447500,2016-05-28,25.088726080512,m3/s,00060,Discharge,1,gr-data.xlsx
USGS-05447500,2016-05-29,24.097636449792002,m3/s,00060,Discharge,1,gr-data.xlsx
USGS-05447500,2016-05-30,23.78615113728,m3/s,00060,Discharge,1,gr-data.xlsx
USGS-05447500,2016-05-31,22.993279432704,m3/s,00060,Discharge,1,gr-data.xlsx
USGS-05447500,2016-06-01,33.69704744448,m3/s,00060,Discharge,1,gr-data.xlsx
USGS-05447500,2016-06-02,37.94457443328,m3/s,00060,Discharge,1,gr-data.xlsx
USGS-05447500,2016-06-03,31.1485312512,m3/s,00060,Discharge,1,gr-data.xlsx
USGS-05447500,2016-06-04,27.155855881728,m3/s,00060,Discharge,1,gr-data.xlsx
USGS-05447500,2016-06-05,24.890508154368,m3/s,00060,Discharge,1,gr-data.xlsx
USGS-05447500,2016-06-06,23.248131052032,m3/s,00060,Discharge,1,gr-data.xlsx
USGS-05447500,2016-06-07,21.605753949696002,m3/s,00060,Discharge,1,gr-data.xlsx
USGS-05447500,2016-06-08,20.784565398528002,m3/s,00060,Discharge,1,gr-data.xlsx
USGS-05447500,2016-06-09,20.218228466688,m3/s,00060,Discharge,1,gr-data.xlsx
USGS-05447500,2016-06-10,19.991693693952,m3/s,00060,Discharge,1,gr-data.xlsx
USGS-05447500,2016-06-11,19.510307301888,m3/s,00060,Discharge,1,gr-data.xlsx
USGS-05447500,2016-06-12,18.320999745024,m3/s,00060,Discharge,1,gr-data.xlsx
USGS-05447500,2016-06-13,16.876840568832,m3/s,00060,Discharge,1,gr-data.xlsx
USGS-05447500,2016-06-14,17.811296506368002,m3/s,00060,Discharge,1,gr-data.xlsx
USGS-05447500,2016-06-15,128.8416519936,m3/s,00060,Discharge,1,gr-data.xlsx
USGS-05447500,2016-06-16,148.38027614208,m3/s,00060,Discharge,1,gr-data.xlsx
USGS-05447500,2016-06-17,103.92282699264,m3/s,00060,Discharge,1,gr-data.xlsx
USGS-05447500,2016-06-18,71.07528494592,m3/s,00060,Discharge,1,gr-data.xlsx
USGS-05447500,2016-06-19,52.669334661120004,m3/s,00060,Discharge,1,gr-data.xlsx
USGS-05447500,2016-06-20,43.32477528576,m3/s,00060,Discharge,1,gr-data.xlsx
USGS-05447500,2016-06-21,37.378237501440005,m3/s,00060,Discharge,1,gr-data.xlsx
USGS-05447500,2016-06-22,36.8119005696,m3/s,00060,Discharge,1,gr-data.xlsx
USGS-05447500,2016-06-23,53.8020085248,m3/s,00060,Discharge,1,gr-data.xlsx
USGS-05447500,2016-06-24,84.10103437824,m3/s,00060,Discharge,1,gr-data.xlsx
USGS-05447500,2016-06-25,63.712904832,m3/s,00060,Discharge,1,gr-data.xlsx
USGS-05447500,2016-06-26,47.85547074048,m3/s,00060,Discharge,1,gr-data.xlsx
USGS-05447500,2016-06-27,39.6435852288,m3/s,00060,Discharge,1,gr-data.xlsx
USGS-05447500,2016-06-28,34.26338437632,m3/s,00060,Discharge,1,gr-data.xlsx
USGS-05447500,2016-06-29,30.29902585344,m3/s,00060,Discharge,1,gr-data.xlsx
USGS-05447500,2016-06-30,27.04258849536,m3/s,00060,Discharge,1,gr-data.xlsx
USGS-05447500,2016-07-01,24.748923921408,m3/s,00060,Discharge,1,gr-data.xlsx
USGS-05447500,2016-07-02,22.738427813376,m3/s,00060,Discharge,1,gr-data.xlsx
USGS-05447500,2016-07-03,21.237634944,m3/s,00060,Discharge,1,gr-data.xlsx
USGS-05447500,2016-07-04,20.020010540544,m3/s,00060,Discharge,1,gr-data.xlsx
USGS-05447500,2016-07-05,18.97228721664,m3/s,00060,Discharge,1,gr-data.xlsx
USGS-05447500,2016-07-06,61.16438863872,m3/s,00060,Discharge,1,gr-data.xlsx
USGS-05447500,2016-07-07,82.1188551168,m3/s,00060,Discharge,1,gr-data.xlsx
USGS-05447500,2016-07-08,55.784187786240004,m3/s,00060,Discharge,1,gr-data.xlsx
USGS-05447500,2016-07-09,39.36041676288,m3/s,00060,Discharge,1,gr-data.xlsx
USGS-05447500,2016-07-10,31.99803664896,m3/s,00060,Discharge,1,gr-data.xlsx
USGS-05447500,2016-07-11,27.637242273792,m3/s,00060,Discharge,1,gr-data.xlsx
USGS-05447500,2016-07-12,24.154270142976,m3/s,00060,Discharge,1,gr-data.xlsx
USGS-05447500,2016-07-13,25.315260853248002,m3/s,00060,Discharge,1,gr-data.xlsx
USGS-05447500,2016-07-14,49.554481536000004,m3/s,00060,Discharge,1,gr-data.xlsx
USGS-05447500,2016-07-15,33.69704744448,m3/s,00060,Discharge,1,gr-data.xlsx
USGS-05447500,2016-07-16,25.400211393024,m3/s,00060,Discharge,1,gr-data.xlsx
USGS-05447500,2016-07-17,22.568526733824,m3/s,00060,Discharge,1,gr-data.xlsx
USGS-05447500,2016-07-18,22.681794120192002,m3/s,00060,Discharge,1,gr-data.xlsx
USGS-05447500,2016-07-19,19.96337684736,m3/s,00060,Discharge,1,gr-data.xlsx
USGS-05447500,2016-07-20,18.462583977984,m3/s,00060,Discharge,1,gr-data.xlsx
USGS-05447500,2016-07-21,17.55644488704,m3/s,00060,Discharge,1,gr-data.xlsx
USGS-05447500,2016-07-22,30.29902585344,m3/s,00060,Discharge,1,gr-data.xlsx
USGS-05447500,2016-07-23,28.60001505792,m3/s,00060,Discharge,1,gr-data.xlsx
USGS-05447500,2016-07-24,39.92675369472,m3/s,00060,Discharge,1,gr-data.xlsx
USGS-05447500,2016-07-25,33.9802159104,m3/s,00060,Discharge,1,gr-data.xlsx
USGS-05447500,2016-07-26,26.561202103296,m3/s,00060,Discharge,1,gr-data.xlsx
USGS-05447500,2016-07-27,20.869515938304,m3/s,00060,Discharge,1,gr-data.xlsx
USGS-05447500,2016-07-28,18.320999745024,m3/s,00060,Discharge,1,gr-data.xlsx
USGS-05447500,2016-07-29,17.528128040448,m3/s,00060,Discharge,1,gr-data.xlsx
USGS-05447500,2016-07-30,22.08714034176,m3/s,00060,Discharge,1,gr-data.xlsx
USGS-05447500,2016-07-31,18.462583977984,m3/s,00060,Discharge,1,gr-data.xlsx
USGS-05447500,2016-08-01,15.630899318784001,m3/s,00060,Discharge,1,gr-data.xlsx
USGS-05447500,2016-08-02,14.215056989184001,m3/s,00060,Discharge,1,gr-data.xlsx
USGS-05447500,2016-08-03,13.337234744832001,m3/s,00060,Discharge,1,gr-data.xlsx
USGS-05447500,2016-08-04,12.289511420928001,m3/s,00060,Discharge,1,gr-data.xlsx
USGS-05447500,2016-08-05,13.252284205056,m3/s,00060,Discharge,1,gr-data.xlsx
USGS-05447500,2016-08-06,13.337234744832001,m3/s,00060,Discharge,1,gr-data.xlsx
USGS-05447500,2016-08-07,12.006342955008,m3/s,00060,Discharge,1,gr-data.xlsx
USGS-05447500,2016-08-08,11.128520710656,m3/s,00060,Discharge,1,gr-data.xlsx
USGS-05447500,2016-08-09,10.47723323904,m3/s,00060,Discharge,1,gr-data.xlsx
USGS-05447500,2016-08-10,9.995846846976,m3/s,00060,Discharge,1,gr-data.xlsx
USGS-05447500,2016-08-11,9.740995227648,m3/s,00060,Discharge,1,gr-data.xlsx
USGS-05447500,2016-08-12,37.378237501440005,m3/s,00060,Discharge,1,gr-data.xlsx
USGS-05447500,2016-08-13,52.386166195200005,m3/s,00060,Discharge,1,gr-data.xlsx
USGS-05447500,2016-08-14,33.9802159104,m3/s,00060,Discharge,1,gr-data.xlsx
USGS-05447500,2016-08-15,24.125953296384,m3/s,00060,Discharge,1,gr-data.xlsx
USGS-05447500,2016-08-16,19.708525228032002,m3/s,00060,Discharge,1,gr-data.xlsx
USGS-05447500,2016-08-17,16.9901079552,m3/s,00060,Discharge,1,gr-data.xlsx
USGS-05447500,2016-08-18,19.085554603008,m3/s,00060,Discharge,1,gr-data.xlsx
USGS-05447500,2016-08-19,41.34259602432,m3/s,00060,Discharge,1,gr-data.xlsx
USGS-05447500,2016-08-20,47.57230227456,m3/s,00060,Discharge,1,gr-data.xlsx
USGS-05447500,2016-08-21,44.74061761536,m3/s,00060,Discharge,1,gr-data.xlsx
USGS-05447500,2016-08-22,35.39605824,m3/s,00060,Discharge,1,gr-data.xlsx
USGS-05447500,2016-08-23,26.108132557824,m3/s,00060,Discharge,1,gr-data.xlsx
USGS-05447500,2016-08-24,61.730725570560004,m3/s,00060,Discharge,1,gr-data.xlsx
USGS-05447500,2016-08-25,133.65551591424,m3/s,00060,Discharge,1,gr-data.xlsx
USGS-05447500,2016-08-26,99.95846846976,m3/s,00060,Discharge,1,gr-data.xlsx
USGS-05447500,2016-08-27,73.6238011392,m3/s,00060,Discharge,1,gr-data.xlsx
USGS-05447500,2016-08-28,122.89511420928001,m3/s,00060,Discharge,1,gr-data.xlsx
USGS-05447500,2016-08-29,105.90500625408,m3/s,00060,Discharge,1,gr-data.xlsx
USGS-05447500,2016-08-30,163.10503636992001,m3/s,00060,Discharge,1,gr-data.xlsx
USGS-05447500,2016-08-31,171.88325881344,m3/s,00060,Discharge,1,gr-data.xlsx
USGS-05447500,2016-09-01,124.87729347072,m3/s,00060,Discharge,1,gr-data.xlsx
USGS-05447500,2016-09-02,85.23370824192,m3/s,00060,Discharge,1,gr-data.xlsx
USGS-05447500,2016-09-03,58.899040911360004,m3/s,00060,Discharge,1,gr-data.xlsx
USGS-05447500,2016-09-04,45.59012301312,m3/s,00060,Discharge,1,gr-data.xlsx
USGS-05447500,2016-09-05,37.94457443328,m3/s,00060,Discharge,1,gr-data.xlsx
USGS-05447500,2016-09-06,32.84754204672,m3/s,00060,Discharge,1,gr-data.xlsx
USGS-05447500,2016-09-07,28.60001505792,m3/s,00060,Discharge,1,gr-data.xlsx
USGS-05447500,2016-09-08,43.04160681984,m3/s,00060,Discharge,1,gr-data.xlsx
USGS-05447500,2016-09-09,59.18220937728,m3/s,00060,Discharge,1,gr-data.xlsx
USGS-05447500,2016-09-10,46.722796876800004,m3/s,00060,Discharge,1,gr-data.xlsx
USGS-05447500,2016-09-11,37.378237501440005,m3/s,00060,Discharge,1,gr-data.xlsx
USGS-05447500,2016-09-12,31.99803664896,m3/s,00060,Discharge,1,gr-data.xlsx
USGS-05447500,2016-09-13,27.523974887424,m3/s,00060,Discharge,1,gr-data.xlsx
USGS-05447500,2016-09-14,24.21090383616,m3/s,00060,Discharge,1,gr-data.xlsx
USGS-05447500,2016-09-15,21.719021336064,m3/s,00060,Discharge,1,gr-data.xlsx
USGS-05447500,2016-09-16,20.218228466688,m3/s,00060,Discharge,1,gr-data.xlsx
USGS-05447500,2016-09-17,18.830702983680002,m3/s,00060,Discharge,1,gr-data.xlsx
USGS-05447500,2016-09-18,17.55644488704,m3/s,00060,Discharge,1,gr-data.xlsx
USGS-05447500,2016-09-19,16.2821867904,m3/s,00060,Discharge,1,gr-data.xlsx
USGS-05447500,2016-09-20,15.319414006272,m3/s,00060,Discharge,1,gr-data.xlsx
USGS-05447500,2016-09-21,15.29109715968,m3/s,00060,Discharge,1,gr-data.xlsx
USGS-05447500,2016-09-22,32.84754204672,m3/s,00060,Discharge,1,gr-data.xlsx
USGS-05447500,2016-09-23,31.43169971712,m3/s,00060,Discharge,1,gr-data.xlsx
USGS-05447500,2016-09-24,24.833874461184,m3/s,00060,Discharge,1,gr-data.xlsx
USGS-05447500,2016-09-25,21.09605071104,m3/s,00060,Discharge,1,gr-data.xlsx
USGS-05447500,2016-09-26,18.745752443904,m3/s,00060,Discharge,1,gr-data.xlsx
USGS-05447500,2016-09-27,17.018424801792,m3/s,00060,Discharge,1,gr-data.xlsx
USGS-05447500,2016-09-28,16.027335171072,m3/s,00060,Discharge,1,gr-data.xlsx
USGS-05447500,2016-09-29,15.177829773312,m3/s,00060,Discharge,1,gr-data.xlsx
USGS-05447500,2016-09-30,14.611492841472,m3/s,00060,Discharge,1,gr-data.xlsx
USGS-05447500,2016-10-01,14.413274915328,m3/s,00060,Discharge,1,gr-data.xlsx
USGS-05447500,2016-10-02,14.045155909632001,m3/s,00060,Discharge,1,gr-data.xlsx
USGS-05447500,2016-10-03,13.677036903936001,m3/s,00060,Discharge,1,gr-data.xlsx
USGS-05447500,2016-10-04,13.02574943232,m3/s,00060,Discharge,1,gr-data.xlsx
USGS-05447500,2016-10-05,12.657630426624001,m3/s,00060,Discharge,1,gr-data.xlsx
USGS-05447500,2016-10-06,14.356641222144,m3/s,00060,Discharge,1,gr-data.xlsx
USGS-05447500,2016-10-07,18.915653523456,m3/s,00060,Discharge,1,gr-data.xlsx
USGS-05447500,2016-10-08,17.83961335296,m3/s,00060,Discharge,1,gr-data.xlsx
USGS-05447500,2016-10-09,16.197236250624,m3/s,00060,Discharge,1,gr-data.xlsx
USGS-05447500,2016-10-10,14.951295000576,m3/s,00060,Discharge,1,gr-data.xlsx
USGS-05447500,2016-10-11,14.073472756224,m3/s,00060,Discharge,1,gr-data.xlsx
USGS-05447500,2016-10-12,13.30891789824,m3/s,00060,Discharge,1,gr-data.xlsx
USGS-05447500,2016-10-13,13.393868438016,m3/s,00060,Discharge,1,gr-data.xlsx
USGS-05447500,2016-10-14,12.799214659584,m3/s,00060,Discharge,1,gr-data.xlsx
USGS-05447500,2016-10-15,12.487729347072001,m3/s,00060,Discharge,1,gr-data.xlsx
USGS-05447500,2016-10-16,12.31782826752,m3/s,00060,Discharge,1,gr-data.xlsx
USGS-05447500,2016-10-17,11.75149133568,m3/s,00060,Discharge,1,gr-data.xlsx
USGS-05447500,2016-10-18,11.241788097024001,m3/s,00060,Discharge,1,gr-data.xlsx
USGS-05447500,2016-10-19,10.901985937920001,m3/s,00060,Discharge,1,gr-data.xlsx
USGS-05447500,2016-10-20,10.590500625408,m3/s,00060,Discharge,1,gr-data.xlsx
USGS-05447500,2016-10-21,10.562183778816001,m3/s,00060,Discharge,1,gr-data.xlsx
USGS-05447500,2016-10-22,10.505550085632,m3/s,00060,Discharge,1,gr-data.xlsx
USGS-05447500,2016-10-23,10.307332159488,m3/s,00060,Discharge,1,gr-data.xlsx
USGS-05447500,2016-10-24,10.165747926528,m3/s,00060,Discharge,1,gr-data.xlsx
USGS-05447500,2016-10-25,9.76931207424,m3/s,00060,Discharge,1,gr-data.xlsx
USGS-05447500,2016-10-26,12.431095653888,m3/s,00060,Discharge,1,gr-data.xlsx
USGS-05447500,2016-10-27,24.748923921408,m3/s,00060,Discharge,1,gr-data.xlsx
USGS-05447500,2016-10-28,22.880012046336002,m3/s,00060,Discharge,1,gr-data.xlsx
USGS-05447500,2016-10-29,19.312089375744,m3/s,00060,Discharge,1,gr-data.xlsx
USGS-05447500,2016-10-30,17.443177500672,m3/s,00060,Discharge,1,gr-data.xlsx
USGS-05447500,2016-10-31,15.914067784704,m3/s,00060,Discharge,1,gr-data.xlsx
USGS-05447500,2016-11-01,15.404364546048,m3/s,00060,Discharge,1,gr-data.xlsx
USGS-05447500,2016-11-02,14.979611847168,m3/s,00060,Discharge,1,gr-data.xlsx
USGS-05447500,2016-11-03,19.8217926144,m3/s,00060,Discharge,1,gr-data.xlsx
USGS-05447500,2016-11-04,21.09605071104,m3/s,00060,Discharge,1,gr-data.xlsx
USGS-05447500,2016-11-05,18.915653523456,m3/s,00060,Discharge,1,gr-data.xlsx
USGS-05447500,2016-11-06,17.329910114304,m3/s,00060,Discharge,1,gr-data.xlsx
USGS-05447500,2016-11-07,16.112285710848,m3/s,00060,Discharge,1,gr-data.xlsx
USGS-05447500,2016-11-08,15.319414006272,m3/s,00060,Discharge,1,gr-data.xlsx
USGS-05447500,2016-11-09,14.554859148288001,m3/s,00060,Discharge,1,gr-data.xlsx
USGS-05447500,2016-11-10,13.960205369856,m3/s,00060,Discharge,1,gr-data.xlsx
USGS-05447500,2016-11-11,13.563769517568,m3/s,00060,Discharge,1,gr-data.xlsx
USGS-05447500,2016-11-12,12.940798892544,m3/s,00060,Discharge,1,gr-data.xlsx
USGS-05447500,2016-11-13,12.544363040256,m3/s,00060,Discharge,1,gr-data.xlsx
USGS-05447500,2016-11-14,12.374461960704,m3/s,00060,Discharge,1,gr-data.xlsx
USGS-05447500,2016-11-15,12.119610341376001,m3/s,00060,Discharge,1,gr-data.xlsx
USGS-05447500,2016-11-16,11.864758722048,m3/s,00060,Discharge,1,gr-data.xlsx
USGS-05447500,2016-11-17,11.3267386368,m3/s,00060,Discharge,1,gr-data.xlsx
USGS-05447500,2016-11-18,10.817035398144,m3/s,00060,Discharge,1,gr-data.xlsx
USGS-05447500,2016-11-19,10.420599545856,m3/s,00060,Discharge,1,gr-data.xlsx
USGS-05447500,2016-11-20,10.33564900608,m3/s,00060,Discharge,1,gr-data.xlsx
USGS-05447500,2016-11-21,10.194064773120001,m3/s,00060,Discharge,1,gr-data.xlsx
USGS-05447500,2016-11-22,9.995846846976,m3/s,00060,Discharge,1,gr-data.xlsx
USGS-05447500,2016-11-23,10.562183778816001,m3/s,00060,Discharge,1,gr-data.xlsx
USGS-05447500,2016-11-24,10.845352244736,m3/s,00060,Discharge,1,gr-data.xlsx
USGS-05447500,2016-11-25,10.448916392448,m3/s,00060,Discharge,1,gr-data.xlsx
USGS-05447500,2016-11-26,10.080797386752,m3/s,00060,Discharge,1,gr-data.xlsx
USGS-05447500,2016-11-27,9.854262614016001,m3/s,00060,Discharge,1,gr-data.xlsx
USGS-05447500,2016-11-28,12.0346598016,m3/s,00060,Discharge,1,gr-data.xlsx
USGS-05447500,2016-11-29,19.8217926144,m3/s,00060,Discharge,1,gr-data.xlsx
USGS-05447500,2016-11-30,25.938231478272,m3/s,00060,Discharge,1,gr-data.xlsx
USGS-05447500,2016-12-01,21.634070796288,m3/s,00060,Discharge,1,gr-data.xlsx
USGS-05447500,2016-12-02,18.490900824576002,m3/s,00060,Discharge,1,gr-data.xlsx
USGS-05447500,2016-12-03,16.508721563136,m3/s,00060,Discharge,1,gr-data.xlsx
USGS-05447500,2016-12-04,15.970701477888001,m3/s,00060,Discharge,1,gr-data.xlsx
USGS-05447500,2016-12-05,15.800800398336001,m3/s,00060,Discharge,1,gr-data.xlsx
USGS-05447500,2016-12-06,15.347730852864,m3/s,00060,Discharge,1,gr-data.xlsx
USGS-05447500,2016-12-07,15.347730852864,m3/s,00060,Discharge,1,gr-data.xlsx
USGS-05447500,2016-12-08,15.00792869376,m3/s,00060,Discharge,1,gr-data.xlsx
USGS-05447500,2016-12-09,14.243373835776,m3/s,00060,Discharge,1,gr-data.xlsx
USGS-05447500,2016-12-10,13.535452670976001,m3/s,00060,Discharge,1,gr-data.xlsx
USGS-05447500,2016-12-11,13.223967358464,m3/s,00060,Discharge,1,gr-data.xlsx
USGS-05447500,2016-12-12,12.657630426624001,m3/s,00060,Discharge,1,gr-data.xlsx
USGS-05447500,2016-12-13,11.75149133568,m3/s,00060,Discharge,1,gr-data.xlsx
USGS-05447500,2016-12-14,10.675451165184,m3/s,00060,Discharge,1,gr-data.xlsx
USGS-05447500,2016-12-15,11.411689176576001,m3/s,00060,Discharge,1,gr-data.xlsx
USGS-05447500,2016-12-16,11.581590256128,m3/s,00060,Discharge,1,gr-data.xlsx
USGS-05447500,2016-12-17,11.666540795904,m3/s,00060,Discharge,1,gr-data.xlsx
USGS-05447500,2016-12-18,11.836441875456,m3/s,00060,Discharge,1,gr-data.xlsx
USGS-05447500,2016-12-19,12.119610341376001,m3/s,00060,Discharge,1,gr-data.xlsx
USGS-05447500,2016-12-20,12.204560881152,m3/s,00060,Discharge,1,gr-data.xlsx
USGS-05447500,2016-12-21,12.204560881152,m3/s,00060,Discharge,1,gr-data.xlsx
USGS-05447500,2016-12-22,12.402778807296,m3/s,00060,Discharge,1,gr-data.xlsx
USGS-05447500,2016-12-23,12.940798892544,m3/s,00060,Discharge,1,gr-data.xlsx
USGS-05447500,2016-12-24,13.73367059712,m3/s,00060,Discharge,1,gr-data.xlsx
USGS-05447500,2016-12-25,17.811296506368002,m3/s,00060,Discharge,1,gr-data.xlsx
USGS-05447500,2016-12-26,23.757834290688,m3/s,00060,Discharge,1,gr-data.xlsx
USGS-05447500,2016-12-27,32.5643735808,m3/s,00060,Discharge,1,gr-data.xlsx
USGS-05447500,2016-12-28,29.166351989760003,m3/s,00060,Discharge,1,gr-data.xlsx
USGS-05447500,2016-12-29,23.07822997248,m3/s,00060,Discharge,1,gr-data.xlsx
USGS-05447500,2016-12-30,20.10496108032,m3/s,00060,Discharge,1,gr-data.xlsx
USGS-05447500,2016-12-31,18.434267131392,m3/s,00060,Discharge,1,gr-data.xlsx
USGS-05447500,2017-01-01,17.103375341568,m3/s,00060,Discharge,1,gr-data.xlsx
USGS-05447500,2017-01-02,15.659216165376,m3/s,00060,Discharge,1,gr-data.xlsx
USGS-05447500,2017-01-03,14.696443381248,m3/s,00060,Discharge,1,gr-data.xlsx
USGS-05447500,2017-01-04,11.808125028864,m3/s,00060,Discharge,1,gr-data.xlsx
USGS-05447500,2017-01-05,10.505550085632,m3/s,00060,Discharge,1,gr-data.xlsx
USGS-05447500,2017-01-06,9.9108963072,m3/s,00060,Discharge,1,gr-data.xlsx
USGS-05447500,2017-01-07,10.986936477696,m3/s,00060,Discharge,1,gr-data.xlsx
USGS-05447500,2017-01-08,11.071887017472001,m3/s,00060,Discharge,1,gr-data.xlsx
USGS-05447500,2017-01-09,11.638223949312,m3/s,00060,Discharge,1,gr-data.xlsx
USGS-05447500,2017-01-10,12.17624403456,m3/s,00060,Discharge,1,gr-data.xlsx
USGS-05447500,2017-01-11,12.431095653888,m3/s,00060,Discharge,1,gr-data.xlsx
USGS-05447500,2017-01-12,13.705353750528001,m3/s,00060,Discharge,1,gr-data.xlsx
USGS-05447500,2017-01-13,10.590500625408,m3/s,00060,Discharge,1,gr-data.xlsx
USGS-05447500,2017-01-14,11.383372329984,m3/s,00060,Discharge,1,gr-data.xlsx
USGS-05447500,2017-01-15,15.036245540352,m3/s,00060,Discharge,1,gr-data.xlsx
USGS-05447500,2017-01-16,26.306350483968,m3/s,00060,Discharge,1,gr-data.xlsx
USGS-05447500,2017-01-17,137.90304290304002,m3/s,00060,Discharge,1,gr-data.xlsx
USGS-05447500,2017-01-18,113.55055483392,m3/s,00060,Discharge,1,gr-data.xlsx
USGS-05447500,2017-01-19,71.35845341184,m3/s,00060,Discharge,1,gr-data.xlsx
USGS-05447500,2017-01-20,69.65944261632,m3/s,00060,Discharge,1,gr-data.xlsx
USGS-05447500,2017-01-21,63.99607329792,m3/s,00060,Discharge,1,gr-data.xlsx
USGS-05447500,2017-01-22,57.20003011584,m3/s,00060,Discharge,1,gr-data.xlsx
USGS-05447500,2017-01-23,50.12081846784,m3/s,00060,Discharge,1,gr-data.xlsx
USGS-05447500,2017-01-24,43.8911122176,m3/s,00060,Discharge,1,gr-data.xlsx
USGS-05447500,2017-01-25,40.493090626560004,m3/s,00060,Discharge,1,gr-data.xlsx
USGS-05447500,2017-01-26,38.79407983104,m3/s,00060,Discharge,1,gr-data.xlsx
USGS-05447500,2017-01-27,37.378237501440005,m3/s,00060,Discharge,1,gr-data.xlsx
USGS-05447500,2017-01-28,34.82972130816,m3/s,00060,Discharge,1,gr-data.xlsx
USGS-05447500,2017-01-29,32.5643735808,m3/s,00060,Discharge,1,gr-data.xlsx
USGS-05447500,2017-01-30,30.29902585344,m3/s,00060,Discharge,1,gr-data.xlsx
USGS-05447500,2017-01-31,28.60001505792,m3/s,00060,Discharge,1,gr-data.xlsx
USGS-05447500,2017-02-01,26.674469489664002,m3/s,00060,Discharge,1,gr-data.xlsx
USGS-05447500,2017-02-02,24.041002756608002,m3/s,00060,Discharge,1,gr-data.xlsx
USGS-05447500,2017-02-03,23.333081591808,m3/s,00060,Discharge,1,gr-data.xlsx
USGS-05447500,2017-02-04,23.276447898624,m3/s,00060,Discharge,1,gr-data.xlsx
USGS-05447500,2017-02-05,22.596843580416,m3/s,00060,Discharge,1,gr-data.xlsx
USGS-05447500,2017-02-06,22.002189801984002,m3/s,00060,Discharge,1,gr-data.xlsx
USGS-05447500,2017-02-07,21.322585483776,m3/s,00060,Discharge,1,gr-data.xlsx
USGS-05447500,2017-02-08,23.248131052032,m3/s,00060,Discharge,1,gr-data.xlsx
USGS-05447500,2017-02-09,21.973872955392,m3/s,00060,Discharge,1,gr-data.xlsx
USGS-05447500,2017-02-10,20.5297137792,m3/s,00060,Discharge,1,gr-data.xlsx
USGS-05447500,2017-02-11,21.577437103104,m3/s,00060,Discharge,1,gr-data.xlsx
USGS-05447500,2017-02-12,19.96337684736,m3/s,00060,Discharge,1,gr-data.xlsx
USGS-05447500,2017-02-13,19.368723068928002,m3/s,00060,Discharge,1,gr-data.xlsx
USGS-05447500,2017-02-14,18.745752443904,m3/s,00060,Discharge,1,gr-data.xlsx
USGS-05447500,2017-02-15,18.830702983680002,m3/s,00060,Discharge,1,gr-data.xlsx
USGS-05447500,2017-02-16,18.490900824576002,m3/s,00060,Discharge,1,gr-data.xlsx
USGS-05447500,2017-02-17,18.066148125696,m3/s,00060,Discharge,1,gr-data.xlsx
USGS-05447500,2017-02-18,17.613078580224002,m3/s,00060,Discharge,1,gr-data.xlsx
USGS-05447500,2017-02-19,17.075058494976002,m3/s,00060,Discharge,1,gr-data.xlsx
USGS-05447500,2017-02-20,16.367137330176,m3/s,00060,Discharge,1,gr-data.xlsx
USGS-05447500,2017-02-21,16.621988949504,m3/s,00060,Discharge,1,gr-data.xlsx
USGS-05447500,2017-02-22,16.508721563136,m3/s,00060,Discharge,1,gr-data.xlsx
USGS-05447500,2017-02-23,16.508721563136,m3/s,00060,Discharge,1,gr-data.xlsx
USGS-05447500,2017-02-24,16.678622642688,m3/s,00060,Discharge,1,gr-data.xlsx
USGS-05447500,2017-02-25,16.508721563136,m3/s,00060,Discharge,1,gr-data.xlsx
USGS-05447500,2017-02-26,16.027335171072,m3/s,00060,Discharge,1,gr-data.xlsx
USGS-05447500,2017-02-27,15.687533011968,m3/s,00060,Discharge,1,gr-data.xlsx
USGS-05447500,2017-02-28,15.376047699456,m3/s,00060,Discharge,1,gr-data.xlsx
USGS-05447500,2017-03-01,18.717435597312,m3/s,00060,Discharge,1,gr-data.xlsx
USGS-05447500,2017-03-02,24.267537529344,m3/s,00060,Discharge,1,gr-data.xlsx
USGS-05447500,2017-03-03,23.276447898624,m3/s,00060,Discharge,1,gr-data.xlsx
USGS-05447500,2017-03-04,20.784565398528002,m3/s,00060,Discharge,1,gr-data.xlsx
USGS-05447500,2017-03-05,19.765158921216,m3/s,00060,Discharge,1,gr-data.xlsx
USGS-05447500,2017-03-06,18.660801904128,m3/s,00060,Discharge,1,gr-data.xlsx
USGS-05447500,2017-03-07,19.53862414848,m3/s,00060,Discharge,1,gr-data.xlsx
USGS-05447500,2017-03-08,18.915653523456,m3/s,00060,Discharge,1,gr-data.xlsx
USGS-05447500,2017-03-09,18.292682898432002,m3/s,00060,Discharge,1,gr-data.xlsx
USGS-05447500,2017-03-10,16.933474262016002,m3/s,00060,Discharge,1,gr-data.xlsx
USGS-05447500,2017-03-11,16.480404716544,m3/s,00060,Discharge,1,gr-data.xlsx
USGS-05447500,2017-03-12,16.112285710848,m3/s,00060,Discharge,1,gr-data.xlsx
USGS-05447500,2017-03-13,16.197236250624,m3/s,00060,Discharge,1,gr-data.xlsx
USGS-05447500,2017-03-14,16.14060255744,m3/s,00060,Discharge,1,gr-data.xlsx
USGS-05447500,2017-03-15,15.262780313088001,m3/s,00060,Discharge,1,gr-data.xlsx
USGS-05447500,2017-03-16,15.234463466496,m3/s,00060,Discharge,1,gr-data.xlsx
USGS-05447500,2017-03-17,14.922978153984001,m3/s,00060,Discharge,1,gr-data.xlsx
USGS-05447500,2017-03-18,14.781393921024,m3/s,00060,Discharge,1,gr-data.xlsx
USGS-05447500,2017-03-19,14.526542301696,m3/s,00060,Discharge,1,gr-data.xlsx
USGS-05447500,2017-03-20,14.186740142592,m3/s,00060,Discharge,1,gr-data.xlsx
USGS-05447500,2017-03-21,14.44159176192,m3/s,00060,Discharge,1,gr-data.xlsx
USGS-05447500,2017-03-22,13.761987443712,m3/s,00060,Discharge,1,gr-data.xlsx
USGS-05447500,2017-03-23,13.223967358464,m3/s,00060,Discharge,1,gr-data.xlsx
USGS-05447500,2017-03-24,13.535452670976001,m3/s,00060,Discharge,1,gr-data.xlsx
USGS-05447500,2017-03-25,15.206146619904,m3/s,00060,Discharge,1,gr-data.xlsx
USGS-05447500,2017-03-26,19.878426307584,m3/s,00060,Discharge,1,gr-data.xlsx
USGS-05447500,2017-03-27,19.510307301888,m3/s,00060,Discharge,1,gr-data.xlsx
USGS-05447500,2017-03-28,18.320999745024,m3/s,00060,Discharge,1,gr-data.xlsx
USGS-05447500,2017-03-29,17.329910114304,m3/s,00060,Discharge,1,gr-data.xlsx
USGS-05447500,2017-03-30,27.495658040832,m3/s,00060,Discharge,1,gr-data.xlsx
USGS-05447500,2017-03-31,64.27924176384,m3/s,00060,Discharge,1,gr-data.xlsx
USGS-05447500,2017-04-01,74.75647500288001,m3/s,00060,Discharge,1,gr-data.xlsx
USGS-05447500,2017-04-02,61.16438863872,m3/s,00060,Discharge,1,gr-data.xlsx
USGS-05447500,2017-04-03,51.53666079744,m3/s,00060,Discharge,1,gr-data.xlsx
USGS-05447500,2017-04-04,51.53666079744,m3/s,00060,Discharge,1,gr-data.xlsx
USGS-05447500,2017-04-05,63.712904832,m3/s,00060,Discharge,1,gr-data.xlsx
USGS-05447500,2017-04-06,102.79015312896,m3/s,00060,Discharge,1,gr-data.xlsx
USGS-05447500,2017-04-07,93.72876221952001,m3/s,00060,Discharge,1,gr-data.xlsx
USGS-05447500,2017-04-08,73.34063267328,m3/s,00060,Discharge,1,gr-data.xlsx
USGS-05447500,2017-04-09,58.332703979520005,m3/s,00060,Discharge,1,gr-data.xlsx
USGS-05447500,2017-04-10,49.837650001920004,m3/s,00060,Discharge,1,gr-data.xlsx
USGS-05447500,2017-04-11,43.607943751680004,m3/s,00060,Discharge,1,gr-data.xlsx
USGS-05447500,2017-04-12,38.51091136512,m3/s,00060,Discharge,1,gr-data.xlsx
USGS-05447500,2017-04-13,35.96239517184,m3/s,00060,Discharge,1,gr-data.xlsx
USGS-05447500,2017-04-14,34.82972130816,m3/s,00060,Discharge,1,gr-data.xlsx
USGS-05447500,2017-04-15,34.26338437632,m3/s,00060,Discharge,1,gr-data.xlsx
USGS-05447500,2017-04-16,43.32477528576,m3/s,00060,Discharge,1,gr-data.xlsx
USGS-05447500,2017-04-17,52.95250312704,m3/s,00060,Discharge,1,gr-data.xlsx
USGS-05447500,2017-04-18,48.98814460416,m3/s,00060,Discharge,1,gr-data.xlsx
USGS-05447500,2017-04-19,42.475269888,m3/s,00060,Discharge,1,gr-data.xlsx
USGS-05447500,2017-04-20,38.79407983104,m3/s,00060,Discharge,1,gr-data.xlsx
USGS-05447500,2017-04-21,35.67922670592,m3/s,00060,Discharge,1,gr-data.xlsx
USGS-05447500,2017-04-22,32.5643735808,m3/s,00060,Discharge,1,gr-data.xlsx
USGS-05447500,2017-04-23,30.58219431936,m3/s,00060,Discharge,1,gr-data.xlsx
USGS-05447500,2017-04-24,29.166351989760003,m3/s,00060,Discharge,1,gr-data.xlsx
USGS-05447500,2017-04-25,27.835460199936,m3/s,00060,Discharge,1,gr-data.xlsx
USGS-05447500,2017-04-26,27.637242273792,m3/s,00060,Discharge,1,gr-data.xlsx
USGS-05447500,2017-04-27,32.28120511488,m3/s,00060,Discharge,1,gr-data.xlsx
USGS-05447500,2017-04-28,38.51091136512,m3/s,00060,Discharge,1,gr-data.xlsx
USGS-05447500,2017-04-29,40.776259092480004,m3/s,00060,Discharge,1,gr-data.xlsx
USGS-05447500,2017-04-30,123.74461960704001,m3/s,00060,Discharge,1,gr-data.xlsx
USGS-05447500,2017-05-01,156.87533011968,m3/s,00060,Discharge,1,gr-data.xlsx
USGS-05447500,2017-05-02,152.62780313088,m3/s,00060,Discharge,1,gr-data.xlsx
USGS-05447500,2017-05-03,119.78026108416,m3/s,00060,Discharge,1,gr-data.xlsx
USGS-05447500,2017-05-04,94.8614360832,m3/s,00060,Discharge,1,gr-data.xlsx
USGS-05447500,2017-05-05,74.75647500288001,m3/s,00060,Discharge,1,gr-data.xlsx
USGS-05447500,2017-05-06,62.2970625024,m3/s,00060,Discharge,1,gr-data.xlsx
USGS-05447500,2017-05-07,53.23567159296,m3/s,00060,Discharge,1,gr-data.xlsx
USGS-05447500,2017-05-08,46.439628410880005,m3/s,00060,Discharge,1,gr-data.xlsx
USGS-05447500,2017-05-09,43.8911122176,m3/s,00060,Discharge,1,gr-data.xlsx
USGS-05447500,2017-05-10,57.48319858176,m3/s,00060,Discharge,1,gr-data.xlsx
USGS-05447500,2017-05-11,95.71094148096,m3/s,00060,Discharge,1,gr-data.xlsx
USGS-05447500,2017-05-12,122.32877727744,m3/s,00060,Discharge,1,gr-data.xlsx
USGS-05447500,2017-05-13,90.33074062848,m3/s,00060,Discharge,1,gr-data.xlsx
USGS-05447500,2017-05-14,68.80993721856001,m3/s,00060,Discharge,1,gr-data.xlsx
USGS-05447500,2017-05-15,56.06735625216,m3/s,00060,Discharge,1,gr-data.xlsx
USGS-05447500,2017-05-16,48.1386392064,m3/s,00060,Discharge,1,gr-data.xlsx
USGS-05447500,2017-05-17,43.607943751680004,m3/s,00060,Discharge,1,gr-data.xlsx
USGS-05447500,2017-05-18,41.62576449024,m3/s,00060,Discharge,1,gr-data.xlsx
USGS-05447500,2017-05-19,39.07724829696,m3/s,00060,Discharge,1,gr-data.xlsx
USGS-05447500,2017-05-20,43.607943751680004,m3/s,00060,Discharge,1,gr-data.xlsx
USGS-05447500,2017-05-21,52.95250312704,m3/s,00060,Discharge,1,gr-data.xlsx
USGS-05447500,2017-05-22,45.87329147904,m3/s,00060,Discharge,1,gr-data.xlsx
USGS-05447500,2017-05-23,41.34259602432,m3/s,00060,Discharge,1,gr-data.xlsx
USGS-05447500,2017-05-24,45.3069545472,m3/s,00060,Discharge,1,gr-data.xlsx
USGS-05447500,2017-05-25,42.475269888,m3/s,00060,Discharge,1,gr-data.xlsx
USGS-05447500,2017-05-26,39.36041676288,m3/s,00060,Discharge,1,gr-data.xlsx
USGS-05447500,2017-05-27,40.493090626560004,m3/s,00060,Discharge,1,gr-data.xlsx
USGS-05447500,2017-05-28,41.62576449024,m3/s,00060,Discharge,1,gr-data.xlsx
USGS-05447500,2017-05-29,38.2277428992,m3/s,00060,Discharge,1,gr-data.xlsx
USGS-05447500,2017-05-30,34.82972130816,m3/s,00060,Discharge,1,gr-data.xlsx
USGS-05447500,2017-05-31,32.28120511488,m3/s,00060,Discharge,1,gr-data.xlsx
USGS-05447500,2017-06-01,30.29902585344,m3/s,00060,Discharge,1,gr-data.xlsx
USGS-05447500,2017-06-02,28.88318352384,m3/s,00060,Discharge,1,gr-data.xlsx
USGS-05447500,2017-06-03,27.410707501056002,m3/s,00060,Discharge,1,gr-data.xlsx
USGS-05447500,2017-06-04,26.193083097600002,m3/s,00060,Discharge,1,gr-data.xlsx
USGS-05447500,2017-06-05,25.258627160064,m3/s,00060,Discharge,1,gr-data.xlsx
USGS-05447500,2017-06-06,23.446348978176,m3/s,00060,Discharge,1,gr-data.xlsx
USGS-05447500,2017-06-07,22.455259347456,m3/s,00060,Discharge,1,gr-data.xlsx
USGS-05447500,2017-06-08,22.002189801984002,m3/s,00060,Discharge,1,gr-data.xlsx
USGS-05447500,2017-06-09,21.407536023552,m3/s,00060,Discharge,1,gr-data.xlsx
USGS-05447500,2017-06-10,20.444763239424,m3/s,00060,Discharge,1,gr-data.xlsx
USGS-05447500,2017-06-11,19.368723068928002,m3/s,00060,Discharge,1,gr-data.xlsx
USGS-05447500,2017-06-12,18.434267131392,m3/s,00060,Discharge,1,gr-data.xlsx
USGS-05447500,2017-06-13,17.811296506368002,m3/s,00060,Discharge,1,gr-data.xlsx
USGS-05447500,2017-06-14,17.726345966592,m3/s,00060,Discharge,1,gr-data.xlsx
USGS-05447500,2017-06-15,18.292682898432002,m3/s,00060,Discharge,1,gr-data.xlsx
USGS-05447500,2017-06-16,28.316846592,m3/s,00060,Discharge,1,gr-data.xlsx
USGS-05447500,2017-06-17,38.51091136512,m3/s,00060,Discharge,1,gr-data.xlsx
USGS-05447500,2017-06-18,48.1386392064,m3/s,00060,Discharge,1,gr-data.xlsx
USGS-05447500,2017-06-19,47.00596534272,m3/s,00060,Discharge,1,gr-data.xlsx
USGS-05447500,2017-06-20,36.52873210368,m3/s,00060,Discharge,1,gr-data.xlsx
USGS-05447500,2017-06-21,30.58219431936,m3/s,00060,Discharge,1,gr-data.xlsx
USGS-05447500,2017-06-22,26.674469489664002,m3/s,00060,Discharge,1,gr-data.xlsx
USGS-05447500,2017-06-23,26.646152643072,m3/s,00060,Discharge,1,gr-data.xlsx
USGS-05447500,2017-06-24,29.7326889216,m3/s,00060,Discharge,1,gr-data.xlsx
USGS-05447500,2017-06-25,24.324171222528,m3/s,00060,Discharge,1,gr-data.xlsx
USGS-05447500,2017-06-26,21.067733864448,m3/s,00060,Discharge,1,gr-data.xlsx
USGS-05447500,2017-06-27,19.68020838144,m3/s,00060,Discharge,1,gr-data.xlsx
USGS-05447500,2017-06-28,21.549120256512,m3/s,00060,Discharge,1,gr-data.xlsx
USGS-05447500,2017-06-29,32.28120511488,m3/s,00060,Discharge,1,gr-data.xlsx
USGS-05447500,2017-06-30,25.20199346688,m3/s,00060,Discharge,1,gr-data.xlsx
USGS-05447500,2017-07-01,21.011100171264,m3/s,00060,Discharge,1,gr-data.xlsx
USGS-05447500,2017-07-02,18.774069290496,m3/s,00060,Discharge,1,gr-data.xlsx
USGS-05447500,2017-07-03,17.188325881344,m3/s,00060,Discharge,1,gr-data.xlsx
USGS-05447500,2017-07-04,18.745752443904,m3/s,00060,Discharge,1,gr-data.xlsx
USGS-05447500,2017-07-05,21.09605071104,m3/s,00060,Discharge,1,gr-data.xlsx
USGS-05447500,2017-07-06,19.170505142784002,m3/s,00060,Discharge,1,gr-data.xlsx
USGS-05447500,2017-07-07,16.621988949504,m3/s,00060,Discharge,1,gr-data.xlsx
USGS-05447500,2017-07-08,14.753077074432001,m3/s,00060,Discharge,1,gr-data.xlsx
USGS-05447500,2017-07-09,13.478818977792,m3/s,00060,Discharge,1,gr-data.xlsx
USGS-05447500,2017-07-10,15.376047699456,m3/s,00060,Discharge,1,gr-data.xlsx
USGS-05447500,2017-07-11,17.329910114304,m3/s,00060,Discharge,1,gr-data.xlsx
USGS-05447500,2017-07-12,16.112285710848,m3/s,00060,Discharge,1,gr-data.xlsx
USGS-05447500,2017-07-13,15.404364546048,m3/s,00060,Discharge,1,gr-data.xlsx
USGS-05447500,2017-07-14,13.761987443712,m3/s,00060,Discharge,1,gr-data.xlsx
USGS-05447500,2017-07-15,12.629313580032,m3/s,00060,Discharge,1,gr-data.xlsx
USGS-05447500,2017-07-16,13.167333665280001,m3/s,00060,Discharge,1,gr-data.xlsx
USGS-05447500,2017-07-17,13.507135824384001,m3/s,00060,Discharge,1,gr-data.xlsx
USGS-05447500,2017-07-18,11.383372329984,m3/s,00060,Discharge,1,gr-data.xlsx
USGS-05447500,2017-07-19,11.128520710656,m3/s,00060,Discharge,1,gr-data.xlsx
USGS-05447500,2017-07-20,10.448916392448,m3/s,00060,Discharge,1,gr-data.xlsx
USGS-05447500,2017-07-21,24.862191307776,m3/s,00060,Discharge,1,gr-data.xlsx
USGS-05447500,2017-07-22,124.02778807296,m3/s,00060,Discharge,1,gr-data.xlsx
USGS-05447500,2017-07-23,180.09514432512,m3/s,00060,Discharge,1,gr-data.xlsx
USGS-05447500,2017-07-24,135.63769517568,m3/s,00060,Discharge,1,gr-data.xlsx
USGS-05447500,2017-07-25,97.97628920832,m3/s,00060,Discharge,1,gr-data.xlsx
USGS-05447500,2017-07-26,69.94261108224,m3/s,00060,Discharge,1,gr-data.xlsx
USGS-05447500,2017-07-27,71.64162187776,m3/s,00060,Discharge,1,gr-data.xlsx
USGS-05447500,2017-07-28,72.49112727552,m3/s,00060,Discharge,1,gr-data.xlsx
USGS-05447500,2017-07-29,55.784187786240004,m3/s,00060,Discharge,1,gr-data.xlsx
USGS-05447500,2017-07-30,42.475269888,m3/s,00060,Discharge,1,gr-data.xlsx
USGS-05447500,2017-07-31,35.39605824,m3/s,00060,Discharge,1,gr-data.xlsx
USGS-05447500,2017-08-01,31.43169971712,m3/s,00060,Discharge,1,gr-data.xlsx
USGS-05447500,2017-08-02,27.835460199936,m3/s,00060,Discharge,1,gr-data.xlsx
USGS-05447500,2017-08-03,24.663973381632,m3/s,00060,Discharge,1,gr-data.xlsx
USGS-05447500,2017-08-04,22.200407728128,m3/s,00060,Discharge,1,gr-data.xlsx
USGS-05447500,2017-08-05,20.444763239424,m3/s,00060,Discharge,1,gr-data.xlsx
USGS-05447500,2017-08-06,18.745752443904,m3/s,00060,Discharge,1,gr-data.xlsx
USGS-05447500,2017-08-07,17.41486065408,m3/s,00060,Discharge,1,gr-data.xlsx
USGS-05447500,2017-08-08,16.055652017664002,m3/s,00060,Discharge,1,gr-data.xlsx
USGS-05447500,2017-08-09,14.838027614208,m3/s,00060,Discharge,1,gr-data.xlsx
USGS-05447500,2017-08-10,14.356641222144,m3/s,00060,Discharge,1,gr-data.xlsx
USGS-05447500,2017-08-11,18.97228721664,m3/s,00060,Discharge,1,gr-data.xlsx
USGS-05447500,2017-08-12,16.56535525632,m3/s,00060,Discharge,1,gr-data.xlsx
USGS-05447500,2017-08-13,14.30000752896,m3/s,00060,Discharge,1,gr-data.xlsx
USGS-05447500,2017-08-14,13.280601051648,m3/s,00060,Discharge,1,gr-data.xlsx
USGS-05447500,2017-08-15,12.60099673344,m3/s,00060,Discharge,1,gr-data.xlsx
USGS-05447500,2017-08-16,11.808125028864,m3/s,00060,Discharge,1,gr-data.xlsx
USGS-05447500,2017-08-17,11.864758722048,m3/s,00060,Discharge,1,gr-data.xlsx
USGS-05447500,2017-08-18,11.411689176576001,m3/s,00060,Discharge,1,gr-data.xlsx
USGS-05447500,2017-08-19,10.533866932224,m3/s,00060,Discharge,1,gr-data.xlsx
USGS-05447500,2017-08-20,9.76931207424,m3/s,00060,Discharge,1,gr-data.xlsx
USGS-05447500,2017-08-21,9.571094148096,m3/s,00060,Discharge,1,gr-data.xlsx
USGS-05447500,2017-08-22,10.279015312896,m3/s,00060,Discharge,1,gr-data.xlsx
USGS-05447500,2017-08-23,10.024163693568001,m3/s,00060,Discharge,1,gr-data.xlsx
USGS-05447500,2017-08-24,9.033074062848,m3/s,00060,Discharge,1,gr-data.xlsx
USGS-05447500,2017-08-25,8.580004517376,m3/s,00060,Discharge,1,gr-data.xlsx
USGS-05447500,2017-08-26,8.268519204864,m3/s,00060,Discharge,1,gr-data.xlsx
USGS-05447500,2017-08-27,8.041984432128,m3/s,00060,Discharge,1,gr-data.xlsx
USGS-05447500,2017-08-28,8.240202358272,m3/s,00060,Discharge,1,gr-data.xlsx
USGS-05447500,2017-08-29,8.07030127872,m3/s,00060,Discharge,1,gr-data.xlsx
USGS-05447500,2017-08-30,7.872083352576,m3/s,00060,Discharge,1,gr-data.xlsx
USGS-05447500,2017-08-31,7.560598040064,m3/s,00060,Discharge,1,gr-data.xlsx
USGS-05447500,2017-09-01,7.249112727552,m3/s,00060,Discharge,1,gr-data.xlsx
USGS-05447500,2017-09-02,6.994261108224,m3/s,00060,Discharge,1,gr-data.xlsx
USGS-05447500,2017-09-03,6.909310568448,m3/s,00060,Discharge,1,gr-data.xlsx
USGS-05447500,2017-09-04,6.569508409344,m3/s,00060,Discharge,1,gr-data.xlsx
USGS-05447500,2017-09-05,6.314656790016,m3/s,00060,Discharge,1,gr-data.xlsx
USGS-05447500,2017-09-06,6.173072557056,m3/s,00060,Discharge,1,gr-data.xlsx
USGS-05447500,2017-09-07,6.031488324096,m3/s,00060,Discharge,1,gr-data.xlsx
USGS-05447500,2017-09-08,5.9748546309120005,m3/s,00060,Discharge,1,gr-data.xlsx
USGS-05447500,2017-09-09,5.833270397952,m3/s,00060,Discharge,1,gr-data.xlsx
USGS-05447500,2017-09-10,5.6633693184,m3/s,00060,Discharge,1,gr-data.xlsx
USGS-05447500,2017-09-11,5.578418778624,m3/s,00060,Discharge,1,gr-data.xlsx
USGS-05447500,2017-09-12,5.550101932032,m3/s,00060,Discharge,1,gr-data.xlsx
USGS-05447500,2017-09-13,5.6633693184,m3/s,00060,Discharge,1,gr-data.xlsx
USGS-05447500,2017-09-14,5.550101932032,m3/s,00060,Discharge,1,gr-data.xlsx
USGS-05447500,2017-09-15,5.351884005888,m3/s,00060,Discharge,1,gr-data.xlsx
USGS-05447500,2017-09-16,5.210299772928,m3/s,00060,Discharge,1,gr-data.xlsx
USGS-05447500,2017-09-17,5.210299772928,m3/s,00060,Discharge,1,gr-data.xlsx
USGS-05447500,2017-09-18,5.0120818467840005,m3/s,00060,Discharge,1,gr-data.xlsx
USGS-05447500,2017-09-19,5.408517699072,m3/s,00060,Discharge,1,gr-data.xlsx
USGS-05447500,2017-09-20,5.550101932032,m3/s,00060,Discharge,1,gr-data.xlsx
USGS-05447500,2017-09-21,5.153666079744,m3/s,00060,Discharge,1,gr-data.xlsx
USGS-05447500,2017-09-22,4.983765000192,m3/s,00060,Discharge,1,gr-data.xlsx
USGS-05447500,2017-09-23,4.81386392064,m3/s,00060,Discharge,1,gr-data.xlsx
USGS-05447500,2017-09-24,4.700596534272,m3/s,00060,Discharge,1,gr-data.xlsx
USGS-05447500,2017-09-25,4.615645994496,m3/s,00060,Discharge,1,gr-data.xlsx
USGS-05447500,2017-09-26,4.502378608128,m3/s,00060,Discharge,1,gr-data.xlsx
USGS-05447500,2017-09-27,4.417428068352,m3/s,00060,Discharge,1,gr-data.xlsx
USGS-05447500,2017-09-28,4.474061761536,m3/s,00060,Discharge,1,gr-data.xlsx
USGS-05447500,2017-09-29,4.474061761536,m3/s,00060,Discharge,1,gr-data.xlsx
USGS-05447500,2017-09-30,4.474061761536,m3/s,00060,Discharge,1,gr-data.xlsx
USGS-05447500,2017-10-01,4.474061761536,m3/s,00060,Discharge,1,gr-data.xlsx
USGS-05447500,2017-10-02,4.474061761536,m3/s,00060,Discharge,1,gr-data.xlsx
USGS-05447500,2017-10-03,4.474061761536,m3/s,00060,Discharge,1,gr-data.xlsx
USGS-05447500,2017-10-04,4.587329147904,m3/s,00060,Discharge,1,gr-data.xlsx
USGS-05447500,2017-10-05,4.587329147904,m3/s,00060,Discharge,1,gr-data.xlsx
USGS-05447500,2017-10-06,4.672279687680001,m3/s,00060,Discharge,1,gr-data.xlsx
USGS-05447500,2017-10-07,4.983765000192,m3/s,00060,Discharge,1,gr-data.xlsx
USGS-05447500,2017-10-08,5.068715539968,m3/s,00060,Discharge,1,gr-data.xlsx
USGS-05447500,2017-10-09,4.898814460416,m3/s,00060,Discharge,1,gr-data.xlsx
USGS-05447500,2017-10-10,5.040398693376,m3/s,00060,Discharge,1,gr-data.xlsx
USGS-05447500,2017-10-11,10.194064773120001,m3/s,00060,Discharge,1,gr-data.xlsx
USGS-05447500,2017-10-12,11.666540795904,m3/s,00060,Discharge,1,gr-data.xlsx
USGS-05447500,2017-10-13,9.259608835584,m3/s,00060,Discharge,1,gr-data.xlsx
USGS-05447500,2017-10-14,21.181001250816,m3/s,00060,Discharge,1,gr-data.xlsx
USGS-05447500,2017-10-15,115.81590256128,m3/s,00060,Discharge,1,gr-data.xlsx
USGS-05447500,2017-10-16,111.85154403840001,m3/s,00060,Discharge,1,gr-data.xlsx
USGS-05447500,2017-10-17,69.65944261632,m3/s,00060,Discharge,1,gr-data.xlsx
USGS-05447500,2017-10-18,44.74061761536,m3/s,00060,Discharge,1,gr-data.xlsx
USGS-05447500,2017-10-19,33.41387897856,m3/s,00060,Discharge,1,gr-data.xlsx
USGS-05447500,2017-10-20,27.382390654464,m3/s,00060,Discharge,1,gr-data.xlsx
USGS-05447500,2017-10-21,23.304764745216,m3/s,00060,Discharge,1,gr-data.xlsx
USGS-05447500,2017-10-22,22.79506150656,m3/s,00060,Discharge,1,gr-data.xlsx
USGS-05447500,2017-10-23,30.29902585344,m3/s,00060,Discharge,1,gr-data.xlsx
USGS-05447500,2017-10-24,30.865362785280002,m3/s,00060,Discharge,1,gr-data.xlsx
USGS-05447500,2017-10-25,35.39605824,m3/s,00060,Discharge,1,gr-data.xlsx
USGS-05447500,2017-10-26,38.51091136512,m3/s,00060,Discharge,1,gr-data.xlsx
USGS-05447500,2017-10-27,32.28120511488,m3/s,00060,Discharge,1,gr-data.xlsx
USGS-05447500,2017-10-28,28.17526235904,m3/s,00060,Discharge,1,gr-data.xlsx
USGS-05447500,2017-10-29,25.62674616576,m3/s,00060,Discharge,1,gr-data.xlsx
USGS-05447500,2017-10-30,22.93664573952,m3/s,00060,Discharge,1,gr-data.xlsx
USGS-05447500,2017-10-31,21.52080340992,m3/s,00060,Discharge,1,gr-data.xlsx
USGS-05447500,2017-11-01,20.388129546240002,m3/s,00060,Discharge,1,gr-data.xlsx
USGS-05447500,2017-11-02,19.793475767808,m3/s,00060,Discharge,1,gr-data.xlsx
USGS-05447500,2017-11-03,18.632485057536,m3/s,00060,Discharge,1,gr-data.xlsx
USGS-05447500,2017-11-04,18.207732358656,m3/s,00060,Discharge,1,gr-data.xlsx
USGS-05447500,2017-11-05,18.54753451776,m3/s,00060,Discharge,1,gr-data.xlsx
USGS-05447500,2017-11-06,18.037831279104,m3/s,00060,Discharge,1,gr-data.xlsx
USGS-05447500,2017-11-07,17.018424801792,m3/s,00060,Discharge,1,gr-data.xlsx
USGS-05447500,2017-11-08,16.338820483584,m3/s,00060,Discharge,1,gr-data.xlsx
USGS-05447500,2017-11-09,15.545948779008,m3/s,00060,Discharge,1,gr-data.xlsx
USGS-05447500,2017-11-10,15.177829773312,m3/s,00060,Discharge,1,gr-data.xlsx
USGS-05447500,2017-11-11,14.611492841472,m3/s,00060,Discharge,1,gr-data.xlsx
USGS-05447500,2017-11-12,14.922978153984001,m3/s,00060,Discharge,1,gr-data.xlsx
USGS-05447500,2017-11-13,14.809710767616,m3/s,00060,Discharge,1,gr-data.xlsx
USGS-05447500,2017-11-14,14.413274915328,m3/s,00060,Discharge,1,gr-data.xlsx
USGS-05447500,2017-11-15,14.498225455104,m3/s,00060,Discharge,1,gr-data.xlsx
USGS-05447500,2017-11-16,15.206146619904,m3/s,00060,Discharge,1,gr-data.xlsx
USGS-05447500,2017-11-17,15.319414006272,m3/s,00060,Discharge,1,gr-data.xlsx
USGS-05447500,2017-11-18,15.970701477888001,m3/s,00060,Discharge,1,gr-data.xlsx
USGS-05447500,2017-11-19,22.257041421312,m3/s,00060,Discharge,1,gr-data.xlsx
USGS-05447500,2017-11-20,23.616250057728,m3/s,00060,Discharge,1,gr-data.xlsx
USGS-05447500,2017-11-21,21.747338182656,m3/s,00060,Discharge,1,gr-data.xlsx
USGS-05447500,2017-11-22,20.133277926912,m3/s,00060,Discharge,1,gr-data.xlsx
USGS-05447500,2017-11-23,18.604168210944,m3/s,00060,Discharge,1,gr-data.xlsx
USGS-05447500,2017-11-24,17.896247046144,m3/s,00060,Discharge,1,gr-data.xlsx
USGS-05447500,2017-11-25,17.301593267712,m3/s,00060,Discharge,1,gr-data.xlsx
USGS-05447500,2017-11-26,16.310503636992,m3/s,00060,Discharge,1,gr-data.xlsx
USGS-05447500,2017-11-27,15.545948779008,m3/s,00060,Discharge,1,gr-data.xlsx
USGS-05447500,2017-11-28,15.121196080128,m3/s,00060,Discharge,1,gr-data.xlsx
USGS-05447500,2017-11-29,14.894661307392001,m3/s,00060,Discharge,1,gr-data.xlsx
USGS-05447500,2017-11-30,14.215056989184001,m3/s,00060,Discharge,1,gr-data.xlsx
USGS-05447500,2017-12-01,14.073472756224,m3/s,00060,Discharge,1,gr-data.xlsx
USGS-05447500,2017-12-02,13.931888523264,m3/s,00060,Discharge,1,gr-data.xlsx
USGS-05447500,2017-12-03,13.59208636416,m3/s,00060,Discharge,1,gr-data.xlsx
USGS-05447500,2017-12-04,13.02574943232,m3/s,00060,Discharge,1,gr-data.xlsx
USGS-05447500,2017-12-05,13.167333665280001,m3/s,00060,Discharge,1,gr-data.xlsx
USGS-05447500,2017-12-06,12.940798892544,m3/s,00060,Discharge,1,gr-data.xlsx
USGS-05447500,2017-12-07,12.0346598016,m3/s,00060,Discharge,1,gr-data.xlsx
USGS-05447500,2017-12-08,12.0346598016,m3/s,00060,Discharge,1,gr-data.xlsx
USGS-05447500,2017-12-09,13.167333665280001,m3/s,00060,Discharge,1,gr-data.xlsx
USGS-05447500,2017-12-10,12.657630426624001,m3/s,00060,Discharge,1,gr-data.xlsx
USGS-05447500,2017-12-11,12.60099673344,m3/s,00060,Discharge,1,gr-data.xlsx
USGS-05447500,2017-12-12,11.864758722048,m3/s,00060,Discharge,1,gr-data.xlsx
USGS-05447500,2017-12-13,11.864758722048,m3/s,00060,Discharge,1,gr-data.xlsx
USGS-05447500,2017-12-14,11.779808182272001,m3/s,00060,Discharge,1,gr-data.xlsx
USGS-05447500,2017-12-15,11.411689176576001,m3/s,00060,Discharge,1,gr-data.xlsx
USGS-05447500,2017-12-16,11.609907102720001,m3/s,00060,Discharge,1,gr-data.xlsx
USGS-05447500,2017-12-17,11.270104943616,m3/s,00060,Discharge,1,gr-data.xlsx
USGS-05447500,2017-12-18,11.04357017088,m3/s,00060,Discharge,1,gr-data.xlsx
USGS-05447500,2017-12-19,10.901985937920001,m3/s,00060,Discharge,1,gr-data.xlsx
USGS-05447500,2017-12-20,10.76040170496,m3/s,00060,Discharge,1,gr-data.xlsx
USGS-05447500,2017-12-21,10.562183778816001,m3/s,00060,Discharge,1,gr-data.xlsx
USGS-05447500,2017-12-22,10.47723323904,m3/s,00060,Discharge,1,gr-data.xlsx
USGS-05447500,2017-12-23,10.194064773120001,m3/s,00060,Discharge,1,gr-data.xlsx
USGS-05447500,2017-12-24,9.76931207424,m3/s,00060,Discharge,1,gr-data.xlsx
USGS-05447500,2017-12-25,7.702182273024,m3/s,00060,Discharge,1,gr-data.xlsx
USGS-05447500,2017-12-26,8.891489829888,m3/s,00060,Discharge,1,gr-data.xlsx
USGS-05447500,2017-12-27,10.165747926528,m3/s,00060,Discharge,1,gr-data.xlsx
USGS-05447500,2017-12-28,9.76931207424,m3/s,00060,Discharge,1,gr-data.xlsx
USGS-05447500,2017-12-29,9.514460454912001,m3/s,00060,Discharge,1,gr-data.xlsx
USGS-05447500,2017-12-30,9.514460454912001,m3/s,00060,Discharge,1,gr-data.xlsx
USGS-05447500,2017-12-31,9.514460454912001,m3/s,00060,Discharge,1,gr-data.xlsx
USGS-05447500,2018-01-01,9.514460454912001,m3/s,00060,Discharge,1,gr-data.xlsx
USGS-05447500,2018-01-02,9.542777301504,m3/s,00060,Discharge,1,gr-data.xlsx
USGS-05447500,2018-01-03,9.542777301504,m3/s,00060,Discharge,1,gr-data.xlsx
USGS-05447500,2018-01-04,9.514460454912001,m3/s,00060,Discharge,1,gr-data.xlsx
USGS-05447500,2018-01-05,9.514460454912001,m3/s,00060,Discharge,1,gr-data.xlsx
USGS-05447500,2018-01-06,9.76931207424,m3/s,00060,Discharge,1,gr-data.xlsx
USGS-05447500,2018-01-07,10.47723323904,m3/s,00060,Discharge,1,gr-data.xlsx
USGS-05447500,2018-01-08,11.638223949312,m3/s,00060,Discharge,1,gr-data.xlsx
USGS-05447500,2018-01-09,13.677036903936001,m3/s,00060,Discharge,1,gr-data.xlsx
USGS-05447500,2018-01-10,15.319414006272,m3/s,00060,Discharge,1,gr-data.xlsx
USGS-05447500,2018-01-11,17.669712273408,m3/s,00060,Discharge,1,gr-data.xlsx
USGS-05447500,2018-01-12,17.811296506368002,m3/s,00060,Discharge,1,gr-data.xlsx
USGS-05447500,2018-01-13,12.487729347072001,m3/s,00060,Discharge,1,gr-data.xlsx
USGS-05447500,2018-01-14,12.60099673344,m3/s,00060,Discharge,1,gr-data.xlsx
USGS-05447500,2018-01-15,14.498225455104,m3/s,00060,Discharge,1,gr-data.xlsx
USGS-05447500,2018-01-16,15.71584985856,m3/s,00060,Discharge,1,gr-data.xlsx
USGS-05447500,2018-01-17,14.838027614208,m3/s,00060,Discharge,1,gr-data.xlsx
USGS-05447500,2018-01-18,14.696443381248,m3/s,00060,Discharge,1,gr-data.xlsx
USGS-05447500,2018-01-19,13.818621136896,m3/s,00060,Discharge,1,gr-data.xlsx
USGS-05447500,2018-01-20,12.261194574336,m3/s,00060,Discharge,1,gr-data.xlsx
USGS-05447500,2018-01-21,13.677036903936001,m3/s,00060,Discharge,1,gr-data.xlsx
USGS-05447500,2018-01-22,17.273276421120002,m3/s,00060,Discharge,1,gr-data.xlsx
USGS-05447500,2018-01-23,23.559616364544002,m3/s,00060,Discharge,1,gr-data.xlsx
USGS-05447500,2018-01-24,28.60001505792,m3/s,00060,Discharge,1,gr-data.xlsx
USGS-05447500,2018-01-25,22.568526733824,m3/s,00060,Discharge,1,gr-data.xlsx
USGS-05447500,2018-01-26,19.425356762112,m3/s,00060,Discharge,1,gr-data.xlsx
USGS-05447500,2018-01-27,15.744166705152,m3/s,00060,Discharge,1,gr-data.xlsx
USGS-05447500,2018-01-28,13.252284205056,m3/s,00060,Discharge,1,gr-data.xlsx
USGS-05447500,2018-01-29,12.119610341376001,m3/s,00060,Discharge,1,gr-data.xlsx
USGS-05447500,2018-01-30,10.76040170496,m3/s,00060,Discharge,1,gr-data.xlsx
USGS-05447500,2018-01-31,11.46832286976,m3/s,00060,Discharge,1,gr-data.xlsx
USGS-05447500,2018-02-01,11.440006023168001,m3/s,00060,Discharge,1,gr-data.xlsx
USGS-05447500,2018-02-02,8.77822244352,m3/s,00060,Discharge,1,gr-data.xlsx
USGS-05447500,2018-02-03,14.44159176192,m3/s,00060,Discharge,1,gr-data.xlsx
USGS-05447500,2018-02-04,12.7425809664,m3/s,00060,Discharge,1,gr-data.xlsx
USGS-05447500,2018-02-05,10.307332159488,m3/s,00060,Discharge,1,gr-data.xlsx
USGS-05447500,2018-02-06,10.845352244736,m3/s,00060,Discharge,1,gr-data.xlsx
USGS-05447500,2018-02-07,12.006342955008,m3/s,00060,Discharge,1,gr-data.xlsx
USGS-05447500,2018-02-08,11.864758722048,m3/s,00060,Discharge,1,gr-data.xlsx
USGS-05447500,2018-02-09,11.864758722048,m3/s,00060,Discharge,1,gr-data.xlsx
USGS-05447500,2018-02-10,11.779808182272001,m3/s,00060,Discharge,1,gr-data.xlsx
USGS-05447500,2018-02-11,11.638223949312,m3/s,00060,Discharge,1,gr-data.xlsx
USGS-05447500,2018-02-12,11.440006023168001,m3/s,00060,Discharge,1,gr-data.xlsx
USGS-05447500,2018-02-13,11.440006023168001,m3/s,00060,Discharge,1,gr-data.xlsx
USGS-05447500,2018-02-14,11.496639716352,m3/s,00060,Discharge,1,gr-data.xlsx
USGS-05447500,2018-02-15,12.459412500480001,m3/s,00060,Discharge,1,gr-data.xlsx
USGS-05447500,2018-02-16,13.563769517568,m3/s,00060,Discharge,1,gr-data.xlsx
USGS-05447500,2018-02-17,15.036245540352,m3/s,00060,Discharge,1,gr-data.xlsx
USGS-05447500,2018-02-18,15.517631932416,m3/s,00060,Discharge,1,gr-data.xlsx
USGS-05447500,2018-02-19,22.766744659968,m3/s,00060,Discharge,1,gr-data.xlsx
USGS-05447500,2018-02-20,120.91293494784,m3/s,00060,Discharge,1,gr-data.xlsx
USGS-05447500,2018-02-21,164.2377102336,m3/s,00060,Discharge,1,gr-data.xlsx
USGS-05447500,2018-02-22,122.89511420928001,m3/s,00060,Discharge,1,gr-data.xlsx
USGS-05447500,2018-02-23,96.84361534464,m3/s,00060,Discharge,1,gr-data.xlsx
USGS-05447500,2018-02-24,82.68519204864,m3/s,00060,Discharge,1,gr-data.xlsx
USGS-05447500,2018-02-25,80.13667585536,m3/s,00060,Discharge,1,gr-data.xlsx
USGS-05447500,2018-02-26,71.92479034368,m3/s,00060,Discharge,1,gr-data.xlsx
USGS-05447500,2018-02-27,60.03171477504,m3/s,00060,Discharge,1,gr-data.xlsx
USGS-05447500,2018-02-28,52.10299772928,m3/s,00060,Discharge,1,gr-data.xlsx
USGS-05447500,2018-03-01,50.40398693376,m3/s,00060,Discharge,1,gr-data.xlsx
USGS-05447500,2018-03-02,67.11092642304,m3/s,00060,Discharge,1,gr-data.xlsx
USGS-05447500,2018-03-03,64.56241022976,m3/s,00060,Discharge,1,gr-data.xlsx
USGS-05447500,2018-03-04,51.81982926336,m3/s,00060,Discharge,1,gr-data.xlsx
USGS-05447500,2018-03-05,45.02378608128,m3/s,00060,Discharge,1,gr-data.xlsx
USGS-05447500,2018-03-06,44.74061761536,m3/s,00060,Discharge,1,gr-data.xlsx
USGS-05447500,2018-03-07,42.19210142208,m3/s,00060,Discharge,1,gr-data.xlsx
USGS-05447500,2018-03-08,39.36041676288,m3/s,00060,Discharge,1,gr-data.xlsx
USGS-05447500,2018-03-09,37.378237501440005,m3/s,00060,Discharge,1,gr-data.xlsx
USGS-05447500,2018-03-10,35.11288977408,m3/s,00060,Discharge,1,gr-data.xlsx
USGS-05447500,2018-03-11,33.41387897856,m3/s,00060,Discharge,1,gr-data.xlsx
USGS-05447500,2018-03-12,31.43169971712,m3/s,00060,Discharge,1,gr-data.xlsx
USGS-05447500,2018-03-13,30.58219431936,m3/s,00060,Discharge,1,gr-data.xlsx
USGS-05447500,2018-03-14,29.449520455680002,m3/s,00060,Discharge,1,gr-data.xlsx
USGS-05447500,2018-03-15,28.88318352384,m3/s,00060,Discharge,1,gr-data.xlsx
USGS-05447500,2018-03-16,27.297440114688,m3/s,00060,Discharge,1,gr-data.xlsx
USGS-05447500,2018-03-17,26.787736876032,m3/s,00060,Discharge,1,gr-data.xlsx
USGS-05447500,2018-03-18,26.447934716928,m3/s,00060,Discharge,1,gr-data.xlsx
USGS-05447500,2018-03-19,25.315260853248002,m3/s,00060,Discharge,1,gr-data.xlsx
USGS-05447500,2018-03-20,24.324171222528,m3/s,00060,Discharge,1,gr-data.xlsx
USGS-05447500,2018-03-21,23.304764745216,m3/s,00060,Discharge,1,gr-data.xlsx
USGS-05447500,2018-03-22,22.257041421312,m3/s,00060,Discharge,1,gr-data.xlsx
USGS-05447500,2018-03-23,21.549120256512,m3/s,00060,Discharge,1,gr-data.xlsx
USGS-05447500,2018-03-24,22.172090881536,m3/s,00060,Discharge,1,gr-data.xlsx
USGS-05447500,2018-03-25,22.79506150656,m3/s,00060,Discharge,1,gr-data.xlsx
USGS-05447500,2018-03-26,22.08714034176,m3/s,00060,Discharge,1,gr-data.xlsx
USGS-05447500,2018-03-27,40.493090626560004,m3/s,00060,Discharge,1,gr-data.xlsx
USGS-05447500,2018-03-28,53.8020085248,m3/s,00060,Discharge,1,gr-data.xlsx
USGS-05447500,2018-03-29,44.17428068352,m3/s,00060,Discharge,1,gr-data.xlsx
USGS-05447500,2018-03-30,38.79407983104,m3/s,00060,Discharge,1,gr-data.xlsx
USGS-05447500,2018-03-31,34.82972130816,m3/s,00060,Discharge,1,gr-data.xlsx
USGS-05447500,2018-04-01,32.84754204672,m3/s,00060,Discharge,1,gr-data.xlsx
USGS-05447500,2018-04-02,31.43169971712,m3/s,00060,Discharge,1,gr-data.xlsx
USGS-05447500,2018-04-03,30.58219431936,m3/s,00060,Discharge,1,gr-data.xlsx
USGS-05447500,2018-04-04,29.7326889216,m3/s,00060,Discharge,1,gr-data.xlsx
USGS-05447500,2018-04-05,28.288529745408002,m3/s,00060,Discharge,1,gr-data.xlsx
USGS-05447500,2018-04-06,27.014271648768002,m3/s,00060,Discharge,1,gr-data.xlsx
USGS-05447500,2018-04-07,25.824964091904,m3/s,00060,Discharge,1,gr-data.xlsx
USGS-05447500,2018-04-08,24.918825000960002,m3/s,00060,Discharge,1,gr-data.xlsx
USGS-05447500,2018-04-09,24.182586989568,m3/s,00060,Discharge,1,gr-data.xlsx
USGS-05447500,2018-04-10,23.134863665664,m3/s,00060,Discharge,1,gr-data.xlsx
USGS-05447500,2018-04-11,22.568526733824,m3/s,00060,Discharge,1,gr-data.xlsx
USGS-05447500,2018-04-12,22.115457188352,m3/s,00060,Discharge,1,gr-data.xlsx
USGS-05447500,2018-04-13,21.66238764288,m3/s,00060,Discharge,1,gr-data.xlsx
USGS-05447500,2018-04-14,21.350902330368,m3/s,00060,Discharge,1,gr-data.xlsx
USGS-05447500,2018-04-15,23.757834290688,m3/s,00060,Discharge,1,gr-data.xlsx
USGS-05447500,2018-04-16,25.541795625984,m3/s,00060,Discharge,1,gr-data.xlsx
USGS-05447500,2018-04-17,25.34357769984,m3/s,00060,Discharge,1,gr-data.xlsx
USGS-05447500,2018-04-18,24.097636449792002,m3/s,00060,Discharge,1,gr-data.xlsx
USGS-05447500,2018-04-19,23.418032131584,m3/s,00060,Discharge,1,gr-data.xlsx
USGS-05447500,2018-04-20,21.775655029248,m3/s,00060,Discharge,1,gr-data.xlsx
USGS-05447500,2018-04-21,20.897832784896,m3/s,00060,Discharge,1,gr-data.xlsx
USGS-05447500,2018-04-22,20.444763239424,m3/s,00060,Discharge,1,gr-data.xlsx
USGS-05447500,2018-04-23,20.020010540544,m3/s,00060,Discharge,1,gr-data.xlsx
USGS-05447500,2018-04-24,19.453673608704,m3/s,00060,Discharge,1,gr-data.xlsx
USGS-05447500,2018-04-25,18.774069290496,m3/s,00060,Discharge,1,gr-data.xlsx
USGS-05447500,2018-04-26,18.179415512064,m3/s,00060,Discharge,1,gr-data.xlsx
USGS-05447500,2018-04-27,17.782979659776,m3/s,00060,Discharge,1,gr-data.xlsx
USGS-05447500,2018-04-28,17.55644488704,m3/s,00060,Discharge,1,gr-data.xlsx
USGS-05447500,2018-04-29,16.735256335872002,m3/s,00060,Discharge,1,gr-data.xlsx
USGS-05447500,2018-04-30,16.14060255744,m3/s,00060,Discharge,1,gr-data.xlsx
USGS-05447500,2018-05-01,15.942384631296001,m3/s,00060,Discharge,1,gr-data.xlsx
USGS-05447500,2018-05-02,15.687533011968,m3/s,00060,Discharge,1,gr-data.xlsx
USGS-05447500,2018-05-03,19.850109460992,m3/s,00060,Discharge,1,gr-data.xlsx
USGS-05447500,2018-05-04,32.5643735808,m3/s,00060,Discharge,1,gr-data.xlsx
USGS-05447500,2018-05-05,31.71486818304,m3/s,00060,Discharge,1,gr-data.xlsx
USGS-05447500,2018-05-06,25.598429319168,m3/s,00060,Discharge,1,gr-data.xlsx
USGS-05447500,2018-05-07,22.426942500864,m3/s,00060,Discharge,1,gr-data.xlsx
USGS-05447500,2018-05-08,20.388129546240002,m3/s,00060,Discharge,1,gr-data.xlsx
USGS-05447500,2018-05-09,19.595257841664,m3/s,00060,Discharge,1,gr-data.xlsx
USGS-05447500,2018-05-10,19.227138835968,m3/s,00060,Discharge,1,gr-data.xlsx
USGS-05447500,2018-05-11,18.037831279104,m3/s,00060,Discharge,1,gr-data.xlsx
USGS-05447500,2018-05-12,19.057237756416,m3/s,00060,Discharge,1,gr-data.xlsx
USGS-05447500,2018-05-13,19.793475767808,m3/s,00060,Discharge,1,gr-data.xlsx
USGS-05447500,2018-05-14,20.926149631488002,m3/s,00060,Discharge,1,gr-data.xlsx
USGS-05447500,2018-05-15,26.561202103296,m3/s,00060,Discharge,1,gr-data.xlsx
USGS-05447500,2018-05-16,31.43169971712,m3/s,00060,Discharge,1,gr-data.xlsx
USGS-05447500,2018-05-17,27.297440114688,m3/s,00060,Discharge,1,gr-data.xlsx
USGS-05447500,2018-05-18,23.50298267136,m3/s,00060,Discharge,1,gr-data.xlsx
USGS-05447500,2018-05-19,21.52080340992,m3/s,00060,Discharge,1,gr-data.xlsx
USGS-05447500,2018-05-20,20.161594773504,m3/s,00060,Discharge,1,gr-data.xlsx
USGS-05447500,2018-05-21,20.048327387136002,m3/s,00060,Discharge,1,gr-data.xlsx
USGS-05447500,2018-05-22,20.699614858752,m3/s,00060,Discharge,1,gr-data.xlsx
USGS-05447500,2018-05-23,21.039417017856,m3/s,00060,Discharge,1,gr-data.xlsx
USGS-05447500,2018-05-24,19.481990455296,m3/s,00060,Discharge,1,gr-data.xlsx
USGS-05447500,2018-05-25,18.349316591616,m3/s,00060,Discharge,1,gr-data.xlsx
USGS-05447500,2018-05-26,17.98119758592,m3/s,00060,Discharge,1,gr-data.xlsx
USGS-05447500,2018-05-27,17.301593267712,m3/s,00060,Discharge,1,gr-data.xlsx
USGS-05447500,2018-05-28,16.367137330176,m3/s,00060,Discharge,1,gr-data.xlsx
USGS-05447500,2018-05-29,15.545948779008,m3/s,00060,Discharge,1,gr-data.xlsx
USGS-05447500,2018-05-30,16.14060255744,m3/s,00060,Discharge,1,gr-data.xlsx
USGS-05447500,2018-05-31,35.67922670592,m3/s,00060,Discharge,1,gr-data.xlsx
USGS-05447500,2018-06-01,43.8911122176,m3/s,00060,Discharge,1,gr-data.xlsx
USGS-05447500,2018-06-02,31.43169971712,m3/s,00060,Discharge,1,gr-data.xlsx
USGS-05447500,2018-06-03,24.409121762304,m3/s,00060,Discharge,1,gr-data.xlsx
USGS-05447500,2018-06-04,21.294268637184,m3/s,00060,Discharge,1,gr-data.xlsx
USGS-05447500,2018-06-05,19.198821989376,m3/s,00060,Discharge,1,gr-data.xlsx
USGS-05447500,2018-06-06,18.066148125696,m3/s,00060,Discharge,1,gr-data.xlsx
USGS-05447500,2018-06-07,17.216642727936,m3/s,00060,Discharge,1,gr-data.xlsx
USGS-05447500,2018-06-08,18.689118750720002,m3/s,00060,Discharge,1,gr-data.xlsx
USGS-05447500,2018-06-09,33.13071051264,m3/s,00060,Discharge,1,gr-data.xlsx
USGS-05447500,2018-06-10,79.85350738944,m3/s,00060,Discharge,1,gr-data.xlsx
USGS-05447500,2018-06-11,148.94661307392,m3/s,00060,Discharge,1,gr-data.xlsx
USGS-05447500,2018-06-12,112.41788097024,m3/s,00060,Discharge,1,gr-data.xlsx
USGS-05447500,2018-06-13,77.30499119616,m3/s,00060,Discharge,1,gr-data.xlsx
USGS-05447500,2018-06-14,58.899040911360004,m3/s,00060,Discharge,1,gr-data.xlsx
USGS-05447500,2018-06-15,47.85547074048,m3/s,00060,Discharge,1,gr-data.xlsx
USGS-05447500,2018-06-16,46.439628410880005,m3/s,00060,Discharge,1,gr-data.xlsx
USGS-05447500,2018-06-17,48.1386392064,m3/s,00060,Discharge,1,gr-data.xlsx
USGS-05447500,2018-06-18,39.36041676288,m3/s,00060,Discharge,1,gr-data.xlsx
USGS-05447500,2018-06-19,35.39605824,m3/s,00060,Discharge,1,gr-data.xlsx
USGS-05447500,2018-06-20,48.98814460416,m3/s,00060,Discharge,1,gr-data.xlsx
USGS-05447500,2018-06-21,54.93468238848,m3/s,00060,Discharge,1,gr-data.xlsx
USGS-05447500,2018-06-22,64.56241022976,m3/s,00060,Discharge,1,gr-data.xlsx
USGS-05447500,2018-06-23,111.85154403840001,m3/s,00060,Discharge,1,gr-data.xlsx
USGS-05447500,2018-06-24,98.82579460608001,m3/s,00060,Discharge,1,gr-data.xlsx
USGS-05447500,2018-06-25,64.84557869568,m3/s,00060,Discharge,1,gr-data.xlsx
USGS-05447500,2018-06-26,50.68715539968,m3/s,00060,Discharge,1,gr-data.xlsx
USGS-05447500,2018-06-27,52.386166195200005,m3/s,00060,Discharge,1,gr-data.xlsx
USGS-05447500,2018-06-28,52.386166195200005,m3/s,00060,Discharge,1,gr-data.xlsx
USGS-05447500,2018-06-29,43.607943751680004,m3/s,00060,Discharge,1,gr-data.xlsx
USGS-05447500,2018-06-30,37.378237501440005,m3/s,00060,Discharge,1,gr-data.xlsx
USGS-05447500,2018-07-01,33.9802159104,m3/s,00060,Discharge,1,gr-data.xlsx
USGS-05447500,2018-07-02,36.8119005696,m3/s,00060,Discharge,1,gr-data.xlsx
USGS-05447500,2018-07-03,33.41387897856,m3/s,00060,Discharge,1,gr-data.xlsx
USGS-05447500,2018-07-04,29.166351989760003,m3/s,00060,Discharge,1,gr-data.xlsx
USGS-05447500,2018-07-05,37.09506903552,m3/s,00060,Discharge,1,gr-data.xlsx
USGS-05447500,2018-07-06,36.8119005696,m3/s,00060,Discharge,1,gr-data.xlsx
USGS-05447500,2018-07-07,28.88318352384,m3/s,00060,Discharge,1,gr-data.xlsx
USGS-05447500,2018-07-08,24.154270142976,m3/s,00060,Discharge,1,gr-data.xlsx
USGS-05447500,2018-07-09,21.747338182656,m3/s,00060,Discharge,1,gr-data.xlsx
USGS-05447500,2018-07-10,19.906743154176002,m3/s,00060,Discharge,1,gr-data.xlsx
USGS-05447500,2018-07-11,18.236049205248,m3/s,00060,Discharge,1,gr-data.xlsx
USGS-05447500,2018-07-12,16.70693948928,m3/s,00060,Discharge,1,gr-data.xlsx
USGS-05447500,2018-07-13,15.630899318784001,m3/s,00060,Discharge,1,gr-data.xlsx
USGS-05447500,2018-07-14,20.727931705344,m3/s,00060,Discharge,1,gr-data.xlsx
USGS-05447500,2018-07-15,35.67922670592,m3/s,00060,Discharge,1,gr-data.xlsx
USGS-05447500,2018-07-16,27.439024347648,m3/s,00060,Discharge,1,gr-data.xlsx
USGS-05447500,2018-07-17,20.699614858752,m3/s,00060,Discharge,1,gr-data.xlsx
USGS-05447500,2018-07-18,17.896247046144,m3/s,00060,Discharge,1,gr-data.xlsx
USGS-05447500,2018-07-19,16.027335171072,m3/s,00060,Discharge,1,gr-data.xlsx
USGS-05447500,2018-07-20,15.489315085824,m3/s,00060,Discharge,1,gr-data.xlsx
USGS-05447500,2018-07-21,15.489315085824,m3/s,00060,Discharge,1,gr-data.xlsx
USGS-05447500,2018-07-22,14.668126534656,m3/s,00060,Discharge,1,gr-data.xlsx
USGS-05447500,2018-07-23,14.045155909632001,m3/s,00060,Discharge,1,gr-data.xlsx
USGS-05447500,2018-07-24,13.082383125504,m3/s,00060,Discharge,1,gr-data.xlsx
USGS-05447500,2018-07-25,12.204560881152,m3/s,00060,Discharge,1,gr-data.xlsx
USGS-05447500,2018-07-26,11.241788097024001,m3/s,00060,Discharge,1,gr-data.xlsx
USGS-05447500,2018-07-27,10.533866932224,m3/s,00060,Discharge,1,gr-data.xlsx
USGS-05447500,2018-07-28,10.109114233344,m3/s,00060,Discharge,1,gr-data.xlsx
USGS-05447500,2018-07-29,9.656044687872,m3/s,00060,Discharge,1,gr-data.xlsx
USGS-05447500,2018-07-30,9.231291988992,m3/s,00060,Discharge,1,gr-data.xlsx
USGS-05447500,2018-07-31,9.033074062848,m3/s,00060,Discharge,1,gr-data.xlsx
USGS-05447500,2018-08-01,8.721588750336,m3/s,00060,Discharge,1,gr-data.xlsx
USGS-05447500,2018-08-02,8.325152898048,m3/s,00060,Discharge,1,gr-data.xlsx
USGS-05447500,2018-08-03,7.900400199168001,m3/s,00060,Discharge,1,gr-data.xlsx
USGS-05447500,2018-08-04,7.588914886656,m3/s,00060,Discharge,1,gr-data.xlsx
USGS-05447500,2018-08-05,7.164162187776,m3/s,00060,Discharge,1,gr-data.xlsx
USGS-05447500,2018-08-06,7.050894801408,m3/s,00060,Discharge,1,gr-data.xlsx
USGS-05447500,2018-08-07,6.909310568448,m3/s,00060,Discharge,1,gr-data.xlsx
USGS-05447500,2018-08-08,7.164162187776,m3/s,00060,Discharge,1,gr-data.xlsx
USGS-05447500,2018-08-09,7.702182273024,m3/s,00060,Discharge,1,gr-data.xlsx
USGS-05447500,2018-08-10,7.079211648,m3/s,00060,Discharge,1,gr-data.xlsx
USGS-05447500,2018-08-11,6.767726335488001,m3/s,00060,Discharge,1,gr-data.xlsx
USGS-05447500,2018-08-12,6.626142102528,m3/s,00060,Discharge,1,gr-data.xlsx
USGS-05447500,2018-08-13,6.173072557056,m3/s,00060,Discharge,1,gr-data.xlsx
USGS-05447500,2018-08-14,5.8899040911360006,m3/s,00060,Discharge,1,gr-data.xlsx
USGS-05447500,2018-08-15,6.711092642304,m3/s,00060,Discharge,1,gr-data.xlsx
USGS-05447500,2018-08-16,7.1075284945920005,m3/s,00060,Discharge,1,gr-data.xlsx
USGS-05447500,2018-08-17,6.909310568448,m3/s,00060,Discharge,1,gr-data.xlsx
USGS-05447500,2018-08-18,6.767726335488001,m3/s,00060,Discharge,1,gr-data.xlsx
USGS-05447500,2018-08-19,6.342973636608,m3/s,00060,Discharge,1,gr-data.xlsx
USGS-05447500,2018-08-20,6.2297062502400005,m3/s,00060,Discharge,1,gr-data.xlsx
USGS-05447500,2018-08-21,6.3712904832,m3/s,00060,Discharge,1,gr-data.xlsx
USGS-05447500,2018-08-22,6.0598051706880005,m3/s,00060,Discharge,1,gr-data.xlsx
USGS-05447500,2018-08-23,5.861587244544,m3/s,00060,Discharge,1,gr-data.xlsx
USGS-05447500,2018-08-24,6.201389403648,m3/s,00060,Discharge,1,gr-data.xlsx
USGS-05447500,2018-08-25,6.965944261632,m3/s,00060,Discharge,1,gr-data.xlsx
USGS-05447500,2018-08-26,6.201389403648,m3/s,00060,Discharge,1,gr-data.xlsx
USGS-05447500,2018-08-27,5.635052471808,m3/s,00060,Discharge,1,gr-data.xlsx
USGS-05447500,2018-08-28,6.51287471616,m3/s,00060,Discharge,1,gr-data.xlsx
USGS-05447500,2018-08-29,63.42973636608,m3/s,00060,Discharge,1,gr-data.xlsx
USGS-05447500,2018-08-30,48.70497613824,m3/s,00060,Discharge,1,gr-data.xlsx
USGS-05447500,2018-08-31,25.90991463168,m3/s,00060,Discharge,1,gr-data.xlsx
USGS-05447500,2018-09-01,17.896247046144,m3/s,00060,Discharge,1,gr-data.xlsx
USGS-05447500,2018-09-02,16.678622642688,m3/s,00060,Discharge,1,gr-data.xlsx
USGS-05447500,2018-09-03,19.906743154176002,m3/s,00060,Discharge,1,gr-data.xlsx
USGS-05447500,2018-09-04,29.7326889216,m3/s,00060,Discharge,1,gr-data.xlsx
USGS-05447500,2018-09-05,28.60001505792,m3/s,00060,Discharge,1,gr-data.xlsx
USGS-05447500,2018-09-06,26.278033637376,m3/s,00060,Discharge,1,gr-data.xlsx
USGS-05447500,2018-09-07,40.20992216064,m3/s,00060,Discharge,1,gr-data.xlsx
USGS-05447500,2018-09-08,43.32477528576,m3/s,00060,Discharge,1,gr-data.xlsx
USGS-05447500,2018-09-09,33.13071051264,m3/s,00060,Discharge,1,gr-data.xlsx
USGS-05447500,2018-09-10,25.20199346688,m3/s,00060,Discharge,1,gr-data.xlsx
USGS-05447500,2018-09-11,20.388129546240002,m3/s,00060,Discharge,1,gr-data.xlsx
USGS-05447500,2018-09-12,17.41486065408,m3/s,00060,Discharge,1,gr-data.xlsx
USGS-05447500,2018-09-13,15.376047699456,m3/s,00060,Discharge,1,gr-data.xlsx
USGS-05447500,2018-09-14,13.931888523264,m3/s,00060,Discharge,1,gr-data.xlsx
USGS-05447500,2018-09-15,12.827531506176001,m3/s,00060,Discharge,1,gr-data.xlsx
USGS-05447500,2018-09-16,11.89307556864,m3/s,00060,Discharge,1,gr-data.xlsx
USGS-05447500,2018-09-17,11.270104943616,m3/s,00060,Discharge,1,gr-data.xlsx
USGS-05447500,2018-09-18,10.732084858368001,m3/s,00060,Discharge,1,gr-data.xlsx
USGS-05447500,2018-09-19,10.448916392448,m3/s,00060,Discharge,1,gr-data.xlsx
USGS-05447500,2018-09-20,10.165747926528,m3/s,00060,Discharge,1,gr-data.xlsx
USGS-05447500,2018-09-21,9.684361534464001,m3/s,00060,Discharge,1,gr-data.xlsx
USGS-05447500,2018-09-22,9.401193068544,m3/s,00060,Discharge,1,gr-data.xlsx
USGS-05447500,2018-09-23,9.089707756032,m3/s,00060,Discharge,1,gr-data.xlsx
USGS-05447500,2018-09-24,8.891489829888,m3/s,00060,Discharge,1,gr-data.xlsx
USGS-05447500,2018-09-25,9.089707756032,m3/s,00060,Discharge,1,gr-data.xlsx
USGS-05447500,2018-09-26,10.222381619712,m3/s,00060,Discharge,1,gr-data.xlsx
USGS-05447500,2018-09-27,10.420599545856,m3/s,00060,Discharge,1,gr-data.xlsx
USGS-05447500,2018-09-28,9.76931207424,m3/s,00060,Discharge,1,gr-data.xlsx
USGS-05447500,2018-09-29,9.457826761728,m3/s,00060,Discharge,1,gr-data.xlsx
USGS-05447500,2018-09-30,9.344559375360001,m3/s,00060,Discharge,1,gr-data.xlsx
USGS-05447500,2018-10-01,9.344559375360001,m3/s,00060,Discharge,1,gr-data.xlsx
USGS-05447500,2018-10-02,9.089707756032,m3/s,00060,Discharge,1,gr-data.xlsx
USGS-05447500,2018-10-03,10.930302784512,m3/s,00060,Discharge,1,gr-data.xlsx
USGS-05447500,2018-10-04,11.496639716352,m3/s,00060,Discharge,1,gr-data.xlsx
USGS-05447500,2018-10-05,15.206146619904,m3/s,00060,Discharge,1,gr-data.xlsx
USGS-05447500,2018-10-06,50.40398693376,m3/s,00060,Discharge,1,gr-data.xlsx
USGS-05447500,2018-10-07,81.55251818496001,m3/s,00060,Discharge,1,gr-data.xlsx
USGS-05447500,2018-10-08,74.19013807104,m3/s,00060,Discharge,1,gr-data.xlsx
USGS-05447500,2018-10-09,63.42973636608,m3/s,00060,Discharge,1,gr-data.xlsx
USGS-05447500,2018-10-10,52.386166195200005,m3/s,00060,Discharge,1,gr-data.xlsx
USGS-05447500,2018-10-11,43.32477528576,m3/s,00060,Discharge,1,gr-data.xlsx
USGS-05447500,2018-10-12,36.8119005696,m3/s,00060,Discharge,1,gr-data.xlsx
USGS-05447500,2018-10-13,32.84754204672,m3/s,00060,Discharge,1,gr-data.xlsx
USGS-05447500,2018-10-14,30.29902585344,m3/s,00060,Discharge,1,gr-data.xlsx
USGS-05447500,2018-10-15,28.60001505792,m3/s,00060,Discharge,1,gr-data.xlsx
USGS-05447500,2018-10-16,27.439024347648,m3/s,00060,Discharge,1,gr-data.xlsx
USGS-05447500,2018-10-17,25.541795625984,m3/s,00060,Discharge,1,gr-data.xlsx
USGS-05447500,2018-10-18,23.446348978176,m3/s,00060,Discharge,1,gr-data.xlsx
USGS-05447500,2018-10-19,22.143774034944002,m3/s,00060,Discharge,1,gr-data.xlsx
USGS-05447500,2018-10-20,21.634070796288,m3/s,00060,Discharge,1,gr-data.xlsx
USGS-05447500,2018-10-21,20.218228466688,m3/s,00060,Discharge,1,gr-data.xlsx
USGS-05447500,2018-10-22,18.859019830272,m3/s,00060,Discharge,1,gr-data.xlsx
USGS-05447500,2018-10-23,18.349316591616,m3/s,00060,Discharge,1,gr-data.xlsx
USGS-05447500,2018-10-24,17.499811193856,m3/s,00060,Discharge,1,gr-data.xlsx
USGS-05447500,2018-10-25,16.9901079552,m3/s,00060,Discharge,1,gr-data.xlsx
USGS-05447500,2018-10-26,16.961791108608,m3/s,00060,Discharge,1,gr-data.xlsx
USGS-05447500,2018-10-27,16.70693948928,m3/s,00060,Discharge,1,gr-data.xlsx
USGS-05447500,2018-10-28,16.055652017664002,m3/s,00060,Discharge,1,gr-data.xlsx
USGS-05447500,2018-10-29,15.687533011968,m3/s,00060,Discharge,1,gr-data.xlsx
USGS-05447500,2018-10-30,15.14951292672,m3/s,00060,Discharge,1,gr-data.xlsx
USGS-05447500,2018-10-31,15.432681392640001,m3/s,00060,Discharge,1,gr-data.xlsx
USGS-05447500,2018-11-01,15.064562386944,m3/s,00060,Discharge,1,gr-data.xlsx
USGS-05447500,2018-11-02,14.668126534656,m3/s,00060,Discharge,1,gr-data.xlsx
USGS-05447500,2018-11-03,14.101789602816,m3/s,00060,Discharge,1,gr-data.xlsx
USGS-05447500,2018-11-04,13.960205369856,m3/s,00060,Discharge,1,gr-data.xlsx
USGS-05447500,2018-11-05,15.00792869376,m3/s,00060,Discharge,1,gr-data.xlsx
USGS-05447500,2018-11-06,16.395454176768002,m3/s,00060,Discharge,1,gr-data.xlsx
USGS-05447500,2018-11-07,18.26436605184,m3/s,00060,Discharge,1,gr-data.xlsx
USGS-05447500,2018-11-08,17.867930199552,m3/s,00060,Discharge,1,gr-data.xlsx
USGS-05447500,2018-11-09,16.650305796096,m3/s,00060,Discharge,1,gr-data.xlsx
USGS-05447500,2018-11-10,15.85743409152,m3/s,00060,Discharge,1,gr-data.xlsx
USGS-05447500,2018-11-11,16.055652017664002,m3/s,00060,Discharge,1,gr-data.xlsx
USGS-05447500,2018-11-12,15.092879233536001,m3/s,00060,Discharge,1,gr-data.xlsx
USGS-05447500,2018-11-13,14.639809688064,m3/s,00060,Discharge,1,gr-data.xlsx
USGS-05447500,2018-11-14,14.30000752896,m3/s,00060,Discharge,1,gr-data.xlsx
USGS-05447500,2018-11-15,14.243373835776,m3/s,00060,Discharge,1,gr-data.xlsx
USGS-05447500,2018-11-16,13.988522216448,m3/s,00060,Discharge,1,gr-data.xlsx
USGS-05447500,2018-11-17,14.073472756224,m3/s,00060,Discharge,1,gr-data.xlsx
USGS-05447500,2018-11-18,13.846937983488,m3/s,00060,Discharge,1,gr-data.xlsx
USGS-05447500,2018-11-19,13.422185284608,m3/s,00060,Discharge,1,gr-data.xlsx
USGS-05447500,2018-11-20,13.139016818688,m3/s,00060,Discharge,1,gr-data.xlsx
USGS-05447500,2018-11-21,12.88416519936,m3/s,00060,Discharge,1,gr-data.xlsx
USGS-05447500,2018-11-22,12.487729347072001,m3/s,00060,Discharge,1,gr-data.xlsx
USGS-05447500,2018-11-23,12.261194574336,m3/s,00060,Discharge,1,gr-data.xlsx
USGS-05447500,2018-11-24,12.912482045952,m3/s,00060,Discharge,1,gr-data.xlsx
USGS-05447500,2018-11-25,13.846937983488,m3/s,00060,Discharge,1,gr-data.xlsx
USGS-05447500,2018-11-26,14.045155909632001,m3/s,00060,Discharge,1,gr-data.xlsx
USGS-05447500,2018-11-27,20.784565398528002,m3/s,00060,Discharge,1,gr-data.xlsx
USGS-05447500,2018-11-28,21.435852870144,m3/s,00060,Discharge,1,gr-data.xlsx
USGS-05447500,2018-11-29,20.274862159872,m3/s,00060,Discharge,1,gr-data.xlsx
USGS-05447500,2018-11-30,19.935060000768,m3/s,00060,Discharge,1,gr-data.xlsx
USGS-05447500,2018-12-01,26.47625156352,m3/s,00060,Discharge,1,gr-data.xlsx
USGS-05447500,2018-12-02,104.20599545856,m3/s,00060,Discharge,1,gr-data.xlsx
USGS-05447500,2018-12-03,128.8416519936,m3/s,00060,Discharge,1,gr-data.xlsx
USGS-05447500,2018-12-04,102.50698466304,m3/s,00060,Discharge,1,gr-data.xlsx
USGS-05447500,2018-12-05,76.73865426432,m3/s,00060,Discharge,1,gr-data.xlsx
USGS-05447500,2018-12-06,59.18220937728,m3/s,00060,Discharge,1,gr-data.xlsx
USGS-05447500,2018-12-07,47.85547074048,m3/s,00060,Discharge,1,gr-data.xlsx
USGS-05447500,2018-12-08,41.0594275584,m3/s,00060,Discharge,1,gr-data.xlsx
USGS-05447500,2018-12-09,37.661405967360004,m3/s,00060,Discharge,1,gr-data.xlsx
USGS-05447500,2018-12-10,35.11288977408,m3/s,00060,Discharge,1,gr-data.xlsx
USGS-05447500,2018-12-11,33.13071051264,m3/s,00060,Discharge,1,gr-data.xlsx
USGS-05447500,2018-12-12,31.71486818304,m3/s,00060,Discharge,1,gr-data.xlsx
USGS-05447500,2018-12-13,30.58219431936,m3/s,00060,Discharge,1,gr-data.xlsx
USGS-05447500,2018-12-14,28.60001505792,m3/s,00060,Discharge,1,gr-data.xlsx
USGS-05447500,2018-12-15,27.835460199936,m3/s,00060,Discharge,1,gr-data.xlsx
USGS-05447500,2018-12-16,27.099222188544,m3/s,00060,Discharge,1,gr-data.xlsx
USGS-05447500,2018-12-17,25.966548324864,m3/s,00060,Discharge,1,gr-data.xlsx
USGS-05447500,2018-12-18,24.890508154368,m3/s,00060,Discharge,1,gr-data.xlsx
USGS-05447500,2018-12-19,24.295854375936,m3/s,00060,Discharge,1,gr-data.xlsx
USGS-05447500,2018-12-20,24.607339688448,m3/s,00060,Discharge,1,gr-data.xlsx
USGS-05447500,2018-12-21,24.35248806912,m3/s,00060,Discharge,1,gr-data.xlsx
USGS-05447500,2018-12-22,23.64456690432,m3/s,00060,Discharge,1,gr-data.xlsx
USGS-05447500,2018-12-23,22.172090881536,m3/s,00060,Discharge,1,gr-data.xlsx
USGS-05447500,2018-12-24,21.294268637184,m3/s,00060,Discharge,1,gr-data.xlsx
USGS-05447500,2018-12-25,20.614664318976,m3/s,00060,Discharge,1,gr-data.xlsx
USGS-05447500,2018-12-26,19.708525228032002,m3/s,00060,Discharge,1,gr-data.xlsx
USGS-05447500,2018-12-27,20.67129801216,m3/s,00060,Discharge,1,gr-data.xlsx
USGS-05447500,2018-12-28,27.495658040832,m3/s,00060,Discharge,1,gr-data.xlsx
USGS-05447500,2018-12-29,30.58219431936,m3/s,00060,Discharge,1,gr-data.xlsx
USGS-05447500,2018-12-30,27.410707501056002,m3/s,00060,Discharge,1,gr-data.xlsx
USGS-05447500,2018-12-31,28.60001505792,m3/s,00060,Discharge,1,gr-data.xlsx
USGS-05447500,2019-01-01,55.784187786240004,m3/s,00060,Discharge,1,gr-data.xlsx
USGS-05447500,2019-01-02,60.31488324096,m3/s,00060,Discharge,1,gr-data.xlsx
USGS-05447500,2019-01-03,47.57230227456,m3/s,00060,Discharge,1,gr-data.xlsx
USGS-05447500,2019-01-04,39.92675369472,m3/s,00060,Discharge,1,gr-data.xlsx
USGS-05447500,2019-01-05,35.96239517184,m3/s,00060,Discharge,1,gr-data.xlsx
USGS-05447500,2019-01-06,33.13071051264,m3/s,00060,Discharge,1,gr-data.xlsx
USGS-05447500,2019-01-07,33.41387897856,m3/s,00060,Discharge,1,gr-data.xlsx
USGS-05447500,2019-01-08,40.493090626560004,m3/s,00060,Discharge,1,gr-data.xlsx
USGS-05447500,2019-01-09,41.34259602432,m3/s,00060,Discharge,1,gr-data.xlsx
USGS-05447500,2019-01-10,36.52873210368,m3/s,00060,Discharge,1,gr-data.xlsx
USGS-05447500,2019-01-11,33.41387897856,m3/s,00060,Discharge,1,gr-data.xlsx
USGS-05447500,2019-01-12,31.99803664896,m3/s,00060,Discharge,1,gr-data.xlsx
USGS-05447500,2019-01-13,30.865362785280002,m3/s,00060,Discharge,1,gr-data.xlsx
USGS-05447500,2019-01-14,28.60001505792,m3/s,00060,Discharge,1,gr-data.xlsx
USGS-05447500,2019-01-15,27.32575696128,m3/s,00060,Discharge,1,gr-data.xlsx
USGS-05447500,2019-01-16,26.278033637376,m3/s,00060,Discharge,1,gr-data.xlsx
USGS-05447500,2019-01-17,25.003775540736,m3/s,00060,Discharge,1,gr-data.xlsx
USGS-05447500,2019-01-18,24.182586989568,m3/s,00060,Discharge,1,gr-data.xlsx
USGS-05447500,2019-01-19,22.625160427008,m3/s,00060,Discharge,1,gr-data.xlsx
USGS-05447500,2019-01-20,21.124367557632002,m3/s,00060,Discharge,1,gr-data.xlsx
USGS-05447500,2019-01-21,22.625160427008,m3/s,00060,Discharge,1,gr-data.xlsx
USGS-05447500,2019-01-22,22.37030880768,m3/s,00060,Discharge,1,gr-data.xlsx
USGS-05447500,2019-01-23,22.172090881536,m3/s,00060,Discharge,1,gr-data.xlsx
USGS-05447500,2019-01-24,22.172090881536,m3/s,00060,Discharge,1,gr-data.xlsx
USGS-05447500,2019-01-25,22.172090881536,m3/s,00060,Discharge,1,gr-data.xlsx
USGS-05447500,2019-01-26,22.172090881536,m3/s,00060,Discharge,1,gr-data.xlsx
USGS-05447500,2019-01-27,22.285358267904,m3/s,00060,Discharge,1,gr-data.xlsx
USGS-05447500,2019-01-28,22.398625654272,m3/s,00060,Discharge,1,gr-data.xlsx
USGS-05447500,2019-01-29,22.285358267904,m3/s,00060,Discharge,1,gr-data.xlsx
USGS-05447500,2019-01-30,21.9455561088,m3/s,00060,Discharge,1,gr-data.xlsx
USGS-05447500,2019-01-31,21.917239262208,m3/s,00060,Discharge,1,gr-data.xlsx
USGS-05447500,2019-02-01,21.492486563328,m3/s,00060,Discharge,1,gr-data.xlsx
USGS-05447500,2019-02-02,22.08714034176,m3/s,00060,Discharge,1,gr-data.xlsx
USGS-05447500,2019-02-03,29.449520455680002,m3/s,00060,Discharge,1,gr-data.xlsx
USGS-05447500,2019-02-04,51.53666079744,m3/s,00060,Discharge,1,gr-data.xlsx
USGS-05447500,2019-02-05,81.83568665088,m3/s,00060,Discharge,1,gr-data.xlsx
USGS-05447500,2019-02-06,90.6139090944,m3/s,00060,Discharge,1,gr-data.xlsx
USGS-05447500,2019-02-07,95.99410994688,m3/s,00060,Discharge,1,gr-data.xlsx
USGS-05447500,2019-02-08,104.77233239040001,m3/s,00060,Discharge,1,gr-data.xlsx
USGS-05447500,2019-02-09,70.22577954816,m3/s,00060,Discharge,1,gr-data.xlsx
USGS-05447500,2019-02-10,52.95250312704,m3/s,00060,Discharge,1,gr-data.xlsx
USGS-05447500,2019-02-11,47.57230227456,m3/s,00060,Discharge,1,gr-data.xlsx
USGS-05447500,2019-02-12,52.386166195200005,m3/s,00060,Discharge,1,gr-data.xlsx
USGS-05447500,2019-02-13,51.25349233152,m3/s,00060,Discharge,1,gr-data.xlsx
USGS-05447500,2019-02-14,49.554481536000004,m3/s,00060,Discharge,1,gr-data.xlsx
USGS-05447500,2019-02-15,75.60598040064001,m3/s,00060,Discharge,1,gr-data.xlsx
USGS-05447500,2019-02-16,57.76636704768,m3/s,00060,Discharge,1,gr-data.xlsx
USGS-05447500,2019-02-17,41.90893295616,m3/s,00060,Discharge,1,gr-data.xlsx
USGS-05447500,2019-02-18,36.24556363776,m3/s,00060,Discharge,1,gr-data.xlsx
USGS-05447500,2019-02-19,32.5643735808,m3/s,00060,Discharge,1,gr-data.xlsx
USGS-05447500,2019-02-20,31.43169971712,m3/s,00060,Discharge,1,gr-data.xlsx
USGS-05447500,2019-02-21,30.865362785280002,m3/s,00060,Discharge,1,gr-data.xlsx
USGS-05447500,2019-02-22,29.166351989760003,m3/s,00060,Discharge,1,gr-data.xlsx
USGS-05447500,2019-02-23,104.20599545856,m3/s,00060,Discharge,1,gr-data.xlsx
USGS-05447500,2019-02-24,192.83772529152,m3/s,00060,Discharge,1,gr-data.xlsx
USGS-05447500,2019-02-25,140.1683906304,m3/s,00060,Discharge,1,gr-data.xlsx
USGS-05447500,2019-02-26,114.6832286976,m3/s,00060,Discharge,1,gr-data.xlsx
USGS-05447500,2019-02-27,85.51687670784,m3/s,00060,Discharge,1,gr-data.xlsx
USGS-05447500,2019-02-28,60.03171477504,m3/s,00060,Discharge,1,gr-data.xlsx
USGS-05447500,2019-03-01,48.70497613824,m3/s,00060,Discharge,1,gr-data.xlsx
USGS-05447500,2019-03-02,47.00596534272,m3/s,00060,Discharge,1,gr-data.xlsx
USGS-05447500,2019-03-03,43.04160681984,m3/s,00060,Discharge,1,gr-data.xlsx
USGS-05447500,2019-03-04,36.24556363776,m3/s,00060,Discharge,1,gr-data.xlsx
USGS-05447500,2019-03-05,36.52873210368,m3/s,00060,Discharge,1,gr-data.xlsx
USGS-05447500,2019-03-06,60.31488324096,m3/s,00060,Discharge,1,gr-data.xlsx
USGS-05447500,2019-03-07,50.68715539968,m3/s,00060,Discharge,1,gr-data.xlsx
USGS-05447500,2019-03-08,35.67922670592,m3/s,00060,Discharge,1,gr-data.xlsx
USGS-05447500,2019-03-09,53.8020085248,m3/s,00060,Discharge,1,gr-data.xlsx
USGS-05447500,2019-03-10,153.76047699456,m3/s,00060,Discharge,1,gr-data.xlsx
USGS-05447500,2019-03-11,120.346598016,m3/s,00060,Discharge,1,gr-data.xlsx
USGS-05447500,2019-03-12,81.83568665088,m3/s,00060,Discharge,1,gr-data.xlsx
USGS-05447500,2019-03-13,119.78026108416,m3/s,00060,Discharge,1,gr-data.xlsx
USGS-05447500,2019-03-14,155.17631932416,m3/s,00060,Discharge,1,gr-data.xlsx
USGS-05447500,2019-03-15,126.0099673344,m3/s,00060,Discharge,1,gr-data.xlsx
USGS-05447500,2019-03-16,98.82579460608001,m3/s,00060,Discharge,1,gr-data.xlsx
USGS-05447500,2019-03-17,77.871328128,m3/s,00060,Discharge,1,gr-data.xlsx
USGS-05447500,2019-03-18,66.26142102528,m3/s,00060,Discharge,1,gr-data.xlsx
USGS-05447500,2019-03-19,58.615872445440004,m3/s,00060,Discharge,1,gr-data.xlsx
USGS-05447500,2019-03-20,54.65151392256,m3/s,00060,Discharge,1,gr-data.xlsx
USGS-05447500,2019-03-21,55.501019320320005,m3/s,00060,Discharge,1,gr-data.xlsx
USGS-05447500,2019-03-22,51.53666079744,m3/s,00060,Discharge,1,gr-data.xlsx
USGS-05447500,2019-03-23,47.28913380864,m3/s,00060,Discharge,1,gr-data.xlsx
USGS-05447500,2019-03-24,45.02378608128,m3/s,00060,Discharge,1,gr-data.xlsx
USGS-05447500,2019-03-25,44.45744914944,m3/s,00060,Discharge,1,gr-data.xlsx
USGS-05447500,2019-03-26,42.75843835392,m3/s,00060,Discharge,1,gr-data.xlsx
USGS-05447500,2019-03-27,39.92675369472,m3/s,00060,Discharge,1,gr-data.xlsx
USGS-05447500,2019-03-28,38.51091136512,m3/s,00060,Discharge,1,gr-data.xlsx
USGS-05447500,2019-03-29,37.09506903552,m3/s,00060,Discharge,1,gr-data.xlsx
USGS-05447500,2019-03-30,38.2277428992,m3/s,00060,Discharge,1,gr-data.xlsx
USGS-05447500,2019-03-31,39.07724829696,m3/s,00060,Discharge,1,gr-data.xlsx
USGS-05447500,2019-04-01,36.8119005696,m3/s,00060,Discharge,1,gr-data.xlsx
USGS-05447500,2019-04-02,35.67922670592,m3/s,00060,Discharge,1,gr-data.xlsx
USGS-05447500,2019-04-03,34.546552842240004,m3/s,00060,Discharge,1,gr-data.xlsx
USGS-05447500,2019-04-04,33.41387897856,m3/s,00060,Discharge,1,gr-data.xlsx
USGS-05447500,2019-04-05,33.13071051264,m3/s,00060,Discharge,1,gr-data.xlsx
USGS-05447500,2019-04-06,32.28120511488,m3/s,00060,Discharge,1,gr-data.xlsx
USGS-05447500,2019-04-07,31.43169971712,m3/s,00060,Discharge,1,gr-data.xlsx
USGS-05447500,2019-04-08,30.865362785280002,m3/s,00060,Discharge,1,gr-data.xlsx
USGS-05447500,2019-04-09,29.449520455680002,m3/s,00060,Discharge,1,gr-data.xlsx
USGS-05447500,2019-04-10,30.01585738752,m3/s,00060,Discharge,1,gr-data.xlsx
USGS-05447500,2019-04-11,31.43169971712,m3/s,00060,Discharge,1,gr-data.xlsx
USGS-05447500,2019-04-12,31.1485312512,m3/s,00060,Discharge,1,gr-data.xlsx
USGS-05447500,2019-04-13,30.29902585344,m3/s,00060,Discharge,1,gr-data.xlsx
USGS-05447500,2019-04-14,29.166351989760003,m3/s,00060,Discharge,1,gr-data.xlsx
USGS-05447500,2019-04-15,30.58219431936,m3/s,00060,Discharge,1,gr-data.xlsx
USGS-05447500,2019-04-16,31.43169971712,m3/s,00060,Discharge,1,gr-data.xlsx
USGS-05447500,2019-04-17,34.26338437632,m3/s,00060,Discharge,1,gr-data.xlsx
USGS-05447500,2019-04-18,32.5643735808,m3/s,00060,Discharge,1,gr-data.xlsx
USGS-05447500,2019-04-19,30.865362785280002,m3/s,00060,Discharge,1,gr-data.xlsx
USGS-05447500,2019-04-20,29.166351989760003,m3/s,00060,Discharge,1,gr-data.xlsx
USGS-05447500,2019-04-21,27.127539035136,m3/s,00060,Discharge,1,gr-data.xlsx
USGS-05447500,2019-04-22,26.249716790784,m3/s,00060,Discharge,1,gr-data.xlsx
USGS-05447500,2019-04-23,35.96239517184,m3/s,00060,Discharge,1,gr-data.xlsx
USGS-05447500,2019-04-24,35.11288977408,m3/s,00060,Discharge,1,gr-data.xlsx
USGS-05447500,2019-04-25,31.71486818304,m3/s,00060,Discharge,1,gr-data.xlsx
USGS-05447500,2019-04-26,30.01585738752,m3/s,00060,Discharge,1,gr-data.xlsx
USGS-05447500,2019-04-27,29.7326889216,m3/s,00060,Discharge,1,gr-data.xlsx
USGS-05447500,2019-04-28,33.13071051264,m3/s,00060,Discharge,1,gr-data.xlsx
USGS-05447500,2019-04-29,108.73669091328,m3/s,00060,Discharge,1,gr-data.xlsx
USGS-05447500,2019-04-30,218.32288722432,m3/s,00060,Discharge,1,gr-data.xlsx
USGS-05447500,2019-05-01,259.0991463168,m3/s,00060,Discharge,1,gr-data.xlsx
USGS-05447500,2019-05-02,241.82586989568,m3/s,00060,Discharge,1,gr-data.xlsx
USGS-05447500,2019-05-03,214.64169716736,m3/s,00060,Discharge,1,gr-data.xlsx
USGS-05447500,2019-05-04,174.14860654080002,m3/s,00060,Discharge,1,gr-data.xlsx
USGS-05447500,2019-05-05,143.56641222144,m3/s,00060,Discharge,1,gr-data.xlsx
USGS-05447500,2019-05-06,123.17828267520001,m3/s,00060,Discharge,1,gr-data.xlsx
USGS-05447500,2019-05-07,129.40798892544,m3/s,00060,Discharge,1,gr-data.xlsx
USGS-05447500,2019-05-08,122.61194574336001,m3/s,00060,Discharge,1,gr-data.xlsx
USGS-05447500,2019-05-09,140.45155909632,m3/s,00060,Discharge,1,gr-data.xlsx
USGS-05447500,2019-05-10,136.48720057344,m3/s,00060,Discharge,1,gr-data.xlsx
USGS-05447500,2019-05-11,113.83372329984,m3/s,00060,Discharge,1,gr-data.xlsx
USGS-05447500,2019-05-12,92.59608835584,m3/s,00060,Discharge,1,gr-data.xlsx
USGS-05447500,2019-05-13,77.58815966208,m3/s,00060,Discharge,1,gr-data.xlsx
USGS-05447500,2019-05-14,68.24360028672,m3/s,00060,Discharge,1,gr-data.xlsx
USGS-05447500,2019-05-15,60.8812201728,m3/s,00060,Discharge,1,gr-data.xlsx
USGS-05447500,2019-05-16,55.784187786240004,m3/s,00060,Discharge,1,gr-data.xlsx
USGS-05447500,2019-05-17,71.07528494592,m3/s,00060,Discharge,1,gr-data.xlsx
USGS-05447500,2019-05-18,109.86936477696,m3/s,00060,Discharge,1,gr-data.xlsx
USGS-05447500,2019-05-19,112.13471250432,m3/s,00060,Discharge,1,gr-data.xlsx
USGS-05447500,2019-05-20,97.97628920832,m3/s,00060,Discharge,1,gr-data.xlsx
USGS-05447500,2019-05-21,84.950539776,m3/s,00060,Discharge,1,gr-data.xlsx
USGS-05447500,2019-05-22,110.15253324288,m3/s,00060,Discharge,1,gr-data.xlsx
USGS-05447500,2019-05-23,135.35452670976,m3/s,00060,Discharge,1,gr-data.xlsx
USGS-05447500,2019-05-24,118.64758722048,m3/s,00060,Discharge,1,gr-data.xlsx
USGS-05447500,2019-05-25,104.48916392448,m3/s,00060,Discharge,1,gr-data.xlsx
USGS-05447500,2019-05-26,104.48916392448,m3/s,00060,Discharge,1,gr-data.xlsx
USGS-05447500,2019-05-27,104.20599545856,m3/s,00060,Discharge,1,gr-data.xlsx
USGS-05447500,2019-05-28,117.23174489088001,m3/s,00060,Discharge,1,gr-data.xlsx
USGS-05447500,2019-05-29,276.37242273792003,m3/s,00060,Discharge,1,gr-data.xlsx
USGS-05447500,2019-05-30,300.15857387520003,m3/s,00060,Discharge,1,gr-data.xlsx
USGS-05447500,2019-05-31,256.2674616576,m3/s,00060,Discharge,1,gr-data.xlsx
USGS-05447500,2019-06-01,223.98625654272,m3/s,00060,Discharge,1,gr-data.xlsx
USGS-05447500,2019-06-02,180.09514432512,m3/s,00060,Discharge,1,gr-data.xlsx
USGS-05447500,2019-06-03,148.663444608,m3/s,00060,Discharge,1,gr-data.xlsx
USGS-05447500,2019-06-04,131.6733366528,m3/s,00060,Discharge,1,gr-data.xlsx
USGS-05447500,2019-06-05,141.30106449408,m3/s,00060,Discharge,1,gr-data.xlsx
USGS-05447500,2019-06-06,141.86740142592,m3/s,00060,Discharge,1,gr-data.xlsx
USGS-05447500,2019-06-07,126.0099673344,m3/s,00060,Discharge,1,gr-data.xlsx
USGS-05447500,2019-06-08,107.6040170496,m3/s,00060,Discharge,1,gr-data.xlsx
USGS-05447500,2019-06-09,90.04757216256,m3/s,00060,Discharge,1,gr-data.xlsx
USGS-05447500,2019-06-10,75.88914886656,m3/s,00060,Discharge,1,gr-data.xlsx
USGS-05447500,2019-06-11,65.69508409344,m3/s,00060,Discharge,1,gr-data.xlsx
USGS-05447500,2019-06-12,59.18220937728,m3/s,00060,Discharge,1,gr-data.xlsx
USGS-05447500,2019-06-13,58.0495355136,m3/s,00060,Discharge,1,gr-data.xlsx
USGS-05447500,2019-06-14,54.08517699072,m3/s,00060,Discharge,1,gr-data.xlsx
USGS-05447500,2019-06-15,56.633693184,m3/s,00060,Discharge,1,gr-data.xlsx
USGS-05447500,2019-06-16,132.80601051648,m3/s,00060,Discharge,1,gr-data.xlsx
USGS-05447500,2019-06-17,120.62976648192,m3/s,00060,Discharge,1,gr-data.xlsx
USGS-05447500,2019-06-18,94.29509915136,m3/s,00060,Discharge,1,gr-data.xlsx
USGS-05447500,2019-06-19,77.58815966208,m3/s,00060,Discharge,1,gr-data.xlsx
USGS-05447500,2019-06-20,118.9307556864,m3/s,00060,Discharge,1,gr-data.xlsx
USGS-05447500,2019-06-21,99.95846846976,m3/s,00060,Discharge,1,gr-data.xlsx
USGS-05447500,2019-06-22,80.7030127872,m3/s,00060,Discharge,1,gr-data.xlsx
USGS-05447500,2019-06-23,109.86936477696,m3/s,00060,Discharge,1,gr-data.xlsx
USGS-05447500,2019-06-24,97.12678381056,m3/s,00060,Discharge,1,gr-data.xlsx
USGS-05447500,2019-06-25,75.60598040064001,m3/s,00060,Discharge,1,gr-data.xlsx
USGS-05447500,2019-06-26,63.712904832,m3/s,00060,Discharge,1,gr-data.xlsx
USGS-05447500,2019-06-27,56.06735625216,m3/s,00060,Discharge,1,gr-data.xlsx
USGS-05447500,2019-06-28,51.81982926336,m3/s,00060,Discharge,1,gr-data.xlsx
USGS-05447500,2019-06-29,48.98814460416,m3/s,00060,Discharge,1,gr-data.xlsx
USGS-05447500,2019-06-30,45.87329147904,m3/s,00060,Discharge,1,gr-data.xlsx
USGS-05447500,2019-07-01,46.439628410880005,m3/s,00060,Discharge,1,gr-data.xlsx
USGS-05447500,2019-07-02,50.12081846784,m3/s,00060,Discharge,1,gr-data.xlsx
USGS-05447500,2019-07-03,67.9604318208,m3/s,00060,Discharge,1,gr-data.xlsx
USGS-05447500,2019-07-04,86.64955057152,m3/s,00060,Discharge,1,gr-data.xlsx
USGS-05447500,2019-07-05,69.09310568448001,m3/s,00060,Discharge,1,gr-data.xlsx
USGS-05447500,2019-07-06,61.730725570560004,m3/s,00060,Discharge,1,gr-data.xlsx
USGS-05447500,2019-07-07,55.2178508544,m3/s,00060,Discharge,1,gr-data.xlsx
USGS-05447500,2019-07-08,47.85547074048,m3/s,00060,Discharge,1,gr-data.xlsx
USGS-05447500,2019-07-09,42.75843835392,m3/s,00060,Discharge,1,gr-data.xlsx
USGS-05447500,2019-07-10,39.6435852288,m3/s,00060,Discharge,1,gr-data.xlsx
USGS-05447500,2019-07-11,39.6435852288,m3/s,00060,Discharge,1,gr-data.xlsx
USGS-05447500,2019-07-12,36.24556363776,m3/s,00060,Discharge,1,gr-data.xlsx
USGS-05447500,2019-07-13,33.9802159104,m3/s,00060,Discharge,1,gr-data.xlsx
USGS-05447500,2019-07-14,32.28120511488,m3/s,00060,Discharge,1,gr-data.xlsx
USGS-05447500,2019-07-15,30.865362785280002,m3/s,00060,Discharge,1,gr-data.xlsx
USGS-05447500,2019-07-16,29.7326889216,m3/s,00060,Discharge,1,gr-data.xlsx
USGS-05447500,2019-07-17,28.60001505792,m3/s,00060,Discharge,1,gr-data.xlsx
USGS-05447500,2019-07-18,27.495658040832,m3/s,00060,Discharge,1,gr-data.xlsx
USGS-05447500,2019-07-19,26.674469489664002,m3/s,00060,Discharge,1,gr-data.xlsx
USGS-05447500,2019-07-20,25.570112472576,m3/s,00060,Discharge,1,gr-data.xlsx
USGS-05447500,2019-07-21,23.587933211136,m3/s,00060,Discharge,1,gr-data.xlsx
USGS-05447500,2019-07-22,22.200407728128,m3/s,00060,Discharge,1,gr-data.xlsx
USGS-05447500,2019-07-23,20.699614858752,m3/s,00060,Discharge,1,gr-data.xlsx
USGS-05447500,2019-07-24,19.736842074624,m3/s,00060,Discharge,1,gr-data.xlsx
USGS-05447500,2019-07-25,18.915653523456,m3/s,00060,Discharge,1,gr-data.xlsx
USGS-05447500,2019-07-26,18.066148125696,m3/s,00060,Discharge,1,gr-data.xlsx
USGS-05447500,2019-07-27,17.244959574528,m3/s,00060,Discharge,1,gr-data.xlsx
USGS-05447500,2019-07-28,16.56535525632,m3/s,00060,Discharge,1,gr-data.xlsx
USGS-05447500,2019-07-29,15.829117244928,m3/s,00060,Discharge,1,gr-data.xlsx
USGS-05447500,2019-07-30,15.489315085824,m3/s,00060,Discharge,1,gr-data.xlsx
USGS-05447500,2019-07-31,14.696443381248,m3/s,00060,Discharge,1,gr-data.xlsx
USGS-05447500,2019-08-01,13.960205369856,m3/s,00060,Discharge,1,gr-data.xlsx
USGS-05447500,2019-08-02,13.30891789824,m3/s,00060,Discharge,1,gr-data.xlsx
USGS-05447500,2019-08-03,12.827531506176001,m3/s,00060,Discharge,1,gr-data.xlsx
USGS-05447500,2019-08-04,12.232877727744,m3/s,00060,Discharge,1,gr-data.xlsx
USGS-05447500,2019-08-05,11.723174489088,m3/s,00060,Discharge,1,gr-data.xlsx
USGS-05447500,2019-08-06,11.836441875456,m3/s,00060,Discharge,1,gr-data.xlsx
USGS-05447500,2019-08-07,11.609907102720001,m3/s,00060,Discharge,1,gr-data.xlsx
USGS-05447500,2019-08-08,10.901985937920001,m3/s,00060,Discharge,1,gr-data.xlsx
USGS-05447500,2019-08-09,10.505550085632,m3/s,00060,Discharge,1,gr-data.xlsx
USGS-05447500,2019-08-10,9.967530000384,m3/s,00060,Discharge,1,gr-data.xlsx
USGS-05447500,2019-08-11,11.270104943616,m3/s,00060,Discharge,1,gr-data.xlsx
USGS-05447500,2019-08-12,13.337234744832001,m3/s,00060,Discharge,1,gr-data.xlsx
USGS-05447500,2019-08-13,12.657630426624001,m3/s,00060,Discharge,1,gr-data.xlsx
USGS-05447500,2019-08-14,11.723174489088,m3/s,00060,Discharge,1,gr-data.xlsx
USGS-05447500,2019-08-15,10.732084858368001,m3/s,00060,Discharge,1,gr-data.xlsx
USGS-05447500,2019-08-16,10.05248054016,m3/s,00060,Discharge,1,gr-data.xlsx
USGS-05447500,2019-08-17,9.712678381056,m3/s,00060,Discharge,1,gr-data.xlsx
USGS-05447500,2019-08-18,9.995846846976,m3/s,00060,Discharge,1,gr-data.xlsx
USGS-05447500,2019-08-19,10.618817472,m3/s,00060,Discharge,1,gr-data.xlsx
USGS-05447500,2019-08-20,10.703768011776,m3/s,00060,Discharge,1,gr-data.xlsx
USGS-05447500,2019-08-21,12.855848352768,m3/s,00060,Discharge,1,gr-data.xlsx
USGS-05447500,2019-08-22,13.02574943232,m3/s,00060,Discharge,1,gr-data.xlsx
USGS-05447500,2019-08-23,10.930302784512,m3/s,00060,Discharge,1,gr-data.xlsx
USGS-05447500,2019-08-24,9.825945767424,m3/s,00060,Discharge,1,gr-data.xlsx
USGS-05447500,2019-08-25,9.401193068544,m3/s,00060,Discharge,1,gr-data.xlsx
USGS-05447500,2019-08-26,11.383372329984,m3/s,00060,Discharge,1,gr-data.xlsx
USGS-05447500,2019-08-27,23.50298267136,m3/s,00060,Discharge,1,gr-data.xlsx
USGS-05447500,2019-08-28,18.54753451776,m3/s,00060,Discharge,1,gr-data.xlsx
USGS-05447500,2019-08-29,13.846937983488,m3/s,00060,Discharge,1,gr-data.xlsx
USGS-05447500,2019-08-30,12.006342955008,m3/s,00060,Discharge,1,gr-data.xlsx
USGS-05447500,2019-08-31,10.873669091328,m3/s,00060,Discharge,1,gr-data.xlsx
USGS-05447500,2019-09-01,10.448916392448,m3/s,00060,Discharge,1,gr-data.xlsx
USGS-05447500,2019-09-02,10.33564900608,m3/s,00060,Discharge,1,gr-data.xlsx
USGS-05447500,2019-09-03,10.080797386752,m3/s,00060,Discharge,1,gr-data.xlsx
USGS-05447500,2019-09-04,10.080797386752,m3/s,00060,Discharge,1,gr-data.xlsx
USGS-05447500,2019-09-05,12.969115739136,m3/s,00060,Discharge,1,gr-data.xlsx
USGS-05447500,2019-09-06,10.845352244736,m3/s,00060,Discharge,1,gr-data.xlsx
USGS-05447500,2019-09-07,9.9108963072,m3/s,00060,Discharge,1,gr-data.xlsx
USGS-05447500,2019-09-08,10.024163693568001,m3/s,00060,Discharge,1,gr-data.xlsx
USGS-05447500,2019-09-09,10.137431079936,m3/s,00060,Discharge,1,gr-data.xlsx
USGS-05447500,2019-09-10,9.514460454912001,m3/s,00060,Discharge,1,gr-data.xlsx
USGS-05447500,2019-09-11,9.146341449216001,m3/s,00060,Discharge,1,gr-data.xlsx
USGS-05447500,2019-09-12,8.749905596928,m3/s,00060,Discharge,1,gr-data.xlsx
USGS-05447500,2019-09-13,13.478818977792,m3/s,00060,Discharge,1,gr-data.xlsx
USGS-05447500,2019-09-14,33.13071051264,m3/s,00060,Discharge,1,gr-data.xlsx
USGS-05447500,2019-09-15,39.07724829696,m3/s,00060,Discharge,1,gr-data.xlsx
USGS-05447500,2019-09-16,82.1188551168,m3/s,00060,Discharge,1,gr-data.xlsx
USGS-05447500,2019-09-17,70.50894801408,m3/s,00060,Discharge,1,gr-data.xlsx
USGS-05447500,2019-09-18,46.722796876800004,m3/s,00060,Discharge,1,gr-data.xlsx
USGS-05447500,2019-09-19,34.82972130816,m3/s,00060,Discharge,1,gr-data.xlsx
USGS-05447500,2019-09-20,33.9802159104,m3/s,00060,Discharge,1,gr-data.xlsx
USGS-05447500,2019-09-21,29.449520455680002,m3/s,00060,Discharge,1,gr-data.xlsx
USGS-05447500,2019-09-22,48.1386392064,m3/s,00060,Discharge,1,gr-data.xlsx
USGS-05447500,2019-09-23,109.0198593792,m3/s,00060,Discharge,1,gr-data.xlsx
USGS-05447500,2019-09-24,100.80797386752,m3/s,00060,Discharge,1,gr-data.xlsx
USGS-05447500,2019-09-25,72.77429574144,m3/s,00060,Discharge,1,gr-data.xlsx
USGS-05447500,2019-09-26,53.51884005888,m3/s,00060,Discharge,1,gr-data.xlsx
USGS-05447500,2019-09-27,52.669334661120004,m3/s,00060,Discharge,1,gr-data.xlsx
USGS-05447500,2019-09-28,233.33081591808002,m3/s,00060,Discharge,1,gr-data.xlsx
USGS-05447500,2019-09-29,206.42981165568,m3/s,00060,Discharge,1,gr-data.xlsx
USGS-05447500,2019-09-30,151.21196080128001,m3/s,00060,Discharge,1,gr-data.xlsx
USGS-05447500,2019-10-01,124.02778807296,m3/s,00060,Discharge,1,gr-data.xlsx
USGS-05447500,2019-10-02,98.25945767424,m3/s,00060,Discharge,1,gr-data.xlsx
USGS-05447500,2019-10-03,116.38223949312,m3/s,00060,Discharge,1,gr-data.xlsx
USGS-05447500,2019-10-04,111.28520710656001,m3/s,00060,Discharge,1,gr-data.xlsx
USGS-05447500,2019-10-05,91.18024602624,m3/s,00060,Discharge,1,gr-data.xlsx
USGS-05447500,2019-10-06,82.96836051456,m3/s,00060,Discharge,1,gr-data.xlsx
USGS-05447500,2019-10-07,73.05746420736,m3/s,00060,Discharge,1,gr-data.xlsx
USGS-05447500,2019-10-08,62.01389403648,m3/s,00060,Discharge,1,gr-data.xlsx
USGS-05447500,2019-10-09,53.51884005888,m3/s,00060,Discharge,1,gr-data.xlsx
USGS-05447500,2019-10-10,47.28913380864,m3/s,00060,Discharge,1,gr-data.xlsx
USGS-05447500,2019-10-11,43.607943751680004,m3/s,00060,Discharge,1,gr-data.xlsx
USGS-05447500,2019-10-12,40.776259092480004,m3/s,00060,Discharge,1,gr-data.xlsx
USGS-05447500,2019-10-13,38.2277428992,m3/s,00060,Discharge,1,gr-data.xlsx
USGS-05447500,2019-10-14,35.39605824,m3/s,00060,Discharge,1,gr-data.xlsx
USGS-05447500,2019-10-15,33.41387897856,m3/s,00060,Discharge,1,gr-data.xlsx
USGS-05447500,2019-10-16,31.99803664896,m3/s,00060,Discharge,1,gr-data.xlsx
USGS-05447500,2019-10-17,30.58219431936,m3/s,00060,Discharge,1,gr-data.xlsx
USGS-05447500,2019-10-18,29.449520455680002,m3/s,00060,Discharge,1,gr-data.xlsx
USGS-05447500,2019-10-19,28.118628665856,m3/s,00060,Discharge,1,gr-data.xlsx
USGS-05447500,2019-10-20,27.070905341952002,m3/s,00060,Discharge,1,gr-data.xlsx
USGS-05447500,2019-10-21,26.193083097600002,m3/s,00060,Discharge,1,gr-data.xlsx
USGS-05447500,2019-10-22,26.75942002944,m3/s,00060,Discharge,1,gr-data.xlsx
USGS-05447500,2019-10-23,26.079815711232,m3/s,00060,Discharge,1,gr-data.xlsx
USGS-05447500,2019-10-24,24.692290228224,m3/s,00060,Discharge,1,gr-data.xlsx
USGS-05447500,2019-10-25,23.701200597504002,m3/s,00060,Discharge,1,gr-data.xlsx
USGS-05447500,2019-10-26,23.587933211136,m3/s,00060,Discharge,1,gr-data.xlsx
USGS-05447500,2019-10-27,35.11288977408,m3/s,00060,Discharge,1,gr-data.xlsx
USGS-05447500,2019-10-28,49.837650001920004,m3/s,00060,Discharge,1,gr-data.xlsx
USGS-05447500,2019-10-29,44.74061761536,m3/s,00060,Discharge,1,gr-data.xlsx
USGS-05447500,2019-10-30,40.20992216064,m3/s,00060,Discharge,1,gr-data.xlsx
USGS-05447500,2019-10-31,39.92675369472,m3/s,00060,Discharge,1,gr-data.xlsx
USGS-05447500,2019-11-01,41.34259602432,m3/s,00060,Discharge,1,gr-data.xlsx
USGS-05447500,2019-11-02,45.87329147904,m3/s,00060,Discharge,1,gr-data.xlsx
USGS-05447500,2019-11-03,50.9703238656,m3/s,00060,Discharge,1,gr-data.xlsx
USGS-05447500,2019-11-04,47.28913380864,m3/s,00060,Discharge,1,gr-data.xlsx
USGS-05447500,2019-11-05,41.34259602432,m3/s,00060,Discharge,1,gr-data.xlsx
USGS-05447500,2019-11-06,37.378237501440005,m3/s,00060,Discharge,1,gr-data.xlsx
USGS-05447500,2019-11-07,34.546552842240004,m3/s,00060,Discharge,1,gr-data.xlsx
USGS-05447500,2019-11-08,33.13071051264,m3/s,00060,Discharge,1,gr-data.xlsx
USGS-05447500,2019-11-09,32.28120511488,m3/s,00060,Discharge,1,gr-data.xlsx
USGS-05447500,2019-11-10,31.71486818304,m3/s,00060,Discharge,1,gr-data.xlsx
USGS-05447500,2019-11-11,30.29902585344,m3/s,00060,Discharge,1,gr-data.xlsx
USGS-05447500,2019-11-12,29.166351989760003,m3/s,00060,Discharge,1,gr-data.xlsx
USGS-05447500,2019-11-13,28.061994972672,m3/s,00060,Discharge,1,gr-data.xlsx
USGS-05447500,2019-11-14,28.005361279488,m3/s,00060,Discharge,1,gr-data.xlsx
USGS-05447500,2019-11-15,26.61783579648,m3/s,00060,Discharge,1,gr-data.xlsx
USGS-05447500,2019-11-16,25.711696705536,m3/s,00060,Discharge,1,gr-data.xlsx
USGS-05447500,2019-11-17,26.079815711232,m3/s,00060,Discharge,1,gr-data.xlsx
USGS-05447500,2019-11-18,27.948727586304,m3/s,00060,Discharge,1,gr-data.xlsx
USGS-05447500,2019-11-19,28.316846592,m3/s,00060,Discharge,1,gr-data.xlsx
USGS-05447500,2019-11-20,27.892093893120002,m3/s,00060,Discharge,1,gr-data.xlsx
USGS-05447500,2019-11-21,30.58219431936,m3/s,00060,Discharge,1,gr-data.xlsx
USGS-05447500,2019-11-22,37.661405967360004,m3/s,00060,Discharge,1,gr-data.xlsx
USGS-05447500,2019-11-23,35.96239517184,m3/s,00060,Discharge,1,gr-data.xlsx
USGS-05447500,2019-11-24,33.41387897856,m3/s,00060,Discharge,1,gr-data.xlsx
USGS-05447500,2019-11-25,31.99803664896,m3/s,00060,Discharge,1,gr-data.xlsx
USGS-05447500,2019-11-26,30.29902585344,m3/s,00060,Discharge,1,gr-data.xlsx
USGS-05447500,2019-11-27,32.28120511488,m3/s,00060,Discharge,1,gr-data.xlsx
USGS-05447500,2019-11-28,33.69704744448,m3/s,00060,Discharge,1,gr-data.xlsx
USGS-05447500,2019-11-29,31.43169971712,m3/s,00060,Discharge,1,gr-data.xlsx
USGS-05447500,2019-11-30,34.546552842240004,m3/s,00060,Discharge,1,gr-data.xlsx
USGS-05447500,2019-12-01,38.51091136512,m3/s,00060,Discharge,1,gr-data.xlsx
USGS-05447500,2019-12-02,36.52873210368,m3/s,00060,Discharge,1,gr-data.xlsx
USGS-05447500,2019-12-03,34.546552842240004,m3/s,00060,Discharge,1,gr-data.xlsx
USGS-05447500,2019-12-04,33.41387897856,m3/s,00060,Discharge,1,gr-data.xlsx
USGS-05447500,2019-12-05,32.28120511488,m3/s,00060,Discharge,1,gr-data.xlsx
USGS-05447500,2019-12-06,30.58219431936,m3/s,00060,Discharge,1,gr-data.xlsx
USGS-05447500,2019-12-07,29.166351989760003,m3/s,00060,Discharge,1,gr-data.xlsx
USGS-05447500,2019-12-08,28.60001505792,m3/s,00060,Discharge,1,gr-data.xlsx
USGS-05447500,2019-12-09,28.203579205632,m3/s,00060,Discharge,1,gr-data.xlsx
USGS-05447500,2019-12-10,26.306350483968,m3/s,00060,Discharge,1,gr-data.xlsx
USGS-05447500,2019-12-11,25.683379858944,m3/s,00060,Discharge,1,gr-data.xlsx
USGS-05447500,2019-12-12,24.239220682752002,m3/s,00060,Discharge,1,gr-data.xlsx
USGS-05447500,2019-12-13,25.117042927104002,m3/s,00060,Discharge,1,gr-data.xlsx
USGS-05447500,2019-12-14,24.012685910016,m3/s,00060,Discharge,1,gr-data.xlsx
USGS-05447500,2019-12-15,23.219814205440002,m3/s,00060,Discharge,1,gr-data.xlsx
USGS-05447500,2019-12-16,22.568526733824,m3/s,00060,Discharge,1,gr-data.xlsx
USGS-05447500,2019-12-17,21.549120256512,m3/s,00060,Discharge,1,gr-data.xlsx
USGS-05447500,2019-12-18,20.897832784896,m3/s,00060,Discharge,1,gr-data.xlsx
USGS-05447500,2019-12-19,19.878426307584,m3/s,00060,Discharge,1,gr-data.xlsx
USGS-05447500,2019-12-20,20.841199091712,m3/s,00060,Discharge,1,gr-data.xlsx
USGS-05447500,2019-12-21,19.8217926144,m3/s,00060,Discharge,1,gr-data.xlsx
USGS-05447500,2019-12-22,19.368723068928002,m3/s,00060,Discharge,1,gr-data.xlsx
USGS-05447500,2019-12-23,19.368723068928002,m3/s,00060,Discharge,1,gr-data.xlsx
USGS-05447500,2019-12-24,19.227138835968,m3/s,00060,Discharge,1,gr-data.xlsx
USGS-05447500,2019-12-25,18.915653523456,m3/s,00060,Discharge,1,gr-data.xlsx
USGS-05447500,2019-12-26,18.575851364352,m3/s,00060,Discharge,1,gr-data.xlsx
USGS-05447500,2019-12-27,18.12278181888,m3/s,00060,Discharge,1,gr-data.xlsx
USGS-05447500,2019-12-28,22.596843580416,m3/s,00060,Discharge,1,gr-data.xlsx
USGS-05447500,2019-12-29,43.32477528576,m3/s,00060,Discharge,1,gr-data.xlsx
USGS-05447500,2019-12-30,55.784187786240004,m3/s,00060,Discharge,1,gr-data.xlsx
USGS-05447500,2019-12-31,59.18220937728,m3/s,00060,Discharge,1,gr-data.xlsx
USGS-05447500,2020-01-01,48.1386392064,m3/s,00060,Discharge,1,gr-data.xlsx
USGS-05447500,2020-01-02,40.20992216064,m3/s,00060,Discharge,1,gr-data.xlsx
USGS-05447500,2020-01-03,37.09506903552,m3/s,00060,Discharge,1,gr-data.xlsx
USGS-05447500,2020-01-04,34.82972130816,m3/s,00060,Discharge,1,gr-data.xlsx
USGS-05447500,2020-01-05,32.84754204672,m3/s,00060,Discharge,1,gr-data.xlsx
USGS-05447500,2020-01-06,32.28120511488,m3/s,00060,Discharge,1,gr-data.xlsx
USGS-05447500,2020-01-07,31.1485312512,m3/s,00060,Discharge,1,gr-data.xlsx
USGS-05447500,2020-01-08,29.7326889216,m3/s,00060,Discharge,1,gr-data.xlsx
USGS-05447500,2020-01-09,28.17526235904,m3/s,00060,Discharge,1,gr-data.xlsx
USGS-05447500,2020-01-10,28.60001505792,m3/s,00060,Discharge,1,gr-data.xlsx
USGS-05447500,2020-01-11,62.86339943424,m3/s,00060,Discharge,1,gr-data.xlsx
USGS-05447500,2020-01-12,83.5346974464,m3/s,00060,Discharge,1,gr-data.xlsx
USGS-05447500,2020-01-13,67.11092642304,m3/s,00060,Discharge,1,gr-data.xlsx
USGS-05447500,2020-01-14,54.65151392256,m3/s,00060,Discharge,1,gr-data.xlsx
USGS-05447500,2020-01-15,52.386166195200005,m3/s,00060,Discharge,1,gr-data.xlsx
USGS-05447500,2020-01-16,47.28913380864,m3/s,00060,Discharge,1,gr-data.xlsx
USGS-05447500,2020-01-17,43.32477528576,m3/s,00060,Discharge,1,gr-data.xlsx
USGS-05447500,2020-01-18,43.04160681984,m3/s,00060,Discharge,1,gr-data.xlsx
USGS-05447500,2020-01-19,39.92675369472,m3/s,00060,Discharge,1,gr-data.xlsx
USGS-05447500,2020-01-20,37.09506903552,m3/s,00060,Discharge,1,gr-data.xlsx
USGS-05447500,2020-01-21,36.8119005696,m3/s,00060,Discharge,1,gr-data.xlsx
USGS-05447500,2020-01-22,37.661405967360004,m3/s,00060,Discharge,1,gr-data.xlsx
USGS-05447500,2020-01-23,37.378237501440005,m3/s,00060,Discharge,1,gr-data.xlsx
USGS-05447500,2020-01-24,36.52873210368,m3/s,00060,Discharge,1,gr-data.xlsx
USGS-05447500,2020-01-25,36.24556363776,m3/s,00060,Discharge,1,gr-data.xlsx
USGS-05447500,2020-01-26,35.11288977408,m3/s,00060,Discharge,1,gr-data.xlsx
USGS-05447500,2020-01-27,33.69704744448,m3/s,00060,Discharge,1,gr-data.xlsx
USGS-05447500,2020-01-28,32.5643735808,m3/s,00060,Discharge,1,gr-data.xlsx
USGS-05447500,2020-01-29,31.99803664896,m3/s,00060,Discharge,1,gr-data.xlsx
USGS-05447500,2020-01-30,31.43169971712,m3/s,00060,Discharge,1,gr-data.xlsx
USGS-05447500,2020-01-31,30.865362785280002,m3/s,00060,Discharge,1,gr-data.xlsx
USGS-05447500,2020-02-01,31.43169971712,m3/s,00060,Discharge,1,gr-data.xlsx
USGS-05447500,2020-02-02,37.661405967360004,m3/s,00060,Discharge,1,gr-data.xlsx
USGS-05447500,2020-02-03,66.5445894912,m3/s,00060,Discharge,1,gr-data.xlsx
USGS-05447500,2020-02-04,70.79211648,m3/s,00060,Discharge,1,gr-data.xlsx
USGS-05447500,2020-02-05,61.16438863872,m3/s,00060,Discharge,1,gr-data.xlsx
USGS-05447500,2020-02-06,51.25349233152,m3/s,00060,Discharge,1,gr-data.xlsx
USGS-05447500,2020-02-07,45.59012301312,m3/s,00060,Discharge,1,gr-data.xlsx
USGS-05447500,2020-02-08,41.0594275584,m3/s,00060,Discharge,1,gr-data.xlsx
USGS-05447500,2020-02-09,38.79407983104,m3/s,00060,Discharge,1,gr-data.xlsx
USGS-05447500,2020-02-10,38.51091136512,m3/s,00060,Discharge,1,gr-data.xlsx
USGS-05447500,2020-02-11,37.09506903552,m3/s,00060,Discharge,1,gr-data.xlsx
USGS-05447500,2020-02-12,36.24556363776,m3/s,00060,Discharge,1,gr-data.xlsx
USGS-05447500,2020-02-13,35.39605824,m3/s,00060,Discharge,1,gr-data.xlsx
USGS-05447500,2020-02-14,31.1485312512,m3/s,00060,Discharge,1,gr-data.xlsx
USGS-05447500,2020-02-15,28.88318352384,m3/s,00060,Discharge,1,gr-data.xlsx
USGS-05447500,2020-02-16,27.240806421504,m3/s,00060,Discharge,1,gr-data.xlsx
USGS-05447500,2020-02-17,28.316846592,m3/s,00060,Discharge,1,gr-data.xlsx
USGS-05447500,2020-02-18,28.17526235904,m3/s,00060,Discharge,1,gr-data.xlsx
USGS-05447500,2020-02-19,28.316846592,m3/s,00060,Discharge,1,gr-data.xlsx
USGS-05447500,2020-02-20,27.18417272832,m3/s,00060,Discharge,1,gr-data.xlsx
USGS-05447500,2020-02-21,25.966548324864,m3/s,00060,Discharge,1,gr-data.xlsx
USGS-05447500,2020-02-22,26.164766251008,m3/s,00060,Discharge,1,gr-data.xlsx
USGS-05447500,2020-02-23,25.711696705536,m3/s,00060,Discharge,1,gr-data.xlsx
USGS-05447500,2020-02-24,26.47625156352,m3/s,00060,Discharge,1,gr-data.xlsx
USGS-05447500,2020-02-25,27.18417272832,m3/s,00060,Discharge,1,gr-data.xlsx
USGS-05447500,2020-02-26,26.108132557824,m3/s,00060,Discharge,1,gr-data.xlsx
USGS-05447500,2020-02-27,25.428528239616,m3/s,00060,Discharge,1,gr-data.xlsx
USGS-05447500,2020-02-28,24.833874461184,m3/s,00060,Discharge,1,gr-data.xlsx
USGS-05447500,2020-02-29,24.154270142976,m3/s,00060,Discharge,1,gr-data.xlsx
USGS-05447500,2020-03-01,23.92773537024,m3/s,00060,Discharge,1,gr-data.xlsx
USGS-05447500,2020-03-02,23.701200597504002,m3/s,00060,Discharge,1,gr-data.xlsx
USGS-05447500,2020-03-03,23.899418523648002,m3/s,00060,Discharge,1,gr-data.xlsx
USGS-05447500,2020-03-04,23.672883750912,m3/s,00060,Discharge,1,gr-data.xlsx
USGS-05447500,2020-03-05,22.908328892928,m3/s,00060,Discharge,1,gr-data.xlsx
USGS-05447500,2020-03-06,22.823378353152002,m3/s,00060,Discharge,1,gr-data.xlsx
USGS-05447500,2020-03-07,22.22872457472,m3/s,00060,Discharge,1,gr-data.xlsx
USGS-05447500,2020-03-08,21.832288722432,m3/s,00060,Discharge,1,gr-data.xlsx
USGS-05447500,2020-03-09,22.851695199744,m3/s,00060,Discharge,1,gr-data.xlsx
USGS-05447500,2020-03-10,31.1485312512,m3/s,00060,Discharge,1,gr-data.xlsx
USGS-05447500,2020-03-11,40.776259092480004,m3/s,00060,Discharge,1,gr-data.xlsx
USGS-05447500,2020-03-12,34.546552842240004,m3/s,00060,Discharge,1,gr-data.xlsx
USGS-05447500,2020-03-13,30.29902585344,m3/s,00060,Discharge,1,gr-data.xlsx
USGS-05447500,2020-03-14,28.146945512448,m3/s,00060,Discharge,1,gr-data.xlsx
USGS-05447500,2020-03-15,27.269123268096,m3/s,00060,Discharge,1,gr-data.xlsx
USGS-05447500,2020-03-16,26.61783579648,m3/s,00060,Discharge,1,gr-data.xlsx
USGS-05447500,2020-03-17,26.504568410112,m3/s,00060,Discharge,1,gr-data.xlsx
USGS-05447500,2020-03-18,26.05149886464,m3/s,00060,Discharge,1,gr-data.xlsx
USGS-05447500,2020-03-19,27.269123268096,m3/s,00060,Discharge,1,gr-data.xlsx
USGS-05447500,2020-03-20,31.1485312512,m3/s,00060,Discharge,1,gr-data.xlsx
USGS-05447500,2020-03-21,32.5643735808,m3/s,00060,Discharge,1,gr-data.xlsx
USGS-05447500,2020-03-22,30.58219431936,m3/s,00060,Discharge,1,gr-data.xlsx
USGS-05447500,2020-03-23,30.01585738752,m3/s,00060,Discharge,1,gr-data.xlsx
USGS-05447500,2020-03-24,29.449520455680002,m3/s,00060,Discharge,1,gr-data.xlsx
USGS-05447500,2020-03-25,29.166351989760003,m3/s,00060,Discharge,1,gr-data.xlsx
USGS-05447500,2020-03-26,28.288529745408002,m3/s,00060,Discharge,1,gr-data.xlsx
USGS-05447500,2020-03-27,27.439024347648,m3/s,00060,Discharge,1,gr-data.xlsx
USGS-05447500,2020-03-28,43.8911122176,m3/s,00060,Discharge,1,gr-data.xlsx
USGS-05447500,2020-03-29,131.39016818688,m3/s,00060,Discharge,1,gr-data.xlsx
USGS-05447500,2020-03-30,122.89511420928001,m3/s,00060,Discharge,1,gr-data.xlsx
USGS-05447500,2020-03-31,86.64955057152,m3/s,00060,Discharge,1,gr-data.xlsx
USGS-05447500,2020-04-01,67.39409488896,m3/s,00060,Discharge,1,gr-data.xlsx
USGS-05447500,2020-04-02,54.36834545664,m3/s,00060,Discharge,1,gr-data.xlsx
USGS-05447500,2020-04-03,45.59012301312,m3/s,00060,Discharge,1,gr-data.xlsx
USGS-05447500,2020-04-04,39.6435852288,m3/s,00060,Discharge,1,gr-data.xlsx
USGS-05447500,2020-04-05,35.67922670592,m3/s,00060,Discharge,1,gr-data.xlsx
USGS-05447500,2020-04-06,32.28120511488,m3/s,00060,Discharge,1,gr-data.xlsx
USGS-05447500,2020-04-07,30.29902585344,m3/s,00060,Discharge,1,gr-data.xlsx
USGS-05447500,2020-04-08,29.449520455680002,m3/s,00060,Discharge,1,gr-data.xlsx
USGS-05447500,2020-04-09,27.410707501056002,m3/s,00060,Discharge,1,gr-data.xlsx
USGS-05447500,2020-04-10,26.561202103296,m3/s,00060,Discharge,1,gr-data.xlsx
USGS-05447500,2020-04-11,25.938231478272,m3/s,00060,Discharge,1,gr-data.xlsx
USGS-05447500,2020-04-12,26.05149886464,m3/s,00060,Discharge,1,gr-data.xlsx
USGS-05447500,2020-04-13,25.796647245312002,m3/s,00060,Discharge,1,gr-data.xlsx
USGS-05447500,2020-04-14,25.003775540736,m3/s,00060,Discharge,1,gr-data.xlsx
USGS-05447500,2020-04-15,24.35248806912,m3/s,00060,Discharge,1,gr-data.xlsx
USGS-05447500,2020-04-16,23.899418523648002,m3/s,00060,Discharge,1,gr-data.xlsx
USGS-05447500,2020-04-17,23.899418523648002,m3/s,00060,Discharge,1,gr-data.xlsx
USGS-05447500,2020-04-18,24.805557614592,m3/s,00060,Discharge,1,gr-data.xlsx
USGS-05447500,2020-04-19,24.748923921408,m3/s,00060,Discharge,1,gr-data.xlsx
USGS-05447500,2020-04-20,23.418032131584,m3/s,00060,Discharge,1,gr-data.xlsx
USGS-05447500,2020-04-21,22.6534772736,m3/s,00060,Discharge,1,gr-data.xlsx
USGS-05447500,2020-04-22,22.08714034176,m3/s,00060,Discharge,1,gr-data.xlsx
USGS-05447500,2020-04-23,21.860605569024,m3/s,00060,Discharge,1,gr-data.xlsx
USGS-05447500,2020-04-24,21.803971875840002,m3/s,00060,Discharge,1,gr-data.xlsx
USGS-05447500,2020-04-25,23.07822997248,m3/s,00060,Discharge,1,gr-data.xlsx
USGS-05447500,2020-04-26,35.67922670592,m3/s,00060,Discharge,1,gr-data.xlsx
USGS-05447500,2020-04-27,35.96239517184,m3/s,00060,Discharge,1,gr-data.xlsx
USGS-05447500,2020-04-28,30.58219431936,m3/s,00060,Discharge,1,gr-data.xlsx
USGS-05447500,2020-04-29,35.39605824,m3/s,00060,Discharge,1,gr-data.xlsx
USGS-05447500,2020-04-30,56.35052471808,m3/s,00060,Discharge,1,gr-data.xlsx
USGS-05447500,2020-05-01,63.712904832,m3/s,00060,Discharge,1,gr-data.xlsx
USGS-05447500,2020-05-02,45.3069545472,m3/s,00060,Discharge,1,gr-data.xlsx
USGS-05447500,2020-05-03,36.52873210368,m3/s,00060,Discharge,1,gr-data.xlsx
USGS-05447500,2020-05-04,31.71486818304,m3/s,00060,Discharge,1,gr-data.xlsx
USGS-05447500,2020-05-05,30.01585738752,m3/s,00060,Discharge,1,gr-data.xlsx
USGS-05447500,2020-05-06,31.71486818304,m3/s,00060,Discharge,1,gr-data.xlsx
USGS-05447500,2020-05-07,30.29902585344,m3/s,00060,Discharge,1,gr-data.xlsx
USGS-05447500,2020-05-08,28.60001505792,m3/s,00060,Discharge,1,gr-data.xlsx
USGS-05447500,2020-05-09,26.589518949888,m3/s,00060,Discharge,1,gr-data.xlsx
USGS-05447500,2020-05-10,25.683379858944,m3/s,00060,Discharge,1,gr-data.xlsx
USGS-05447500,2020-05-11,25.315260853248002,m3/s,00060,Discharge,1,gr-data.xlsx
USGS-05447500,2020-05-12,24.409121762304,m3/s,00060,Discharge,1,gr-data.xlsx
USGS-05447500,2020-05-13,23.587933211136,m3/s,00060,Discharge,1,gr-data.xlsx
USGS-05447500,2020-05-14,25.90991463168,m3/s,00060,Discharge,1,gr-data.xlsx
USGS-05447500,2020-05-15,94.01193068544,m3/s,00060,Discharge,1,gr-data.xlsx
USGS-05447500,2020-05-16,159.9901832448,m3/s,00060,Discharge,1,gr-data.xlsx
USGS-05447500,2020-05-17,165.93672102912,m3/s,00060,Discharge,1,gr-data.xlsx
USGS-05447500,2020-05-18,163.38820483584,m3/s,00060,Discharge,1,gr-data.xlsx
USGS-05447500,2020-05-19,146.68126534656,m3/s,00060,Discharge,1,gr-data.xlsx
USGS-05447500,2020-05-20,125.44363040256,m3/s,00060,Discharge,1,gr-data.xlsx
USGS-05447500,2020-05-21,97.40995227648,m3/s,00060,Discharge,1,gr-data.xlsx
USGS-05447500,2020-05-22,76.17231733248,m3/s,00060,Discharge,1,gr-data.xlsx
USGS-05447500,2020-05-23,64.27924176384,m3/s,00060,Discharge,1,gr-data.xlsx
USGS-05447500,2020-05-24,59.4653778432,m3/s,00060,Discharge,1,gr-data.xlsx
USGS-05447500,2020-05-25,51.25349233152,m3/s,00060,Discharge,1,gr-data.xlsx
USGS-05447500,2020-05-26,53.23567159296,m3/s,00060,Discharge,1,gr-data.xlsx
USGS-05447500,2020-05-27,50.68715539968,m3/s,00060,Discharge,1,gr-data.xlsx
USGS-05447500,2020-05-28,47.00596534272,m3/s,00060,Discharge,1,gr-data.xlsx
USGS-05447500,2020-05-29,43.607943751680004,m3/s,00060,Discharge,1,gr-data.xlsx
USGS-05447500,2020-05-30,38.51091136512,m3/s,00060,Discharge,1,gr-data.xlsx
USGS-05447500,2020-05-31,35.11288977408,m3/s,00060,Discharge,1,gr-data.xlsx
USGS-05447500,2020-06-01,32.84754204672,m3/s,00060,Discharge,1,gr-data.xlsx
USGS-05447500,2020-06-02,31.43169971712,m3/s,00060,Discharge,1,gr-data.xlsx
USGS-05447500,2020-06-03,45.02378608128,m3/s,00060,Discharge,1,gr-data.xlsx
USGS-05447500,2020-06-04,52.95250312704,m3/s,00060,Discharge,1,gr-data.xlsx
USGS-05447500,2020-06-05,41.90893295616,m3/s,00060,Discharge,1,gr-data.xlsx
USGS-05447500,2020-06-06,35.39605824,m3/s,00060,Discharge,1,gr-data.xlsx
USGS-05447500,2020-06-07,31.71486818304,m3/s,00060,Discharge,1,gr-data.xlsx
USGS-05447500,2020-06-08,29.449520455680002,m3/s,00060,Discharge,1,gr-data.xlsx
USGS-05447500,2020-06-09,28.60001505792,m3/s,00060,Discharge,1,gr-data.xlsx
USGS-05447500,2020-06-10,29.166351989760003,m3/s,00060,Discharge,1,gr-data.xlsx
USGS-05447500,2020-06-11,28.316846592,m3/s,00060,Discharge,1,gr-data.xlsx
USGS-05447500,2020-06-12,26.589518949888,m3/s,00060,Discharge,1,gr-data.xlsx
USGS-05447500,2020-06-13,25.286944006656,m3/s,00060,Discharge,1,gr-data.xlsx
USGS-05447500,2020-06-14,24.409121762304,m3/s,00060,Discharge,1,gr-data.xlsx
USGS-05447500,2020-06-15,23.729517444096,m3/s,00060,Discharge,1,gr-data.xlsx
USGS-05447500,2020-06-16,23.163180512256,m3/s,00060,Discharge,1,gr-data.xlsx
USGS-05447500,2020-06-17,22.6534772736,m3/s,00060,Discharge,1,gr-data.xlsx
USGS-05447500,2020-06-18,22.143774034944002,m3/s,00060,Discharge,1,gr-data.xlsx
USGS-05447500,2020-06-19,21.917239262208,m3/s,00060,Discharge,1,gr-data.xlsx
USGS-05447500,2020-06-20,21.492486563328,m3/s,00060,Discharge,1,gr-data.xlsx
USGS-05447500,2020-06-21,25.032092387328,m3/s,00060,Discharge,1,gr-data.xlsx
USGS-05447500,2020-06-22,28.061994972672,m3/s,00060,Discharge,1,gr-data.xlsx
USGS-05447500,2020-06-23,34.82972130816,m3/s,00060,Discharge,1,gr-data.xlsx
USGS-05447500,2020-06-24,30.29902585344,m3/s,00060,Discharge,1,gr-data.xlsx
USGS-05447500,2020-06-25,25.541795625984,m3/s,00060,Discharge,1,gr-data.xlsx
USGS-05447500,2020-06-26,23.672883750912,m3/s,00060,Discharge,1,gr-data.xlsx
USGS-05447500,2020-06-27,24.125953296384,m3/s,00060,Discharge,1,gr-data.xlsx
USGS-05447500,2020-06-28,27.495658040832,m3/s,00060,Discharge,1,gr-data.xlsx
USGS-05447500,2020-06-29,24.947141847552,m3/s,00060,Discharge,1,gr-data.xlsx
USGS-05447500,2020-06-30,22.483576194048002,m3/s,00060,Discharge,1,gr-data.xlsx
USGS-05447500,2020-07-01,21.039417017856,m3/s,00060,Discharge,1,gr-data.xlsx
USGS-05447500,2020-07-02,19.935060000768,m3/s,00060,Discharge,1,gr-data.xlsx
USGS-05447500,2020-07-03,19.142188296192,m3/s,00060,Discharge,1,gr-data.xlsx
USGS-05447500,2020-07-04,18.066148125696,m3/s,00060,Discharge,1,gr-data.xlsx
USGS-05447500,2020-07-05,17.188325881344,m3/s,00060,Discharge,1,gr-data.xlsx
USGS-05447500,2020-07-06,16.42377102336,m3/s,00060,Discharge,1,gr-data.xlsx
USGS-05447500,2020-07-07,15.71584985856,m3/s,00060,Discharge,1,gr-data.xlsx
USGS-05447500,2020-07-08,15.262780313088001,m3/s,00060,Discharge,1,gr-data.xlsx
USGS-05447500,2020-07-09,15.092879233536001,m3/s,00060,Discharge,1,gr-data.xlsx
USGS-05447500,2020-07-10,16.84852372224,m3/s,00060,Discharge,1,gr-data.xlsx
USGS-05447500,2020-07-11,16.56535525632,m3/s,00060,Discharge,1,gr-data.xlsx
USGS-05447500,2020-07-12,26.306350483968,m3/s,00060,Discharge,1,gr-data.xlsx
USGS-05447500,2020-07-13,20.699614858752,m3/s,00060,Discharge,1,gr-data.xlsx
USGS-05447500,2020-07-14,16.905157415424,m3/s,00060,Discharge,1,gr-data.xlsx
USGS-05447500,2020-07-15,15.71584985856,m3/s,00060,Discharge,1,gr-data.xlsx
USGS-05447500,2020-07-16,18.604168210944,m3/s,00060,Discharge,1,gr-data.xlsx
USGS-05447500,2020-07-17,19.68020838144,m3/s,00060,Discharge,1,gr-data.xlsx
USGS-05447500,2020-07-18,17.103375341568,m3/s,00060,Discharge,1,gr-data.xlsx
USGS-05447500,2020-07-19,15.29109715968,m3/s,00060,Discharge,1,gr-data.xlsx
USGS-05447500,2020-07-20,15.092879233536001,m3/s,00060,Discharge,1,gr-data.xlsx
USGS-05447500,2020-07-21,14.30000752896,m3/s,00060,Discharge,1,gr-data.xlsx
USGS-05447500,2020-07-22,14.498225455104,m3/s,00060,Discharge,1,gr-data.xlsx
USGS-05447500,2020-07-23,13.563769517568,m3/s,00060,Discharge,1,gr-data.xlsx
USGS-05447500,2020-07-24,12.657630426624001,m3/s,00060,Discharge,1,gr-data.xlsx
USGS-05447500,2020-07-25,11.949709261824001,m3/s,00060,Discharge,1,gr-data.xlsx
USGS-05447500,2020-07-26,11.411689176576001,m3/s,00060,Discharge,1,gr-data.xlsx
USGS-05447500,2020-07-27,15.744166705152,m3/s,00060,Discharge,1,gr-data.xlsx
USGS-05447500,2020-07-28,21.577437103104,m3/s,00060,Discharge,1,gr-data.xlsx
USGS-05447500,2020-07-29,15.206146619904,m3/s,00060,Discharge,1,gr-data.xlsx
USGS-05447500,2020-07-30,13.082383125504,m3/s,00060,Discharge,1,gr-data.xlsx
USGS-05447500,2020-07-31,12.261194574336,m3/s,00060,Discharge,1,gr-data.xlsx
USGS-05447500,2020-08-01,11.524956562944,m3/s,00060,Discharge,1,gr-data.xlsx
USGS-05447500,2020-08-02,10.958619631104,m3/s,00060,Discharge,1,gr-data.xlsx
USGS-05447500,2020-08-03,11.270104943616,m3/s,00060,Discharge,1,gr-data.xlsx
USGS-05447500,2020-08-04,10.590500625408,m3/s,00060,Discharge,1,gr-data.xlsx
USGS-05447500,2020-08-05,9.967530000384,m3/s,00060,Discharge,1,gr-data.xlsx
USGS-05447500,2020-08-06,9.48614360832,m3/s,00060,Discharge,1,gr-data.xlsx
USGS-05447500,2020-08-07,8.948123523072,m3/s,00060,Discharge,1,gr-data.xlsx
USGS-05447500,2020-08-08,8.466737131008001,m3/s,00060,Discharge,1,gr-data.xlsx
USGS-05447500,2020-08-09,8.183568665088,m3/s,00060,Discharge,1,gr-data.xlsx
USGS-05447500,2020-08-10,8.268519204864,m3/s,00060,Discharge,1,gr-data.xlsx
USGS-05447500,2020-08-11,8.834856136704,m3/s,00060,Discharge,1,gr-data.xlsx
USGS-05447500,2020-08-12,8.410103437824,m3/s,00060,Discharge,1,gr-data.xlsx
USGS-05447500,2020-08-13,7.815449659392001,m3/s,00060,Discharge,1,gr-data.xlsx
USGS-05447500,2020-08-14,7.419013807104,m3/s,00060,Discharge,1,gr-data.xlsx
USGS-05447500,2020-08-15,7.022577954816001,m3/s,00060,Discharge,1,gr-data.xlsx
USGS-05447500,2020-08-16,6.739409488896,m3/s,00060,Discharge,1,gr-data.xlsx
USGS-05447500,2020-08-17,6.484557869568,m3/s,00060,Discharge,1,gr-data.xlsx
USGS-05447500,2020-08-18,6.314656790016,m3/s,00060,Discharge,1,gr-data.xlsx
USGS-05447500,2020-08-19,6.116438863872,m3/s,00060,Discharge,1,gr-data.xlsx
USGS-05447500,2020-08-20,5.804953551360001,m3/s,00060,Discharge,1,gr-data.xlsx
USGS-05447500,2020-08-21,5.52178508544,m3/s,00060,Discharge,1,gr-data.xlsx
USGS-05447500,2020-08-22,5.295250312704,m3/s,00060,Discharge,1,gr-data.xlsx
USGS-05447500,2020-08-23,5.210299772928,m3/s,00060,Discharge,1,gr-data.xlsx
USGS-05447500,2020-08-24,5.0120818467840005,m3/s,00060,Discharge,1,gr-data.xlsx
USGS-05447500,2020-08-25,4.8421807672320005,m3/s,00060,Discharge,1,gr-data.xlsx
USGS-05447500,2020-08-26,4.587329147904,m3/s,00060,Discharge,1,gr-data.xlsx
USGS-05447500,2020-08-27,4.332477528576,m3/s,00060,Discharge,1,gr-data.xlsx
USGS-05447500,2020-08-28,4.190893295616,m3/s,00060,Discharge,1,gr-data.xlsx
USGS-05447500,2020-08-29,3.96435852288,m3/s,00060,Discharge,1,gr-data.xlsx
USGS-05447500,2020-08-30,3.96435852288,m3/s,00060,Discharge,1,gr-data.xlsx
USGS-05447500,2020-08-31,3.879407983104,m3/s,00060,Discharge,1,gr-data.xlsx
USGS-05447500,2020-09-01,3.879407983104,m3/s,00060,Discharge,1,gr-data.xlsx
USGS-05447500,2020-09-02,3.936041676288,m3/s,00060,Discharge,1,gr-data.xlsx
USGS-05447500,2020-09-03,3.9077248296960003,m3/s,00060,Discharge,1,gr-data.xlsx
USGS-05447500,2020-09-04,3.709506903552,m3/s,00060,Discharge,1,gr-data.xlsx
USGS-05447500,2020-09-05,3.5112889774080003,m3/s,00060,Discharge,1,gr-data.xlsx
USGS-05447500,2020-09-06,10.505550085632,m3/s,00060,Discharge,1,gr-data.xlsx
USGS-05447500,2020-09-07,9.995846846976,m3/s,00060,Discharge,1,gr-data.xlsx
USGS-05447500,2020-09-08,14.498225455104,m3/s,00060,Discharge,1,gr-data.xlsx
USGS-05447500,2020-09-09,16.70693948928,m3/s,00060,Discharge,1,gr-data.xlsx
USGS-05447500,2020-09-10,11.808125028864,m3/s,00060,Discharge,1,gr-data.xlsx
USGS-05447500,2020-09-11,12.60099673344,m3/s,00060,Discharge,1,gr-data.xlsx
USGS-05447500,2020-09-12,25.230310313472,m3/s,00060,Discharge,1,gr-data.xlsx
USGS-05447500,2020-09-13,29.449520455680002,m3/s,00060,Discharge,1,gr-data.xlsx
USGS-05447500,2020-09-14,18.26436605184,m3/s,00060,Discharge,1,gr-data.xlsx
USGS-05447500,2020-09-15,13.846937983488,m3/s,00060,Discharge,1,gr-data.xlsx
USGS-05447500,2020-09-16,11.440006023168001,m3/s,00060,Discharge,1,gr-data.xlsx
USGS-05447500,2020-09-17,10.080797386752,m3/s,00060,Discharge,1,gr-data.xlsx
USGS-05447500,2020-09-18,9.174658295808,m3/s,00060,Discharge,1,gr-data.xlsx
USGS-05447500,2020-09-19,8.580004517376,m3/s,00060,Discharge,1,gr-data.xlsx
USGS-05447500,2020-09-20,8.325152898048,m3/s,00060,Discharge,1,gr-data.xlsx
USGS-05447500,2020-09-21,7.843766505984,m3/s,00060,Discharge,1,gr-data.xlsx
USGS-05447500,2020-09-22,7.758815966208,m3/s,00060,Discharge,1,gr-data.xlsx
USGS-05447500,2020-09-23,7.50396434688,m3/s,00060,Discharge,1,gr-data.xlsx
USGS-05447500,2020-09-24,7.135845341184,m3/s,00060,Discharge,1,gr-data.xlsx
USGS-05447500,2020-09-25,7.022577954816001,m3/s,00060,Discharge,1,gr-data.xlsx
USGS-05447500,2020-09-26,6.597825255936,m3/s,00060,Discharge,1,gr-data.xlsx
USGS-05447500,2020-09-27,6.569508409344,m3/s,00060,Discharge,1,gr-data.xlsx
USGS-05447500,2020-09-28,7.249112727552,m3/s,00060,Discharge,1,gr-data.xlsx
USGS-05447500,2020-09-29,7.4473306536960004,m3/s,00060,Discharge,1,gr-data.xlsx
USGS-05447500,2020-09-30,7.022577954816001,m3/s,00060,Discharge,1,gr-data.xlsx
USGS-05447500,2020-10-01,6.79604318208,m3/s,00060,Discharge,1,gr-data.xlsx
USGS-05447500,2020-10-02,6.65445894912,m3/s,00060,Discharge,1,gr-data.xlsx
USGS-05447500,2020-10-03,6.65445894912,m3/s,00060,Discharge,1,gr-data.xlsx
USGS-05447500,2020-10-04,6.79604318208,m3/s,00060,Discharge,1,gr-data.xlsx
USGS-05447500,2020-10-05,6.626142102528,m3/s,00060,Discharge,1,gr-data.xlsx
USGS-05447500,2020-10-06,6.3712904832,m3/s,00060,Discharge,1,gr-data.xlsx
USGS-05447500,2020-10-07,6.314656790016,m3/s,00060,Discharge,1,gr-data.xlsx
USGS-05447500,2020-10-08,6.116438863872,m3/s,00060,Discharge,1,gr-data.xlsx
USGS-05447500,2020-10-09,5.94653778432,m3/s,00060,Discharge,1,gr-data.xlsx
USGS-05447500,2020-10-10,6.003171477504,m3/s,00060,Discharge,1,gr-data.xlsx
USGS-05447500,2020-10-11,5.918220937728,m3/s,00060,Discharge,1,gr-data.xlsx
USGS-05447500,2020-10-12,5.691686164992,m3/s,00060,Discharge,1,gr-data.xlsx
USGS-05447500,2020-10-13,5.748319858176,m3/s,00060,Discharge,1,gr-data.xlsx
USGS-05447500,2020-10-14,5.606735625216,m3/s,00060,Discharge,1,gr-data.xlsx
USGS-05447500,2020-10-15,5.635052471808,m3/s,00060,Discharge,1,gr-data.xlsx
USGS-05447500,2020-10-16,5.748319858176,m3/s,00060,Discharge,1,gr-data.xlsx
USGS-05447500,2020-10-17,5.606735625216,m3/s,00060,Discharge,1,gr-data.xlsx
USGS-05447500,2020-10-18,5.833270397952,m3/s,00060,Discharge,1,gr-data.xlsx
USGS-05447500,2020-10-19,6.116438863872,m3/s,00060,Discharge,1,gr-data.xlsx
USGS-05447500,2020-10-20,6.1447557104640005,m3/s,00060,Discharge,1,gr-data.xlsx
USGS-05447500,2020-10-21,6.342973636608,m3/s,00060,Discharge,1,gr-data.xlsx
USGS-05447500,2020-10-22,14.668126534656,m3/s,00060,Discharge,1,gr-data.xlsx
USGS-05447500,2020-10-23,19.481990455296,m3/s,00060,Discharge,1,gr-data.xlsx
USGS-05447500,2020-10-24,18.830702983680002,m3/s,00060,Discharge,1,gr-data.xlsx
USGS-05447500,2020-10-25,15.630899318784001,m3/s,00060,Discharge,1,gr-data.xlsx
USGS-05447500,2020-10-26,13.507135824384001,m3/s,00060,Discharge,1,gr-data.xlsx
USGS-05447500,2020-10-27,12.374461960704,m3/s,00060,Discharge,1,gr-data.xlsx
USGS-05447500,2020-10-28,11.638223949312,m3/s,00060,Discharge,1,gr-data.xlsx
USGS-05447500,2020-10-29,10.76040170496,m3/s,00060,Discharge,1,gr-data.xlsx
USGS-05447500,2020-10-30,10.392282699264001,m3/s,00060,Discharge,1,gr-data.xlsx
USGS-05447500,2020-10-31,9.712678381056,m3/s,00060,Discharge,1,gr-data.xlsx
USGS-05447500,2020-11-01,9.48614360832,m3/s,00060,Discharge,1,gr-data.xlsx
USGS-05447500,2020-11-02,9.231291988992,m3/s,00060,Discharge,1,gr-data.xlsx
USGS-05447500,2020-11-03,9.004757216256,m3/s,00060,Discharge,1,gr-data.xlsx
USGS-05447500,2020-11-04,8.863172983296,m3/s,00060,Discharge,1,gr-data.xlsx
USGS-05447500,2020-11-05,8.721588750336,m3/s,00060,Discharge,1,gr-data.xlsx
USGS-05447500,2020-11-06,8.4950539776,m3/s,00060,Discharge,1,gr-data.xlsx
USGS-05447500,2020-11-07,8.381786591232,m3/s,00060,Discharge,1,gr-data.xlsx
USGS-05447500,2020-11-08,8.240202358272,m3/s,00060,Discharge,1,gr-data.xlsx
USGS-05447500,2020-11-09,8.013667585536,m3/s,00060,Discharge,1,gr-data.xlsx
USGS-05447500,2020-11-10,8.21188551168,m3/s,00060,Discharge,1,gr-data.xlsx
USGS-05447500,2020-11-11,10.33564900608,m3/s,00060,Discharge,1,gr-data.xlsx
USGS-05447500,2020-11-12,10.392282699264001,m3/s,00060,Discharge,1,gr-data.xlsx
USGS-05447500,2020-11-13,9.740995227648,m3/s,00060,Discharge,1,gr-data.xlsx
USGS-05447500,2020-11-14,9.344559375360001,m3/s,00060,Discharge,1,gr-data.xlsx
USGS-05447500,2020-11-15,9.967530000384,m3/s,00060,Discharge,1,gr-data.xlsx
USGS-05447500,2020-11-16,10.250698466304,m3/s,00060,Discharge,1,gr-data.xlsx
USGS-05447500,2020-11-17,9.854262614016001,m3/s,00060,Discharge,1,gr-data.xlsx
USGS-05447500,2020-11-18,9.457826761728,m3/s,00060,Discharge,1,gr-data.xlsx
USGS-05447500,2020-11-19,9.118024602624,m3/s,00060,Discharge,1,gr-data.xlsx
USGS-05447500,2020-11-20,9.06139090944,m3/s,00060,Discharge,1,gr-data.xlsx
USGS-05447500,2020-11-21,8.77822244352,m3/s,00060,Discharge,1,gr-data.xlsx
USGS-05447500,2020-11-22,8.636638210560001,m3/s,00060,Discharge,1,gr-data.xlsx
USGS-05447500,2020-11-23,8.664955057152,m3/s,00060,Discharge,1,gr-data.xlsx
USGS-05447500,2020-11-24,10.47723323904,m3/s,00060,Discharge,1,gr-data.xlsx
USGS-05447500,2020-11-25,30.865362785280002,m3/s,00060,Discharge,1,gr-data.xlsx
USGS-05447500,2020-11-26,41.90893295616,m3/s,00060,Discharge,1,gr-data.xlsx
USGS-05447500,2020-11-27,29.7326889216,m3/s,00060,Discharge,1,gr-data.xlsx
USGS-05447500,2020-11-28,24.125953296384,m3/s,00060,Discharge,1,gr-data.xlsx
USGS-05447500,2020-11-29,21.09605071104,m3/s,00060,Discharge,1,gr-data.xlsx
USGS-05447500,2020-11-30,19.085554603008,m3/s,00060,Discharge,1,gr-data.xlsx
USGS-05447500,2020-12-01,17.811296506368002,m3/s,00060,Discharge,1,gr-data.xlsx
USGS-05447500,2020-12-02,16.735256335872002,m3/s,00060,Discharge,1,gr-data.xlsx
USGS-05447500,2020-12-03,15.772483551744001,m3/s,00060,Discharge,1,gr-data.xlsx
USGS-05447500,2020-12-04,15.347730852864,m3/s,00060,Discharge,1,gr-data.xlsx
USGS-05447500,2020-12-05,14.8663444608,m3/s,00060,Discharge,1,gr-data.xlsx
USGS-05447500,2020-12-06,14.243373835776,m3/s,00060,Discharge,1,gr-data.xlsx
USGS-05447500,2020-12-07,13.790304290304,m3/s,00060,Discharge,1,gr-data.xlsx
USGS-05447500,2020-12-08,13.393868438016,m3/s,00060,Discharge,1,gr-data.xlsx
USGS-05447500,2020-12-09,13.167333665280001,m3/s,00060,Discharge,1,gr-data.xlsx
USGS-05447500,2020-12-10,12.88416519936,m3/s,00060,Discharge,1,gr-data.xlsx
USGS-05447500,2020-12-11,13.082383125504,m3/s,00060,Discharge,1,gr-data.xlsx
USGS-05447500,2020-12-12,21.464169716736002,m3/s,00060,Discharge,1,gr-data.xlsx
USGS-05447500,2020-12-13,26.532885256704002,m3/s,00060,Discharge,1,gr-data.xlsx
USGS-05447500,2020-12-14,24.125953296384,m3/s,00060,Discharge,1,gr-data.xlsx
USGS-05447500,2020-12-15,21.435852870144,m3/s,00060,Discharge,1,gr-data.xlsx
USGS-05447500,2020-12-16,19.566940995072,m3/s,00060,Discharge,1,gr-data.xlsx
USGS-05447500,2020-12-17,18.377633438208,m3/s,00060,Discharge,1,gr-data.xlsx
USGS-05447500,2020-12-18,17.13169218816,m3/s,00060,Discharge,1,gr-data.xlsx
USGS-05447500,2020-12-19,16.452087869952,m3/s,00060,Discharge,1,gr-data.xlsx
USGS-05447500,2020-12-20,16.14060255744,m3/s,00060,Discharge,1,gr-data.xlsx
USGS-05447500,2020-12-21,15.545948779008,m3/s,00060,Discharge,1,gr-data.xlsx
USGS-05447500,2020-12-22,15.064562386944,m3/s,00060,Discharge,1,gr-data.xlsx
USGS-05447500,2020-12-23,14.44159176192,m3/s,00060,Discharge,1,gr-data.xlsx
USGS-05447500,2020-12-24,13.082383125504,m3/s,00060,Discharge,1,gr-data.xlsx
USGS-05447500,2020-12-25,7.164162187776,m3/s,00060,Discharge,1,gr-data.xlsx
USGS-05447500,2020-12-26,6.937627415040001,m3/s,00060,Discharge,1,gr-data.xlsx
USGS-05447500,2020-12-27,7.249112727552,m3/s,00060,Discharge,1,gr-data.xlsx
USGS-05447500,2020-12-28,8.126934971904,m3/s,00060,Discharge,1,gr-data.xlsx
USGS-05447500,2020-12-29,9.939213153792,m3/s,00060,Discharge,1,gr-data.xlsx
USGS-05447500,2020-12-30,17.69802912,m3/s,00060,Discharge,1,gr-data.xlsx
USGS-05447500,2020-12-31,22.681794120192002,m3/s,00060,Discharge,1,gr-data.xlsx
