site_id,date,value,unit,parameter_code,parameter_name,record_count,source
USGS-05469860,2021-05-04,0.056,mg/l as P,00665,Total Phosphorus,1,south.xlsx
USGS-05469980,1997-08-18,0.175,mg/l as P,00665,Total Phosphorus,2,south.xlsx
USGS-05469980,1998-05-21,0.095,mg/l as P,00665,Total Phosphorus,2,south.xlsx
USGS-05469995,1955-12-12,0.47,mg/l,00665,Total Phosphorus,2,south.xlsx
USGS-05469995,1956-06-18,1.615,mg/l,00665,Total Phosphorus,2,south.xlsx
USGS-05469995,1957-03-11,1.1099999999999999,mg/l,00665,Total Phosphorus,2,south.xlsx
USGS-05469995,1957-08-26,17.33,mg/l,00665,Total Phosphorus,2,south.xlsx
USGS-05469995,1957-09-23,1.08,mg/l,00665,Total Phosphorus,2,south.xlsx
USGS-05469995,1958-02-17,0.52,mg/l,00665,Total Phosphorus,2,south.xlsx
USGS-05469995,1958-05-19,0.69,mg/l,00665,Total Phosphorus,2,south.xlsx
USGS-05469995,1958-08-11,0.675,mg/l,00665,Total Phosphorus,2,south.xlsx
USGS-05469995,1959-01-26,2.8,mg/l,00665,Total Phosphorus,2,south.xlsx
USGS-05469995,1959-04-27,0.295,mg/l,00665,Total Phosphorus,2,south.xlsx
USGS-05469995,1959-06-22,0.255,mg/l,00665,Total Phosphorus,2,south.xlsx
USGS-05469995,1960-01-04,0.445,mg/l,00665,Total Phosphorus,2,south.xlsx
USGS-05469995,1960-03-21,0.74,mg/l,00665,Total Phosphorus,2,south.xlsx
USGS-05469995,1960-09-26,1.6,mg/l,00665,Total Phosphorus,2,south.xlsx
USGS-05469995,1961-01-30,1.4500000000000002,mg/l,00665,Total Phosphorus,2,south.xlsx
USGS-05469995,1961-05-29,0.185,mg/l,00665,Total Phosphorus,2,south.xlsx
USGS-05469995,1961-11-27,0.515,mg/l,00665,Total Phosphorus,2,south.xlsx
USGS-05469995,1962-01-29,0.555,mg/l,00665,Total Phosphorus,2,south.xlsx
USGS-05469995,1963-06-03,0.55,mg/l,00665,Total Phosphorus,2,south.xlsx
USGS-05469995,1964-02-03,1.2000000000000002,mg/l,00665,Total Phosphorus,2,south.xlsx
USGS-05469995,1965-06-07,0.8300000000000001,mg/l,00665,Total Phosphorus,2,south.xlsx
USGS-05469995,1966-03-28,0.65,mg/l,00665,Total Phosphorus,2,south.xlsx
USGS-05469995,1967-04-03,1.25,mg/l,00665,Total Phosphorus,2,south.xlsx
USGS-05469995,1967-07-10,0.55,mg/l,00665,Total Phosphorus,2,south.xlsx
USGS-05469995,1968-05-06,0.45,mg/l,00665,Total Phosphorus,2,south.xlsx
USGS-05470500,2009-09-21,0.075,mg/l as P,00665,Total Phosphorus,1,south.xlsx
USGS-05471000,2012-08-20,0.036,mg/l as P,00665,Total Phosphorus,1,south.xlsx
USGS-05471032,2008-03-04,1.18,mg/l as P,00665,Total Phosphorus,1,south.xlsx
USGS-05471032,2008-03-11,2.2249999999999996,mg/l as P,00665,Total Phosphorus,4,south.xlsx
USGS-05471032,2008-03-14,0.69,mg/l as P,00665,Total Phosphorus,1,south.xlsx
USGS-05471032,2008-04-10,0.33,mg/l as P,00665,Total Phosphorus,3,south.xlsx
USGS-05471032,2008-04-11,0.25,mg/l as P,00665,Total Phosphorus,1,south.xlsx
USGS-05471032,2008-04-12,0.12,mg/l as P,00665,Total Phosphorus,1,south.xlsx
USGS-05471032,2008-04-13,0.1,mg/l as P,00665,Total Phosphorus,1,south.xlsx
USGS-05471032,2008-04-17,0.41,mg/l as P,00665,Total Phosphorus,2,south.xlsx
USGS-05471032,2008-04-18,0.68,mg/l as P,00665,Total Phosphorus,4,south.xlsx
USGS-05471032,2008-04-19,0.13,mg/l as P,00665,Total Phosphorus,1,south.xlsx
USGS-05471032,2008-04-20,0.09,mg/l as P,00665,Total Phosphorus,1,south.xlsx
USGS-05471032,2008-05-25,0.485,mg/l as P,00665,Total Phosphorus,2,south.xlsx
USGS-05471032,2008-05-26,0.44,mg/l as P,00665,Total Phosphorus,3,south.xlsx
USGS-05471032,2008-06-14,0.16,mg/l as P,00665,Total Phosphorus,1,south.xlsx
USGS-05471032,2008-06-16,0.12,mg/l as P,00665,Total Phosphorus,1,south.xlsx
USGS-05471032,2008-07-14,0.1,mg/l as P,00665,Total Phosphorus,1,south.xlsx
USGS-05471032,2008-07-31,0.98,mg/l as P,00665,Total Phosphorus,1,south.xlsx
USGS-05471032,2008-08-27,0.11,mg/l as P,00665,Total Phosphorus,1,south.xlsx
USGS-05471032,2008-09-24,0.09,mg/l as P,00665,Total Phosphorus,1,south.xlsx
USGS-05471032,2008-10-15,0.11333333333333333,mg/l as P,00665,Total Phosphorus,3,south.xlsx
USGS-05471032,2008-11-19,0.07,mg/l as P,00665,Total Phosphorus,1,south.xlsx
USGS-05471032,2009-02-06,0.15,mg/l as P,00665,Total Phosphorus,1,south.xlsx
USGS-05471032,2009-02-07,0.524,mg/l as P,00665,Total Phosphorus,5,south.xlsx
USGS-05471032,2009-02-08,0.52,mg/l as P,00665,Total Phosphorus,1,south.xlsx
USGS-05471032,2009-02-09,0.5,mg/l as P,00665,Total Phosphorus,1,south.xlsx
USGS-05471032,2009-02-11,0.16,mg/l as P,00665,Total Phosphorus,1,south.xlsx
USGS-05471032,2009-02-27,0.4,mg/l as P,00665,Total Phosphorus,1,south.xlsx
USGS-05471032,2009-03-07,0.89,mg/l as P,00665,Total Phosphorus,1,south.xlsx
USGS-05471032,2009-03-08,1.1233333333333333,mg/l as P,00665,Total Phosphorus,3,south.xlsx
USGS-05471032,2009-03-09,0.22,mg/l as P,00665,Total Phosphorus,1,south.xlsx
USGS-05471032,2009-03-23,0.46,mg/l as P,00665,Total Phosphorus,1,south.xlsx
USGS-05471032,2009-03-24,0.91,mg/l as P,00665,Total Phosphorus,3,south.xlsx
USGS-05471032,2009-03-25,0.2,mg/l as P,00665,Total Phosphorus,1,south.xlsx
USGS-05471032,2009-04-20,0.06,mg/l as P,00665,Total Phosphorus,1,south.xlsx
USGS-05471032,2009-04-25,0.15,mg/l as P,00665,Total Phosphorus,1,south.xlsx
USGS-05471032,2009-04-26,1.7933333333333332,mg/l as P,00665,Total Phosphorus,3,south.xlsx
USGS-05471032,2009-04-27,0.72,mg/l as P,00665,Total Phosphorus,1,south.xlsx
USGS-05471032,2009-04-28,0.3,mg/l as P,00665,Total Phosphorus,1,south.xlsx
USGS-05471032,2009-05-21,0.24,mg/l as P,00665,Total Phosphorus,1,south.xlsx
USGS-05471032,2009-05-26,0.62,mg/l as P,00665,Total Phosphorus,2,south.xlsx
USGS-05471032,2009-05-27,0.43499999999999994,mg/l as P,00665,Total Phosphorus,2,south.xlsx
USGS-05471032,2009-05-28,0.15,mg/l as P,00665,Total Phosphorus,1,south.xlsx
USGS-05471032,2009-06-07,1.4,mg/l as P,00665,Total Phosphorus,2,south.xlsx
USGS-05471032,2009-06-08,0.39,mg/l as P,00665,Total Phosphorus,1,south.xlsx
USGS-05471032,2009-06-18,1.7619999999999998,mg/l as P,00665,Total Phosphorus,5,south.xlsx
USGS-05471032,2009-07-01,0.11,mg/l as P,00665,Total Phosphorus,1,south.xlsx
USGS-05471032,2009-07-15,0.11,mg/l as P,00665,Total Phosphorus,1,south.xlsx
USGS-05471032,2009-07-30,0.08,mg/l as P,00665,Total Phosphorus,1,south.xlsx
USGS-05471032,2009-08-09,1.295,mg/l as P,00665,Total Phosphorus,4,south.xlsx
USGS-05471032,2009-08-10,0.3,mg/l as P,00665,Total Phosphorus,1,south.xlsx
USGS-05471032,2009-08-26,0.5,mg/l as P,00665,Total Phosphorus,1,south.xlsx
USGS-05471032,2009-08-27,0.974,mg/l as P,00665,Total Phosphorus,5,south.xlsx
USGS-05471032,2009-09-16,0.08,mg/l as P,00665,Total Phosphorus,1,south.xlsx
USGS-05471032,2009-10-05,0.09,mg/l as P,00665,Total Phosphorus,1,south.xlsx
USGS-05471032,2009-10-21,0.12,mg/l as P,00665,Total Phosphorus,1,south.xlsx
USGS-05471032,2009-10-22,1.116,mg/l as P,00665,Total Phosphorus,5,south.xlsx
USGS-05471032,2009-10-23,0.43,mg/l as P,00665,Total Phosphorus,1,south.xlsx
USGS-05471032,2010-03-07,0.27,mg/l as P,00665,Total Phosphorus,1,south.xlsx
USGS-05471032,2010-03-08,0.255,mg/l as P,00665,Total Phosphorus,2,south.xlsx
USGS-05471032,2010-03-09,0.55,mg/l as P,00665,Total Phosphorus,1,south.xlsx
USGS-05471032,2010-03-10,0.96,mg/l as P,00665,Total Phosphorus,1,south.xlsx
USGS-05471032,2010-03-11,1.2850000000000001,mg/l as P,00665,Total Phosphorus,2,south.xlsx
USGS-05471032,2010-03-12,0.38,mg/l as P,00665,Total Phosphorus,1,south.xlsx
USGS-05471032,2010-04-06,0.31666666666666665,mg/l as P,00665,Total Phosphorus,3,south.xlsx
USGS-05471032,2010-04-07,0.18,mg/l as P,00665,Total Phosphorus,2,south.xlsx
USGS-05471032,2010-04-08,0.1,mg/l as P,00665,Total Phosphorus,1,south.xlsx
USGS-05471032,2010-04-20,0.05,mg/l as P,00665,Total Phosphorus,1,south.xlsx
USGS-05471032,2010-04-23,0.10000000000000002,mg/l as P,00665,Total Phosphorus,3,south.xlsx
USGS-05471032,2010-04-24,0.4,mg/l as P,00665,Total Phosphorus,4,south.xlsx
USGS-05471032,2010-05-03,0.08,mg/l as P,00665,Total Phosphorus,1,south.xlsx
USGS-05471032,2010-05-10,0.15,mg/l as P,00665,Total Phosphorus,1,south.xlsx
USGS-05471032,2010-05-11,0.66,mg/l as P,00665,Total Phosphorus,1,south.xlsx
USGS-05471032,2010-05-12,1.0666666666666667,mg/l as P,00665,Total Phosphorus,3,south.xlsx
USGS-05471032,2010-05-13,1.17,mg/l as P,00665,Total Phosphorus,2,south.xlsx
USGS-05471032,2010-06-01,0.1366666666666667,mg/l as P,00665,Total Phosphorus,3,south.xlsx
USGS-05471032,2010-06-02,0.16,mg/l as P,00665,Total Phosphorus,2,south.xlsx
USGS-05471032,2010-06-03,0.23500000000000001,mg/l as P,00665,Total Phosphorus,2,south.xlsx
USGS-05471032,2010-06-04,1.2633333333333334,mg/l as P,00665,Total Phosphorus,6,south.xlsx
USGS-05471032,2010-06-08,0.55,mg/l as P,00665,Total Phosphorus,4,south.xlsx
USGS-05471032,2010-06-09,0.13,mg/l as P,00665,Total Phosphorus,1,south.xlsx
USGS-05471032,2010-06-12,1.515,mg/l as P,00665,Total Phosphorus,6,south.xlsx
USGS-05471032,2010-06-27,0.8766666666666668,mg/l as P,00665,Total Phosphorus,6,south.xlsx
USGS-05471090,2013-05-08,0.15,mg/l as P,00665,Total Phosphorus,1,south.xlsx
USGS-05471090,2013-05-15,0.05,mg/l as P,00665,Total Phosphorus,1,south.xlsx
USGS-05471090,2013-05-22,0.056,mg/l as P,00665,Total Phosphorus,1,south.xlsx
USGS-05471090,2013-06-05,0.426,mg/l as P,00665,Total Phosphorus,1,south.xlsx
USGS-05471090,2013-06-12,0.169,mg/l as P,00665,Total Phosphorus,1,south.xlsx
USGS-05471090,2013-06-19,0.059,mg/l as P,00665,Total Phosphorus,1,south.xlsx
USGS-05471090,2013-06-26,0.155,mg/l as P,00665,Total Phosphorus,1,south.xlsx
USGS-05471090,2013-07-10,0.053,mg/l as P,00665,Total Phosphorus,1,south.xlsx
USGS-05471090,2013-07-17,0.062,mg/l as P,00665,Total Phosphorus,1,south.xlsx
USGS-05471090,2013-07-22,310.0,mg/kg as P,00665,Total Phosphorus,1,south.xlsx
USGS-05471090,2013-07-24,0.068,mg/l as P,00665,Total Phosphorus,1,south.xlsx
USGS-05471090,2013-07-31,0.045,mg/l as P,00665,Total Phosphorus,1,south.xlsx
USGS-05471090,2013-08-07,0.066,mg/l as P,00665,Total Phosphorus,1,south.xlsx
USGS-05471090,2013-08-12,0.019,mg/l as P,00665,Total Phosphorus,1,south.xlsx
USGS-05471090,2013-08-19,0.018,mg/l as P,00665,Total Phosphorus,1,south.xlsx
USGS-05471090,2013-09-04,0.336,mg/l as P,00665,Total Phosphorus,1,south.xlsx
USGS-05471090,2013-09-18,0.297,mg/l as P,00665,Total Phosphorus,1,south.xlsx
USGS-05471090,2016-07-11,0.13,mg/l as P,00665,Total Phosphorus,1,south.xlsx
USGS-05471090,2016-08-25,0.065,mg/l as P,00665,Total Phosphorus,1,south.xlsx
USGS-05471120,1997-08-18,0.08,mg/l as P,00665,Total Phosphorus,2,south.xlsx
USGS-05471120,1998-05-21,0.07,mg/l as P,00665,Total Phosphorus,2,south.xlsx
USGS-05471380,2000-06-08,0.21,mg/l as P,00665,Total Phosphorus,1,south.xlsx
USGS-05471382,2021-05-18,1.64,mg/l as P,00665,Total Phosphorus,1,south.xlsx
USGS-05471500,1956-06-18,1.2,mg/l,00665,Total Phosphorus,2,south.xlsx
USGS-05471500,1956-10-29,1.14,mg/l,00665,Total Phosphorus,2,south.xlsx
USGS-05471500,1957-02-18,1.9000000000000001,mg/l,00665,Total Phosphorus,2,south.xlsx
USGS-05471500,1957-05-13,1.62,mg/l,00665,Total Phosphorus,2,south.xlsx
USGS-05471500,1957-08-26,0.9750000000000001,mg/l,00665,Total Phosphorus,2,south.xlsx
USGS-05471500,1957-09-23,0.86,mg/l,00665,Total Phosphorus,2,south.xlsx
USGS-05471500,1958-02-17,0.8200000000000001,mg/l,00665,Total Phosphorus,2,south.xlsx
USGS-05471500,1958-05-19,0.6799999999999999,mg/l,00665,Total Phosphorus,2,south.xlsx
USGS-05471500,1958-08-11,1.225,mg/l,00665,Total Phosphorus,2,south.xlsx
USGS-05471500,1959-01-26,1.13,mg/l,00665,Total Phosphorus,2,south.xlsx
USGS-05471500,1959-04-27,0.49,mg/l,00665,Total Phosphorus,2,south.xlsx
USGS-05471500,1959-06-23,0.81,mg/l,00665,Total Phosphorus,2,south.xlsx
USGS-05471500,1959-10-12,1.025,mg/l,00665,Total Phosphorus,2,south.xlsx
USGS-05471500,1960-01-04,0.455,mg/l,00665,Total Phosphorus,2,south.xlsx
USGS-05471500,1960-04-04,0.73,mg/l,00665,Total Phosphorus,2,south.xlsx
USGS-05471500,1960-09-26,2.3,mg/l,00665,Total Phosphorus,2,south.xlsx
USGS-05471500,1961-01-03,0.8300000000000001,mg/l,00665,Total Phosphorus,2,south.xlsx
USGS-05471500,1995-09-19,0.09,%,00665,Total Phosphorus,1,south.xlsx
USGS-05472010,1969-05-22,0.55,mg/l,00665,Total Phosphorus,2,south.xlsx
USGS-05472010,2008-06-13,0.41,mg/l as P,00665,Total Phosphorus,1,south.xlsx
USGS-21IOWA-10500001,1999-10-18,0.0,mg/l,00665,Total Phosphorus,1,south.xlsx
USGS-21IOWA-10500001,1999-11-17,0.0,mg/l,00665,Total Phosphorus,1,south.xlsx
USGS-21IOWA-10500001,1999-12-07,0.0,mg/l,00665,Total Phosphorus,1,south.xlsx
USGS-21IOWA-10500001,2000-01-10,0.1,mg/l,00665,Total Phosphorus,1,south.xlsx
USGS-21IOWA-10500001,2000-02-08,0.0,mg/l,00665,Total Phosphorus,1,south.xlsx
USGS-21IOWA-10500001,2000-03-13,0.1,mg/l,00665,Total Phosphorus,1,south.xlsx
USGS-21IOWA-10500001,2000-04-17,0.2,mg/l,00665,Total Phosphorus,1,south.xlsx
USGS-21IOWA-10500001,2000-05-08,0.6,mg/l,00665,Total Phosphorus,1,south.xlsx
USGS-21IOWA-10500001,2000-06-06,0.3,mg/l,00665,Total Phosphorus,1,south.xlsx
USGS-21IOWA-10500001,2000-07-18,0.2,mg/l,00665,Total Phosphorus,1,south.xlsx
USGS-21IOWA-10500001,2000-08-01,0.2,mg/l,00665,Total Phosphorus,1,south.xlsx
USGS-21IOWA-10500001,2000-09-11,0.1,mg/l,00665,Total Phosphorus,1,south.xlsx
USGS-21IOWA-10500001,2000-10-18,0.0,mg/l,00665,Total Phosphorus,1,south.xlsx
USGS-21IOWA-10500001,2000-11-28,0.2,mg/l,00665,Total Phosphorus,1,south.xlsx
USGS-21IOWA-10500001,2000-12-20,0.2,mg/l,00665,Total Phosphorus,1,south.xlsx
USGS-21IOWA-10500001,2001-01-16,0.2,mg/l,00665,Total Phosphorus,1,south.xlsx
USGS-21IOWA-10500001,2001-02-21,0.2,mg/l,00665,Total Phosphorus,1,south.xlsx
USGS-21IOWA-10500001,2001-03-21,0.8,mg/l,00665,Total Phosphorus,1,south.xlsx
USGS-21IOWA-10500001,2001-04-17,0.2,mg/l,00665,Total Phosphorus,1,south.xlsx
USGS-21IOWA-10500001,2001-05-15,0.3,mg/l,00665,Total Phosphorus,1,south.xlsx
USGS-21IOWA-10500001,2001-06-19,0.3,mg/l,00665,Total Phosphorus,1,south.xlsx
USGS-21IOWA-10500001,2001-07-17,0.1,mg/l,00665,Total Phosphorus,1,south.xlsx
USGS-21IOWA-10500001,2001-08-21,0.0,mg/l,00665,Total Phosphorus,1,south.xlsx
USGS-21IOWA-10500001,2001-09-17,0.75,mg/l,00665,Total Phosphorus,1,south.xlsx
USGS-21IOWA-10500001,2001-10-15,0.16,mg/l,00665,Total Phosphorus,1,south.xlsx
USGS-21IOWA-10500001,2001-11-13,0.09,mg/l,00665,Total Phosphorus,1,south.xlsx
USGS-21IOWA-10500001,2001-12-10,0.19,mg/l,00665,Total Phosphorus,1,south.xlsx
USGS-21IOWA-10500001,2002-01-15,0.11,mg/l,00665,Total Phosphorus,1,south.xlsx
USGS-21IOWA-10500001,2002-02-13,0.19,mg/l,00665,Total Phosphorus,1,south.xlsx
USGS-21IOWA-10500001,2002-03-12,0.14,mg/l,00665,Total Phosphorus,1,south.xlsx
USGS-21IOWA-10500001,2002-04-10,0.08,mg/l,00665,Total Phosphorus,1,south.xlsx
USGS-21IOWA-10500001,2002-05-15,0.34,mg/l,00665,Total Phosphorus,1,south.xlsx
USGS-21IOWA-10500001,2002-06-11,0.87,mg/l,00665,Total Phosphorus,1,south.xlsx
USGS-21IOWA-10500001,2002-07-09,0.4,mg/l,00665,Total Phosphorus,1,south.xlsx
USGS-21IOWA-10500001,2002-08-13,0.53,mg/l,00665,Total Phosphorus,1,south.xlsx
USGS-21IOWA-10500001,2002-09-10,0.09,mg/l,00665,Total Phosphorus,1,south.xlsx
USGS-21IOWA-10500001,2002-10-08,0.16,mg/l,00665,Total Phosphorus,1,south.xlsx
USGS-21IOWA-10500001,2002-11-12,0.17,mg/l,00665,Total Phosphorus,1,south.xlsx
USGS-21IOWA-10500001,2002-12-10,0.21,mg/l,00665,Total Phosphorus,1,south.xlsx
USGS-21IOWA-10500001,2003-01-15,0.18,mg/l,00665,Total Phosphorus,1,south.xlsx
USGS-21IOWA-10500001,2003-02-13,0.24,mg/l,00665,Total Phosphorus,1,south.xlsx
USGS-21IOWA-10500001,2003-03-10,0.33,mg/l,00665,Total Phosphorus,1,south.xlsx
USGS-21IOWA-10500001,2003-04-07,0.25,mg/l,00665,Total Phosphorus,1,south.xlsx
USGS-21IOWA-10500001,2003-05-13,0.29,mg/l,00665,Total Phosphorus,1,south.xlsx
USGS-21IOWA-10500001,2003-06-10,0.2,mg/l,00665,Total Phosphorus,1,south.xlsx
USGS-21IOWA-10500001,2003-07-09,0.36,mg/l,00665,Total Phosphorus,1,south.xlsx
USGS-21IOWA-10500001,2003-08-12,0.13,mg/l,00665,Total Phosphorus,1,south.xlsx
USGS-21IOWA-10500001,2003-09-09,0.11,mg/l,00665,Total Phosphorus,1,south.xlsx
USGS-21IOWA-10500001,2003-10-08,0.07,mg/l,00665,Total Phosphorus,1,south.xlsx
USGS-21IOWA-10500001,2003-11-11,0.21,mg/l,00665,Total Phosphorus,1,south.xlsx
USGS-21IOWA-10500001,2003-12-09,0.17,mg/l,00665,Total Phosphorus,1,south.xlsx
USGS-21IOWA-10500001,2004-01-13,0.15,mg/l,00665,Total Phosphorus,1,south.xlsx
USGS-21IOWA-10500001,2004-02-10,0.15,mg/l,00665,Total Phosphorus,1,south.xlsx
USGS-21IOWA-10500001,2004-03-09,0.38,mg/l,00665,Total Phosphorus,1,south.xlsx
USGS-21IOWA-10500001,2004-04-14,0.09,mg/l,00665,Total Phosphorus,1,south.xlsx
USGS-21IOWA-10500001,2004-05-11,0.18,mg/l,00665,Total Phosphorus,1,south.xlsx
USGS-21IOWA-10500001,2004-06-09,0.19,mg/l,00665,Total Phosphorus,1,south.xlsx
USGS-21IOWA-10500001,2004-07-13,0.39,mg/l,00665,Total Phosphorus,1,south.xlsx
USGS-21IOWA-10500001,2004-08-12,0.11,mg/l,00665,Total Phosphorus,1,south.xlsx
USGS-21IOWA-10500001,2004-09-08,0.32,mg/l,00665,Total Phosphorus,1,south.xlsx
USGS-21IOWA-10500001,2004-10-13,0.07,mg/l,00665,Total Phosphorus,1,south.xlsx
USGS-21IOWA-10500001,2004-11-09,0.17,mg/l,00665,Total Phosphorus,1,south.xlsx
USGS-21IOWA-10500001,2004-12-14,0.12,mg/l,00665,Total Phosphorus,1,south.xlsx
USGS-21IOWA-10500001,2005-01-18,0.18,mg/l,00665,Total Phosphorus,1,south.xlsx
USGS-21IOWA-10500001,2005-02-08,0.21,mg/l,00665,Total Phosphorus,1,south.xlsx
USGS-21IOWA-10500001,2005-03-08,0.12,mg/l,00665,Total Phosphorus,1,south.xlsx
USGS-21IOWA-10500001,2005-04-12,1.6,mg/l,00665,Total Phosphorus,1,south.xlsx
USGS-21IOWA-10500001,2005-05-02,0.11,mg/l,00665,Total Phosphorus,1,south.xlsx
USGS-21IOWA-10500001,2005-06-08,0.15,mg/l,00665,Total Phosphorus,1,south.xlsx
USGS-21IOWA-10500001,2005-07-13,0.2,mg/l,00665,Total Phosphorus,1,south.xlsx
USGS-21IOWA-10500001,2005-08-09,0.11,mg/l,00665,Total Phosphorus,1,south.xlsx
USGS-21IOWA-10500001,2005-09-15,0.23,mg/l,00665,Total Phosphorus,1,south.xlsx
USGS-21IOWA-10500001,2005-10-10,0.18,mg/l,00665,Total Phosphorus,1,south.xlsx
USGS-21IOWA-10500001,2005-11-08,0.14,mg/l,00665,Total Phosphorus,1,south.xlsx
USGS-21IOWA-10500001,2005-12-13,0.35,mg/l,00665,Total Phosphorus,1,south.xlsx
USGS-21IOWA-10500001,2006-01-11,0.16,mg/l,00665,Total Phosphorus,1,south.xlsx
USGS-21IOWA-10500001,2006-02-08,0.18,mg/l,00665,Total Phosphorus,1,south.xlsx
USGS-21IOWA-10500001,2006-03-08,0.14,mg/l,00665,Total Phosphorus,1,south.xlsx
USGS-21IOWA-10500001,2006-04-11,0.13,mg/l,00665,Total Phosphorus,1,south.xlsx
USGS-21IOWA-10500001,2006-05-09,0.18,mg/l,00665,Total Phosphorus,1,south.xlsx
USGS-21IOWA-10500001,2006-06-06,0.2,mg/l,00665,Total Phosphorus,1,south.xlsx
USGS-21IOWA-10500001,2006-07-06,0.17,mg/l,00665,Total Phosphorus,1,south.xlsx
USGS-21IOWA-10500001,2006-08-09,4.2,mg/l,00665,Total Phosphorus,1,south.xlsx
USGS-21IOWA-10500001,2006-09-12,0.64,mg/l,00665,Total Phosphorus,1,south.xlsx
USGS-21IOWA-10500001,2006-10-10,0.16,mg/l,00665,Total Phosphorus,1,south.xlsx
USGS-21IOWA-10500001,2006-11-07,0.11,mg/l,00665,Total Phosphorus,1,south.xlsx
USGS-21IOWA-10500001,2006-12-12,0.18,mg/l,00665,Total Phosphorus,1,south.xlsx
USGS-21IOWA-10500001,2007-01-10,0.12,mg/l,00665,Total Phosphorus,1,south.xlsx
USGS-21IOWA-10500001,2007-02-14,0.11,mg/l,00665,Total Phosphorus,1,south.xlsx
USGS-21IOWA-10500001,2007-03-13,1.3,mg/l,00665,Total Phosphorus,1,south.xlsx
USGS-21IOWA-10500001,2007-04-10,0.13,mg/l,00665,Total Phosphorus,1,south.xlsx
USGS-21IOWA-10500001,2007-05-09,0.23,mg/l,00665,Total Phosphorus,1,south.xlsx
USGS-21IOWA-10500001,2007-06-12,0.17,mg/l,00665,Total Phosphorus,1,south.xlsx
USGS-21IOWA-10500001,2007-07-10,0.21,mg/l,00665,Total Phosphorus,1,south.xlsx
USGS-21IOWA-10500001,2007-08-08,0.19,mg/l,00665,Total Phosphorus,1,south.xlsx
USGS-21IOWA-10500001,2007-09-12,0.23,mg/l,00665,Total Phosphorus,1,south.xlsx
USGS-21IOWA-10500001,2007-10-10,0.32,mg/l,00665,Total Phosphorus,1,south.xlsx
USGS-21IOWA-10500001,2007-11-13,0.14,mg/l,00665,Total Phosphorus,1,south.xlsx
USGS-21IOWA-10500001,2007-12-12,0.13,mg/l,00665,Total Phosphorus,1,south.xlsx
USGS-21IOWA-10500001,2008-01-15,0.16,mg/l,00665,Total Phosphorus,1,south.xlsx
USGS-21IOWA-10500001,2008-02-13,0.2,mg/l,00665,Total Phosphorus,1,south.xlsx
USGS-21IOWA-10500001,2008-03-11,0.31,mg/l,00665,Total Phosphorus,1,south.xlsx
USGS-21IOWA-10500001,2008-04-08,0.16,mg/l,00665,Total Phosphorus,1,south.xlsx
USGS-21IOWA-10500001,2008-05-14,0.15,mg/l,00665,Total Phosphorus,1,south.xlsx
USGS-21IOWA-10500001,2008-06-09,0.75,mg/l,00665,Total Phosphorus,1,south.xlsx
USGS-21IOWA-10500001,2008-07-15,0.2,mg/l,00665,Total Phosphorus,1,south.xlsx
USGS-21IOWA-10500001,2008-08-12,0.19,mg/l,00665,Total Phosphorus,1,south.xlsx
USGS-21IOWA-10500001,2009-04-07,0.23,mg/l,00665,Total Phosphorus,1,south.xlsx
USGS-21IOWA-10500001,2009-05-12,0.16,mg/l,00665,Total Phosphorus,1,south.xlsx
USGS-21IOWA-10500001,2009-06-09,0.54,mg/l,00665,Total Phosphorus,1,south.xlsx
USGS-21IOWA-10500001,2009-07-08,0.3,mg/l,00665,Total Phosphorus,1,south.xlsx
USGS-21IOWA-10500001,2009-08-10,0.38,mg/l,00665,Total Phosphorus,1,south.xlsx
USGS-21IOWA-10500001,2009-09-09,0.1,mg/l,00665,Total Phosphorus,1,south.xlsx
USGS-21IOWA-10620001,1999-10-11,0.1,mg/l,00665,Total Phosphorus,1,south.xlsx
USGS-21IOWA-10620001,1999-11-02,0.0,mg/l,00665,Total Phosphorus,1,south.xlsx
USGS-21IOWA-10620001,1999-12-07,0.2,mg/l,00665,Total Phosphorus,1,south.xlsx
USGS-21IOWA-10620001,2000-01-06,0.4,mg/l,00665,Total Phosphorus,1,south.xlsx
USGS-21IOWA-10620001,2000-02-01,0.3,mg/l,00665,Total Phosphorus,1,south.xlsx
USGS-21IOWA-10620001,2000-03-02,0.3,mg/l,00665,Total Phosphorus,1,south.xlsx
USGS-21IOWA-10620001,2000-04-04,0.0,mg/l,00665,Total Phosphorus,1,south.xlsx
USGS-21IOWA-10620001,2000-05-02,0.3,mg/l,00665,Total Phosphorus,1,south.xlsx
USGS-21IOWA-10620001,2000-06-01,2.2,mg/l,00665,Total Phosphorus,1,south.xlsx
USGS-21IOWA-10620001,2000-07-05,0.8,mg/l,00665,Total Phosphorus,1,south.xlsx
USGS-21IOWA-10620001,2000-08-03,0.4,mg/l,00665,Total Phosphorus,1,south.xlsx
USGS-21IOWA-10620001,2000-09-21,0.1,mg/l,00665,Total Phosphorus,1,south.xlsx
USGS-21IOWA-10620001,2000-10-09,0.1,mg/l,00665,Total Phosphorus,1,south.xlsx
USGS-21IOWA-10620001,2000-11-07,0.5,mg/l,00665,Total Phosphorus,1,south.xlsx
USGS-21IOWA-10620001,2000-12-14,0.0,mg/l,00665,Total Phosphorus,1,south.xlsx
USGS-21IOWA-10620001,2001-01-10,0.3,mg/l,00665,Total Phosphorus,1,south.xlsx
USGS-21IOWA-10620001,2001-02-08,0.2,mg/l,00665,Total Phosphorus,1,south.xlsx
USGS-21IOWA-10620001,2001-03-12,2.3,mg/l,00665,Total Phosphorus,1,south.xlsx
USGS-21IOWA-10620001,2001-04-04,0.4,mg/l,00665,Total Phosphorus,1,south.xlsx
USGS-21IOWA-10620001,2001-05-02,0.5,mg/l,00665,Total Phosphorus,1,south.xlsx
USGS-21IOWA-10620001,2001-06-04,0.3,mg/l,00665,Total Phosphorus,1,south.xlsx
USGS-21IOWA-10620001,2001-07-02,0.2,mg/l,00665,Total Phosphorus,1,south.xlsx
USGS-21IOWA-10620001,2001-08-01,0.4,mg/l,00665,Total Phosphorus,1,south.xlsx
USGS-21IOWA-10620001,2001-09-04,0.08,mg/l,00665,Total Phosphorus,1,south.xlsx
USGS-21IOWA-10620001,2001-10-01,0.29,mg/l,00665,Total Phosphorus,1,south.xlsx
USGS-21IOWA-10620001,2001-11-01,0.26,mg/l,00665,Total Phosphorus,1,south.xlsx
USGS-21IOWA-10620001,2001-12-03,0.26,mg/l,00665,Total Phosphorus,1,south.xlsx
USGS-21IOWA-10620001,2002-01-03,0.33,mg/l,00665,Total Phosphorus,1,south.xlsx
USGS-21IOWA-10620001,2002-02-04,0.25,mg/l,00665,Total Phosphorus,1,south.xlsx
USGS-21IOWA-10620001,2002-03-04,0.28,mg/l,00665,Total Phosphorus,1,south.xlsx
USGS-21IOWA-10620001,2002-04-02,0.17,mg/l,00665,Total Phosphorus,1,south.xlsx
USGS-21IOWA-10620001,2002-05-01,0.56,mg/l,00665,Total Phosphorus,1,south.xlsx
USGS-21IOWA-10620001,2002-06-04,0.79,mg/l,00665,Total Phosphorus,1,south.xlsx
USGS-21IOWA-10620001,2002-07-02,0.2,mg/l,00665,Total Phosphorus,1,south.xlsx
USGS-21IOWA-10620001,2002-08-01,0.25,mg/l,00665,Total Phosphorus,1,south.xlsx
USGS-21IOWA-10620001,2002-09-05,0.17,mg/l,00665,Total Phosphorus,1,south.xlsx
USGS-21IOWA-10620001,2002-10-02,0.24,mg/l,00665,Total Phosphorus,1,south.xlsx
USGS-21IOWA-10620001,2002-11-06,0.24,mg/l,00665,Total Phosphorus,1,south.xlsx
USGS-21IOWA-10620001,2002-12-05,0.26,mg/l,00665,Total Phosphorus,1,south.xlsx
USGS-21IOWA-10620001,2003-01-06,0.22,mg/l,00665,Total Phosphorus,1,south.xlsx
USGS-21IOWA-10620001,2003-02-03,0.34,mg/l,00665,Total Phosphorus,1,south.xlsx
USGS-21IOWA-10620001,2003-03-03,0.6,mg/l,00665,Total Phosphorus,1,south.xlsx
USGS-21IOWA-10620001,2003-04-02,0.41,mg/l,00665,Total Phosphorus,1,south.xlsx
USGS-21IOWA-10620001,2003-05-05,1.1,mg/l,00665,Total Phosphorus,1,south.xlsx
USGS-21IOWA-10620001,2003-06-02,0.22,mg/l,00665,Total Phosphorus,1,south.xlsx
USGS-21IOWA-10620001,2003-07-01,0.43,mg/l,00665,Total Phosphorus,1,south.xlsx
USGS-21IOWA-10620001,2003-08-06,0.21,mg/l,00665,Total Phosphorus,1,south.xlsx
USGS-21IOWA-10620001,2003-09-09,0.14,mg/l,00665,Total Phosphorus,1,south.xlsx
USGS-21IOWA-10620001,2003-10-06,0.19,mg/l,00665,Total Phosphorus,1,south.xlsx
USGS-21IOWA-10620001,2003-11-03,0.66,mg/l,00665,Total Phosphorus,1,south.xlsx
USGS-21IOWA-10620001,2003-12-01,0.24,mg/l,00665,Total Phosphorus,1,south.xlsx
USGS-21IOWA-10620001,2004-01-07,0.18,mg/l,00665,Total Phosphorus,1,south.xlsx
USGS-21IOWA-10620001,2004-02-04,0.23,mg/l,00665,Total Phosphorus,1,south.xlsx
USGS-21IOWA-10620001,2004-03-01,1.1,mg/l,00665,Total Phosphorus,1,south.xlsx
USGS-21IOWA-10620001,2004-04-01,0.29,mg/l,00665,Total Phosphorus,1,south.xlsx
USGS-21IOWA-10620001,2004-05-03,0.19,mg/l,00665,Total Phosphorus,1,south.xlsx
USGS-21IOWA-10620001,2004-06-01,0.43,mg/l,00665,Total Phosphorus,1,south.xlsx
USGS-21IOWA-10620001,2004-07-08,0.41,mg/l,00665,Total Phosphorus,1,south.xlsx
USGS-21IOWA-10620001,2004-08-02,0.44,mg/l,00665,Total Phosphorus,1,south.xlsx
USGS-21IOWA-10620001,2004-09-02,0.32,mg/l,00665,Total Phosphorus,1,south.xlsx
USGS-21IOWA-10620001,2004-10-05,1.6,mg/l,00665,Total Phosphorus,1,south.xlsx
USGS-21IOWA-10620001,2004-11-01,0.32,mg/l,00665,Total Phosphorus,1,south.xlsx
USGS-21IOWA-10620001,2004-12-06,0.36,mg/l,00665,Total Phosphorus,1,south.xlsx
USGS-21IOWA-10620001,2005-01-12,0.24,mg/l,00665,Total Phosphorus,1,south.xlsx
USGS-21IOWA-10620001,2005-02-09,0.28,mg/l,00665,Total Phosphorus,1,south.xlsx
USGS-21IOWA-10620001,2005-03-10,0.18,mg/l,00665,Total Phosphorus,1,south.xlsx
USGS-21IOWA-10620001,2005-04-13,1.7,mg/l,00665,Total Phosphorus,1,south.xlsx
USGS-21IOWA-10620001,2005-05-11,0.3,mg/l,00665,Total Phosphorus,1,south.xlsx
USGS-21IOWA-10620001,2005-06-01,0.24,mg/l,00665,Total Phosphorus,1,south.xlsx
USGS-21IOWA-10620001,2005-07-07,0.34,mg/l,00665,Total Phosphorus,1,south.xlsx
USGS-21IOWA-10620001,2005-08-04,0.21,mg/l,00665,Total Phosphorus,1,south.xlsx
USGS-21IOWA-10620001,2005-09-01,0.26,mg/l,00665,Total Phosphorus,1,south.xlsx
USGS-21IOWA-10620001,2005-10-03,0.47,mg/l,00665,Total Phosphorus,1,south.xlsx
USGS-21IOWA-10620001,2005-11-03,0.24,mg/l,00665,Total Phosphorus,1,south.xlsx
USGS-21IOWA-10620001,2005-12-07,0.47,mg/l,00665,Total Phosphorus,1,south.xlsx
USGS-21IOWA-10620001,2006-01-04,0.27,mg/l,00665,Total Phosphorus,1,south.xlsx
USGS-21IOWA-10620001,2006-02-02,0.26,mg/l,00665,Total Phosphorus,1,south.xlsx
USGS-21IOWA-10620001,2006-03-02,0.3,mg/l,00665,Total Phosphorus,1,south.xlsx
USGS-21IOWA-10620001,2006-04-05,0.6,mg/l,00665,Total Phosphorus,1,south.xlsx
USGS-21IOWA-10620001,2006-05-03,0.52,mg/l,00665,Total Phosphorus,1,south.xlsx
USGS-21IOWA-10620001,2006-06-07,0.28,mg/l,00665,Total Phosphorus,1,south.xlsx
USGS-21IOWA-10620001,2006-07-05,0.26,mg/l,00665,Total Phosphorus,1,south.xlsx
USGS-21IOWA-10620001,2006-08-03,0.28,mg/l,00665,Total Phosphorus,1,south.xlsx
USGS-21IOWA-10620001,2006-09-12,1.0,mg/l,00665,Total Phosphorus,1,south.xlsx
USGS-21IOWA-10620001,2006-10-02,0.25,mg/l,00665,Total Phosphorus,1,south.xlsx
USGS-21IOWA-10620001,2006-11-01,0.18,mg/l,00665,Total Phosphorus,1,south.xlsx
USGS-21IOWA-10620001,2006-12-04,0.18,mg/l,00665,Total Phosphorus,1,south.xlsx
USGS-21IOWA-10620001,2007-01-02,0.48,mg/l,00665,Total Phosphorus,1,south.xlsx
USGS-21IOWA-10620001,2007-02-05,0.17,mg/l,00665,Total Phosphorus,1,south.xlsx
USGS-21IOWA-10620001,2007-03-05,0.28,mg/l,00665,Total Phosphorus,1,south.xlsx
USGS-21IOWA-10620001,2007-04-03,0.41,mg/l,00665,Total Phosphorus,1,south.xlsx
USGS-21IOWA-10620001,2007-05-01,0.41,mg/l,00665,Total Phosphorus,1,south.xlsx
USGS-21IOWA-10620001,2007-06-04,0.43,mg/l,00665,Total Phosphorus,1,south.xlsx
USGS-21IOWA-10620001,2007-07-03,0.27,mg/l,00665,Total Phosphorus,1,south.xlsx
USGS-21IOWA-10620001,2007-08-01,0.17,mg/l,00665,Total Phosphorus,1,south.xlsx
USGS-21IOWA-10620001,2007-09-11,0.31,mg/l,00665,Total Phosphorus,1,south.xlsx
USGS-21IOWA-10620001,2007-10-08,0.5,mg/l,00665,Total Phosphorus,1,south.xlsx
USGS-21IOWA-10620001,2007-11-08,0.19,mg/l,00665,Total Phosphorus,1,south.xlsx
USGS-21IOWA-10620001,2007-12-10,0.16,mg/l,00665,Total Phosphorus,1,south.xlsx
USGS-21IOWA-10620001,2008-01-07,0.46,mg/l,00665,Total Phosphorus,1,south.xlsx
USGS-21IOWA-10620001,2008-02-12,0.2,mg/l,00665,Total Phosphorus,1,south.xlsx
USGS-21IOWA-10620001,2008-03-10,0.49,mg/l,00665,Total Phosphorus,1,south.xlsx
USGS-21IOWA-10620001,2008-04-10,0.3,mg/l,00665,Total Phosphorus,1,south.xlsx
USGS-21IOWA-10620001,2008-05-14,0.23,mg/l,00665,Total Phosphorus,1,south.xlsx
USGS-21IOWA-10620001,2008-06-12,0.38,mg/l,00665,Total Phosphorus,1,south.xlsx
USGS-21IOWA-10620001,2008-07-14,0.31,mg/l,00665,Total Phosphorus,1,south.xlsx
USGS-21IOWA-10620001,2008-08-06,0.32,mg/l,00665,Total Phosphorus,1,south.xlsx
USGS-21IOWA-10620001,2008-09-02,0.21,mg/l,00665,Total Phosphorus,1,south.xlsx
USGS-21IOWA-10620001,2009-04-02,0.28,mg/l,00665,Total Phosphorus,1,south.xlsx
USGS-21IOWA-10620001,2009-05-05,0.34,mg/l,00665,Total Phosphorus,1,south.xlsx
USGS-21IOWA-10620001,2009-06-03,0.38,mg/l,00665,Total Phosphorus,1,south.xlsx
USGS-21IOWA-10620001,2009-07-01,0.28,mg/l,00665,Total Phosphorus,1,south.xlsx
USGS-21IOWA-10620001,2009-08-04,0.17,mg/l,00665,Total Phosphorus,1,south.xlsx
USGS-21IOWA-10620001,2009-09-03,0.22,mg/l,00665,Total Phosphorus,1,south.xlsx
USGS-21IOWA-10850001,1998-10-26,0.1,mg/l,00665,Total Phosphorus,1,south.xlsx
USGS-21IOWA-10850001,1999-01-11,0.1,mg/l,00665,Total Phosphorus,1,south.xlsx
USGS-21IOWA-10850001,1999-04-20,0.2,mg/l,00665,Total Phosphorus,1,south.xlsx
USGS-21IOWA-10850001,1999-07-15,0.4,mg/l,00665,Total Phosphorus,1,south.xlsx
USGS-21IOWA-10850001,1999-10-07,0.1,mg/l,00665,Total Phosphorus,1,south.xlsx
USGS-21IOWA-10850001,1999-11-08,0.0,mg/l,00665,Total Phosphorus,1,south.xlsx
USGS-21IOWA-10850001,1999-12-06,0.0,mg/l,00665,Total Phosphorus,1,south.xlsx
USGS-21IOWA-10850001,2000-01-10,0.0,mg/l,00665,Total Phosphorus,1,south.xlsx
USGS-21IOWA-10850001,2000-02-08,0.0,mg/l,00665,Total Phosphorus,1,south.xlsx
USGS-21IOWA-10850001,2000-03-13,0.0,mg/l,00665,Total Phosphorus,1,south.xlsx
USGS-21IOWA-10850001,2000-04-04,0.0,mg/l,00665,Total Phosphorus,1,south.xlsx
USGS-21IOWA-10850001,2000-05-08,0.4,mg/l,00665,Total Phosphorus,1,south.xlsx
USGS-21IOWA-10850001,2000-06-06,0.2,mg/l,00665,Total Phosphorus,1,south.xlsx
USGS-21IOWA-10850001,2000-07-18,0.0,mg/l,00665,Total Phosphorus,1,south.xlsx
USGS-21IOWA-10850001,2000-08-01,0.1,mg/l,00665,Total Phosphorus,1,south.xlsx
USGS-21IOWA-10850001,2000-09-11,0.0,mg/l,00665,Total Phosphorus,1,south.xlsx
USGS-21IOWA-10850002,1998-10-26,0.5,mg/l,00665,Total Phosphorus,1,south.xlsx
USGS-21IOWA-10850002,1998-11-09,0.2,mg/l,00665,Total Phosphorus,1,south.xlsx
USGS-21IOWA-10850002,1998-12-02,0.0,mg/l,00665,Total Phosphorus,1,south.xlsx
USGS-21IOWA-10850002,1999-01-11,0.4,mg/l,00665,Total Phosphorus,1,south.xlsx
USGS-21IOWA-10850002,1999-02-01,0.2,mg/l,00665,Total Phosphorus,1,south.xlsx
USGS-21IOWA-10850002,1999-03-03,0.8,mg/l,00665,Total Phosphorus,1,south.xlsx
USGS-21IOWA-10850002,1999-04-20,0.3,mg/l,00665,Total Phosphorus,1,south.xlsx
USGS-21IOWA-10850002,1999-05-27,0.2,mg/l,00665,Total Phosphorus,1,south.xlsx
USGS-21IOWA-10850002,1999-06-15,0.1,mg/l,00665,Total Phosphorus,1,south.xlsx
USGS-21IOWA-10850002,1999-07-15,0.2,mg/l,00665,Total Phosphorus,1,south.xlsx
USGS-21IOWA-10850002,1999-08-06,0.7,mg/l,00665,Total Phosphorus,1,south.xlsx
USGS-21IOWA-10850002,1999-09-02,0.7,mg/l,00665,Total Phosphorus,1,south.xlsx
USGS-21IOWA-10850002,1999-10-07,1.3,mg/l,00665,Total Phosphorus,1,south.xlsx
USGS-21IOWA-10850002,1999-11-08,0.7,mg/l,00665,Total Phosphorus,1,south.xlsx
USGS-21IOWA-10850002,1999-12-06,0.6,mg/l,00665,Total Phosphorus,1,south.xlsx
USGS-21IOWA-10850002,2000-01-10,2.2,mg/l,00665,Total Phosphorus,1,south.xlsx
USGS-21IOWA-10850002,2000-02-08,2.8,mg/l,00665,Total Phosphorus,1,south.xlsx
USGS-21IOWA-10850002,2000-03-13,1.1,mg/l,00665,Total Phosphorus,1,south.xlsx
USGS-21IOWA-10850002,2000-04-04,1.6,mg/l,00665,Total Phosphorus,1,south.xlsx
USGS-21IOWA-10850002,2000-05-08,3.1,mg/l,00665,Total Phosphorus,1,south.xlsx
USGS-21IOWA-10850002,2000-06-06,0.6,mg/l,00665,Total Phosphorus,1,south.xlsx
USGS-21IOWA-10850002,2000-07-18,0.6,mg/l,00665,Total Phosphorus,1,south.xlsx
USGS-21IOWA-10850002,2000-08-01,0.9,mg/l,00665,Total Phosphorus,1,south.xlsx
USGS-21IOWA-10850002,2000-09-11,2.4,mg/l,00665,Total Phosphorus,1,south.xlsx
USGS-21IOWA-10850002,2000-10-17,3.3,mg/l,00665,Total Phosphorus,1,south.xlsx
USGS-21IOWA-10850002,2000-11-27,3.8,mg/l,00665,Total Phosphorus,1,south.xlsx
USGS-21IOWA-10850002,2000-12-21,3.8,mg/l,00665,Total Phosphorus,1,south.xlsx
USGS-21IOWA-10850002,2001-01-16,3.2,mg/l,00665,Total Phosphorus,1,south.xlsx
USGS-21IOWA-10850002,2001-02-20,3.4,mg/l,00665,Total Phosphorus,1,south.xlsx
USGS-21IOWA-10850002,2001-03-22,0.9,mg/l,00665,Total Phosphorus,1,south.xlsx
USGS-21IOWA-10850002,2001-04-18,0.6,mg/l,00665,Total Phosphorus,1,south.xlsx
USGS-21IOWA-10850002,2001-05-16,0.2,mg/l,00665,Total Phosphorus,1,south.xlsx
USGS-21IOWA-10850002,2001-06-20,0.2,mg/l,00665,Total Phosphorus,1,south.xlsx
USGS-21IOWA-10850002,2001-07-17,0.3,mg/l,00665,Total Phosphorus,1,south.xlsx
USGS-21IOWA-10850002,2001-08-14,1.3,mg/l,00665,Total Phosphorus,1,south.xlsx
USGS-21IOWA-10850002,2001-09-18,0.28,mg/l,00665,Total Phosphorus,1,south.xlsx
USGS-21IOWA-10850002,2001-10-15,0.27,mg/l,00665,Total Phosphorus,1,south.xlsx
USGS-21IOWA-10850002,2001-11-14,0.31,mg/l,00665,Total Phosphorus,1,south.xlsx
USGS-21IOWA-10850002,2001-12-11,1.2,mg/l,00665,Total Phosphorus,1,south.xlsx
USGS-21IOWA-10850002,2002-01-16,0.34,mg/l,00665,Total Phosphorus,1,south.xlsx
USGS-21IOWA-10850002,2002-02-12,0.97,mg/l,00665,Total Phosphorus,1,south.xlsx
USGS-21IOWA-10850002,2002-03-13,0.84,mg/l,00665,Total Phosphorus,1,south.xlsx
USGS-21IOWA-10850002,2002-04-10,0.18,mg/l,00665,Total Phosphorus,1,south.xlsx
USGS-21IOWA-10850002,2002-05-14,0.34,mg/l,00665,Total Phosphorus,1,south.xlsx
USGS-21IOWA-10850002,2002-06-12,0.26,mg/l,00665,Total Phosphorus,1,south.xlsx
USGS-21IOWA-10850002,2002-07-09,0.81,mg/l,00665,Total Phosphorus,1,south.xlsx
USGS-21IOWA-10850002,2002-08-14,0.33,mg/l,00665,Total Phosphorus,1,south.xlsx
USGS-21IOWA-10850002,2002-09-11,1.4,mg/l,00665,Total Phosphorus,1,south.xlsx
USGS-21IOWA-10850002,2002-10-09,0.83,mg/l,00665,Total Phosphorus,1,south.xlsx
USGS-21IOWA-10850002,2002-11-13,0.12,mg/l,00665,Total Phosphorus,1,south.xlsx
USGS-21IOWA-10850002,2002-12-11,1.2,mg/l,00665,Total Phosphorus,1,south.xlsx
USGS-21IOWA-10850002,2003-01-15,1.4,mg/l,00665,Total Phosphorus,1,south.xlsx
USGS-21IOWA-10850002,2003-02-12,2.8,mg/l,00665,Total Phosphorus,1,south.xlsx
USGS-21IOWA-10850002,2003-03-11,2.3,mg/l,00665,Total Phosphorus,1,south.xlsx
USGS-21IOWA-10850002,2003-04-14,0.28,mg/l,00665,Total Phosphorus,1,south.xlsx
USGS-21IOWA-10850002,2003-05-14,0.6,mg/l,00665,Total Phosphorus,1,south.xlsx
USGS-21IOWA-10850002,2003-06-11,0.19,mg/l,00665,Total Phosphorus,1,south.xlsx
USGS-21IOWA-10850002,2003-07-08,0.27,mg/l,00665,Total Phosphorus,1,south.xlsx
USGS-21IOWA-10850002,2003-08-13,0.54,mg/l,00665,Total Phosphorus,1,south.xlsx
USGS-21IOWA-10850002,2003-09-10,2.6,mg/l,00665,Total Phosphorus,1,south.xlsx
USGS-21IOWA-10850002,2003-10-06,2.3,mg/l,00665,Total Phosphorus,1,south.xlsx
USGS-21IOWA-10850002,2003-11-12,1.9,mg/l,00665,Total Phosphorus,1,south.xlsx
USGS-21IOWA-10850002,2003-12-09,1.9,mg/l,00665,Total Phosphorus,1,south.xlsx
USGS-21IOWA-10850002,2004-01-14,0.62,mg/l,00665,Total Phosphorus,1,south.xlsx
USGS-21IOWA-10850002,2004-02-11,2.4,mg/l,00665,Total Phosphorus,1,south.xlsx
USGS-21IOWA-10850002,2004-03-10,0.47,mg/l,00665,Total Phosphorus,1,south.xlsx
USGS-21IOWA-10850002,2004-04-14,0.07,mg/l,00665,Total Phosphorus,1,south.xlsx
USGS-21IOWA-10850002,2004-05-12,0.13,mg/l,00665,Total Phosphorus,1,south.xlsx
USGS-21IOWA-10850002,2004-06-07,0.27,mg/l,00665,Total Phosphorus,1,south.xlsx
USGS-21IOWA-10850002,2004-07-14,0.28,mg/l,00665,Total Phosphorus,1,south.xlsx
USGS-21IOWA-10850002,2004-08-11,0.47,mg/l,00665,Total Phosphorus,1,south.xlsx
USGS-21IOWA-10850002,2004-09-08,1.2,mg/l,00665,Total Phosphorus,1,south.xlsx
USGS-21IOWA-10850002,2004-10-14,2.4,mg/l,00665,Total Phosphorus,1,south.xlsx
USGS-21IOWA-10850002,2004-11-10,0.79,mg/l,00665,Total Phosphorus,1,south.xlsx
USGS-21IOWA-10850002,2004-12-08,1.6,mg/l,00665,Total Phosphorus,1,south.xlsx
USGS-21IOWA-10850002,2005-01-18,1.9,mg/l,00665,Total Phosphorus,1,south.xlsx
USGS-21IOWA-10850002,2005-02-09,0.29,mg/l,00665,Total Phosphorus,1,south.xlsx
USGS-21IOWA-10850002,2005-03-09,0.13,mg/l,00665,Total Phosphorus,1,south.xlsx
USGS-21IOWA-10850002,2005-04-13,0.54,mg/l,00665,Total Phosphorus,1,south.xlsx
USGS-21IOWA-10850002,2005-05-02,0.06,mg/l,00665,Total Phosphorus,1,south.xlsx
USGS-21IOWA-10850002,2005-06-08,0.29,mg/l,00665,Total Phosphorus,1,south.xlsx
USGS-21IOWA-10850002,2005-07-13,0.54,mg/l,00665,Total Phosphorus,1,south.xlsx
USGS-21IOWA-10850002,2005-08-10,0.97,mg/l,00665,Total Phosphorus,1,south.xlsx
USGS-21IOWA-10850002,2005-09-14,0.68,mg/l,00665,Total Phosphorus,1,south.xlsx
USGS-21IOWA-10850002,2005-10-12,2.0,mg/l,00665,Total Phosphorus,1,south.xlsx
USGS-21IOWA-10850002,2005-11-08,1.9,mg/l,00665,Total Phosphorus,1,south.xlsx
USGS-21IOWA-10850002,2005-12-13,0.82,mg/l,00665,Total Phosphorus,1,south.xlsx
USGS-21IOWA-10850002,2006-01-10,1.0,mg/l,00665,Total Phosphorus,1,south.xlsx
USGS-21IOWA-10850002,2006-02-07,0.1,mg/l,00665,Total Phosphorus,1,south.xlsx
USGS-21IOWA-10850002,2006-03-08,0.06,mg/l,00665,Total Phosphorus,1,south.xlsx
USGS-21IOWA-10850002,2006-04-12,0.13,mg/l,00665,Total Phosphorus,1,south.xlsx
USGS-21IOWA-10850002,2006-05-09,0.29,mg/l,00665,Total Phosphorus,1,south.xlsx
USGS-21IOWA-10850002,2006-06-07,0.35,mg/l,00665,Total Phosphorus,1,south.xlsx
USGS-21IOWA-10850002,2006-07-12,0.56,mg/l,00665,Total Phosphorus,1,south.xlsx
USGS-21IOWA-10850002,2006-08-09,0.48,mg/l,00665,Total Phosphorus,1,south.xlsx
USGS-21IOWA-10850002,2006-09-12,0.63,mg/l,00665,Total Phosphorus,1,south.xlsx
USGS-21IOWA-10850002,2006-10-11,0.09,mg/l,00665,Total Phosphorus,1,south.xlsx
USGS-21IOWA-10850002,2006-11-07,0.35,mg/l,00665,Total Phosphorus,1,south.xlsx
USGS-21IOWA-10850002,2006-12-12,0.42,mg/l,00665,Total Phosphorus,1,south.xlsx
USGS-21IOWA-10850002,2007-01-10,0.2,mg/l,00665,Total Phosphorus,1,south.xlsx
USGS-21IOWA-10850002,2007-02-14,0.5,mg/l,00665,Total Phosphorus,1,south.xlsx
USGS-21IOWA-10850002,2007-03-13,1.1,mg/l,00665,Total Phosphorus,1,south.xlsx
USGS-21IOWA-10850002,2007-04-10,0.27,mg/l,00665,Total Phosphorus,1,south.xlsx
USGS-21IOWA-10850002,2007-05-09,0.22,mg/l,00665,Total Phosphorus,1,south.xlsx
USGS-21IOWA-10850002,2007-06-12,0.17,mg/l,00665,Total Phosphorus,1,south.xlsx
USGS-21IOWA-10850002,2007-07-10,0.2,mg/l,00665,Total Phosphorus,1,south.xlsx
USGS-21IOWA-10850002,2007-08-08,0.21,mg/l,00665,Total Phosphorus,1,south.xlsx
USGS-21IOWA-10850002,2007-09-12,0.76,mg/l,00665,Total Phosphorus,1,south.xlsx
USGS-21IOWA-10850002,2007-10-10,0.54,mg/l,00665,Total Phosphorus,1,south.xlsx
USGS-21IOWA-10850002,2007-11-13,0.15,mg/l,00665,Total Phosphorus,1,south.xlsx
USGS-21IOWA-10850002,2007-12-12,0.2,mg/l,00665,Total Phosphorus,1,south.xlsx
USGS-21IOWA-10850002,2008-01-15,0.21,mg/l,00665,Total Phosphorus,1,south.xlsx
USGS-21IOWA-10850002,2008-02-13,0.49,mg/l,00665,Total Phosphorus,1,south.xlsx
USGS-21IOWA-10850002,2008-03-11,0.71,mg/l,00665,Total Phosphorus,1,south.xlsx
USGS-21IOWA-10850002,2008-04-08,0.24,mg/l,00665,Total Phosphorus,1,south.xlsx
USGS-21IOWA-10850002,2008-05-14,0.23,mg/l,00665,Total Phosphorus,1,south.xlsx
USGS-21IOWA-10850002,2008-06-09,1.3,mg/l,00665,Total Phosphorus,1,south.xlsx
USGS-21IOWA-10850002,2008-07-15,0.31,mg/l,00665,Total Phosphorus,1,south.xlsx
USGS-21IOWA-10850002,2008-08-12,0.2,mg/l,00665,Total Phosphorus,1,south.xlsx
USGS-21IOWA-10850002,2009-04-07,0.26,mg/l,00665,Total Phosphorus,1,south.xlsx
USGS-21IOWA-10850002,2009-05-12,0.16,mg/l,00665,Total Phosphorus,1,south.xlsx
USGS-21IOWA-10850002,2009-06-09,0.18,mg/l,00665,Total Phosphorus,1,south.xlsx
USGS-21IOWA-10850002,2009-07-08,0.15,mg/l,00665,Total Phosphorus,1,south.xlsx
USGS-21IOWA-10850002,2009-08-10,0.33,mg/l,00665,Total Phosphorus,1,south.xlsx
USGS-21IOWA-10850002,2009-09-09,0.51,mg/l,00665,Total Phosphorus,1,south.xlsx
USGS-21IOWA-10850003,1999-10-07,0.6,mg/l,00665,Total Phosphorus,1,south.xlsx
USGS-21IOWA-10850003,2000-04-04,0.1,mg/l,00665,Total Phosphorus,1,south.xlsx
USGS-21IOWA-10850003,2000-10-17,0.1,mg/l,00665,Total Phosphorus,1,south.xlsx
USGS-21IOWA-10850003,2000-11-27,0.2,mg/l,00665,Total Phosphorus,1,south.xlsx
USGS-21IOWA-10850003,2000-12-21,0.1,mg/l,00665,Total Phosphorus,1,south.xlsx
USGS-21IOWA-10850003,2001-01-16,0.2,mg/l,00665,Total Phosphorus,1,south.xlsx
USGS-21IOWA-10850003,2001-02-20,0.0,mg/l,00665,Total Phosphorus,1,south.xlsx
USGS-21IOWA-10850003,2001-03-22,1.1,mg/l,00665,Total Phosphorus,1,south.xlsx
USGS-21IOWA-10850003,2001-04-18,0.2,mg/l,00665,Total Phosphorus,1,south.xlsx
USGS-21IOWA-10850003,2001-05-16,0.2,mg/l,00665,Total Phosphorus,1,south.xlsx
USGS-21IOWA-10850003,2001-06-20,0.2,mg/l,00665,Total Phosphorus,1,south.xlsx
USGS-21IOWA-10850003,2001-07-17,0.1,mg/l,00665,Total Phosphorus,1,south.xlsx
USGS-21IOWA-10850003,2001-08-14,0.0,mg/l,00665,Total Phosphorus,1,south.xlsx
USGS-21IOWA-10850003,2001-09-18,0.26,mg/l,00665,Total Phosphorus,1,south.xlsx
USGS-21IOWA-10850003,2001-10-15,0.11,mg/l,00665,Total Phosphorus,1,south.xlsx
USGS-21IOWA-10850003,2001-11-14,0.16,mg/l,00665,Total Phosphorus,1,south.xlsx
USGS-21IOWA-10850003,2001-12-11,0.15,mg/l,00665,Total Phosphorus,1,south.xlsx
USGS-21IOWA-10850003,2002-01-16,0.09,mg/l,00665,Total Phosphorus,1,south.xlsx
USGS-21IOWA-10850003,2002-02-12,0.12,mg/l,00665,Total Phosphorus,1,south.xlsx
USGS-21IOWA-10850003,2002-03-13,0.11,mg/l,00665,Total Phosphorus,1,south.xlsx
USGS-21IOWA-10850003,2002-04-10,0.0,mg/l,00665,Total Phosphorus,1,south.xlsx
USGS-21IOWA-10850003,2002-05-14,0.26,mg/l,00665,Total Phosphorus,1,south.xlsx
USGS-21IOWA-10850003,2002-06-12,0.25,mg/l,00665,Total Phosphorus,1,south.xlsx
USGS-21IOWA-10850003,2002-07-09,0.28,mg/l,00665,Total Phosphorus,1,south.xlsx
USGS-21IOWA-10850003,2002-08-14,0.55,mg/l,00665,Total Phosphorus,1,south.xlsx
USGS-21IOWA-10850003,2002-09-11,0.07,mg/l,00665,Total Phosphorus,1,south.xlsx
USGS-21IOWA-10850003,2002-10-09,0.21,mg/l,00665,Total Phosphorus,1,south.xlsx
USGS-21IOWA-10850003,2002-11-13,0.0,mg/l,00665,Total Phosphorus,1,south.xlsx
USGS-21IOWA-10850003,2002-12-11,0.0,mg/l,00665,Total Phosphorus,1,south.xlsx
USGS-21IOWA-10850003,2003-01-15,0.08,mg/l,00665,Total Phosphorus,1,south.xlsx
USGS-21IOWA-10850003,2003-02-12,0.21,mg/l,00665,Total Phosphorus,1,south.xlsx
USGS-21IOWA-10850003,2003-03-11,0.18,mg/l,00665,Total Phosphorus,1,south.xlsx
USGS-21IOWA-10850003,2003-04-14,0.0,mg/l,00665,Total Phosphorus,1,south.xlsx
USGS-21IOWA-10850003,2003-05-14,0.33,mg/l,00665,Total Phosphorus,1,south.xlsx
USGS-21IOWA-10850003,2003-06-11,0.11,mg/l,00665,Total Phosphorus,1,south.xlsx
USGS-21IOWA-10850003,2003-07-08,0.18,mg/l,00665,Total Phosphorus,1,south.xlsx
USGS-21IOWA-10850003,2003-08-13,0.02,mg/l,00665,Total Phosphorus,1,south.xlsx
USGS-21IOWA-10850003,2003-09-10,0.17,mg/l,00665,Total Phosphorus,1,south.xlsx
USGS-21IOWA-10850003,2003-10-06,0.06,mg/l,00665,Total Phosphorus,1,south.xlsx
USGS-21IOWA-10850003,2003-11-12,0.21,mg/l,00665,Total Phosphorus,1,south.xlsx
USGS-21IOWA-10850003,2003-12-09,0.18,mg/l,00665,Total Phosphorus,1,south.xlsx
USGS-21IOWA-10850003,2004-01-14,0.13,mg/l,00665,Total Phosphorus,1,south.xlsx
USGS-21IOWA-10850003,2004-02-11,0.19,mg/l,00665,Total Phosphorus,1,south.xlsx
USGS-21IOWA-10850003,2004-03-10,0.25,mg/l,00665,Total Phosphorus,1,south.xlsx
USGS-21IOWA-10850003,2004-04-14,0.06,mg/l,00665,Total Phosphorus,1,south.xlsx
USGS-21IOWA-10850003,2004-05-12,0.14,mg/l,00665,Total Phosphorus,1,south.xlsx
USGS-21IOWA-10850003,2004-06-07,0.18,mg/l,00665,Total Phosphorus,1,south.xlsx
USGS-21IOWA-10850003,2004-07-14,0.62,mg/l,00665,Total Phosphorus,1,south.xlsx
USGS-21IOWA-10850003,2004-08-11,0.17,mg/l,00665,Total Phosphorus,1,south.xlsx
USGS-21IOWA-10850003,2004-09-08,0.12,mg/l,00665,Total Phosphorus,1,south.xlsx
USGS-21IOWA-10850003,2004-10-14,0.07,mg/l,00665,Total Phosphorus,1,south.xlsx
USGS-21IOWA-10850003,2004-11-10,0.13,mg/l,00665,Total Phosphorus,1,south.xlsx
USGS-21IOWA-10850003,2004-12-08,0.07,mg/l,00665,Total Phosphorus,1,south.xlsx
USGS-21IOWA-10850003,2005-01-18,0.18,mg/l,00665,Total Phosphorus,1,south.xlsx
USGS-21IOWA-10850003,2005-02-09,0.27,mg/l,00665,Total Phosphorus,1,south.xlsx
USGS-21IOWA-10850003,2005-03-09,0.08,mg/l,00665,Total Phosphorus,1,south.xlsx
USGS-21IOWA-10850003,2005-04-13,0.46,mg/l,00665,Total Phosphorus,1,south.xlsx
USGS-21IOWA-10850003,2005-05-02,0.05,mg/l,00665,Total Phosphorus,1,south.xlsx
USGS-21IOWA-10850003,2005-06-08,0.08,mg/l,00665,Total Phosphorus,1,south.xlsx
USGS-21IOWA-10850003,2005-07-13,0.2,mg/l,00665,Total Phosphorus,1,south.xlsx
USGS-21IOWA-10850003,2005-08-10,0.1,mg/l,00665,Total Phosphorus,1,south.xlsx
USGS-21IOWA-10850003,2005-09-14,0.22,mg/l,00665,Total Phosphorus,1,south.xlsx
USGS-21IOWA-10850003,2005-10-12,0.11,mg/l,00665,Total Phosphorus,1,south.xlsx
USGS-21IOWA-10850003,2005-11-08,0.07,mg/l,00665,Total Phosphorus,1,south.xlsx
USGS-21IOWA-10850003,2005-12-13,0.19,mg/l,00665,Total Phosphorus,1,south.xlsx
USGS-21IOWA-10850003,2006-01-10,0.12,mg/l,00665,Total Phosphorus,1,south.xlsx
USGS-21IOWA-10850003,2006-02-07,0.09,mg/l,00665,Total Phosphorus,1,south.xlsx
USGS-21IOWA-10850003,2006-03-08,0.06,mg/l,00665,Total Phosphorus,1,south.xlsx
USGS-21IOWA-10850003,2006-04-12,0.12,mg/l,00665,Total Phosphorus,1,south.xlsx
USGS-21IOWA-10850003,2006-05-09,0.18,mg/l,00665,Total Phosphorus,1,south.xlsx
USGS-21IOWA-10850003,2006-06-07,0.12,mg/l,00665,Total Phosphorus,1,south.xlsx
USGS-21IOWA-10850003,2006-07-12,0.66,mg/l,00665,Total Phosphorus,1,south.xlsx
USGS-21IOWA-10850003,2006-08-09,0.2,mg/l,00665,Total Phosphorus,1,south.xlsx
USGS-21IOWA-10850003,2006-09-12,0.59,mg/l,00665,Total Phosphorus,1,south.xlsx
USGS-21IOWA-10850003,2006-10-11,0.08,mg/l,00665,Total Phosphorus,1,south.xlsx
USGS-21IOWA-10850003,2006-11-07,0.05,mg/l,00665,Total Phosphorus,1,south.xlsx
USGS-21IOWA-10850003,2006-12-12,0.12,mg/l,00665,Total Phosphorus,1,south.xlsx
USGS-21IOWA-10850003,2007-01-10,0.1,mg/l,00665,Total Phosphorus,1,south.xlsx
USGS-21IOWA-10850003,2007-02-14,0.08,mg/l,00665,Total Phosphorus,1,south.xlsx
USGS-21IOWA-10850003,2007-03-13,1.1,mg/l,00665,Total Phosphorus,1,south.xlsx
USGS-21IOWA-10850003,2007-04-10,0.1,mg/l,00665,Total Phosphorus,1,south.xlsx
USGS-21IOWA-10850003,2007-05-09,0.18,mg/l,00665,Total Phosphorus,1,south.xlsx
USGS-21IOWA-10850003,2007-06-12,0.13,mg/l,00665,Total Phosphorus,1,south.xlsx
USGS-21IOWA-10850003,2007-07-10,0.15,mg/l,00665,Total Phosphorus,1,south.xlsx
USGS-21IOWA-10850003,2007-08-08,0.12,mg/l,00665,Total Phosphorus,1,south.xlsx
USGS-21IOWA-10850003,2007-09-12,0.18,mg/l,00665,Total Phosphorus,1,south.xlsx
USGS-21IOWA-10850003,2007-10-10,0.4,mg/l,00665,Total Phosphorus,1,south.xlsx
USGS-21IOWA-10850003,2007-11-13,0.1,mg/l,00665,Total Phosphorus,1,south.xlsx
USGS-21IOWA-10850003,2007-12-12,0.06,mg/l,00665,Total Phosphorus,1,south.xlsx
USGS-21IOWA-10850003,2008-01-15,0.08,mg/l,00665,Total Phosphorus,1,south.xlsx
USGS-21IOWA-10850003,2008-02-13,0.16,mg/l,00665,Total Phosphorus,1,south.xlsx
USGS-21IOWA-10850003,2008-03-11,0.59,mg/l,00665,Total Phosphorus,1,south.xlsx
USGS-21IOWA-10850003,2008-04-08,0.18,mg/l,00665,Total Phosphorus,1,south.xlsx
USGS-21IOWA-10850003,2008-05-14,0.14,mg/l,00665,Total Phosphorus,1,south.xlsx
USGS-21IOWA-10850003,2008-06-09,1.3,mg/l,00665,Total Phosphorus,1,south.xlsx
USGS-21IOWA-10850003,2008-07-15,0.19,mg/l,00665,Total Phosphorus,1,south.xlsx
USGS-21IOWA-10850003,2008-08-12,0.09,mg/l,00665,Total Phosphorus,1,south.xlsx
USGS-21IOWA-10850003,2009-04-07,0.18,mg/l,00665,Total Phosphorus,1,south.xlsx
USGS-21IOWA-10850003,2009-05-12,0.11,mg/l,00665,Total Phosphorus,1,south.xlsx
USGS-21IOWA-10850003,2009-06-09,0.16,mg/l,00665,Total Phosphorus,1,south.xlsx
USGS-21IOWA-10850003,2009-07-08,0.13,mg/l,00665,Total Phosphorus,1,south.xlsx
USGS-21IOWA-10850003,2009-08-10,0.24,mg/l,00665,Total Phosphorus,1,south.xlsx
USGS-21IOWA-10850003,2009-09-09,0.1,mg/l,00665,Total Phosphorus,1,south.xlsx
USGS-21IOWA-11400004,2007-07-10,0.11,mg/l,00665,Total Phosphorus,1,south.xlsx
USGS-21IOWA-11400004,2007-07-26,0.17,mg/l,00665,Total Phosphorus,1,south.xlsx
USGS-21IOWA-11400004,2007-08-08,0.57,mg/l,00665,Total Phosphorus,1,south.xlsx
USGS-21IOWA-11400004,2007-08-21,0.4,mg/l,00665,Total Phosphorus,1,south.xlsx
USGS-21IOWA-11400004,2007-09-06,0.22,mg/l,00665,Total Phosphorus,1,south.xlsx
USGS-21IOWA-11400004,2007-09-17,0.13,mg/l,00665,Total Phosphorus,1,south.xlsx
USGS-21IOWA-11400004,2007-10-02,0.08,mg/l,00665,Total Phosphorus,1,south.xlsx
USGS-21IOWA-11400004,2007-10-17,0.19,mg/l,00665,Total Phosphorus,1,south.xlsx
USGS-21IOWA-11400004,2007-11-05,0.06,mg/l,00665,Total Phosphorus,1,south.xlsx
USGS-21IOWA-11400004,2007-12-03,0.07,mg/l,00665,Total Phosphorus,1,south.xlsx
USGS-21IOWA-11400004,2008-01-07,0.1,mg/l,00665,Total Phosphorus,1,south.xlsx
USGS-21IOWA-11400004,2008-02-12,0.31,mg/l,00665,Total Phosphorus,1,south.xlsx
USGS-21IOWA-11400004,2008-03-06,1.1,mg/l,00665,Total Phosphorus,1,south.xlsx
USGS-21IOWA-11400004,2008-03-18,0.92,mg/l,00665,Total Phosphorus,1,south.xlsx
USGS-21IOWA-11400004,2008-04-01,0.69,mg/l,00665,Total Phosphorus,1,south.xlsx
USGS-21IOWA-11400004,2008-04-23,0.11,mg/l,00665,Total Phosphorus,1,south.xlsx
USGS-21IOWA-11400004,2008-05-13,0.08,mg/l,00665,Total Phosphorus,1,south.xlsx
USGS-21IOWA-11400004,2008-05-27,0.05,mg/l,00665,Total Phosphorus,1,south.xlsx
USGS-21IOWA-11400004,2008-06-11,0.39,mg/l,00665,Total Phosphorus,1,south.xlsx
USGS-21IOWA-11400004,2008-06-24,0.29,mg/l,00665,Total Phosphorus,1,south.xlsx
USGS-21IOWA-11400004,2008-07-08,0.16,mg/l,00665,Total Phosphorus,1,south.xlsx
USGS-21IOWA-11400004,2008-07-24,0.23,mg/l,00665,Total Phosphorus,1,south.xlsx
USGS-21IOWA-11400004,2008-08-04,0.13,mg/l,00665,Total Phosphorus,1,south.xlsx
USGS-21IOWA-11400004,2008-08-18,0.08,mg/l,00665,Total Phosphorus,1,south.xlsx
USGS-21IOWA-11400004,2008-09-04,0.1,mg/l,00665,Total Phosphorus,1,south.xlsx
USGS-21IOWA-11400004,2008-09-16,0.1,mg/l,00665,Total Phosphorus,1,south.xlsx
USGS-21IOWA-11400004,2008-10-01,0.1,mg/l,00665,Total Phosphorus,1,south.xlsx
USGS-21IOWA-11400004,2008-10-06,0.08,mg/l,00665,Total Phosphorus,1,south.xlsx
USGS-21IOWA-11400004,2008-10-22,0.12,mg/l,00665,Total Phosphorus,1,south.xlsx
USGS-21IOWA-11400004,2008-11-06,0.62,mg/l,00665,Total Phosphorus,1,south.xlsx
USGS-21IOWA-11400004,2008-11-19,0.07,mg/l,00665,Total Phosphorus,1,south.xlsx
USGS-21IOWA-11400004,2008-12-03,0.07,mg/l,00665,Total Phosphorus,1,south.xlsx
USGS-21IOWA-16500001,2003-04-16,0.23,mg/l,00665,Total Phosphorus,1,south.xlsx
USGS-21IOWA-16500001,2003-04-23,0.19,mg/l,00665,Total Phosphorus,1,south.xlsx
USGS-21IOWA-16500001,2003-05-19,0.17,mg/l,00665,Total Phosphorus,1,south.xlsx
USGS-21IOWA-16500001,2003-05-27,0.0,mg/l,00665,Total Phosphorus,1,south.xlsx
USGS-21IOWA-16500001,2003-06-03,0.12,mg/l,00665,Total Phosphorus,1,south.xlsx
USGS-21IOWA-16500001,2003-06-19,0.26,mg/l,00665,Total Phosphorus,1,south.xlsx
USGS-21IOWA-16500001,2003-06-26,4.8,mg/l,00665,Total Phosphorus,1,south.xlsx
USGS-21IOWA-16500001,2003-07-17,0.18,mg/l,00665,Total Phosphorus,1,south.xlsx
USGS-21IOWA-16500001,2003-07-24,0.2,mg/l,00665,Total Phosphorus,1,south.xlsx
USGS-21IOWA-16500001,2003-08-08,0.07,mg/l,00665,Total Phosphorus,1,south.xlsx
USGS-21IOWA-16500001,2003-08-15,0.04,mg/l,00665,Total Phosphorus,1,south.xlsx
USGS-21IOWA-16500001,2003-09-17,0.26,mg/l,00665,Total Phosphorus,1,south.xlsx
USGS-21IOWA-16500001,2003-09-24,0.55,mg/l,00665,Total Phosphorus,1,south.xlsx
USGS-21IOWA-16850001,2002-06-06,0.14,mg/l,00665,Total Phosphorus,1,south.xlsx
USGS-21IOWA-16850001,2002-06-20,0.09,mg/l,00665,Total Phosphorus,1,south.xlsx
USGS-21IOWA_WQX-10500001,2000-01-10,0.1,mg/L,00665,Total Phosphorus,1,south.xlsx
USGS-21IOWA_WQX-10500001,2000-03-13,0.1,mg/L,00665,Total Phosphorus,1,south.xlsx
USGS-21IOWA_WQX-10500001,2000-04-17,0.2,mg/L,00665,Total Phosphorus,1,south.xlsx
USGS-21IOWA_WQX-10500001,2000-05-08,0.6,mg/L,00665,Total Phosphorus,1,south.xlsx
USGS-21IOWA_WQX-10500001,2000-06-06,0.3,mg/L,00665,Total Phosphorus,1,south.xlsx
USGS-21IOWA_WQX-10500001,2000-07-18,0.2,mg/L,00665,Total Phosphorus,1,south.xlsx
USGS-21IOWA_WQX-10500001,2000-08-01,0.2,mg/L,00665,Total Phosphorus,1,south.xlsx
USGS-21IOWA_WQX-10500001,2000-09-11,0.1,mg/L,00665,Total Phosphorus,1,south.xlsx
USGS-21IOWA_WQX-10500001,2000-11-28,0.2,mg/L,00665,Total Phosphorus,1,south.xlsx
USGS-21IOWA_WQX-10500001,2000-12-20,0.2,mg/L,00665,Total Phosphorus,1,south.xlsx
USGS-21IOWA_WQX-10500001,2001-01-16,0.2,mg/L,00665,Total Phosphorus,1,south.xlsx
USGS-21IOWA_WQX-10500001,2001-02-21,0.2,mg/L,00665,Total Phosphorus,1,south.xlsx
USGS-21IOWA_WQX-10500001,2001-03-21,0.8,mg/L,00665,Total Phosphorus,1,south.xlsx
USGS-21IOWA_WQX-10500001,2001-04-17,0.2,mg/L,00665,Total Phosphorus,1,south.xlsx
USGS-21IOWA_WQX-10500001,2001-05-15,0.3,mg/L,00665,Total Phosphorus,1,south.xlsx
USGS-21IOWA_WQX-10500001,2001-06-19,0.3,mg/L,00665,Total Phosphorus,1,south.xlsx
USGS-21IOWA_WQX-10500001,2001-07-17,0.1,mg/L,00665,Total Phosphorus,1,south.xlsx
USGS-21IOWA_WQX-10500001,2001-09-17,0.75,mg/L,00665,Total Phosphorus,1,south.xlsx
USGS-21IOWA_WQX-10500001,2001-10-15,0.16,mg/L,00665,Total Phosphorus,1,south.xlsx
USGS-21IOWA_WQX-10500001,2001-11-13,0.09,mg/L,00665,Total Phosphorus,1,south.xlsx
USGS-21IOWA_WQX-10500001,2001-12-10,0.19,mg/L,00665,Total Phosphorus,1,south.xlsx
USGS-21IOWA_WQX-10500001,2002-01-15,0.11,mg/L,00665,Total Phosphorus,1,south.xlsx
USGS-21IOWA_WQX-10500001,2002-02-13,0.19,mg/L,00665,Total Phosphorus,1,south.xlsx
USGS-21IOWA_WQX-10500001,2002-03-12,0.14,mg/L,00665,Total Phosphorus,1,south.xlsx
USGS-21IOWA_WQX-10500001,2002-04-10,0.08,mg/L,00665,Total Phosphorus,1,south.xlsx
USGS-21IOWA_WQX-10500001,2002-05-15,0.34,mg/L,00665,Total Phosphorus,1,south.xlsx
USGS-21IOWA_WQX-10500001,2002-06-11,0.87,mg/L,00665,Total Phosphorus,1,south.xlsx
USGS-21IOWA_WQX-10500001,2002-07-09,0.4,mg/L,00665,Total Phosphorus,1,south.xlsx
USGS-21IOWA_WQX-10500001,2002-08-13,0.53,mg/L,00665,Total Phosphorus,1,south.xlsx
USGS-21IOWA_WQX-10500001,2002-09-10,0.09,mg/L,00665,Total Phosphorus,1,south.xlsx
USGS-21IOWA_WQX-10500001,2002-10-08,0.16,mg/L,00665,Total Phosphorus,1,south.xlsx
USGS-21IOWA_WQX-10500001,2002-11-12,0.17,mg/L,00665,Total Phosphorus,1,south.xlsx
USGS-21IOWA_WQX-10500001,2002-12-10,0.21,mg/L,00665,Total Phosphorus,1,south.xlsx
USGS-21IOWA_WQX-10500001,2003-01-15,0.18,mg/L,00665,Total Phosphorus,1,south.xlsx
USGS-21IOWA_WQX-10500001,2003-02-13,0.24,mg/L,00665,Total Phosphorus,1,south.xlsx
USGS-21IOWA_WQX-10500001,2003-03-10,0.33,mg/L,00665,Total Phosphorus,1,south.xlsx
USGS-21IOWA_WQX-10500001,2003-04-07,0.25,mg/L,00665,Total Phosphorus,1,south.xlsx
USGS-21IOWA_WQX-10500001,2003-05-13,0.29,mg/L,00665,Total Phosphorus,1,south.xlsx
USGS-21IOWA_WQX-10500001,2003-06-10,0.2,mg/L,00665,Total Phosphorus,1,south.xlsx
USGS-21IOWA_WQX-10500001,2003-07-09,0.36,mg/L,00665,Total Phosphorus,1,south.xlsx
USGS-21IOWA_WQX-10500001,2003-08-12,0.13,mg/L,00665,Total Phosphorus,1,south.xlsx
USGS-21IOWA_WQX-10500001,2003-09-09,0.11,mg/L,00665,Total Phosphorus,1,south.xlsx
USGS-21IOWA_WQX-10500001,2003-10-08,0.07,mg/L,00665,Total Phosphorus,1,south.xlsx
USGS-21IOWA_WQX-10500001,2003-11-11,0.21,mg/L,00665,Total Phosphorus,1,south.xlsx
USGS-21IOWA_WQX-10500001,2003-12-09,0.17,mg/L,00665,Total Phosphorus,1,south.xlsx
USGS-21IOWA_WQX-10500001,2004-01-13,0.15,mg/L,00665,Total Phosphorus,1,south.xlsx
USGS-21IOWA_WQX-10500001,2004-02-10,0.15,mg/L,00665,Total Phosphorus,1,south.xlsx
USGS-21IOWA_WQX-10500001,2004-03-09,0.38,mg/L,00665,Total Phosphorus,1,south.xlsx
USGS-21IOWA_WQX-10500001,2004-04-14,0.09,mg/L,00665,Total Phosphorus,1,south.xlsx
USGS-21IOWA_WQX-10500001,2004-05-11,0.18,mg/L,00665,Total Phosphorus,1,south.xlsx
USGS-21IOWA_WQX-10500001,2004-06-09,0.19,mg/L,00665,Total Phosphorus,1,south.xlsx
USGS-21IOWA_WQX-10500001,2004-07-13,0.39,mg/L,00665,Total Phosphorus,1,south.xlsx
USGS-21IOWA_WQX-10500001,2004-08-12,0.11,mg/L,00665,Total Phosphorus,1,south.xlsx
USGS-21IOWA_WQX-10500001,2004-09-08,0.32,mg/L,00665,Total Phosphorus,1,south.xlsx
USGS-21IOWA_WQX-10500001,2004-10-13,0.07,mg/L,00665,Total Phosphorus,1,south.xlsx
USGS-21IOWA_WQX-10500001,2004-11-09,0.17,mg/L,00665,Total Phosphorus,1,south.xlsx
USGS-21IOWA_WQX-10500001,2004-12-14,0.12,mg/L,00665,Total Phosphorus,1,south.xlsx
USGS-21IOWA_WQX-10500001,2005-01-18,0.18,mg/L,00665,Total Phosphorus,1,south.xlsx
USGS-21IOWA_WQX-10500001,2005-02-08,0.21,mg/L,00665,Total Phosphorus,1,south.xlsx
USGS-21IOWA_WQX-10500001,2005-03-08,0.12,mg/L,00665,Total Phosphorus,1,south.xlsx
USGS-21IOWA_WQX-10500001,2005-04-12,1.6,mg/L,00665,Total Phosphorus,1,south.xlsx
USGS-21IOWA_WQX-10500001,2005-05-02,0.11,mg/L,00665,Total Phosphorus,1,south.xlsx
USGS-21IOWA_WQX-10500001,2005-06-08,0.15,mg/L,00665,Total Phosphorus,1,south.xlsx
USGS-21IOWA_WQX-10500001,2005-07-13,0.2,mg/L,00665,Total Phosphorus,1,south.xlsx
USGS-21IOWA_WQX-10500001,2005-08-09,0.11,mg/L,00665,Total Phosphorus,1,south.xlsx
USGS-21IOWA_WQX-10500001,2005-09-15,0.23,mg/L,00665,Total Phosphorus,1,south.xlsx
USGS-21IOWA_WQX-10500001,2005-10-10,0.18,mg/L,00665,Total Phosphorus,1,south.xlsx
USGS-21IOWA_WQX-10500001,2005-11-08,0.14,mg/L,00665,Total Phosphorus,1,south.xlsx
USGS-21IOWA_WQX-10500001,2005-12-13,0.35,mg/L,00665,Total Phosphorus,1,south.xlsx
USGS-21IOWA_WQX-10500001,2006-01-11,0.16,mg/L,00665,Total Phosphorus,1,south.xlsx
USGS-21IOWA_WQX-10500001,2006-02-08,0.18,mg/L,00665,Total Phosphorus,1,south.xlsx
USGS-21IOWA_WQX-10500001,2006-03-08,0.14,mg/L,00665,Total Phosphorus,1,south.xlsx
USGS-21IOWA_WQX-10500001,2006-04-11,0.13,mg/L,00665,Total Phosphorus,1,south.xlsx
USGS-21IOWA_WQX-10500001,2006-05-09,0.18,mg/L,00665,Total Phosphorus,1,south.xlsx
USGS-21IOWA_WQX-10500001,2006-06-06,0.2,mg/L,00665,Total Phosphorus,1,south.xlsx
USGS-21IOWA_WQX-10500001,2006-07-06,0.17,mg/L,00665,Total Phosphorus,1,south.xlsx
USGS-21IOWA_WQX-10500001,2006-08-09,4.2,mg/L,00665,Total Phosphorus,1,south.xlsx
USGS-21IOWA_WQX-10500001,2006-09-12,0.64,mg/L,00665,Total Phosphorus,1,south.xlsx
USGS-21IOWA_WQX-10500001,2006-10-10,0.16,mg/L,00665,Total Phosphorus,1,south.xlsx
USGS-21IOWA_WQX-10500001,2006-11-07,0.11,mg/L,00665,Total Phosphorus,1,south.xlsx
USGS-21IOWA_WQX-10500001,2006-12-12,0.18,mg/L,00665,Total Phosphorus,1,south.xlsx
USGS-21IOWA_WQX-10500001,2008-01-15,0.16,mg/L,00665,Total Phosphorus,1,south.xlsx
USGS-21IOWA_WQX-10500001,2008-02-13,0.2,mg/L,00665,Total Phosphorus,1,south.xlsx
USGS-21IOWA_WQX-10500001,2008-03-11,0.31,mg/L,00665,Total Phosphorus,1,south.xlsx
USGS-21IOWA_WQX-10500001,2008-04-08,0.16,mg/L,00665,Total Phosphorus,1,south.xlsx
USGS-21IOWA_WQX-10500001,2008-05-14,0.15,mg/L,00665,Total Phosphorus,1,south.xlsx
USGS-21IOWA_WQX-10500001,2008-06-09,0.75,mg/L,00665,Total Phosphorus,1,south.xlsx
USGS-21IOWA_WQX-10500001,2008-07-15,0.2,mg/L,00665,Total Phosphorus,1,south.xlsx
USGS-21IOWA_WQX-10500001,2008-08-12,0.19,mg/L,00665,Total Phosphorus,1,south.xlsx
USGS-21IOWA_WQX-10500001,2009-04-07,0.23,mg/L,00665,Total Phosphorus,1,south.xlsx
USGS-21IOWA_WQX-10500001,2009-05-12,0.16,mg/L,00665,Total Phosphorus,1,south.xlsx
USGS-21IOWA_WQX-10500001,2009-06-09,0.54,mg/L,00665,Total Phosphorus,1,south.xlsx
USGS-21IOWA_WQX-10500001,2009-07-08,0.3,mg/L,00665,Total Phosphorus,1,south.xlsx
USGS-21IOWA_WQX-10500001,2009-08-10,0.38,mg/L,00665,Total Phosphorus,1,south.xlsx
USGS-21IOWA_WQX-10500001,2009-09-09,0.1,mg/L,00665,Total Phosphorus,1,south.xlsx
USGS-21IOWA_WQX-10500001,2009-10-12,0.22,mg/L,00665,Total Phosphorus,1,south.xlsx
USGS-21IOWA_WQX-10500001,2009-11-10,0.16,mg/L,00665,Total Phosphorus,1,south.xlsx
USGS-21IOWA_WQX-10500001,2009-12-17,0.13,mg/L,00665,Total Phosphorus,1,south.xlsx
USGS-21IOWA_WQX-10500001,2010-01-12,0.16,mg/L,00665,Total Phosphorus,1,south.xlsx
USGS-21IOWA_WQX-10500001,2010-02-16,0.12,mg/L,00665,Total Phosphorus,1,south.xlsx
USGS-21IOWA_WQX-10500001,2010-03-09,0.68,mg/L,00665,Total Phosphorus,1,south.xlsx
USGS-21IOWA_WQX-10500001,2010-04-13,0.15,mg/L,00665,Total Phosphorus,1,south.xlsx
USGS-21IOWA_WQX-10500001,2010-05-11,0.39,mg/L,00665,Total Phosphorus,1,south.xlsx
USGS-21IOWA_WQX-10500001,2010-06-08,0.24,mg/L,00665,Total Phosphorus,1,south.xlsx
USGS-21IOWA_WQX-10500001,2010-07-13,0.6,mg/L,00665,Total Phosphorus,1,south.xlsx
USGS-21IOWA_WQX-10500001,2010-08-09,0.86,mg/L,00665,Total Phosphorus,1,south.xlsx
USGS-21IOWA_WQX-10500001,2010-09-07,0.18,mg/L,00665,Total Phosphorus,1,south.xlsx
USGS-21IOWA_WQX-10500001,2010-10-12,0.1,mg/L,00665,Total Phosphorus,1,south.xlsx
USGS-21IOWA_WQX-10500001,2010-11-09,0.08,mg/L,00665,Total Phosphorus,1,south.xlsx
USGS-21IOWA_WQX-10500001,2010-12-07,0.12,mg/L,00665,Total Phosphorus,1,south.xlsx
USGS-21IOWA_WQX-10500001,2011-01-13,0.11,mg/L,00665,Total Phosphorus,1,south.xlsx
USGS-21IOWA_WQX-10500001,2011-02-09,0.18,mg/L,00665,Total Phosphorus,1,south.xlsx
USGS-21IOWA_WQX-10500001,2011-03-09,0.22,mg/L,00665,Total Phosphorus,1,south.xlsx
USGS-21IOWA_WQX-10500001,2011-04-13,0.16,mg/L,00665,Total Phosphorus,1,south.xlsx
USGS-21IOWA_WQX-10500001,2011-05-10,0.15,mg/L,00665,Total Phosphorus,1,south.xlsx
USGS-21IOWA_WQX-10500001,2011-06-15,0.4,mg/L,00665,Total Phosphorus,1,south.xlsx
USGS-21IOWA_WQX-10500001,2011-07-12,0.43,mg/L,00665,Total Phosphorus,1,south.xlsx
USGS-21IOWA_WQX-10500001,2011-08-08,1.1,mg/L,00665,Total Phosphorus,1,south.xlsx
USGS-21IOWA_WQX-10500001,2011-09-13,0.13,mg/L,00665,Total Phosphorus,1,south.xlsx
USGS-21IOWA_WQX-10500001,2011-10-11,0.14,mg/L,00665,Total Phosphorus,1,south.xlsx
USGS-21IOWA_WQX-10500001,2011-11-09,0.31,mg/L,00665,Total Phosphorus,1,south.xlsx
USGS-21IOWA_WQX-10500001,2011-12-13,0.27,mg/L,00665,Total Phosphorus,1,south.xlsx
USGS-21IOWA_WQX-10500001,2012-01-10,0.28,mg/L,00665,Total Phosphorus,1,south.xlsx
USGS-21IOWA_WQX-10500001,2012-02-07,0.3,mg/L,00665,Total Phosphorus,1,south.xlsx
USGS-21IOWA_WQX-10500001,2012-03-12,0.19,mg/L,00665,Total Phosphorus,1,south.xlsx
USGS-21IOWA_WQX-10500001,2012-04-10,0.22,mg/L,00665,Total Phosphorus,1,south.xlsx
USGS-21IOWA_WQX-10500001,2012-05-09,0.21,mg/L,00665,Total Phosphorus,1,south.xlsx
USGS-21IOWA_WQX-10500001,2012-06-05,0.23,mg/L,00665,Total Phosphorus,1,south.xlsx
USGS-21IOWA_WQX-10500001,2012-07-09,0.23,mg/L,00665,Total Phosphorus,1,south.xlsx
USGS-21IOWA_WQX-10500001,2012-08-06,0.78,mg/L,00665,Total Phosphorus,1,south.xlsx
USGS-21IOWA_WQX-10500001,2012-09-11,0.16,mg/L,00665,Total Phosphorus,1,south.xlsx
USGS-21IOWA_WQX-10500001,2012-10-09,0.07,mg/L,00665,Total Phosphorus,1,south.xlsx
USGS-21IOWA_WQX-10500001,2012-11-13,0.23,mg/L,00665,Total Phosphorus,1,south.xlsx
USGS-21IOWA_WQX-10500001,2012-12-10,0.12,mg/L,00665,Total Phosphorus,1,south.xlsx
USGS-21IOWA_WQX-10500001,2013-01-15,0.1,mg/L,00665,Total Phosphorus,1,south.xlsx
USGS-21IOWA_WQX-10500001,2013-02-13,0.78,mg/L,00665,Total Phosphorus,1,south.xlsx
USGS-21IOWA_WQX-10500001,2013-03-14,0.59,mg/L,00665,Total Phosphorus,1,south.xlsx
USGS-21IOWA_WQX-10500001,2013-04-08,0.22,mg/L,00665,Total Phosphorus,1,south.xlsx
USGS-21IOWA_WQX-10500001,2013-05-01,0.16,mg/L,00665,Total Phosphorus,1,south.xlsx
USGS-21IOWA_WQX-10500001,2013-06-05,0.63,mg/L,00665,Total Phosphorus,1,south.xlsx
USGS-21IOWA_WQX-10500001,2013-07-09,0.18,mg/L,00665,Total Phosphorus,1,south.xlsx
USGS-21IOWA_WQX-10500001,2013-08-07,0.14,mg/L,00665,Total Phosphorus,1,south.xlsx
USGS-21IOWA_WQX-10500001,2013-09-09,0.1,mg/L,00665,Total Phosphorus,1,south.xlsx
USGS-21IOWA_WQX-10500001,2013-10-10,0.15,mg/L,00665,Total Phosphorus,1,south.xlsx
USGS-21IOWA_WQX-10500001,2013-11-12,0.32,mg/L,00665,Total Phosphorus,1,south.xlsx
USGS-21IOWA_WQX-10500001,2013-12-12,0.18,mg/L,00665,Total Phosphorus,1,south.xlsx
USGS-21IOWA_WQX-10500001,2014-01-15,0.15,mg/L,00665,Total Phosphorus,1,south.xlsx
USGS-21IOWA_WQX-10500001,2014-02-11,0.08,mg/L,00665,Total Phosphorus,1,south.xlsx
USGS-21IOWA_WQX-10500001,2014-03-11,1.8,mg/L,00665,Total Phosphorus,1,south.xlsx
USGS-21IOWA_WQX-10500001,2014-04-07,0.28,mg/L,00665,Total Phosphorus,1,south.xlsx
USGS-21IOWA_WQX-10500001,2014-05-05,0.27,mg/L,00665,Total Phosphorus,1,south.xlsx
USGS-21IOWA_WQX-10500001,2014-06-05,0.28,mg/L,00665,Total Phosphorus,1,south.xlsx
USGS-21IOWA_WQX-10500001,2014-07-02,0.6,mg/L,00665,Total Phosphorus,1,south.xlsx
USGS-21IOWA_WQX-10500001,2014-08-07,0.16,mg/L,00665,Total Phosphorus,1,south.xlsx
USGS-21IOWA_WQX-10500001,2014-09-04,0.49,mg/L,00665,Total Phosphorus,1,south.xlsx
USGS-21IOWA_WQX-10500001,2015-02-05,0.14,mg/L,00665,Total Phosphorus,1,south.xlsx
USGS-21IOWA_WQX-10500001,2015-03-02,0.11,mg/L,00665,Total Phosphorus,1,south.xlsx
USGS-21IOWA_WQX-10500001,2015-04-02,0.14,mg/L,00665,Total Phosphorus,1,south.xlsx
USGS-21IOWA_WQX-10500001,2015-05-13,0.17,mg/L,00665,Total Phosphorus,1,south.xlsx
USGS-21IOWA_WQX-10500001,2015-06-02,0.22,mg/L,00665,Total Phosphorus,1,south.xlsx
USGS-21IOWA_WQX-10500001,2015-07-07,0.8,mg/L,00665,Total Phosphorus,1,south.xlsx
USGS-21IOWA_WQX-10500001,2015-08-05,0.25,mg/L,00665,Total Phosphorus,1,south.xlsx
USGS-21IOWA_WQX-10500001,2015-09-03,0.16,mg/L,00665,Total Phosphorus,1,south.xlsx
USGS-21IOWA_WQX-10500001,2015-10-01,0.2,mg/L,00665,Total Phosphorus,1,south.xlsx
USGS-21IOWA_WQX-10500001,2015-11-11,0.12,mg/L,00665,Total Phosphorus,1,south.xlsx
USGS-21IOWA_WQX-10500001,2015-12-03,0.16,mg/L,00665,Total Phosphorus,1,south.xlsx
USGS-21IOWA_WQX-10500001,2016-01-07,0.13,mg/L,00665,Total Phosphorus,1,south.xlsx
USGS-21IOWA_WQX-10500001,2016-02-01,0.38,mg/L,00665,Total Phosphorus,1,south.xlsx
USGS-21IOWA_WQX-10500001,2016-03-02,0.15,mg/L,00665,Total Phosphorus,1,south.xlsx
USGS-21IOWA_WQX-10500001,2016-04-12,0.09,mg/L,00665,Total Phosphorus,1,south.xlsx
USGS-21IOWA_WQX-10500001,2016-05-04,0.2,mg/L,00665,Total Phosphorus,1,south.xlsx
USGS-21IOWA_WQX-10500001,2016-06-02,0.32,mg/L,00665,Total Phosphorus,1,south.xlsx
USGS-21IOWA_WQX-10500001,2016-07-12,0.25,mg/L,00665,Total Phosphorus,1,south.xlsx
USGS-21IOWA_WQX-10500001,2016-08-10,0.19,mg/L,00665,Total Phosphorus,1,south.xlsx
USGS-21IOWA_WQX-10500001,2016-09-01,0.3,mg/L,00665,Total Phosphorus,1,south.xlsx
USGS-21IOWA_WQX-10500001,2016-10-04,0.24,mg/L,00665,Total Phosphorus,1,south.xlsx
USGS-21IOWA_WQX-10500001,2016-11-03,0.14,mg/L,00665,Total Phosphorus,1,south.xlsx
USGS-21IOWA_WQX-10500001,2016-12-07,0.15,mg/L,00665,Total Phosphorus,1,south.xlsx
USGS-21IOWA_WQX-10500001,2017-01-03,0.16,mg/L,00665,Total Phosphorus,1,south.xlsx
USGS-21IOWA_WQX-10500001,2017-02-01,0.33,mg/L,00665,Total Phosphorus,1,south.xlsx
USGS-21IOWA_WQX-10500001,2017-03-01,0.2,mg/L,00665,Total Phosphorus,1,south.xlsx
USGS-21IOWA_WQX-10500001,2017-04-05,0.2,mg/L,00665,Total Phosphorus,1,south.xlsx
USGS-21IOWA_WQX-10500001,2017-05-10,0.16,mg/L,00665,Total Phosphorus,1,south.xlsx
USGS-21IOWA_WQX-10500001,2017-06-01,0.13,mg/L,00665,Total Phosphorus,1,south.xlsx
USGS-21IOWA_WQX-10500001,2017-07-06,0.17,mg/L,00665,Total Phosphorus,1,south.xlsx
USGS-21IOWA_WQX-10500001,2017-08-02,0.2,mg/L,00665,Total Phosphorus,1,south.xlsx
USGS-21IOWA_WQX-10500001,2017-09-07,0.14,mg/L,00665,Total Phosphorus,1,south.xlsx
USGS-21IOWA_WQX-10500001,2017-10-05,0.25,mg/L,00665,Total Phosphorus,1,south.xlsx
USGS-21IOWA_WQX-10500001,2017-11-09,0.47,mg/L,00665,Total Phosphorus,1,south.xlsx
USGS-21IOWA_WQX-10500001,2017-12-07,0.41,mg/L,00665,Total Phosphorus,1,south.xlsx
USGS-21IOWA_WQX-10500001,2018-01-04,0.26,mg/L,00665,Total Phosphorus,1,south.xlsx
USGS-21IOWA_WQX-10500001,2018-02-01,0.6,mg/L,00665,Total Phosphorus,1,south.xlsx
USGS-21IOWA_WQX-10500001,2018-03-01,0.57,mg/L,00665,Total Phosphorus,1,south.xlsx
USGS-21IOWA_WQX-10500001,2018-04-04,0.16,mg/L,00665,Total Phosphorus,1,south.xlsx
USGS-21IOWA_WQX-10500001,2018-05-02,0.21,mg/L,00665,Total Phosphorus,1,south.xlsx
USGS-21IOWA_WQX-10500001,2018-06-05,0.27,mg/L,00665,Total Phosphorus,1,south.xlsx
USGS-21IOWA_WQX-10500001,2018-07-06,0.6,mg/L,00665,Total Phosphorus,1,south.xlsx
USGS-21IOWA_WQX-10500001,2018-08-07,2.1,mg/L,00665,Total Phosphorus,1,south.xlsx
USGS-21IOWA_WQX-10500001,2018-09-04,0.91,mg/L,00665,Total Phosphorus,1,south.xlsx
USGS-21IOWA_WQX-10500001,2018-10-01,0.2,mg/L,00665,Total Phosphorus,1,south.xlsx
USGS-21IOWA_WQX-10500001,2018-11-08,0.16,mg/L,00665,Total Phosphorus,1,south.xlsx
USGS-21IOWA_WQX-10500001,2018-12-05,0.15,mg/L,00665,Total Phosphorus,1,south.xlsx
USGS-21IOWA_WQX-10500001,2019-01-07,0.2,mg/L,00665,Total Phosphorus,1,south.xlsx
USGS-21IOWA_WQX-10500001,2019-02-06,0.58,mg/L,00665,Total Phosphorus,1,south.xlsx
USGS-21IOWA_WQX-10500001,2019-03-06,0.16,mg/L,00665,Total Phosphorus,1,south.xlsx
USGS-21IOWA_WQX-10500001,2019-04-03,0.16,mg/L,00665,Total Phosphorus,1,south.xlsx
USGS-21IOWA_WQX-10500001,2019-05-02,0.15,mg/L,00665,Total Phosphorus,1,south.xlsx
USGS-21IOWA_WQX-10500001,2019-06-05,0.21,mg/L,00665,Total Phosphorus,1,south.xlsx
USGS-21IOWA_WQX-10500001,2019-07-03,0.37,mg/L,00665,Total Phosphorus,1,south.xlsx
USGS-21IOWA_WQX-10500001,2019-08-01,0.14,mg/L,00665,Total Phosphorus,1,south.xlsx
USGS-21IOWA_WQX-10500001,2019-09-10,0.29,mg/L,00665,Total Phosphorus,1,south.xlsx
USGS-21IOWA_WQX-10500001,2019-10-02,1.6,mg/L,00665,Total Phosphorus,1,south.xlsx
USGS-21IOWA_WQX-10500001,2019-11-14,0.15,mg/L,00665,Total Phosphorus,1,south.xlsx
USGS-21IOWA_WQX-10500001,2019-12-09,0.14,mg/L,00665,Total Phosphorus,1,south.xlsx
USGS-21IOWA_WQX-10500001,2020-01-13,0.15,mg/L,00665,Total Phosphorus,1,south.xlsx
USGS-21IOWA_WQX-10500001,2020-02-05,0.1,mg/L,00665,Total Phosphorus,1,south.xlsx
USGS-21IOWA_WQX-10500001,2020-03-02,0.24,mg/L,00665,Total Phosphorus,1,south.xlsx
USGS-21IOWA_WQX-10500001,2020-04-08,0.1,mg/L,00665,Total Phosphorus,1,south.xlsx
USGS-21IOWA_WQX-10500001,2020-05-12,0.11,mg/L,00665,Total Phosphorus,1,south.xlsx
USGS-21IOWA_WQX-10500001,2020-06-02,0.21,mg/L,00665,Total Phosphorus,1,south.xlsx
USGS-21IOWA_WQX-10500001,2020-07-07,0.16,mg/L,00665,Total Phosphorus,1,south.xlsx
USGS-21IOWA_WQX-10500001,2020-08-10,0.13,mg/L,00665,Total Phosphorus,1,south.xlsx
USGS-21IOWA_WQX-10500001,2020-09-08,0.49,mg/L,00665,Total Phosphorus,1,south.xlsx
USGS-21IOWA_WQX-10500001,2020-10-01,0.11,mg/L,00665,Total Phosphorus,1,south.xlsx
USGS-21IOWA_WQX-10500001,2020-11-03,0.06,mg/L,00665,Total Phosphorus,1,south.xlsx
USGS-21IOWA_WQX-10500001,2020-12-02,0.09,mg/L,00665,Total Phosphorus,1,south.xlsx
USGS-21IOWA_WQX-10500001,2021-01-12,0.18,mg/L,00665,Total Phosphorus,1,south.xlsx
USGS-21IOWA_WQX-10500001,2021-02-03,0.08,mg/L,00665,Total Phosphorus,1,south.xlsx
USGS-21IOWA_WQX-10500001,2021-03-09,0.34,mg/L,00665,Total Phosphorus,1,south.xlsx
USGS-21IOWA_WQX-10500001,2021-04-12,0.13,mg/L,00665,Total Phosphorus,1,south.xlsx
USGS-21IOWA_WQX-10500001,2021-05-10,0.19,mg/L,00665,Total Phosphorus,1,south.xlsx
USGS-21IOWA_WQX-10500001,2021-06-03,0.15,mg/L,00665,Total Phosphorus,1,south.xlsx
USGS-21IOWA_WQX-10500001,2021-07-01,0.25,mg/L,00665,Total Phosphorus,1,south.xlsx
USGS-21IOWA_WQX-10500001,2021-08-09,0.17,mg/L,00665,Total Phosphorus,1,south.xlsx
USGS-21IOWA_WQX-10500001,2021-09-02,0.32,mg/L,00665,Total Phosphorus,1,south.xlsx
USGS-21IOWA_WQX-10500001,2021-10-07,0.08,mg/L,00665,Total Phosphorus,1,south.xlsx
USGS-21IOWA_WQX-10500001,2021-11-04,0.19,mg/L,00665,Total Phosphorus,1,south.xlsx
USGS-21IOWA_WQX-10500001,2021-12-01,0.14,mg/L,00665,Total Phosphorus,1,south.xlsx
USGS-21IOWA_WQX-10500001,2022-01-06,0.08,mg/L,00665,Total Phosphorus,1,south.xlsx
USGS-21IOWA_WQX-10500001,2022-02-09,0.06,mg/L,00665,Total Phosphorus,1,south.xlsx
USGS-21IOWA_WQX-10500001,2022-03-15,0.18,mg/L,00665,Total Phosphorus,1,south.xlsx
USGS-21IOWA_WQX-10500001,2022-04-12,0.07,mg/L,00665,Total Phosphorus,1,south.xlsx
USGS-21IOWA_WQX-10500001,2022-05-05,0.14,mg/L,00665,Total Phosphorus,1,south.xlsx
USGS-21IOWA_WQX-10500001,2022-06-07,0.22,mg/L,00665,Total Phosphorus,1,south.xlsx
USGS-21IOWA_WQX-10500001,2022-07-14,0.26,mg/L,00665,Total Phosphorus,1,south.xlsx
USGS-21IOWA_WQX-10500001,2022-08-10,0.19,mg/L,00665,Total Phosphorus,1,south.xlsx
USGS-21IOWA_WQX-10500001,2022-09-07,0.15,mg/L,00665,Total Phosphorus,1,south.xlsx
USGS-21IOWA_WQX-10500001,2022-10-03,0.04,mg/L,00665,Total Phosphorus,1,south.xlsx
USGS-21IOWA_WQX-10500001,2022-11-08,0.32,mg/L,00665,Total Phosphorus,1,south.xlsx
USGS-21IOWA_WQX-10500001,2022-12-06,0.16,mg/L,00665,Total Phosphorus,1,south.xlsx
USGS-21IOWA_WQX-10500001,2023-01-05,0.8,mg/L,00665,Total Phosphorus,1,south.xlsx
USGS-21IOWA_WQX-10500001,2023-02-09,0.51,mg/L,00665,Total Phosphorus,1,south.xlsx
USGS-21IOWA_WQX-10500001,2023-03-06,0.29,mg/L,00665,Total Phosphorus,1,south.xlsx
USGS-21IOWA_WQX-10500001,2023-04-05,1.2,mg/L,00665,Total Phosphorus,1,south.xlsx
USGS-21IOWA_WQX-10500001,2023-05-04,0.16,mg/L,00665,Total Phosphorus,1,south.xlsx
USGS-21IOWA_WQX-10500001,2023-06-07,0.52,mg/L,00665,Total Phosphorus,1,south.xlsx
USGS-21IOWA_WQX-10500001,2023-07-11,0.22,mg/L,00665,Total Phosphorus,1,south.xlsx
USGS-21IOWA_WQX-10500001,2023-08-03,0.14,mg/L,00665,Total Phosphorus,1,south.xlsx
USGS-21IOWA_WQX-10500001,2023-09-07,0.19,mg/L,00665,Total Phosphorus,1,south.xlsx
USGS-21IOWA_WQX-10500001,2023-10-04,0.1,mg/L,00665,Total Phosphorus,1,south.xlsx
USGS-21IOWA_WQX-10500001,2023-11-08,0.27,mg/L,00665,Total Phosphorus,1,south.xlsx
USGS-21IOWA_WQX-10500001,2023-12-12,0.29,mg/L,00665,Total Phosphorus,1,south.xlsx
USGS-21IOWA_WQX-10500001,2024-01-10,0.26,mg/L,00665,Total Phosphorus,1,south.xlsx
USGS-21IOWA_WQX-10500001,2024-02-13,0.15,mg/L,00665,Total Phosphorus,1,south.xlsx
USGS-21IOWA_WQX-10500001,2024-03-14,0.09,mg/L,00665,Total Phosphorus,1,south.xlsx
USGS-21IOWA_WQX-10500001,2024-04-03,0.16,mg/L,00665,Total Phosphorus,1,south.xlsx
USGS-21IOWA_WQX-10500001,2024-05-02,0.18,mg/L,00665,Total Phosphorus,1,south.xlsx
USGS-21IOWA_WQX-10500001,2024-06-05,0.26,mg/L,00665,Total Phosphorus,1,south.xlsx
USGS-21IOWA_WQX-10500001,2024-07-03,0.35,mg/L,00665,Total Phosphorus,1,south.xlsx
USGS-21IOWA_WQX-10500001,2024-08-06,0.18,mg/L,00665,Total Phosphorus,1,south.xlsx
USGS-21IOWA_WQX-10500001,2024-09-05,0.15,mg/L,00665,Total Phosphorus,1,south.xlsx
USGS-21IOWA_WQX-10500001,2024-10-08,0.05,mg/L,00665,Total Phosphorus,1,south.xlsx
USGS-21IOWA_WQX-10500001,2024-11-12,0.21,mg/L,00665,Total Phosphorus,1,south.xlsx
USGS-21IOWA_WQX-10500001,2024-12-03,0.14,mg/L,00665,Total Phosphorus,1,south.xlsx
USGS-21IOWA_WQX-10500001,2025-01-07,0.1,mg/L,00665,Total Phosphorus,1,south.xlsx
USGS-21IOWA_WQX-10500001,2025-02-04,0.16,mg/L,00665,Total Phosphorus,1,south.xlsx
USGS-21IOWA_WQX-10500001,2025-03-03,0.17,mg/L,00665,Total Phosphorus,1,south.xlsx
USGS-21IOWA_WQX-10500001,2025-04-03,0.12,mg/L,00665,Total Phosphorus,1,south.xlsx
USGS-21IOWA_WQX-10620001,1999-10-11,0.1,mg/L,00665,Total Phosphorus,1,south.xlsx
USGS-21IOWA_WQX-10620001,1999-12-07,0.2,mg/L,00665,Total Phosphorus,1,south.xlsx
USGS-21IOWA_WQX-10620001,2000-01-06,0.4,mg/L,00665,Total Phosphorus,1,south.xlsx
USGS-21IOWA_WQX-10620001,2000-02-01,0.3,mg/L,00665,Total Phosphorus,1,south.xlsx
USGS-21IOWA_WQX-10620001,2000-03-02,0.3,mg/L,00665,Total Phosphorus,1,south.xlsx
USGS-21IOWA_WQX-10620001,2000-05-02,0.3,mg/L,00665,Total Phosphorus,1,south.xlsx
USGS-21IOWA_WQX-10620001,2000-06-01,2.2,mg/L,00665,Total Phosphorus,1,south.xlsx
USGS-21IOWA_WQX-10620001,2000-07-05,0.8,mg/L,00665,Total Phosphorus,1,south.xlsx
USGS-21IOWA_WQX-10620001,2000-08-03,0.4,mg/L,00665,Total Phosphorus,1,south.xlsx
USGS-21IOWA_WQX-10620001,2000-09-21,0.1,mg/L,00665,Total Phosphorus,1,south.xlsx
USGS-21IOWA_WQX-10620001,2000-10-09,0.1,mg/L,00665,Total Phosphorus,1,south.xlsx
USGS-21IOWA_WQX-10620001,2000-11-07,0.5,mg/L,00665,Total Phosphorus,1,south.xlsx
USGS-21IOWA_WQX-10620001,2001-01-10,0.3,mg/L,00665,Total Phosphorus,1,south.xlsx
USGS-21IOWA_WQX-10620001,2001-02-08,0.2,mg/L,00665,Total Phosphorus,1,south.xlsx
USGS-21IOWA_WQX-10620001,2001-03-12,2.3,mg/L,00665,Total Phosphorus,1,south.xlsx
USGS-21IOWA_WQX-10620001,2001-04-04,0.4,mg/L,00665,Total Phosphorus,1,south.xlsx
USGS-21IOWA_WQX-10620001,2001-05-02,0.5,mg/L,00665,Total Phosphorus,1,south.xlsx
USGS-21IOWA_WQX-10620001,2001-06-04,0.3,mg/L,00665,Total Phosphorus,1,south.xlsx
USGS-21IOWA_WQX-10620001,2001-07-02,0.2,mg/L,00665,Total Phosphorus,1,south.xlsx
USGS-21IOWA_WQX-10620001,2001-08-01,0.4,mg/L,00665,Total Phosphorus,1,south.xlsx
USGS-21IOWA_WQX-10620001,2001-09-04,0.08,mg/L,00665,Total Phosphorus,1,south.xlsx
USGS-21IOWA_WQX-10620001,2001-10-01,0.29,mg/L,00665,Total Phosphorus,1,south.xlsx
USGS-21IOWA_WQX-10620001,2001-11-01,0.26,mg/L,00665,Total Phosphorus,1,south.xlsx
USGS-21IOWA_WQX-10620001,2001-12-03,0.26,mg/L,00665,Total Phosphorus,1,south.xlsx
USGS-21IOWA_WQX-10620001,2002-01-03,0.33,mg/L,00665,Total Phosphorus,1,south.xlsx
USGS-21IOWA_WQX-10620001,2002-02-04,0.25,mg/L,00665,Total Phosphorus,1,south.xlsx
USGS-21IOWA_WQX-10620001,2002-03-04,0.28,mg/L,00665,Total Phosphorus,1,south.xlsx
USGS-21IOWA_WQX-10620001,2002-04-02,0.17,mg/L,00665,Total Phosphorus,1,south.xlsx
USGS-21IOWA_WQX-10620001,2002-05-01,0.56,mg/L,00665,Total Phosphorus,1,south.xlsx
USGS-21IOWA_WQX-10620001,2002-06-04,0.79,mg/L,00665,Total Phosphorus,1,south.xlsx
USGS-21IOWA_WQX-10620001,2002-07-02,0.2,mg/L,00665,Total Phosphorus,1,south.xlsx
USGS-21IOWA_WQX-10620001,2002-08-01,0.25,mg/L,00665,Total Phosphorus,1,south.xlsx
USGS-21IOWA_WQX-10620001,2002-09-05,0.17,mg/L,00665,Total Phosphorus,1,south.xlsx
USGS-21IOWA_WQX-10620001,2002-10-02,0.24,mg/L,00665,Total Phosphorus,1,south.xlsx
USGS-21IOWA_WQX-10620001,2002-11-06,0.24,mg/L,00665,Total Phosphorus,1,south.xlsx
USGS-21IOWA_WQX-10620001,2002-12-05,0.26,mg/L,00665,Total Phosphorus,1,south.xlsx
USGS-21IOWA_WQX-10620001,2003-01-06,0.22,mg/L,00665,Total Phosphorus,1,south.xlsx
USGS-21IOWA_WQX-10620001,2003-02-03,0.34,mg/L,00665,Total Phosphorus,1,south.xlsx
USGS-21IOWA_WQX-10620001,2003-03-03,0.6,mg/L,00665,Total Phosphorus,1,south.xlsx
USGS-21IOWA_WQX-10620001,2003-04-02,0.41,mg/L,00665,Total Phosphorus,1,south.xlsx
USGS-21IOWA_WQX-10620001,2003-05-05,1.1,mg/L,00665,Total Phosphorus,1,south.xlsx
USGS-21IOWA_WQX-10620001,2003-06-02,0.22,mg/L,00665,Total Phosphorus,1,south.xlsx
USGS-21IOWA_WQX-10620001,2003-07-01,0.43,mg/L,00665,Total Phosphorus,1,south.xlsx
USGS-21IOWA_WQX-10620001,2003-08-06,0.21,mg/L,00665,Total Phosphorus,1,south.xlsx
USGS-21IOWA_WQX-10620001,2003-09-09,0.14,mg/L,00665,Total Phosphorus,1,south.xlsx
USGS-21IOWA_WQX-10620001,2003-10-06,0.19,mg/L,00665,Total Phosphorus,1,south.xlsx
USGS-21IOWA_WQX-10620001,2003-11-03,0.66,mg/L,00665,Total Phosphorus,1,south.xlsx
USGS-21IOWA_WQX-10620001,2003-12-01,0.24,mg/L,00665,Total Phosphorus,1,south.xlsx
USGS-21IOWA_WQX-10620001,2004-01-07,0.18,mg/L,00665,Total Phosphorus,1,south.xlsx
USGS-21IOWA_WQX-10620001,2004-02-04,0.23,mg/L,00665,Total Phosphorus,1,south.xlsx
USGS-21IOWA_WQX-10620001,2004-03-01,1.1,mg/L,00665,Total Phosphorus,1,south.xlsx
USGS-21IOWA_WQX-10620001,2004-04-01,0.29,mg/L,00665,Total Phosphorus,1,south.xlsx
USGS-21IOWA_WQX-10620001,2004-05-03,0.19,mg/L,00665,Total Phosphorus,1,south.xlsx
USGS-21IOWA_WQX-10620001,2004-06-01,0.43,mg/L,00665,Total Phosphorus,1,south.xlsx
USGS-21IOWA_WQX-10620001,2004-07-08,0.41,mg/L,00665,Total Phosphorus,1,south.xlsx
USGS-21IOWA_WQX-10620001,2004-08-02,0.44,mg/L,00665,Total Phosphorus,1,south.xlsx
USGS-21IOWA_WQX-10620001,2004-09-02,0.32,mg/L,00665,Total Phosphorus,1,south.xlsx
USGS-21IOWA_WQX-10620001,2004-10-05,1.6,mg/L,00665,Total Phosphorus,1,south.xlsx
USGS-21IOWA_WQX-10620001,2004-11-01,0.32,mg/L,00665,Total Phosphorus,1,south.xlsx
USGS-21IOWA_WQX-10620001,2004-12-06,0.36,mg/L,00665,Total Phosphorus,1,south.xlsx
USGS-21IOWA_WQX-10620001,2005-01-12,0.24,mg/L,00665,Total Phosphorus,1,south.xlsx
USGS-21IOWA_WQX-10620001,2005-02-09,0.28,mg/L,00665,Total Phosphorus,1,south.xlsx
USGS-21IOWA_WQX-10620001,2005-03-10,0.18,mg/L,00665,Total Phosphorus,1,south.xlsx
USGS-21IOWA_WQX-10620001,2005-04-13,1.7,mg/L,00665,Total Phosphorus,1,south.xlsx
USGS-21IOWA_WQX-10620001,2005-05-11,0.3,mg/L,00665,Total Phosphorus,1,south.xlsx
USGS-21IOWA_WQX-10620001,2005-06-01,0.24,mg/L,00665,Total Phosphorus,1,south.xlsx
USGS-21IOWA_WQX-10620001,2005-07-07,0.34,mg/L,00665,Total Phosphorus,1,south.xlsx
USGS-21IOWA_WQX-10620001,2005-08-04,0.21,mg/L,00665,Total Phosphorus,1,south.xlsx
USGS-21IOWA_WQX-10620001,2005-09-01,0.26,mg/L,00665,Total Phosphorus,1,south.xlsx
USGS-21IOWA_WQX-10620001,2005-10-03,0.47,mg/L,00665,Total Phosphorus,1,south.xlsx
USGS-21IOWA_WQX-10620001,2005-11-03,0.24,mg/L,00665,Total Phosphorus,1,south.xlsx
USGS-21IOWA_WQX-10620001,2005-12-07,0.47,mg/L,00665,Total Phosphorus,1,south.xlsx
USGS-21IOWA_WQX-10620001,2006-01-04,0.27,mg/L,00665,Total Phosphorus,1,south.xlsx
USGS-21IOWA_WQX-10620001,2006-02-02,0.26,mg/L,00665,Total Phosphorus,1,south.xlsx
USGS-21IOWA_WQX-10620001,2006-03-02,0.3,mg/L,00665,Total Phosphorus,1,south.xlsx
USGS-21IOWA_WQX-10620001,2006-04-05,0.6,mg/L,00665,Total Phosphorus,1,south.xlsx
USGS-21IOWA_WQX-10620001,2006-05-03,0.52,mg/L,00665,Total Phosphorus,1,south.xlsx
USGS-21IOWA_WQX-10620001,2006-06-07,0.28,mg/L,00665,Total Phosphorus,1,south.xlsx
USGS-21IOWA_WQX-10620001,2006-07-05,0.26,mg/L,00665,Total Phosphorus,1,south.xlsx
USGS-21IOWA_WQX-10620001,2006-08-03,0.28,mg/L,00665,Total Phosphorus,1,south.xlsx
USGS-21IOWA_WQX-10620001,2006-09-12,1.0,mg/L,00665,Total Phosphorus,1,south.xlsx
USGS-21IOWA_WQX-10620001,2006-10-02,0.25,mg/L,00665,Total Phosphorus,1,south.xlsx
USGS-21IOWA_WQX-10620001,2006-11-01,0.18,mg/L,00665,Total Phosphorus,1,south.xlsx
USGS-21IOWA_WQX-10620001,2006-12-04,0.18,mg/L,00665,Total Phosphorus,1,south.xlsx
USGS-21IOWA_WQX-10620001,2008-01-07,0.46,mg/L,00665,Total Phosphorus,1,south.xlsx
USGS-21IOWA_WQX-10620001,2008-02-12,0.2,mg/L,00665,Total Phosphorus,1,south.xlsx
USGS-21IOWA_WQX-10620001,2008-03-10,0.49,mg/L,00665,Total Phosphorus,1,south.xlsx
USGS-21IOWA_WQX-10620001,2008-04-10,0.3,mg/L,00665,Total Phosphorus,1,south.xlsx
USGS-21IOWA_WQX-10620001,2008-05-14,0.23,mg/L,00665,Total Phosphorus,1,south.xlsx
USGS-21IOWA_WQX-10620001,2008-06-12,0.38,mg/L,00665,Total Phosphorus,1,south.xlsx
USGS-21IOWA_WQX-10620001,2008-07-14,0.31,mg/L,00665,Total Phosphorus,1,south.xlsx
USGS-21IOWA_WQX-10620001,2008-08-06,0.32,mg/L,00665,Total Phosphorus,1,south.xlsx
USGS-21IOWA_WQX-10620001,2008-09-02,0.21,mg/L,00665,Total Phosphorus,1,south.xlsx
USGS-21IOWA_WQX-10620001,2009-04-02,0.28,mg/L,00665,Total Phosphorus,1,south.xlsx
USGS-21IOWA_WQX-10620001,2009-05-05,0.34,mg/L,00665,Total Phosphorus,1,south.xlsx
USGS-21IOWA_WQX-10620001,2009-06-03,0.38,mg/L,00665,Total Phosphorus,1,south.xlsx
USGS-21IOWA_WQX-10620001,2009-07-01,0.28,mg/L,00665,Total Phosphorus,1,south.xlsx
USGS-21IOWA_WQX-10620001,2009-08-04,0.17,mg/L,00665,Total Phosphorus,1,south.xlsx
USGS-21IOWA_WQX-10620001,2009-09-03,0.22,mg/L,00665,Total Phosphorus,1,south.xlsx
USGS-21IOWA_WQX-10620001,2009-10-05,0.3,mg/L,00665,Total Phosphorus,1,south.xlsx
USGS-21IOWA_WQX-10620001,2009-11-04,0.33,mg/L,00665,Total Phosphorus,1,south.xlsx
USGS-21IOWA_WQX-10620001,2009-12-01,0.17,mg/L,00665,Total Phosphorus,1,south.xlsx
USGS-21IOWA_WQX-10620001,2010-01-04,0.1,mg/L,00665,Total Phosphorus,1,south.xlsx
USGS-21IOWA_WQX-10620001,2010-02-04,0.14,mg/L,00665,Total Phosphorus,1,south.xlsx
USGS-21IOWA_WQX-10620001,2010-03-04,0.16,mg/L,00665,Total Phosphorus,1,south.xlsx
USGS-21IOWA_WQX-10620001,2010-04-06,0.19,mg/L,00665,Total Phosphorus,1,south.xlsx
USGS-21IOWA_WQX-10620001,2010-05-05,0.22,mg/L,00665,Total Phosphorus,1,south.xlsx
USGS-21IOWA_WQX-10620001,2010-06-01,0.26,mg/L,00665,Total Phosphorus,1,south.xlsx
USGS-21IOWA_WQX-10620001,2010-07-01,0.32,mg/L,00665,Total Phosphorus,1,south.xlsx
USGS-21IOWA_WQX-10620001,2010-08-10,0.48,mg/L,00665,Total Phosphorus,1,south.xlsx
USGS-21IOWA_WQX-10620001,2010-09-08,0.26,mg/L,00665,Total Phosphorus,1,south.xlsx
USGS-21IOWA_WQX-10620001,2010-10-07,0.16,mg/L,00665,Total Phosphorus,1,south.xlsx
USGS-21IOWA_WQX-10620001,2010-11-04,0.15,mg/L,00665,Total Phosphorus,1,south.xlsx
USGS-21IOWA_WQX-10620001,2010-12-07,0.13,mg/L,00665,Total Phosphorus,1,south.xlsx
USGS-21IOWA_WQX-10620001,2011-01-12,0.13,mg/L,00665,Total Phosphorus,1,south.xlsx
USGS-21IOWA_WQX-10620001,2011-02-10,0.19,mg/L,00665,Total Phosphorus,1,south.xlsx
USGS-21IOWA_WQX-10620001,2011-03-02,0.27,mg/L,00665,Total Phosphorus,1,south.xlsx
USGS-21IOWA_WQX-10620001,2011-04-06,0.16,mg/L,00665,Total Phosphorus,1,south.xlsx
USGS-21IOWA_WQX-10620001,2011-05-04,0.2,mg/L,00665,Total Phosphorus,1,south.xlsx
USGS-21IOWA_WQX-10620001,2011-06-07,0.27,mg/L,00665,Total Phosphorus,1,south.xlsx
USGS-21IOWA_WQX-10620001,2011-07-07,0.23,mg/L,00665,Total Phosphorus,1,south.xlsx
USGS-21IOWA_WQX-10620001,2011-08-02,0.2,mg/L,00665,Total Phosphorus,1,south.xlsx
USGS-21IOWA_WQX-10620001,2011-09-07,0.26,mg/L,00665,Total Phosphorus,1,south.xlsx
USGS-21IOWA_WQX-10620001,2011-10-06,0.1,mg/L,00665,Total Phosphorus,1,south.xlsx
USGS-21IOWA_WQX-10620001,2011-11-01,0.13,mg/L,00665,Total Phosphorus,1,south.xlsx
USGS-21IOWA_WQX-10620001,2011-12-06,0.36,mg/L,00665,Total Phosphorus,1,south.xlsx
USGS-21IOWA_WQX-10620001,2012-01-05,0.25,mg/L,00665,Total Phosphorus,1,south.xlsx
USGS-21IOWA_WQX-10620001,2012-02-01,0.27,mg/L,00665,Total Phosphorus,1,south.xlsx
USGS-21IOWA_WQX-10620001,2012-03-01,0.35,mg/L,00665,Total Phosphorus,1,south.xlsx
USGS-21IOWA_WQX-10620001,2012-04-02,0.25,mg/L,00665,Total Phosphorus,1,south.xlsx
USGS-21IOWA_WQX-10620001,2012-05-01,0.26,mg/L,00665,Total Phosphorus,1,south.xlsx
USGS-21IOWA_WQX-10620001,2012-06-06,0.25,mg/L,00665,Total Phosphorus,1,south.xlsx
USGS-21IOWA_WQX-10620001,2012-07-05,0.24,mg/L,00665,Total Phosphorus,1,south.xlsx
USGS-21IOWA_WQX-10620001,2012-08-07,0.29,mg/L,00665,Total Phosphorus,1,south.xlsx
USGS-21IOWA_WQX-10620001,2012-09-05,0.23,mg/L,00665,Total Phosphorus,1,south.xlsx
USGS-21IOWA_WQX-10620001,2012-10-01,0.13,mg/L,00665,Total Phosphorus,1,south.xlsx
USGS-21IOWA_WQX-10620001,2012-11-07,0.31,mg/L,00665,Total Phosphorus,1,south.xlsx
USGS-21IOWA_WQX-10620001,2012-12-05,0.23,mg/L,00665,Total Phosphorus,1,south.xlsx
USGS-21IOWA_WQX-10620001,2013-01-07,0.3,mg/L,00665,Total Phosphorus,1,south.xlsx
USGS-21IOWA_WQX-10620001,2013-02-05,0.44,mg/L,00665,Total Phosphorus,1,south.xlsx
USGS-21IOWA_WQX-10620001,2013-03-06,0.29,mg/L,00665,Total Phosphorus,1,south.xlsx
USGS-21IOWA_WQX-10620001,2013-04-02,0.34,mg/L,00665,Total Phosphorus,1,south.xlsx
USGS-21IOWA_WQX-10620001,2013-05-02,0.2,mg/L,00665,Total Phosphorus,1,south.xlsx
USGS-21IOWA_WQX-10620001,2013-06-04,0.35,mg/L,00665,Total Phosphorus,1,south.xlsx
USGS-21IOWA_WQX-10620001,2013-07-01,0.27,mg/L,00665,Total Phosphorus,1,south.xlsx
USGS-21IOWA_WQX-10620001,2013-08-01,0.2,mg/L,00665,Total Phosphorus,1,south.xlsx
USGS-21IOWA_WQX-10620001,2013-09-05,0.26,mg/L,00665,Total Phosphorus,1,south.xlsx
USGS-21IOWA_WQX-10620001,2013-10-07,0.27,mg/L,00665,Total Phosphorus,1,south.xlsx
USGS-21IOWA_WQX-10620001,2013-11-06,0.32,mg/L,00665,Total Phosphorus,1,south.xlsx
USGS-21IOWA_WQX-10620001,2013-12-03,0.4,mg/L,00665,Total Phosphorus,1,south.xlsx
USGS-21IOWA_WQX-10620001,2014-01-08,0.46,mg/L,00665,Total Phosphorus,1,south.xlsx
USGS-21IOWA_WQX-10620001,2014-02-04,0.31,mg/L,00665,Total Phosphorus,1,south.xlsx
USGS-21IOWA_WQX-10620001,2014-03-04,1.2,mg/L,00665,Total Phosphorus,1,south.xlsx
USGS-21IOWA_WQX-10620001,2014-04-02,0.41,mg/L,00665,Total Phosphorus,1,south.xlsx
USGS-21IOWA_WQX-10620001,2014-05-01,0.79,mg/L,00665,Total Phosphorus,1,south.xlsx
USGS-21IOWA_WQX-10620001,2014-06-03,0.29,mg/L,00665,Total Phosphorus,1,south.xlsx
USGS-21IOWA_WQX-10620001,2014-07-02,0.5,mg/L,00665,Total Phosphorus,1,south.xlsx
USGS-21IOWA_WQX-10620001,2014-08-11,0.24,mg/L,00665,Total Phosphorus,1,south.xlsx
USGS-21IOWA_WQX-10620001,2014-09-08,0.38,mg/L,00665,Total Phosphorus,1,south.xlsx
USGS-21IOWA_WQX-10620001,2015-02-05,0.26,mg/L,00665,Total Phosphorus,1,south.xlsx
USGS-21IOWA_WQX-10620001,2015-03-02,0.38,mg/L,00665,Total Phosphorus,1,south.xlsx
USGS-21IOWA_WQX-10620001,2015-04-02,0.22,mg/L,00665,Total Phosphorus,1,south.xlsx
USGS-21IOWA_WQX-10620001,2015-05-04,0.26,mg/L,00665,Total Phosphorus,1,south.xlsx
USGS-21IOWA_WQX-10620001,2015-06-01,0.35,mg/L,00665,Total Phosphorus,1,south.xlsx
USGS-21IOWA_WQX-10620001,2015-07-01,0.46,mg/L,00665,Total Phosphorus,1,south.xlsx
USGS-21IOWA_WQX-10620001,2015-08-04,0.37,mg/L,00665,Total Phosphorus,1,south.xlsx
USGS-21IOWA_WQX-10620001,2015-09-01,0.49,mg/L,00665,Total Phosphorus,1,south.xlsx
USGS-21IOWA_WQX-10620001,2015-10-05,0.26,mg/L,00665,Total Phosphorus,1,south.xlsx
USGS-21IOWA_WQX-10620001,2015-11-10,0.37,mg/L,00665,Total Phosphorus,1,south.xlsx
USGS-21IOWA_WQX-10620001,2015-12-03,0.24,mg/L,00665,Total Phosphorus,1,south.xlsx
USGS-21IOWA_WQX-10620001,2016-01-06,0.15,mg/L,00665,Total Phosphorus,1,south.xlsx
USGS-21IOWA_WQX-10620001,2016-02-03,0.52,mg/L,00665,Total Phosphorus,1,south.xlsx
USGS-21IOWA_WQX-10620001,2016-03-03,0.23,mg/L,00665,Total Phosphorus,1,south.xlsx
USGS-21IOWA_WQX-10620001,2016-04-11,0.19,mg/L,00665,Total Phosphorus,1,south.xlsx
USGS-21IOWA_WQX-10620001,2016-05-02,0.53,mg/L,00665,Total Phosphorus,1,south.xlsx
USGS-21IOWA_WQX-10620001,2016-06-02,0.39,mg/L,00665,Total Phosphorus,1,south.xlsx
USGS-21IOWA_WQX-10620001,2016-07-05,0.16,mg/L,00665,Total Phosphorus,1,south.xlsx
USGS-21IOWA_WQX-10620001,2016-08-01,0.18,mg/L,00665,Total Phosphorus,1,south.xlsx
USGS-21IOWA_WQX-10620001,2016-09-06,0.24,mg/L,00665,Total Phosphorus,1,south.xlsx
USGS-21IOWA_WQX-10620001,2016-10-04,0.3,mg/L,00665,Total Phosphorus,1,south.xlsx
USGS-21IOWA_WQX-10620001,2016-11-03,0.19,mg/L,00665,Total Phosphorus,1,south.xlsx
USGS-21IOWA_WQX-10620001,2016-12-05,0.22,mg/L,00665,Total Phosphorus,1,south.xlsx
USGS-21IOWA_WQX-10620001,2017-01-04,0.2,mg/L,00665,Total Phosphorus,1,south.xlsx
USGS-21IOWA_WQX-10620001,2017-02-08,0.32,mg/L,00665,Total Phosphorus,1,south.xlsx
USGS-21IOWA_WQX-10620001,2017-03-06,0.2,mg/L,00665,Total Phosphorus,1,south.xlsx
USGS-21IOWA_WQX-10620001,2017-04-03,0.31,mg/L,00665,Total Phosphorus,1,south.xlsx
USGS-21IOWA_WQX-10620001,2017-05-02,0.48,mg/L,00665,Total Phosphorus,1,south.xlsx
USGS-21IOWA_WQX-10620001,2017-06-01,0.21,mg/L,00665,Total Phosphorus,1,south.xlsx
USGS-21IOWA_WQX-10620001,2017-07-05,0.24,mg/L,00665,Total Phosphorus,1,south.xlsx
USGS-21IOWA_WQX-10620001,2017-08-01,0.21,mg/L,00665,Total Phosphorus,1,south.xlsx
USGS-21IOWA_WQX-10620001,2017-09-05,0.18,mg/L,00665,Total Phosphorus,1,south.xlsx
USGS-21IOWA_WQX-10620001,2017-10-09,0.54,mg/L,00665,Total Phosphorus,1,south.xlsx
USGS-21IOWA_WQX-10620001,2017-11-08,0.34,mg/L,00665,Total Phosphorus,1,south.xlsx
USGS-21IOWA_WQX-10620001,2017-12-06,0.38,mg/L,00665,Total Phosphorus,1,south.xlsx
USGS-21IOWA_WQX-10620001,2018-01-04,0.38,mg/L,00665,Total Phosphorus,1,south.xlsx
USGS-21IOWA_WQX-10620001,2018-02-08,0.51,mg/L,00665,Total Phosphorus,1,south.xlsx
USGS-21IOWA_WQX-10620001,2018-03-05,0.74,mg/L,00665,Total Phosphorus,1,south.xlsx
USGS-21IOWA_WQX-10620001,2018-04-03,0.26,mg/L,00665,Total Phosphorus,1,south.xlsx
USGS-21IOWA_WQX-10620001,2018-05-02,0.26,mg/L,00665,Total Phosphorus,1,south.xlsx
USGS-21IOWA_WQX-10620001,2018-06-05,0.33,mg/L,00665,Total Phosphorus,1,south.xlsx
USGS-21IOWA_WQX-10620001,2018-07-10,0.41,mg/L,00665,Total Phosphorus,1,south.xlsx
USGS-21IOWA_WQX-10620001,2018-08-02,0.22,mg/L,00665,Total Phosphorus,1,south.xlsx
USGS-21IOWA_WQX-10620001,2018-09-05,0.47,mg/L,00665,Total Phosphorus,1,south.xlsx
USGS-21IOWA_WQX-10620001,2018-10-03,0.7,mg/L,00665,Total Phosphorus,1,south.xlsx
USGS-21IOWA_WQX-10620001,2018-11-05,0.28,mg/L,00665,Total Phosphorus,1,south.xlsx
USGS-21IOWA_WQX-10620001,2018-12-10,0.15,mg/L,00665,Total Phosphorus,1,south.xlsx
USGS-21IOWA_WQX-10620001,2019-01-02,0.16,mg/L,00665,Total Phosphorus,1,south.xlsx
USGS-21IOWA_WQX-10620001,2019-02-04,0.95,mg/L,00665,Total Phosphorus,1,south.xlsx
USGS-21IOWA_WQX-10620001,2019-03-05,0.19,mg/L,00665,Total Phosphorus,1,south.xlsx
USGS-21IOWA_WQX-10620001,2019-04-01,0.34,mg/L,00665,Total Phosphorus,1,south.xlsx
USGS-21IOWA_WQX-10620001,2019-05-02,0.19,mg/L,00665,Total Phosphorus,1,south.xlsx
USGS-21IOWA_WQX-10620001,2019-06-04,0.32,mg/L,00665,Total Phosphorus,1,south.xlsx
USGS-21IOWA_WQX-10620001,2019-07-01,0.26,mg/L,00665,Total Phosphorus,1,south.xlsx
USGS-21IOWA_WQX-10620001,2019-08-01,0.21,mg/L,00665,Total Phosphorus,1,south.xlsx
USGS-21IOWA_WQX-10620001,2019-09-11,0.24,mg/L,00665,Total Phosphorus,1,south.xlsx
USGS-21IOWA_WQX-10620001,2019-10-08,0.54,mg/L,00665,Total Phosphorus,1,south.xlsx
USGS-21IOWA_WQX-10620001,2019-11-12,0.18,mg/L,00665,Total Phosphorus,1,south.xlsx
USGS-21IOWA_WQX-10620001,2019-12-04,0.19,mg/L,00665,Total Phosphorus,1,south.xlsx
USGS-21IOWA_WQX-10620001,2020-01-08,0.13,mg/L,00665,Total Phosphorus,1,south.xlsx
USGS-21IOWA_WQX-10620001,2020-02-06,0.21,mg/L,00665,Total Phosphorus,1,south.xlsx
USGS-21IOWA_WQX-10620001,2020-03-04,0.3,mg/L,00665,Total Phosphorus,1,south.xlsx
USGS-21IOWA_WQX-10620001,2020-04-02,0.16,mg/L,00665,Total Phosphorus,1,south.xlsx
USGS-21IOWA_WQX-10620001,2020-05-05,0.12,mg/L,00665,Total Phosphorus,1,south.xlsx
USGS-21IOWA_WQX-10620001,2020-06-02,0.36,mg/L,00665,Total Phosphorus,1,south.xlsx
USGS-21IOWA_WQX-10620001,2020-07-06,0.26,mg/L,00665,Total Phosphorus,1,south.xlsx
USGS-21IOWA_WQX-10620001,2020-08-04,0.17,mg/L,00665,Total Phosphorus,1,south.xlsx
USGS-21IOWA_WQX-10620001,2020-09-08,0.28,mg/L,00665,Total Phosphorus,1,south.xlsx
USGS-21IOWA_WQX-10620001,2020-10-07,0.11,mg/L,00665,Total Phosphorus,1,south.xlsx
USGS-21IOWA_WQX-10620001,2020-11-04,0.33,mg/L,00665,Total Phosphorus,1,south.xlsx
USGS-21IOWA_WQX-10620001,2020-12-08,0.24,mg/L,00665,Total Phosphorus,1,south.xlsx
USGS-21IOWA_WQX-10620001,2021-01-06,0.21,mg/L,00665,Total Phosphorus,1,south.xlsx
USGS-21IOWA_WQX-10620001,2021-02-03,0.16,mg/L,00665,Total Phosphorus,1,south.xlsx
USGS-21IOWA_WQX-10620001,2021-03-04,0.91,mg/L,00665,Total Phosphorus,1,south.xlsx
USGS-21IOWA_WQX-10620001,2021-04-07,0.16,mg/L,00665,Total Phosphorus,1,south.xlsx
USGS-21IOWA_WQX-10620001,2021-05-06,0.18,mg/L,00665,Total Phosphorus,1,south.xlsx
USGS-21IOWA_WQX-10620001,2021-06-08,0.33,mg/L,00665,Total Phosphorus,1,south.xlsx
USGS-21IOWA_WQX-10620001,2021-07-08,0.18,mg/L,00665,Total Phosphorus,1,south.xlsx
USGS-21IOWA_WQX-10620001,2021-08-09,0.18,mg/L,00665,Total Phosphorus,1,south.xlsx
USGS-21IOWA_WQX-10620001,2021-09-08,0.25,mg/L,00665,Total Phosphorus,1,south.xlsx
USGS-21IOWA_WQX-10620001,2021-10-05,0.29,mg/L,00665,Total Phosphorus,1,south.xlsx
USGS-21IOWA_WQX-10620001,2021-11-02,0.36,mg/L,00665,Total Phosphorus,1,south.xlsx
USGS-21IOWA_WQX-10620001,2021-12-02,0.24,mg/L,00665,Total Phosphorus,1,south.xlsx
USGS-21IOWA_WQX-10620001,2022-01-04,0.19,mg/L,00665,Total Phosphorus,1,south.xlsx
USGS-21IOWA_WQX-10620001,2022-02-02,0.2,mg/L,00665,Total Phosphorus,1,south.xlsx
USGS-21IOWA_WQX-10620001,2022-03-02,0.18,mg/L,00665,Total Phosphorus,1,south.xlsx
USGS-21IOWA_WQX-10620001,2022-04-05,0.2,mg/L,00665,Total Phosphorus,1,south.xlsx
USGS-21IOWA_WQX-10620001,2022-05-02,0.3,mg/L,00665,Total Phosphorus,1,south.xlsx
USGS-21IOWA_WQX-10620001,2022-06-01,0.23,mg/L,00665,Total Phosphorus,1,south.xlsx
USGS-21IOWA_WQX-10620001,2022-07-05,0.3,mg/L,00665,Total Phosphorus,1,south.xlsx
USGS-21IOWA_WQX-10620001,2022-08-02,0.12,mg/L,00665,Total Phosphorus,1,south.xlsx
USGS-21IOWA_WQX-10620001,2022-09-06,0.26,mg/L,00665,Total Phosphorus,1,south.xlsx
USGS-21IOWA_WQX-10620001,2022-10-05,0.08,mg/L,00665,Total Phosphorus,1,south.xlsx
USGS-21IOWA_WQX-10620001,2022-11-03,0.23,mg/L,00665,Total Phosphorus,1,south.xlsx
USGS-21IOWA_WQX-10620001,2022-12-06,0.46,mg/L,00665,Total Phosphorus,1,south.xlsx
USGS-21IOWA_WQX-10620001,2023-01-05,0.48,mg/L,00665,Total Phosphorus,1,south.xlsx
USGS-21IOWA_WQX-10620001,2023-02-06,0.32,mg/L,00665,Total Phosphorus,1,south.xlsx
USGS-21IOWA_WQX-10620001,2023-03-06,0.47,mg/L,00665,Total Phosphorus,1,south.xlsx
USGS-21IOWA_WQX-10620001,2023-04-04,0.21,mg/L,00665,Total Phosphorus,1,south.xlsx
USGS-21IOWA_WQX-10620001,2023-05-02,0.17,mg/L,00665,Total Phosphorus,1,south.xlsx
USGS-21IOWA_WQX-10620001,2023-06-05,0.33,mg/L,00665,Total Phosphorus,1,south.xlsx
USGS-21IOWA_WQX-10620001,2023-07-11,0.26,mg/L,00665,Total Phosphorus,1,south.xlsx
USGS-21IOWA_WQX-10620001,2023-08-03,0.18,mg/L,00665,Total Phosphorus,1,south.xlsx
USGS-21IOWA_WQX-10620001,2023-09-13,0.16,mg/L,00665,Total Phosphorus,1,south.xlsx
USGS-21IOWA_WQX-10620001,2023-10-09,0.2,mg/L,00665,Total Phosphorus,1,south.xlsx
USGS-21IOWA_WQX-10620001,2023-11-07,0.37,mg/L,00665,Total Phosphorus,1,south.xlsx
USGS-21IOWA_WQX-10620001,2023-12-07,0.32,mg/L,00665,Total Phosphorus,1,south.xlsx
USGS-21IOWA_WQX-10620001,2024-01-08,0.39,mg/L,00665,Total Phosphorus,1,south.xlsx
USGS-21IOWA_WQX-10620001,2024-02-07,0.53,mg/L,00665,Total Phosphorus,1,south.xlsx
USGS-21IOWA_WQX-10620001,2024-03-05,0.27,mg/L,00665,Total Phosphorus,1,south.xlsx
USGS-21IOWA_WQX-10620001,2024-04-02,0.27,mg/L,00665,Total Phosphorus,1,south.xlsx
USGS-21IOWA_WQX-10620001,2024-05-02,0.36,mg/L,00665,Total Phosphorus,1,south.xlsx
USGS-21IOWA_WQX-10620001,2024-06-04,0.29,mg/L,00665,Total Phosphorus,1,south.xlsx
USGS-21IOWA_WQX-10620001,2024-07-02,0.31,mg/L,00665,Total Phosphorus,1,south.xlsx
USGS-21IOWA_WQX-10620001,2024-08-05,0.3,mg/L,00665,Total Phosphorus,1,south.xlsx
USGS-21IOWA_WQX-10620001,2024-09-04,0.24,mg/L,00665,Total Phosphorus,1,south.xlsx
USGS-21IOWA_WQX-10620001,2024-10-03,0.17,mg/L,00665,Total Phosphorus,1,south.xlsx
USGS-21IOWA_WQX-10620001,2024-11-06,0.33,mg/L,00665,Total Phosphorus,1,south.xlsx
USGS-21IOWA_WQX-10620001,2024-12-04,0.18,mg/L,00665,Total Phosphorus,1,south.xlsx
USGS-21IOWA_WQX-10620001,2025-01-07,0.13,mg/L,00665,Total Phosphorus,1,south.xlsx
USGS-21IOWA_WQX-10620001,2025-02-11,0.17,mg/L,00665,Total Phosphorus,1,south.xlsx
USGS-21IOWA_WQX-10620001,2025-03-04,0.23,mg/L,00665,Total Phosphorus,1,south.xlsx
USGS-21IOWA_WQX-10620001,2025-04-02,0.17,mg/L,00665,Total Phosphorus,1,south.xlsx
USGS-21IOWA_WQX-10850001,1998-10-26,0.1,mg/L,00665,Total Phosphorus,1,south.xlsx
USGS-21IOWA_WQX-10850001,1999-01-11,0.1,mg/L,00665,Total Phosphorus,1,south.xlsx
USGS-21IOWA_WQX-10850001,1999-04-20,0.2,mg/L,00665,Total Phosphorus,1,south.xlsx
USGS-21IOWA_WQX-10850001,1999-07-15,0.4,mg/L,00665,Total Phosphorus,1,south.xlsx
USGS-21IOWA_WQX-10850001,1999-10-07,0.1,mg/L,00665,Total Phosphorus,1,south.xlsx
USGS-21IOWA_WQX-10850001,2000-05-08,0.4,mg/L,00665,Total Phosphorus,1,south.xlsx
USGS-21IOWA_WQX-10850001,2000-06-06,0.2,mg/L,00665,Total Phosphorus,1,south.xlsx
USGS-21IOWA_WQX-10850001,2000-08-01,0.1,mg/L,00665,Total Phosphorus,1,south.xlsx
USGS-21IOWA_WQX-10850002,1998-10-26,0.5,mg/L,00665,Total Phosphorus,1,south.xlsx
USGS-21IOWA_WQX-10850002,1998-11-09,0.2,mg/L,00665,Total Phosphorus,1,south.xlsx
USGS-21IOWA_WQX-10850002,1999-01-11,0.4,mg/L,00665,Total Phosphorus,1,south.xlsx
USGS-21IOWA_WQX-10850002,1999-02-01,0.2,mg/L,00665,Total Phosphorus,1,south.xlsx
USGS-21IOWA_WQX-10850002,1999-03-03,0.8,mg/L,00665,Total Phosphorus,1,south.xlsx
USGS-21IOWA_WQX-10850002,1999-04-20,0.3,mg/L,00665,Total Phosphorus,1,south.xlsx
USGS-21IOWA_WQX-10850002,1999-05-27,0.2,mg/L,00665,Total Phosphorus,1,south.xlsx
USGS-21IOWA_WQX-10850002,1999-06-15,0.1,mg/L,00665,Total Phosphorus,1,south.xlsx
USGS-21IOWA_WQX-10850002,1999-07-15,0.2,mg/L,00665,Total Phosphorus,1,south.xlsx
USGS-21IOWA_WQX-10850002,1999-08-06,0.7,mg/L,00665,Total Phosphorus,1,south.xlsx
USGS-21IOWA_WQX-10850002,1999-09-02,0.7,mg/L,00665,Total Phosphorus,1,south.xlsx
USGS-21IOWA_WQX-10850002,1999-10-07,1.3,mg/L,00665,Total Phosphorus,1,south.xlsx
USGS-21IOWA_WQX-10850002,1999-11-08,0.7,mg/L,00665,Total Phosphorus,1,south.xlsx
USGS-21IOWA_WQX-10850002,1999-12-06,0.6,mg/L,00665,Total Phosphorus,1,south.xlsx
USGS-21IOWA_WQX-10850002,2000-01-10,2.2,mg/L,00665,Total Phosphorus,1,south.xlsx
USGS-21IOWA_WQX-10850002,2000-02-08,2.8,mg/L,00665,Total Phosphorus,1,south.xlsx
USGS-21IOWA_WQX-10850002,2000-03-13,1.1,mg/L,00665,Total Phosphorus,1,south.xlsx
USGS-21IOWA_WQX-10850002,2000-04-04,1.6,mg/L,00665,Total Phosphorus,1,south.xlsx
USGS-21IOWA_WQX-10850002,2000-05-08,3.1,mg/L,00665,Total Phosphorus,1,south.xlsx
USGS-21IOWA_WQX-10850002,2000-06-06,0.6,mg/L,00665,Total Phosphorus,1,south.xlsx
USGS-21IOWA_WQX-10850002,2000-07-18,0.6,mg/L,00665,Total Phosphorus,1,south.xlsx
USGS-21IOWA_WQX-10850002,2000-08-01,0.9,mg/L,00665,Total Phosphorus,1,south.xlsx
USGS-21IOWA_WQX-10850002,2000-09-11,2.4,mg/L,00665,Total Phosphorus,1,south.xlsx
USGS-21IOWA_WQX-10850002,2000-10-17,3.3,mg/L,00665,Total Phosphorus,1,south.xlsx
USGS-21IOWA_WQX-10850002,2000-11-27,3.8,mg/L,00665,Total Phosphorus,1,south.xlsx
USGS-21IOWA_WQX-10850002,2000-12-21,3.8,mg/L,00665,Total Phosphorus,1,south.xlsx
USGS-21IOWA_WQX-10850002,2001-01-16,3.2,mg/L,00665,Total Phosphorus,1,south.xlsx
USGS-21IOWA_WQX-10850002,2001-02-20,3.4,mg/L,00665,Total Phosphorus,1,south.xlsx
USGS-21IOWA_WQX-10850002,2001-03-22,0.9,mg/L,00665,Total Phosphorus,1,south.xlsx
USGS-21IOWA_WQX-10850002,2001-04-18,0.6,mg/L,00665,Total Phosphorus,1,south.xlsx
USGS-21IOWA_WQX-10850002,2001-05-16,0.2,mg/L,00665,Total Phosphorus,1,south.xlsx
USGS-21IOWA_WQX-10850002,2001-06-20,0.2,mg/L,00665,Total Phosphorus,1,south.xlsx
USGS-21IOWA_WQX-10850002,2001-07-17,0.3,mg/L,00665,Total Phosphorus,1,south.xlsx
USGS-21IOWA_WQX-10850002,2001-08-14,1.3,mg/L,00665,Total Phosphorus,1,south.xlsx
USGS-21IOWA_WQX-10850002,2001-09-18,0.28,mg/L,00665,Total Phosphorus,1,south.xlsx
USGS-21IOWA_WQX-10850002,2001-10-15,0.27,mg/L,00665,Total Phosphorus,1,south.xlsx
USGS-21IOWA_WQX-10850002,2001-11-14,0.31,mg/L,00665,Total Phosphorus,1,south.xlsx
USGS-21IOWA_WQX-10850002,2001-12-11,1.2,mg/L,00665,Total Phosphorus,1,south.xlsx
USGS-21IOWA_WQX-10850002,2002-01-16,0.34,mg/L,00665,Total Phosphorus,1,south.xlsx
USGS-21IOWA_WQX-10850002,2002-02-12,0.97,mg/L,00665,Total Phosphorus,1,south.xlsx
USGS-21IOWA_WQX-10850002,2002-03-13,0.84,mg/L,00665,Total Phosphorus,1,south.xlsx
USGS-21IOWA_WQX-10850002,2002-04-10,0.18,mg/L,00665,Total Phosphorus,1,south.xlsx
USGS-21IOWA_WQX-10850002,2002-05-14,0.34,mg/L,00665,Total Phosphorus,1,south.xlsx
USGS-21IOWA_WQX-10850002,2002-06-12,0.26,mg/L,00665,Total Phosphorus,1,south.xlsx
USGS-21IOWA_WQX-10850002,2002-07-09,0.81,mg/L,00665,Total Phosphorus,1,south.xlsx
USGS-21IOWA_WQX-10850002,2002-08-14,0.33,mg/L,00665,Total Phosphorus,1,south.xlsx
USGS-21IOWA_WQX-10850002,2002-09-11,1.4,mg/L,00665,Total Phosphorus,1,south.xlsx
USGS-21IOWA_WQX-10850002,2002-10-09,0.83,mg/L,00665,Total Phosphorus,1,south.xlsx
USGS-21IOWA_WQX-10850002,2002-11-13,0.12,mg/L,00665,Total Phosphorus,1,south.xlsx
USGS-21IOWA_WQX-10850002,2002-12-11,1.2,mg/L,00665,Total Phosphorus,1,south.xlsx
USGS-21IOWA_WQX-10850002,2003-01-15,1.4,mg/L,00665,Total Phosphorus,1,south.xlsx
USGS-21IOWA_WQX-10850002,2003-02-12,2.8,mg/L,00665,Total Phosphorus,1,south.xlsx
USGS-21IOWA_WQX-10850002,2003-03-11,2.3,mg/L,00665,Total Phosphorus,1,south.xlsx
USGS-21IOWA_WQX-10850002,2003-04-14,0.28,mg/L,00665,Total Phosphorus,1,south.xlsx
USGS-21IOWA_WQX-10850002,2003-05-14,0.6,mg/L,00665,Total Phosphorus,1,south.xlsx
USGS-21IOWA_WQX-10850002,2003-06-11,0.19,mg/L,00665,Total Phosphorus,1,south.xlsx
USGS-21IOWA_WQX-10850002,2003-07-08,0.27,mg/L,00665,Total Phosphorus,1,south.xlsx
USGS-21IOWA_WQX-10850002,2003-08-13,0.54,mg/L,00665,Total Phosphorus,1,south.xlsx
USGS-21IOWA_WQX-10850002,2003-09-10,2.6,mg/L,00665,Total Phosphorus,1,south.xlsx
USGS-21IOWA_WQX-10850002,2003-10-06,2.3,mg/L,00665,Total Phosphorus,1,south.xlsx
USGS-21IOWA_WQX-10850002,2003-11-12,1.9,mg/L,00665,Total Phosphorus,1,south.xlsx
USGS-21IOWA_WQX-10850002,2003-12-09,1.9,mg/L,00665,Total Phosphorus,1,south.xlsx
USGS-21IOWA_WQX-10850002,2004-01-14,0.62,mg/L,00665,Total Phosphorus,1,south.xlsx
USGS-21IOWA_WQX-10850002,2004-02-11,2.4,mg/L,00665,Total Phosphorus,1,south.xlsx
USGS-21IOWA_WQX-10850002,2004-03-10,0.47,mg/L,00665,Total Phosphorus,1,south.xlsx
USGS-21IOWA_WQX-10850002,2004-04-14,0.07,mg/L,00665,Total Phosphorus,1,south.xlsx
USGS-21IOWA_WQX-10850002,2004-05-12,0.13,mg/L,00665,Total Phosphorus,1,south.xlsx
USGS-21IOWA_WQX-10850002,2004-06-07,0.27,mg/L,00665,Total Phosphorus,1,south.xlsx
USGS-21IOWA_WQX-10850002,2004-07-14,0.28,mg/L,00665,Total Phosphorus,1,south.xlsx
USGS-21IOWA_WQX-10850002,2004-08-11,0.47,mg/L,00665,Total Phosphorus,1,south.xlsx
USGS-21IOWA_WQX-10850002,2004-09-08,1.2,mg/L,00665,Total Phosphorus,1,south.xlsx
USGS-21IOWA_WQX-10850002,2004-10-14,2.4,mg/L,00665,Total Phosphorus,1,south.xlsx
USGS-21IOWA_WQX-10850002,2004-11-10,0.79,mg/L,00665,Total Phosphorus,1,south.xlsx
USGS-21IOWA_WQX-10850002,2004-12-08,1.6,mg/L,00665,Total Phosphorus,1,south.xlsx
USGS-21IOWA_WQX-10850002,2005-01-18,1.9,mg/L,00665,Total Phosphorus,1,south.xlsx
USGS-21IOWA_WQX-10850002,2005-02-09,0.29,mg/L,00665,Total Phosphorus,1,south.xlsx
USGS-21IOWA_WQX-10850002,2005-03-09,0.13,mg/L,00665,Total Phosphorus,1,south.xlsx
USGS-21IOWA_WQX-10850002,2005-04-13,0.54,mg/L,00665,Total Phosphorus,1,south.xlsx
USGS-21IOWA_WQX-10850002,2005-05-02,0.06,mg/L,00665,Total Phosphorus,1,south.xlsx
USGS-21IOWA_WQX-10850002,2005-06-08,0.29,mg/L,00665,Total Phosphorus,1,south.xlsx
USGS-21IOWA_WQX-10850002,2005-07-13,0.54,mg/L,00665,Total Phosphorus,1,south.xlsx
USGS-21IOWA_WQX-10850002,2005-08-10,0.97,mg/L,00665,Total Phosphorus,1,south.xlsx
USGS-21IOWA_WQX-10850002,2005-09-14,0.68,mg/L,00665,Total Phosphorus,1,south.xlsx
USGS-21IOWA_WQX-10850002,2005-10-12,2.0,mg/L,00665,Total Phosphorus,1,south.xlsx
USGS-21IOWA_WQX-10850002,2005-11-08,1.9,mg/L,00665,Total Phosphorus,1,south.xlsx
USGS-21IOWA_WQX-10850002,2005-12-13,0.82,mg/L,00665,Total Phosphorus,1,south.xlsx
USGS-21IOWA_WQX-10850002,2006-01-10,1.0,mg/L,00665,Total Phosphorus,1,south.xlsx
USGS-21IOWA_WQX-10850002,2006-02-07,0.1,mg/L,00665,Total Phosphorus,1,south.xlsx
USGS-21IOWA_WQX-10850002,2006-03-08,0.06,mg/L,00665,Total Phosphorus,1,south.xlsx
USGS-21IOWA_WQX-10850002,2006-04-12,0.13,mg/L,00665,Total Phosphorus,1,south.xlsx
USGS-21IOWA_WQX-10850002,2006-05-09,0.29,mg/L,00665,Total Phosphorus,1,south.xlsx
USGS-21IOWA_WQX-10850002,2006-06-07,0.35,mg/L,00665,Total Phosphorus,1,south.xlsx
USGS-21IOWA_WQX-10850002,2006-07-12,0.56,mg/L,00665,Total Phosphorus,1,south.xlsx
USGS-21IOWA_WQX-10850002,2006-08-09,0.48,mg/L,00665,Total Phosphorus,1,south.xlsx
USGS-21IOWA_WQX-10850002,2006-09-12,0.63,mg/L,00665,Total Phosphorus,1,south.xlsx
USGS-21IOWA_WQX-10850002,2006-10-11,0.09,mg/L,00665,Total Phosphorus,1,south.xlsx
USGS-21IOWA_WQX-10850002,2006-11-07,0.35,mg/L,00665,Total Phosphorus,1,south.xlsx
USGS-21IOWA_WQX-10850002,2006-12-12,0.42,mg/L,00665,Total Phosphorus,1,south.xlsx
USGS-21IOWA_WQX-10850002,2008-01-15,0.21,mg/L,00665,Total Phosphorus,1,south.xlsx
USGS-21IOWA_WQX-10850002,2008-02-13,0.49,mg/L,00665,Total Phosphorus,1,south.xlsx
USGS-21IOWA_WQX-10850002,2008-03-11,0.71,mg/L,00665,Total Phosphorus,1,south.xlsx
USGS-21IOWA_WQX-10850002,2008-04-08,0.24,mg/L,00665,Total Phosphorus,1,south.xlsx
USGS-21IOWA_WQX-10850002,2008-05-14,0.23,mg/L,00665,Total Phosphorus,1,south.xlsx
USGS-21IOWA_WQX-10850002,2008-06-09,1.3,mg/L,00665,Total Phosphorus,1,south.xlsx
USGS-21IOWA_WQX-10850002,2008-07-15,0.31,mg/L,00665,Total Phosphorus,1,south.xlsx
USGS-21IOWA_WQX-10850002,2008-08-12,0.2,mg/L,00665,Total Phosphorus,1,south.xlsx
USGS-21IOWA_WQX-10850002,2009-04-07,0.26,mg/L,00665,Total Phosphorus,1,south.xlsx
USGS-21IOWA_WQX-10850002,2009-05-12,0.16,mg/L,00665,Total Phosphorus,1,south.xlsx
USGS-21IOWA_WQX-10850002,2009-06-09,0.18,mg/L,00665,Total Phosphorus,1,south.xlsx
USGS-21IOWA_WQX-10850002,2009-07-08,0.15,mg/L,00665,Total Phosphorus,1,south.xlsx
USGS-21IOWA_WQX-10850002,2009-08-10,0.33,mg/L,00665,Total Phosphorus,1,south.xlsx
USGS-21IOWA_WQX-10850002,2009-09-09,0.51,mg/L,00665,Total Phosphorus,1,south.xlsx
USGS-21IOWA_WQX-10850002,2009-10-12,0.29,mg/L,00665,Total Phosphorus,1,south.xlsx
USGS-21IOWA_WQX-10850002,2009-11-10,0.19,mg/L,00665,Total Phosphorus,1,south.xlsx
USGS-21IOWA_WQX-10850002,2009-12-17,0.42,mg/L,00665,Total Phosphorus,1,south.xlsx
USGS-21IOWA_WQX-10850002,2010-01-12,0.26,mg/L,00665,Total Phosphorus,1,south.xlsx
USGS-21IOWA_WQX-10850002,2010-02-16,0.18,mg/L,00665,Total Phosphorus,1,south.xlsx
USGS-21IOWA_WQX-10850002,2010-03-09,0.42,mg/L,00665,Total Phosphorus,1,south.xlsx
USGS-21IOWA_WQX-10850002,2010-04-13,0.1,mg/L,00665,Total Phosphorus,1,south.xlsx
USGS-21IOWA_WQX-10850002,2010-05-11,0.26,mg/L,00665,Total Phosphorus,1,south.xlsx
USGS-21IOWA_WQX-10850002,2010-06-08,0.12,mg/L,00665,Total Phosphorus,1,south.xlsx
USGS-21IOWA_WQX-10850002,2010-07-13,0.27,mg/L,00665,Total Phosphorus,1,south.xlsx
USGS-21IOWA_WQX-10850002,2010-08-09,0.7,mg/L,00665,Total Phosphorus,1,south.xlsx
USGS-21IOWA_WQX-10850002,2010-09-07,0.27,mg/L,00665,Total Phosphorus,1,south.xlsx
USGS-21IOWA_WQX-10850002,2010-10-12,0.36,mg/L,00665,Total Phosphorus,1,south.xlsx
USGS-21IOWA_WQX-10850002,2010-11-09,0.22,mg/L,00665,Total Phosphorus,1,south.xlsx
USGS-21IOWA_WQX-10850002,2010-12-07,0.42,mg/L,00665,Total Phosphorus,1,south.xlsx
USGS-21IOWA_WQX-10850002,2011-01-13,0.27,mg/L,00665,Total Phosphorus,1,south.xlsx
USGS-21IOWA_WQX-10850002,2011-02-09,1.0,mg/L,00665,Total Phosphorus,1,south.xlsx
USGS-21IOWA_WQX-10850002,2011-03-09,0.56,mg/L,00665,Total Phosphorus,1,south.xlsx
USGS-21IOWA_WQX-10850002,2011-04-13,0.07,mg/L,00665,Total Phosphorus,1,south.xlsx
USGS-21IOWA_WQX-10850002,2011-05-10,0.18,mg/L,00665,Total Phosphorus,1,south.xlsx
USGS-21IOWA_WQX-10850002,2011-06-15,0.25,mg/L,00665,Total Phosphorus,1,south.xlsx
USGS-21IOWA_WQX-10850002,2011-07-12,0.24,mg/L,00665,Total Phosphorus,1,south.xlsx
USGS-21IOWA_WQX-10850002,2011-08-08,0.72,mg/L,00665,Total Phosphorus,1,south.xlsx
USGS-21IOWA_WQX-10850002,2011-09-13,2.3,mg/L,00665,Total Phosphorus,1,south.xlsx
USGS-21IOWA_WQX-10850002,2011-10-11,1.7,mg/L,00665,Total Phosphorus,1,south.xlsx
USGS-21IOWA_WQX-10850002,2011-11-09,0.61,mg/L,00665,Total Phosphorus,1,south.xlsx
USGS-21IOWA_WQX-10850002,2011-12-13,1.4,mg/L,00665,Total Phosphorus,1,south.xlsx
USGS-21IOWA_WQX-10850002,2012-01-10,1.9,mg/L,00665,Total Phosphorus,1,south.xlsx
USGS-21IOWA_WQX-10850002,2012-02-07,0.9,mg/L,00665,Total Phosphorus,1,south.xlsx
USGS-21IOWA_WQX-10850002,2012-03-12,0.62,mg/L,00665,Total Phosphorus,1,south.xlsx
USGS-21IOWA_WQX-10850002,2012-04-10,0.91,mg/L,00665,Total Phosphorus,1,south.xlsx
USGS-21IOWA_WQX-10850002,2012-05-09,0.19,mg/L,00665,Total Phosphorus,1,south.xlsx
USGS-21IOWA_WQX-10850002,2012-06-05,0.57,mg/L,00665,Total Phosphorus,1,south.xlsx
USGS-21IOWA_WQX-10850002,2012-07-09,1.4,mg/L,00665,Total Phosphorus,1,south.xlsx
USGS-21IOWA_WQX-10850002,2012-08-06,1.2,mg/L,00665,Total Phosphorus,1,south.xlsx
USGS-21IOWA_WQX-10850002,2012-09-11,3.3,mg/L,00665,Total Phosphorus,1,south.xlsx
USGS-21IOWA_WQX-10850002,2012-10-09,3.4,mg/L,00665,Total Phosphorus,1,south.xlsx
USGS-21IOWA_WQX-10850002,2012-11-13,3.3,mg/L,00665,Total Phosphorus,1,south.xlsx
USGS-21IOWA_WQX-10850002,2012-12-10,2.8,mg/L,00665,Total Phosphorus,1,south.xlsx
USGS-21IOWA_WQX-10850002,2013-01-15,3.0,mg/L,00665,Total Phosphorus,1,south.xlsx
USGS-21IOWA_WQX-10850002,2013-02-13,3.4,mg/L,00665,Total Phosphorus,1,south.xlsx
USGS-21IOWA_WQX-10850002,2013-03-14,0.95,mg/L,00665,Total Phosphorus,1,south.xlsx
USGS-21IOWA_WQX-10850002,2013-04-08,1.0,mg/L,00665,Total Phosphorus,1,south.xlsx
USGS-21IOWA_WQX-10850002,2013-05-01,0.41,mg/L,00665,Total Phosphorus,1,south.xlsx
USGS-21IOWA_WQX-10850002,2013-06-05,0.44,mg/L,00665,Total Phosphorus,1,south.xlsx
USGS-21IOWA_WQX-10850002,2013-07-09,0.31,mg/L,00665,Total Phosphorus,1,south.xlsx
USGS-21IOWA_WQX-10850002,2013-08-14,0.65,mg/L,00665,Total Phosphorus,1,south.xlsx
USGS-21IOWA_WQX-10850002,2013-09-11,2.8,mg/L,00665,Total Phosphorus,1,south.xlsx
USGS-21IOWA_WQX-10850002,2013-10-10,2.1,mg/L,00665,Total Phosphorus,1,south.xlsx
USGS-21IOWA_WQX-10850002,2013-11-12,2.1,mg/L,00665,Total Phosphorus,1,south.xlsx
USGS-21IOWA_WQX-10850002,2013-12-12,3.6,mg/L,00665,Total Phosphorus,1,south.xlsx
USGS-21IOWA_WQX-10850002,2014-01-15,3.6,mg/L,00665,Total Phosphorus,1,south.xlsx
USGS-21IOWA_WQX-10850002,2014-02-11,4.1,mg/L,00665,Total Phosphorus,1,south.xlsx
USGS-21IOWA_WQX-10850002,2014-03-11,1.7,mg/L,00665,Total Phosphorus,1,south.xlsx
USGS-21IOWA_WQX-10850002,2014-04-07,1.1,mg/L,00665,Total Phosphorus,1,south.xlsx
USGS-21IOWA_WQX-10850002,2014-05-05,0.29,mg/L,00665,Total Phosphorus,1,south.xlsx
USGS-21IOWA_WQX-10850002,2014-06-05,0.27,mg/L,00665,Total Phosphorus,1,south.xlsx
USGS-21IOWA_WQX-10850002,2014-07-02,0.52,mg/L,00665,Total Phosphorus,1,south.xlsx
USGS-21IOWA_WQX-10850002,2014-08-07,0.16,mg/L,00665,Total Phosphorus,1,south.xlsx
USGS-21IOWA_WQX-10850002,2014-09-04,0.24,mg/L,00665,Total Phosphorus,1,south.xlsx
USGS-21IOWA_WQX-10850002,2015-02-05,0.5,mg/L,00665,Total Phosphorus,1,south.xlsx
USGS-21IOWA_WQX-10850002,2015-03-02,1.0,mg/L,00665,Total Phosphorus,1,south.xlsx
USGS-21IOWA_WQX-10850002,2015-04-02,0.8,mg/L,00665,Total Phosphorus,1,south.xlsx
USGS-21IOWA_WQX-10850002,2015-05-13,0.13,mg/L,00665,Total Phosphorus,1,south.xlsx
USGS-21IOWA_WQX-10850002,2015-06-02,0.17,mg/L,00665,Total Phosphorus,1,south.xlsx
USGS-21IOWA_WQX-10850002,2015-07-07,0.18,mg/L,00665,Total Phosphorus,1,south.xlsx
USGS-21IOWA_WQX-10850002,2015-08-05,0.34,mg/L,00665,Total Phosphorus,1,south.xlsx
USGS-21IOWA_WQX-10850002,2015-09-03,0.33,mg/L,00665,Total Phosphorus,1,south.xlsx
USGS-21IOWA_WQX-10850002,2015-10-01,0.3,mg/L,00665,Total Phosphorus,1,south.xlsx
USGS-21IOWA_WQX-10850002,2015-11-11,0.2,mg/L,00665,Total Phosphorus,1,south.xlsx
USGS-21IOWA_WQX-10850002,2015-12-03,0.28,mg/L,00665,Total Phosphorus,1,south.xlsx
USGS-21IOWA_WQX-10850002,2016-01-07,0.18,mg/L,00665,Total Phosphorus,1,south.xlsx
USGS-21IOWA_WQX-10850002,2016-02-01,0.13,mg/L,00665,Total Phosphorus,1,south.xlsx
USGS-21IOWA_WQX-10850002,2016-03-02,0.28,mg/L,00665,Total Phosphorus,1,south.xlsx
USGS-21IOWA_WQX-10850002,2016-04-12,0.05,mg/L,00665,Total Phosphorus,1,south.xlsx
USGS-21IOWA_WQX-10850002,2016-05-04,0.21,mg/L,00665,Total Phosphorus,1,south.xlsx
USGS-21IOWA_WQX-10850002,2016-06-02,0.38,mg/L,00665,Total Phosphorus,1,south.xlsx
USGS-21IOWA_WQX-10850002,2016-07-12,0.3,mg/L,00665,Total Phosphorus,1,south.xlsx
USGS-21IOWA_WQX-10850002,2016-08-10,0.93,mg/L,00665,Total Phosphorus,1,south.xlsx
USGS-21IOWA_WQX-10850002,2016-09-01,0.16,mg/L,00665,Total Phosphorus,1,south.xlsx
USGS-21IOWA_WQX-10850002,2016-10-04,0.24,mg/L,00665,Total Phosphorus,1,south.xlsx
USGS-21IOWA_WQX-10850002,2016-11-03,0.12,mg/L,00665,Total Phosphorus,1,south.xlsx
USGS-21IOWA_WQX-10850002,2016-12-07,0.12,mg/L,00665,Total Phosphorus,1,south.xlsx
USGS-21IOWA_WQX-10850002,2017-01-03,0.16,mg/L,00665,Total Phosphorus,1,south.xlsx
USGS-21IOWA_WQX-10850002,2017-02-01,0.62,mg/L,00665,Total Phosphorus,1,south.xlsx
USGS-21IOWA_WQX-10850002,2017-03-01,0.3,mg/L,00665,Total Phosphorus,1,south.xlsx
USGS-21IOWA_WQX-10850002,2017-04-05,0.3,mg/L,00665,Total Phosphorus,1,south.xlsx
USGS-21IOWA_WQX-10850002,2017-05-10,0.28,mg/L,00665,Total Phosphorus,1,south.xlsx
USGS-21IOWA_WQX-10850002,2017-06-01,0.22,mg/L,00665,Total Phosphorus,1,south.xlsx
USGS-21IOWA_WQX-10850002,2017-07-05,0.44,mg/L,00665,Total Phosphorus,1,south.xlsx
USGS-21IOWA_WQX-10850002,2017-08-02,0.59,mg/L,00665,Total Phosphorus,1,south.xlsx
USGS-21IOWA_WQX-10850002,2017-09-07,1.2,mg/L,00665,Total Phosphorus,1,south.xlsx
USGS-21IOWA_WQX-10850002,2017-10-05,1.2,mg/L,00665,Total Phosphorus,1,south.xlsx
USGS-21IOWA_WQX-10850002,2017-11-09,1.8,mg/L,00665,Total Phosphorus,1,south.xlsx
USGS-21IOWA_WQX-10850002,2017-12-07,0.99,mg/L,00665,Total Phosphorus,1,south.xlsx
USGS-21IOWA_WQX-10850002,2018-01-04,2.0,mg/L,00665,Total Phosphorus,1,south.xlsx
USGS-21IOWA_WQX-10850002,2018-02-01,0.99,mg/L,00665,Total Phosphorus,1,south.xlsx
USGS-21IOWA_WQX-10850002,2018-03-01,1.3,mg/L,00665,Total Phosphorus,1,south.xlsx
USGS-21IOWA_WQX-10850002,2018-04-04,0.37,mg/L,00665,Total Phosphorus,1,south.xlsx
USGS-21IOWA_WQX-10850002,2018-05-02,0.37,mg/L,00665,Total Phosphorus,1,south.xlsx
USGS-21IOWA_WQX-10850002,2018-06-05,0.18,mg/L,00665,Total Phosphorus,1,south.xlsx
USGS-21IOWA_WQX-10850002,2018-07-06,0.56,mg/L,00665,Total Phosphorus,1,south.xlsx
USGS-21IOWA_WQX-10850002,2018-08-07,0.28,mg/L,00665,Total Phosphorus,1,south.xlsx
USGS-21IOWA_WQX-10850002,2018-09-04,0.32,mg/L,00665,Total Phosphorus,1,south.xlsx
USGS-21IOWA_WQX-10850002,2018-10-01,0.15,mg/L,00665,Total Phosphorus,1,south.xlsx
USGS-21IOWA_WQX-10850002,2018-11-08,0.15,mg/L,00665,Total Phosphorus,1,south.xlsx
USGS-21IOWA_WQX-10850002,2018-12-05,0.12,mg/L,00665,Total Phosphorus,1,south.xlsx
USGS-21IOWA_WQX-10850002,2019-01-07,0.26,mg/L,00665,Total Phosphorus,1,south.xlsx
USGS-21IOWA_WQX-10850002,2019-02-06,0.97,mg/L,00665,Total Phosphorus,1,south.xlsx
USGS-21IOWA_WQX-10850002,2019-03-06,0.51,mg/L,00665,Total Phosphorus,1,south.xlsx
USGS-21IOWA_WQX-10850002,2019-04-03,0.32,mg/L,00665,Total Phosphorus,1,south.xlsx
USGS-21IOWA_WQX-10850002,2019-05-02,0.05,mg/L,00665,Total Phosphorus,1,south.xlsx
USGS-21IOWA_WQX-10850002,2019-06-05,0.21,mg/L,00665,Total Phosphorus,1,south.xlsx
USGS-21IOWA_WQX-10850002,2019-07-03,0.87,mg/L,00665,Total Phosphorus,1,south.xlsx
USGS-21IOWA_WQX-10850002,2019-08-01,0.1,mg/L,00665,Total Phosphorus,1,south.xlsx
USGS-21IOWA_WQX-10850002,2019-09-10,0.73,mg/L,00665,Total Phosphorus,1,south.xlsx
USGS-21IOWA_WQX-10850002,2019-10-02,0.92,mg/L,00665,Total Phosphorus,1,south.xlsx
USGS-21IOWA_WQX-10850002,2019-11-14,0.14,mg/L,00665,Total Phosphorus,1,south.xlsx
USGS-21IOWA_WQX-10850002,2019-12-09,0.32,mg/L,00665,Total Phosphorus,1,south.xlsx
USGS-21IOWA_WQX-10850002,2020-01-13,0.23,mg/L,00665,Total Phosphorus,1,south.xlsx
USGS-21IOWA_WQX-10850002,2020-02-05,0.69,mg/L,00665,Total Phosphorus,1,south.xlsx
USGS-21IOWA_WQX-10850002,2020-03-02,0.63,mg/L,00665,Total Phosphorus,1,south.xlsx
USGS-21IOWA_WQX-10850002,2020-04-08,0.06,mg/L,00665,Total Phosphorus,1,south.xlsx
USGS-21IOWA_WQX-10850002,2020-05-12,0.11,mg/L,00665,Total Phosphorus,1,south.xlsx
USGS-21IOWA_WQX-10850002,2020-06-02,0.38,mg/L,00665,Total Phosphorus,1,south.xlsx
USGS-21IOWA_WQX-10850002,2020-07-07,0.09,mg/L,00665,Total Phosphorus,1,south.xlsx
USGS-21IOWA_WQX-10850002,2020-08-10,0.9,mg/L,00665,Total Phosphorus,1,south.xlsx
USGS-21IOWA_WQX-10850002,2020-09-08,1.8,mg/L,00665,Total Phosphorus,1,south.xlsx
USGS-21IOWA_WQX-10850002,2020-10-01,2.4,mg/L,00665,Total Phosphorus,1,south.xlsx
USGS-21IOWA_WQX-10850002,2020-11-03,2.6,mg/L,00665,Total Phosphorus,1,south.xlsx
USGS-21IOWA_WQX-10850002,2020-12-02,1.1,mg/L,00665,Total Phosphorus,1,south.xlsx
USGS-21IOWA_WQX-10850002,2021-01-12,1.4,mg/L,00665,Total Phosphorus,1,south.xlsx
USGS-21IOWA_WQX-10850002,2021-02-03,1.6,mg/L,00665,Total Phosphorus,1,south.xlsx
USGS-21IOWA_WQX-10850002,2021-03-09,0.9,mg/L,00665,Total Phosphorus,1,south.xlsx
USGS-21IOWA_WQX-10850002,2021-04-12,1.1,mg/L,00665,Total Phosphorus,1,south.xlsx
USGS-21IOWA_WQX-10850002,2021-05-10,0.12,mg/L,00665,Total Phosphorus,1,south.xlsx
USGS-21IOWA_WQX-10850002,2021-06-03,0.42,mg/L,00665,Total Phosphorus,1,south.xlsx
USGS-21IOWA_WQX-10850002,2021-07-01,0.84,mg/L,00665,Total Phosphorus,1,south.xlsx
USGS-21IOWA_WQX-10850002,2021-08-09,1.0,mg/L,00665,Total Phosphorus,1,south.xlsx
USGS-21IOWA_WQX-10850002,2021-09-02,1.2,mg/L,00665,Total Phosphorus,1,south.xlsx
USGS-21IOWA_WQX-10850002,2021-10-07,1.9,mg/L,00665,Total Phosphorus,1,south.xlsx
USGS-21IOWA_WQX-10850002,2021-11-04,0.16,mg/L,00665,Total Phosphorus,1,south.xlsx
USGS-21IOWA_WQX-10850002,2021-12-01,0.19,mg/L,00665,Total Phosphorus,1,south.xlsx
USGS-21IOWA_WQX-10850002,2022-01-06,0.92,mg/L,00665,Total Phosphorus,1,south.xlsx
USGS-21IOWA_WQX-10850002,2022-02-09,2.0,mg/L,00665,Total Phosphorus,1,south.xlsx
USGS-21IOWA_WQX-10850002,2022-03-15,0.34,mg/L,00665,Total Phosphorus,1,south.xlsx
USGS-21IOWA_WQX-10850002,2022-04-12,0.74,mg/L,00665,Total Phosphorus,1,south.xlsx
USGS-21IOWA_WQX-10850002,2022-05-05,0.22,mg/L,00665,Total Phosphorus,1,south.xlsx
USGS-21IOWA_WQX-10850002,2022-06-07,0.41,mg/L,00665,Total Phosphorus,1,south.xlsx
USGS-21IOWA_WQX-10850002,2022-07-14,0.33,mg/L,00665,Total Phosphorus,1,south.xlsx
USGS-21IOWA_WQX-10850002,2022-08-10,0.9,mg/L,00665,Total Phosphorus,1,south.xlsx
USGS-21IOWA_WQX-10850002,2022-09-07,1.6,mg/L,00665,Total Phosphorus,1,south.xlsx
USGS-21IOWA_WQX-10850002,2022-10-03,1.4,mg/L,00665,Total Phosphorus,1,south.xlsx
USGS-21IOWA_WQX-10850002,2022-11-08,0.85,mg/L,00665,Total Phosphorus,1,south.xlsx
USGS-21IOWA_WQX-10850002,2022-12-06,2.3,mg/L,00665,Total Phosphorus,1,south.xlsx
USGS-21IOWA_WQX-10850002,2023-01-05,0.87,mg/L,00665,Total Phosphorus,1,south.xlsx
USGS-21IOWA_WQX-10850002,2023-02-09,0.25,mg/L,00665,Total Phosphorus,1,south.xlsx
USGS-21IOWA_WQX-10850002,2023-03-06,0.46,mg/L,00665,Total Phosphorus,1,south.xlsx
USGS-21IOWA_WQX-10850002,2023-04-05,0.33,mg/L,00665,Total Phosphorus,1,south.xlsx
USGS-21IOWA_WQX-10850002,2023-05-04,0.53,mg/L,00665,Total Phosphorus,1,south.xlsx
USGS-21IOWA_WQX-10850002,2023-06-07,0.23,mg/L,00665,Total Phosphorus,1,south.xlsx
USGS-21IOWA_WQX-10850002,2023-07-11,0.28,mg/L,00665,Total Phosphorus,1,south.xlsx
USGS-21IOWA_WQX-10850002,2023-08-03,0.24,mg/L,00665,Total Phosphorus,1,south.xlsx
USGS-21IOWA_WQX-10850002,2023-09-07,2.2,mg/L,00665,Total Phosphorus,1,south.xlsx
USGS-21IOWA_WQX-10850002,2023-10-04,2.6,mg/L,00665,Total Phosphorus,1,south.xlsx
USGS-21IOWA_WQX-10850002,2023-11-08,2.7,mg/L,00665,Total Phosphorus,1,south.xlsx
USGS-21IOWA_WQX-10850002,2023-12-12,2.6,mg/L,00665,Total Phosphorus,1,south.xlsx
USGS-21IOWA_WQX-10850002,2024-01-10,1.6,mg/L,00665,Total Phosphorus,1,south.xlsx
USGS-21IOWA_WQX-10850002,2024-02-13,0.42,mg/L,00665,Total Phosphorus,1,south.xlsx
USGS-21IOWA_WQX-10850002,2024-03-14,0.66,mg/L,00665,Total Phosphorus,1,south.xlsx
USGS-21IOWA_WQX-10850002,2024-04-03,0.22,mg/L,00665,Total Phosphorus,1,south.xlsx
USGS-21IOWA_WQX-10850002,2024-05-02,0.18,mg/L,00665,Total Phosphorus,1,south.xlsx
USGS-21IOWA_WQX-10850002,2024-06-05,0.28,mg/L,00665,Total Phosphorus,1,south.xlsx
USGS-21IOWA_WQX-10850002,2024-07-03,0.32,mg/L,00665,Total Phosphorus,1,south.xlsx
USGS-21IOWA_WQX-10850002,2024-08-06,0.3,mg/L,00665,Total Phosphorus,1,south.xlsx
USGS-21IOWA_WQX-10850002,2024-09-05,0.56,mg/L,00665,Total Phosphorus,1,south.xlsx
USGS-21IOWA_WQX-10850002,2024-10-08,2.6,mg/L,00665,Total Phosphorus,1,south.xlsx
USGS-21IOWA_WQX-10850002,2024-11-12,0.2,mg/L,00665,Total Phosphorus,1,south.xlsx
USGS-21IOWA_WQX-10850002,2024-12-03,0.18,mg/L,00665,Total Phosphorus,1,south.xlsx
USGS-21IOWA_WQX-10850002,2025-01-07,0.4,mg/L,00665,Total Phosphorus,1,south.xlsx
USGS-21IOWA_WQX-10850002,2025-02-04,0.18,mg/L,00665,Total Phosphorus,1,south.xlsx
USGS-21IOWA_WQX-10850002,2025-03-03,0.56,mg/L,00665,Total Phosphorus,1,south.xlsx
USGS-21IOWA_WQX-10850002,2025-04-03,0.06,mg/L,00665,Total Phosphorus,1,south.xlsx
USGS-21IOWA_WQX-10850003,1999-10-07,0.6,mg/L,00665,Total Phosphorus,1,south.xlsx
USGS-21IOWA_WQX-10850003,2000-04-04,0.1,mg/L,00665,Total Phosphorus,1,south.xlsx
USGS-21IOWA_WQX-10850003,2000-10-17,0.1,mg/L,00665,Total Phosphorus,1,south.xlsx
USGS-21IOWA_WQX-10850003,2000-11-27,0.2,mg/L,00665,Total Phosphorus,1,south.xlsx
USGS-21IOWA_WQX-10850003,2000-12-21,0.1,mg/L,00665,Total Phosphorus,1,south.xlsx
USGS-21IOWA_WQX-10850003,2001-01-16,0.2,mg/L,00665,Total Phosphorus,1,south.xlsx
USGS-21IOWA_WQX-10850003,2001-03-22,1.1,mg/L,00665,Total Phosphorus,1,south.xlsx
USGS-21IOWA_WQX-10850003,2001-04-18,0.2,mg/L,00665,Total Phosphorus,1,south.xlsx
USGS-21IOWA_WQX-10850003,2001-05-16,0.2,mg/L,00665,Total Phosphorus,1,south.xlsx
USGS-21IOWA_WQX-10850003,2001-06-20,0.2,mg/L,00665,Total Phosphorus,1,south.xlsx
USGS-21IOWA_WQX-10850003,2001-07-17,0.1,mg/L,00665,Total Phosphorus,1,south.xlsx
USGS-21IOWA_WQX-10850003,2001-09-18,0.26,mg/L,00665,Total Phosphorus,1,south.xlsx
USGS-21IOWA_WQX-10850003,2001-10-15,0.11,mg/L,00665,Total Phosphorus,1,south.xlsx
USGS-21IOWA_WQX-10850003,2001-11-14,0.16,mg/L,00665,Total Phosphorus,1,south.xlsx
USGS-21IOWA_WQX-10850003,2001-12-11,0.15,mg/L,00665,Total Phosphorus,1,south.xlsx
USGS-21IOWA_WQX-10850003,2002-01-16,0.09,mg/L,00665,Total Phosphorus,1,south.xlsx
USGS-21IOWA_WQX-10850003,2002-02-12,0.12,mg/L,00665,Total Phosphorus,1,south.xlsx
USGS-21IOWA_WQX-10850003,2002-03-13,0.11,mg/L,00665,Total Phosphorus,1,south.xlsx
USGS-21IOWA_WQX-10850003,2002-05-14,0.26,mg/L,00665,Total Phosphorus,1,south.xlsx
USGS-21IOWA_WQX-10850003,2002-06-12,0.25,mg/L,00665,Total Phosphorus,1,south.xlsx
USGS-21IOWA_WQX-10850003,2002-07-09,0.28,mg/L,00665,Total Phosphorus,1,south.xlsx
USGS-21IOWA_WQX-10850003,2002-08-14,0.55,mg/L,00665,Total Phosphorus,1,south.xlsx
USGS-21IOWA_WQX-10850003,2002-09-11,0.07,mg/L,00665,Total Phosphorus,1,south.xlsx
USGS-21IOWA_WQX-10850003,2002-10-09,0.21,mg/L,00665,Total Phosphorus,1,south.xlsx
USGS-21IOWA_WQX-10850003,2003-01-15,0.08,mg/L,00665,Total Phosphorus,1,south.xlsx
USGS-21IOWA_WQX-10850003,2003-02-12,0.21,mg/L,00665,Total Phosphorus,1,south.xlsx
USGS-21IOWA_WQX-10850003,2003-03-11,0.18,mg/L,00665,Total Phosphorus,1,south.xlsx
USGS-21IOWA_WQX-10850003,2003-05-14,0.33,mg/L,00665,Total Phosphorus,1,south.xlsx
USGS-21IOWA_WQX-10850003,2003-06-11,0.11,mg/L,00665,Total Phosphorus,1,south.xlsx
USGS-21IOWA_WQX-10850003,2003-07-08,0.18,mg/L,00665,Total Phosphorus,1,south.xlsx
USGS-21IOWA_WQX-10850003,2003-08-13,0.02,mg/L,00665,Total Phosphorus,1,south.xlsx
USGS-21IOWA_WQX-10850003,2003-09-10,0.17,mg/L,00665,Total Phosphorus,1,south.xlsx
USGS-21IOWA_WQX-10850003,2003-10-06,0.06,mg/L,00665,Total Phosphorus,1,south.xlsx
USGS-21IOWA_WQX-10850003,2003-11-12,0.21,mg/L,00665,Total Phosphorus,1,south.xlsx
USGS-21IOWA_WQX-10850003,2003-12-09,0.18,mg/L,00665,Total Phosphorus,1,south.xlsx
USGS-21IOWA_WQX-10850003,2004-01-14,0.13,mg/L,00665,Total Phosphorus,1,south.xlsx
USGS-21IOWA_WQX-10850003,2004-02-11,0.19,mg/L,00665,Total Phosphorus,1,south.xlsx
USGS-21IOWA_WQX-10850003,2004-03-10,0.25,mg/L,00665,Total Phosphorus,1,south.xlsx
USGS-21IOWA_WQX-10850003,2004-04-14,0.06,mg/L,00665,Total Phosphorus,1,south.xlsx
USGS-21IOWA_WQX-10850003,2004-05-12,0.14,mg/L,00665,Total Phosphorus,1,south.xlsx
USGS-21IOWA_WQX-10850003,2004-06-07,0.18,mg/L,00665,Total Phosphorus,1,south.xlsx
USGS-21IOWA_WQX-10850003,2004-07-14,0.62,mg/L,00665,Total Phosphorus,1,south.xlsx
USGS-21IOWA_WQX-10850003,2004-08-11,0.17,mg/L,00665,Total Phosphorus,1,south.xlsx
USGS-21IOWA_WQX-10850003,2004-09-08,0.12,mg/L,00665,Total Phosphorus,1,south.xlsx
USGS-21IOWA_WQX-10850003,2004-10-14,0.07,mg/L,00665,Total Phosphorus,1,south.xlsx
USGS-21IOWA_WQX-10850003,2004-11-10,0.13,mg/L,00665,Total Phosphorus,1,south.xlsx
USGS-21IOWA_WQX-10850003,2004-12-08,0.07,mg/L,00665,Total Phosphorus,1,south.xlsx
USGS-21IOWA_WQX-10850003,2005-01-18,0.18,mg/L,00665,Total Phosphorus,1,south.xlsx
USGS-21IOWA_WQX-10850003,2005-02-09,0.27,mg/L,00665,Total Phosphorus,1,south.xlsx
USGS-21IOWA_WQX-10850003,2005-03-09,0.08,mg/L,00665,Total Phosphorus,1,south.xlsx
USGS-21IOWA_WQX-10850003,2005-04-13,0.46,mg/L,00665,Total Phosphorus,1,south.xlsx
USGS-21IOWA_WQX-10850003,2005-05-02,0.05,mg/L,00665,Total Phosphorus,1,south.xlsx
USGS-21IOWA_WQX-10850003,2005-06-08,0.08,mg/L,00665,Total Phosphorus,1,south.xlsx
USGS-21IOWA_WQX-10850003,2005-07-13,0.2,mg/L,00665,Total Phosphorus,1,south.xlsx
USGS-21IOWA_WQX-10850003,2005-08-10,0.1,mg/L,00665,Total Phosphorus,1,south.xlsx
USGS-21IOWA_WQX-10850003,2005-09-14,0.22,mg/L,00665,Total Phosphorus,1,south.xlsx
USGS-21IOWA_WQX-10850003,2005-10-12,0.11,mg/L,00665,Total Phosphorus,1,south.xlsx
USGS-21IOWA_WQX-10850003,2005-11-08,0.07,mg/L,00665,Total Phosphorus,1,south.xlsx
USGS-21IOWA_WQX-10850003,2005-12-13,0.19,mg/L,00665,Total Phosphorus,1,south.xlsx
USGS-21IOWA_WQX-10850003,2006-01-10,0.12,mg/L,00665,Total Phosphorus,1,south.xlsx
USGS-21IOWA_WQX-10850003,2006-02-07,0.09,mg/L,00665,Total Phosphorus,1,south.xlsx
USGS-21IOWA_WQX-10850003,2006-03-08,0.06,mg/L,00665,Total Phosphorus,1,south.xlsx
USGS-21IOWA_WQX-10850003,2006-04-12,0.12,mg/L,00665,Total Phosphorus,1,south.xlsx
USGS-21IOWA_WQX-10850003,2006-05-09,0.18,mg/L,00665,Total Phosphorus,1,south.xlsx
USGS-21IOWA_WQX-10850003,2006-06-07,0.12,mg/L,00665,Total Phosphorus,1,south.xlsx
USGS-21IOWA_WQX-10850003,2006-07-12,0.66,mg/L,00665,Total Phosphorus,1,south.xlsx
USGS-21IOWA_WQX-10850003,2006-08-09,0.2,mg/L,00665,Total Phosphorus,1,south.xlsx
USGS-21IOWA_WQX-10850003,2006-09-12,0.59,mg/L,00665,Total Phosphorus,1,south.xlsx
USGS-21IOWA_WQX-10850003,2006-10-11,0.08,mg/L,00665,Total Phosphorus,1,south.xlsx
USGS-21IOWA_WQX-10850003,2006-11-07,0.05,mg/L,00665,Total Phosphorus,1,south.xlsx
USGS-21IOWA_WQX-10850003,2006-12-12,0.12,mg/L,00665,Total Phosphorus,1,south.xlsx
USGS-21IOWA_WQX-10850003,2008-01-15,0.08,mg/L,00665,Total Phosphorus,1,south.xlsx
USGS-21IOWA_WQX-10850003,2008-02-13,0.16,mg/L,00665,Total Phosphorus,1,south.xlsx
USGS-21IOWA_WQX-10850003,2008-03-11,0.59,mg/L,00665,Total Phosphorus,1,south.xlsx
USGS-21IOWA_WQX-10850003,2008-04-08,0.18,mg/L,00665,Total Phosphorus,1,south.xlsx
USGS-21IOWA_WQX-10850003,2008-05-14,0.14,mg/L,00665,Total Phosphorus,1,south.xlsx
USGS-21IOWA_WQX-10850003,2008-06-09,1.3,mg/L,00665,Total Phosphorus,1,south.xlsx
USGS-21IOWA_WQX-10850003,2008-07-15,0.19,mg/L,00665,Total Phosphorus,1,south.xlsx
USGS-21IOWA_WQX-10850003,2008-08-12,0.09,mg/L,00665,Total Phosphorus,1,south.xlsx
USGS-21IOWA_WQX-10850003,2009-04-07,0.18,mg/L,00665,Total Phosphorus,1,south.xlsx
USGS-21IOWA_WQX-10850003,2009-05-12,0.11,mg/L,00665,Total Phosphorus,1,south.xlsx
USGS-21IOWA_WQX-10850003,2009-06-09,0.16,mg/L,00665,Total Phosphorus,1,south.xlsx
USGS-21IOWA_WQX-10850003,2009-07-08,0.13,mg/L,00665,Total Phosphorus,1,south.xlsx
USGS-21IOWA_WQX-10850003,2009-08-10,0.24,mg/L,00665,Total Phosphorus,1,south.xlsx
USGS-21IOWA_WQX-10850003,2009-09-09,0.1,mg/L,00665,Total Phosphorus,1,south.xlsx
USGS-21IOWA_WQX-10850003,2009-10-12,0.18,mg/L,00665,Total Phosphorus,1,south.xlsx
USGS-21IOWA_WQX-10850003,2009-11-10,0.14,mg/L,00665,Total Phosphorus,1,south.xlsx
USGS-21IOWA_WQX-10850003,2009-12-17,0.08,mg/L,00665,Total Phosphorus,1,south.xlsx
USGS-21IOWA_WQX-10850003,2010-01-12,0.09,mg/L,00665,Total Phosphorus,1,south.xlsx
USGS-21IOWA_WQX-10850003,2010-02-16,0.08,mg/L,00665,Total Phosphorus,1,south.xlsx
USGS-21IOWA_WQX-10850003,2010-03-09,0.42,mg/L,00665,Total Phosphorus,1,south.xlsx
USGS-21IOWA_WQX-10850003,2010-04-13,0.09,mg/L,00665,Total Phosphorus,1,south.xlsx
USGS-21IOWA_WQX-10850003,2010-05-11,0.11,mg/L,00665,Total Phosphorus,1,south.xlsx
USGS-21IOWA_WQX-10850003,2010-06-08,0.09,mg/L,00665,Total Phosphorus,1,south.xlsx
USGS-21IOWA_WQX-10850003,2010-07-13,0.16,mg/L,00665,Total Phosphorus,1,south.xlsx
USGS-21IOWA_WQX-10850003,2010-08-09,0.63,mg/L,00665,Total Phosphorus,1,south.xlsx
USGS-21IOWA_WQX-10850003,2010-09-07,0.18,mg/L,00665,Total Phosphorus,1,south.xlsx
USGS-21IOWA_WQX-10850003,2010-10-12,0.07,mg/L,00665,Total Phosphorus,1,south.xlsx
USGS-21IOWA_WQX-10850003,2010-11-09,0.04,mg/L,00665,Total Phosphorus,1,south.xlsx
USGS-21IOWA_WQX-10850003,2010-12-07,0.09,mg/L,00665,Total Phosphorus,1,south.xlsx
USGS-21IOWA_WQX-10850003,2011-01-13,0.09,mg/L,00665,Total Phosphorus,1,south.xlsx
USGS-21IOWA_WQX-10850003,2011-02-09,0.12,mg/L,00665,Total Phosphorus,1,south.xlsx
USGS-21IOWA_WQX-10850003,2011-03-09,0.14,mg/L,00665,Total Phosphorus,1,south.xlsx
USGS-21IOWA_WQX-10850003,2011-04-13,0.05,mg/L,00665,Total Phosphorus,1,south.xlsx
USGS-21IOWA_WQX-10850003,2011-05-10,0.08,mg/L,00665,Total Phosphorus,1,south.xlsx
USGS-21IOWA_WQX-10850003,2011-06-15,0.22,mg/L,00665,Total Phosphorus,1,south.xlsx
USGS-21IOWA_WQX-10850003,2011-07-12,0.13,mg/L,00665,Total Phosphorus,1,south.xlsx
USGS-21IOWA_WQX-10850003,2011-08-08,0.16,mg/L,00665,Total Phosphorus,1,south.xlsx
USGS-21IOWA_WQX-10850003,2011-09-13,0.09,mg/L,00665,Total Phosphorus,1,south.xlsx
USGS-21IOWA_WQX-10850003,2011-10-11,0.14,mg/L,00665,Total Phosphorus,1,south.xlsx
USGS-21IOWA_WQX-10850003,2011-11-09,0.21,mg/L,00665,Total Phosphorus,1,south.xlsx
USGS-21IOWA_WQX-10850003,2011-12-13,0.14,mg/L,00665,Total Phosphorus,1,south.xlsx
USGS-21IOWA_WQX-10850003,2012-01-10,0.06,mg/L,00665,Total Phosphorus,1,south.xlsx
USGS-21IOWA_WQX-10850003,2012-02-07,0.1,mg/L,00665,Total Phosphorus,1,south.xlsx
USGS-21IOWA_WQX-10850003,2012-03-12,5.1,mg/L,00665,Total Phosphorus,1,south.xlsx
USGS-21IOWA_WQX-10850003,2012-04-10,0.06,mg/L,00665,Total Phosphorus,1,south.xlsx
USGS-21IOWA_WQX-10850003,2012-05-09,0.15,mg/L,00665,Total Phosphorus,1,south.xlsx
USGS-21IOWA_WQX-10850003,2012-06-05,0.12,mg/L,00665,Total Phosphorus,1,south.xlsx
USGS-21IOWA_WQX-10850003,2012-07-09,0.45,mg/L,00665,Total Phosphorus,1,south.xlsx
USGS-21IOWA_WQX-10850003,2012-08-06,0.17,mg/L,00665,Total Phosphorus,1,south.xlsx
USGS-21IOWA_WQX-10850003,2012-09-11,0.08,mg/L,00665,Total Phosphorus,1,south.xlsx
USGS-21IOWA_WQX-10850003,2012-10-09,0.07,mg/L,00665,Total Phosphorus,1,south.xlsx
USGS-21IOWA_WQX-10850003,2012-11-13,0.05,mg/L,00665,Total Phosphorus,1,south.xlsx
USGS-21IOWA_WQX-10850003,2012-12-10,0.04,mg/L,00665,Total Phosphorus,1,south.xlsx
USGS-21IOWA_WQX-10850003,2013-01-15,0.08,mg/L,00665,Total Phosphorus,1,south.xlsx
USGS-21IOWA_WQX-10850003,2013-02-13,0.6,mg/L,00665,Total Phosphorus,1,south.xlsx
USGS-21IOWA_WQX-10850003,2013-03-14,0.74,mg/L,00665,Total Phosphorus,1,south.xlsx
USGS-21IOWA_WQX-10850003,2013-04-08,0.17,mg/L,00665,Total Phosphorus,1,south.xlsx
USGS-21IOWA_WQX-10850003,2013-05-01,0.13,mg/L,00665,Total Phosphorus,1,south.xlsx
USGS-21IOWA_WQX-10850003,2013-06-05,0.39,mg/L,00665,Total Phosphorus,1,south.xlsx
USGS-21IOWA_WQX-10850003,2013-07-09,0.14,mg/L,00665,Total Phosphorus,1,south.xlsx
USGS-21IOWA_WQX-10850003,2013-08-14,0.06,mg/L,00665,Total Phosphorus,1,south.xlsx
USGS-21IOWA_WQX-10850003,2013-09-11,0.09,mg/L,00665,Total Phosphorus,1,south.xlsx
USGS-21IOWA_WQX-10850003,2013-10-10,0.05,mg/L,00665,Total Phosphorus,1,south.xlsx
USGS-21IOWA_WQX-10850003,2013-11-12,0.38,mg/L,00665,Total Phosphorus,1,south.xlsx
USGS-21IOWA_WQX-10850003,2013-12-12,0.15,mg/L,00665,Total Phosphorus,1,south.xlsx
USGS-21IOWA_WQX-10850003,2014-01-15,0.11,mg/L,00665,Total Phosphorus,1,south.xlsx
USGS-21IOWA_WQX-10850003,2014-02-11,0.11,mg/L,00665,Total Phosphorus,1,south.xlsx
USGS-21IOWA_WQX-10850003,2014-03-11,1.4,mg/L,00665,Total Phosphorus,1,south.xlsx
USGS-21IOWA_WQX-10850003,2014-04-07,0.2,mg/L,00665,Total Phosphorus,1,south.xlsx
USGS-21IOWA_WQX-10850003,2014-05-05,0.16,mg/L,00665,Total Phosphorus,1,south.xlsx
USGS-21IOWA_WQX-10850003,2014-06-05,0.21,mg/L,00665,Total Phosphorus,1,south.xlsx
USGS-21IOWA_WQX-10850003,2014-07-02,0.46,mg/L,00665,Total Phosphorus,1,south.xlsx
USGS-21IOWA_WQX-10850003,2014-08-07,0.17,mg/L,00665,Total Phosphorus,1,south.xlsx
USGS-21IOWA_WQX-10850003,2014-09-04,0.25,mg/L,00665,Total Phosphorus,1,south.xlsx
USGS-21IOWA_WQX-11400004,2008-01-07,0.1,mg/L,00665,Total Phosphorus,1,south.xlsx
USGS-21IOWA_WQX-11400004,2008-02-12,0.31,mg/L,00665,Total Phosphorus,1,south.xlsx
USGS-21IOWA_WQX-11400004,2008-03-06,1.1,mg/L,00665,Total Phosphorus,1,south.xlsx
USGS-21IOWA_WQX-11400004,2008-03-18,0.92,mg/L,00665,Total Phosphorus,1,south.xlsx
USGS-21IOWA_WQX-11400004,2008-04-01,0.69,mg/L,00665,Total Phosphorus,1,south.xlsx
USGS-21IOWA_WQX-11400004,2008-04-23,0.11,mg/L,00665,Total Phosphorus,1,south.xlsx
USGS-21IOWA_WQX-11400004,2008-05-13,0.08,mg/L,00665,Total Phosphorus,1,south.xlsx
USGS-21IOWA_WQX-11400004,2008-05-27,0.05,mg/L,00665,Total Phosphorus,1,south.xlsx
USGS-21IOWA_WQX-11400004,2008-06-11,0.39,mg/L,00665,Total Phosphorus,1,south.xlsx
USGS-21IOWA_WQX-11400004,2008-06-24,0.29,mg/L,00665,Total Phosphorus,1,south.xlsx
USGS-21IOWA_WQX-11400004,2008-07-08,0.16,mg/L,00665,Total Phosphorus,1,south.xlsx
USGS-21IOWA_WQX-11400004,2008-07-24,0.23,mg/L,00665,Total Phosphorus,1,south.xlsx
USGS-21IOWA_WQX-11400004,2008-08-04,0.13,mg/L,00665,Total Phosphorus,1,south.xlsx
USGS-21IOWA_WQX-11400004,2008-08-18,0.08,mg/L,00665,Total Phosphorus,1,south.xlsx
USGS-21IOWA_WQX-11400004,2008-09-04,0.1,mg/L,00665,Total Phosphorus,1,south.xlsx
USGS-21IOWA_WQX-11400004,2008-09-16,0.1,mg/L,00665,Total Phosphorus,1,south.xlsx
USGS-21IOWA_WQX-11400004,2008-10-01,0.1,mg/L,00665,Total Phosphorus,1,south.xlsx
USGS-21IOWA_WQX-11400004,2008-10-06,0.08,mg/L,00665,Total Phosphorus,1,south.xlsx
USGS-21IOWA_WQX-11400004,2008-10-22,0.12,mg/L,00665,Total Phosphorus,1,south.xlsx
USGS-21IOWA_WQX-11400004,2008-11-06,0.62,mg/L,00665,Total Phosphorus,1,south.xlsx
USGS-21IOWA_WQX-11400004,2008-11-19,0.07,mg/L,00665,Total Phosphorus,1,south.xlsx
USGS-21IOWA_WQX-11400004,2008-12-03,0.07,mg/L,00665,Total Phosphorus,1,south.xlsx
USGS-21IOWA_WQX-11400004,2009-01-06,0.09,mg/L,00665,Total Phosphorus,1,south.xlsx
USGS-21IOWA_WQX-11400004,2009-02-04,0.22,mg/L,00665,Total Phosphorus,1,south.xlsx
USGS-21IOWA_WQX-11400004,2009-03-02,0.36,mg/L,00665,Total Phosphorus,1,south.xlsx
USGS-21IOWA_WQX-11400004,2009-03-16,0.51,mg/L,00665,Total Phosphorus,1,south.xlsx
USGS-21IOWA_WQX-11400004,2009-04-02,0.09,mg/L,00665,Total Phosphorus,1,south.xlsx
USGS-21IOWA_WQX-11400004,2009-04-21,0.06,mg/L,00665,Total Phosphorus,1,south.xlsx
USGS-21IOWA_WQX-11400004,2009-05-12,0.06,mg/L,00665,Total Phosphorus,1,south.xlsx
USGS-21IOWA_WQX-11400004,2009-05-27,0.7,mg/L,00665,Total Phosphorus,1,south.xlsx
USGS-21IOWA_WQX-11400004,2009-06-10,0.07,mg/L,00665,Total Phosphorus,1,south.xlsx
USGS-21IOWA_WQX-11400004,2009-06-23,0.12,mg/L,00665,Total Phosphorus,1,south.xlsx
USGS-21IOWA_WQX-11400004,2009-07-15,0.08,mg/L,00665,Total Phosphorus,1,south.xlsx
USGS-21IOWA_WQX-11400004,2009-07-28,0.03,mg/L,00665,Total Phosphorus,1,south.xlsx
USGS-21IOWA_WQX-11850005,2011-07-20,0.06,mg/L,00665,Total Phosphorus,1,south.xlsx
USGS-21IOWA_WQX-12850006,2009-01-06,0.08,mg/L,00665,Total Phosphorus,1,south.xlsx
USGS-21IOWA_WQX-12850006,2009-02-04,0.12,mg/L,00665,Total Phosphorus,1,south.xlsx
USGS-21IOWA_WQX-12850006,2009-03-02,0.28,mg/L,00665,Total Phosphorus,1,south.xlsx
USGS-21IOWA_WQX-12850006,2009-03-16,0.56,mg/L,00665,Total Phosphorus,1,south.xlsx
USGS-21IOWA_WQX-12850006,2009-04-02,0.14,mg/L,00665,Total Phosphorus,1,south.xlsx
USGS-21IOWA_WQX-12850006,2009-04-21,0.07,mg/L,00665,Total Phosphorus,1,south.xlsx
USGS-21IOWA_WQX-12850006,2009-05-12,0.13,mg/L,00665,Total Phosphorus,1,south.xlsx
USGS-21IOWA_WQX-12850006,2009-05-27,0.62,mg/L,00665,Total Phosphorus,1,south.xlsx
USGS-21IOWA_WQX-12850006,2009-06-10,0.11,mg/L,00665,Total Phosphorus,1,south.xlsx
USGS-21IOWA_WQX-12850006,2009-06-23,0.21,mg/L,00665,Total Phosphorus,1,south.xlsx
USGS-21IOWA_WQX-12850006,2009-07-15,0.14,mg/L,00665,Total Phosphorus,1,south.xlsx
USGS-21IOWA_WQX-12850006,2009-07-28,0.06,mg/L,00665,Total Phosphorus,1,south.xlsx
USGS-21IOWA_WQX-12850017,2011-07-19,0.06,mg/L,00665,Total Phosphorus,1,south.xlsx
USGS-21IOWA_WQX-16500001,2003-04-16,0.23,mg/L,00665,Total Phosphorus,1,south.xlsx
USGS-21IOWA_WQX-16500001,2003-04-23,0.19,mg/L,00665,Total Phosphorus,1,south.xlsx
USGS-21IOWA_WQX-16500001,2003-05-19,0.17,mg/L,00665,Total Phosphorus,1,south.xlsx
USGS-21IOWA_WQX-16500001,2003-06-03,0.12,mg/L,00665,Total Phosphorus,1,south.xlsx
USGS-21IOWA_WQX-16500001,2003-06-19,0.26,mg/L,00665,Total Phosphorus,1,south.xlsx
USGS-21IOWA_WQX-16500001,2003-06-26,4.8,mg/L,00665,Total Phosphorus,1,south.xlsx
USGS-21IOWA_WQX-16500001,2003-07-17,0.18,mg/L,00665,Total Phosphorus,1,south.xlsx
USGS-21IOWA_WQX-16500001,2003-07-24,0.2,mg/L,00665,Total Phosphorus,1,south.xlsx
USGS-21IOWA_WQX-16500001,2003-08-08,0.07,mg/L,00665,Total Phosphorus,1,south.xlsx
USGS-21IOWA_WQX-16500001,2003-08-15,0.04,mg/L,00665,Total Phosphorus,1,south.xlsx
USGS-21IOWA_WQX-16500001,2003-09-17,0.26,mg/L,00665,Total Phosphorus,1,south.xlsx
USGS-21IOWA_WQX-16500001,2003-09-24,0.55,mg/L,00665,Total Phosphorus,1,south.xlsx
USGS-21IOWA_WQX-16850001,2002-06-06,0.14,mg/L,00665,Total Phosphorus,1,south.xlsx
USGS-21IOWA_WQX-16850001,2002-06-20,0.09,mg/L,00665,Total Phosphorus,1,south.xlsx
USGS-421100093320002,2016-05-25,0.07,mg/l as P,00665,Total Phosphorus,1,south.xlsx
USGS-421100093320002,2021-05-18,0.033,mg/l as P,00665,Total Phosphorus,1,south.xlsx
USGS-EPA_R7_WQX-DW-45-466-3,2015-10-14,46.375,ug/L,00665,Total Phosphorus,1,south.xlsx
USGS-EPA_R7_WQX-DW-46-466-2,2015-10-15,102.79,ug/L,00665,Total Phosphorus,1,south.xlsx
USGS-EPA_R7_WQX-DW-48-128-4,2016-04-19,200.2,ug/L,00665,Total Phosphorus,1,south.xlsx
USGS-EPA_R7_WQX-DW-49-497-1a,2016-04-19,62.6,ug/L,00665,Total Phosphorus,1,south.xlsx
USGS-EPA_R7_WQX-ND-45-ND-45a,2016-04-18,79.1,ug/L,00665,Total Phosphorus,1,south.xlsx
USGS-EPA_R7_WQX-ND-46-ND-46a,2016-04-18,49.6,ug/L,00665,Total Phosphorus,1,south.xlsx
USGS-EPA_R7_WQX-ND-47-622-a,2016-04-19,90.8,ug/L,00665,Total Phosphorus,1,south.xlsx
USGS-EPA_R7_WQX-ND-48-ND-48a,2015-10-13,140.417,ug/L,00665,Total Phosphorus,1,south.xlsx
USGS-EPA_R7_WQX-ND-49-279-a,2016-04-19,81.4,ug/L,00665,Total Phosphorus,1,south.xlsx
USGS-EPA_R7_WQX-ND-50-661-1,2016-04-18,81.5,ug/L,00665,Total Phosphorus,1,south.xlsx
USGS-IASNAPST-908014,2006-10-14,0.04,mg/l,00665,Total Phosphorus,1,south.xlsx
USGS-IASNAPST-908016,2006-10-14,0.05,mg/l,00665,Total Phosphorus,1,south.xlsx
USGS-IASNAPST-908016,2007-05-12,0.13,mg/l,00665,Total Phosphorus,1,south.xlsx
USGS-IASNAPST-908019,2006-10-14,0.04,mg/l,00665,Total Phosphorus,1,south.xlsx
USGS-IASNAPST-908019,2007-05-12,0.07,mg/l,00665,Total Phosphorus,1,south.xlsx
USGS-IASNAPST-908020,2006-10-14,0.07,mg/l,00665,Total Phosphorus,1,south.xlsx
USGS-IASNAPST-908020,2007-05-12,0.08,mg/l,00665,Total Phosphorus,1,south.xlsx
USGS-IASNAPST-908021,2006-10-14,0.11,mg/l,00665,Total Phosphorus,1,south.xlsx
USGS-IASNAPST-908021,2007-05-12,0.12,mg/l,00665,Total Phosphorus,1,south.xlsx
USGS-IASNAPST-908022,2006-10-14,0.08,mg/l,00665,Total Phosphorus,1,south.xlsx
USGS-IASNAPST-908022,2007-05-12,0.15,mg/l,00665,Total Phosphorus,1,south.xlsx
USGS-IASNAPST-908023,2006-10-14,0.05,mg/l,00665,Total Phosphorus,1,south.xlsx
USGS-IASNAPST-908023,2007-05-12,0.06,mg/l,00665,Total Phosphorus,1,south.xlsx
USGS-IASNAPST-908024,2006-10-14,0.05,mg/l,00665,Total Phosphorus,1,south.xlsx
USGS-IASNAPST-908024,2007-05-12,0.07,mg/l,00665,Total Phosphorus,1,south.xlsx
USGS-IASNAPST-908025,2006-10-14,0.08,mg/l,00665,Total Phosphorus,1,south.xlsx
USGS-IASNAPST-908025,2007-05-12,0.07,mg/l,00665,Total Phosphorus,1,south.xlsx
USGS-IASNAPST-908026,2006-10-14,0.05,mg/l,00665,Total Phosphorus,1,south.xlsx
USGS-IASNAPST-908026,2007-05-12,0.11,mg/l,00665,Total Phosphorus,1,south.xlsx
USGS-IASNAPST-908028,2006-10-14,0.05,mg/l,00665,Total Phosphorus,1,south.xlsx
USGS-IASNAPST-908028,2007-05-12,0.06,mg/l,00665,Total Phosphorus,1,south.xlsx
USGS-IASNAPST-908029,2006-10-14,0.05,mg/l,00665,Total Phosphorus,1,south.xlsx
USGS-IASNAPST-908029,2007-05-12,0.07,mg/l,00665,Total Phosphorus,1,south.xlsx
USGS-IASNAPST-908030,2006-10-14,0.05,mg/l,00665,Total Phosphorus,1,south.xlsx
USGS-IASNAPST-908030,2007-05-12,0.08,mg/l,00665,Total Phosphorus,1,south.xlsx
USGS-IASNAPST-908031,2006-10-14,0.04,mg/l,00665,Total Phosphorus,1,south.xlsx
USGS-IASNAPST-908031,2007-05-12,0.14,mg/l,00665,Total Phosphorus,1,south.xlsx
USGS-IASNAPST-908034,2006-10-14,0.04,mg/l,00665,Total Phosphorus,1,south.xlsx
USGS-IASNAPST-908034,2007-05-12,0.12,mg/l,00665,Total Phosphorus,1,south.xlsx
USGS-IASNAPST-908035,2006-10-14,0.04,mg/l,00665,Total Phosphorus,1,south.xlsx
USGS-IASNAPST-908035,2007-05-12,0.08,mg/l,00665,Total Phosphorus,1,south.xlsx
USGS-IASNAPST-908036,2006-10-14,0.07,mg/l,00665,Total Phosphorus,1,south.xlsx
USGS-IASNAPST-908036,2007-05-12,0.05,mg/l,00665,Total Phosphorus,1,south.xlsx
USGS-IASNAPST-908055,2006-10-14,0.03,mg/l,00665,Total Phosphorus,1,south.xlsx
USGS-IASNAPST-908055,2007-05-12,0.04,mg/l,00665,Total Phosphorus,1,south.xlsx
USGS-IASNAPST-940009,2006-10-14,0.06,mg/l,00665,Total Phosphorus,1,south.xlsx
USGS-IASNAPST-940009,2007-05-12,0.13,mg/l,00665,Total Phosphorus,1,south.xlsx
USGS-IASNAPST-940010,2006-10-14,0.07,mg/l,00665,Total Phosphorus,1,south.xlsx
USGS-IASNAPST-940010,2007-05-12,0.18,mg/l,00665,Total Phosphorus,1,south.xlsx
USGS-IASNAPST-940014,2006-10-14,0.07,mg/l,00665,Total Phosphorus,1,south.xlsx
USGS-IASNAPST-940014,2007-05-12,0.12,mg/l,00665,Total Phosphorus,1,south.xlsx
USGS-IASNAPST-940015,2006-10-14,0.06,mg/l,00665,Total Phosphorus,1,south.xlsx
USGS-IASNAPST-940015,2007-05-12,0.14,mg/l,00665,Total Phosphorus,1,south.xlsx
USGS-IASNAPST-985009,2006-10-14,0.06,mg/l,00665,Total Phosphorus,1,south.xlsx
USGS-IASNAPST-985009,2007-05-12,0.11,mg/l,00665,Total Phosphorus,1,south.xlsx
USGS-IASNAPST-985015,2006-10-14,0.07,mg/l,00665,Total Phosphorus,1,south.xlsx
USGS-IASNAPST-985015,2007-05-12,0.1,mg/l,00665,Total Phosphorus,1,south.xlsx
USGS-IASNAPST-985016,2006-10-14,0.6,mg/l,00665,Total Phosphorus,1,south.xlsx
USGS-IASNAPST-985016,2007-05-12,0.8,mg/l,00665,Total Phosphorus,1,south.xlsx
USGS-IASNAPST-985025,2006-10-14,0.06,mg/l,00665,Total Phosphorus,1,south.xlsx
USGS-IASNAPST-985025,2007-05-12,0.11,mg/l,00665,Total Phosphorus,1,south.xlsx
USGS-IASNAPST-985027,2006-10-14,0.05,mg/l,00665,Total Phosphorus,1,south.xlsx
USGS-IASNAPST-985027,2007-05-12,0.06,mg/l,00665,Total Phosphorus,1,south.xlsx
USGS-IASNAPST-985028,2007-05-12,0.11,mg/l,00665,Total Phosphorus,1,south.xlsx
USGS-IASNAPST-985029,2006-10-14,0.04,mg/l,00665,Total Phosphorus,1,south.xlsx
USGS-IASNAPST-985029,2007-05-12,0.14,mg/l,00665,Total Phosphorus,1,south.xlsx
USGS-IASNAPST-985030,2006-10-14,0.06,mg/l,00665,Total Phosphorus,1,south.xlsx
USGS-IASNAPST-985030,2007-05-12,0.11,mg/l,00665,Total Phosphorus,1,south.xlsx
USGS-IASNAPST-985031,2006-10-14,0.05,mg/l,00665,Total Phosphorus,1,south.xlsx
USGS-IASNAPST-985031,2007-05-12,0.13,mg/l,00665,Total Phosphorus,1,south.xlsx
USGS-IASNAPST-985034,2006-10-14,0.05,mg/l,00665,Total Phosphorus,1,south.xlsx
USGS-IASNAPST-985034,2007-05-12,0.14,mg/l,00665,Total Phosphorus,1,south.xlsx
USGS-IASNAPST-985036,2007-05-12,0.07,mg/l,00665,Total Phosphorus,1,south.xlsx
USGS-IASNAPST-985039,2006-10-14,0.05,mg/l,00665,Total Phosphorus,1,south.xlsx
USGS-IASNAPST-985039,2007-05-12,0.11,mg/l,00665,Total Phosphorus,1,south.xlsx
USGS-IASNAPST-985040,2006-10-14,0.06,mg/l,00665,Total Phosphorus,1,south.xlsx
USGS-IASNAPST-985040,2007-05-12,0.11,mg/l,00665,Total Phosphorus,1,south.xlsx
USGS-IASNAPST-985041,2006-10-14,0.05,mg/l,00665,Total Phosphorus,1,south.xlsx
USGS-IASNAPST-985041,2007-05-12,0.14,mg/l,00665,Total Phosphorus,1,south.xlsx
USGS-IASNAPST-985049,2006-10-14,0.09,mg/l,00665,Total Phosphorus,1,south.xlsx
USGS-IASNAPST-985049,2007-05-12,0.03,mg/l,00665,Total Phosphorus,1,south.xlsx
USGS-IASNAPST-985051,2006-10-14,0.11,mg/l,00665,Total Phosphorus,1,south.xlsx
USGS-IASNAPST-985051,2007-05-12,0.11,mg/l,00665,Total Phosphorus,1,south.xlsx
USGS-IASNAPST-985061,2006-10-14,0.02,mg/l,00665,Total Phosphorus,1,south.xlsx
USGS-IASNAPST-985061,2007-05-12,0.06,mg/l,00665,Total Phosphorus,1,south.xlsx
USGS-IASNAPST-985064,2006-10-14,0.03,mg/l,00665,Total Phosphorus,1,south.xlsx
USGS-IASNAPST-985064,2007-05-12,0.08,mg/l,00665,Total Phosphorus,1,south.xlsx
USGS-IASNAPST-985068,2006-10-14,0.05,mg/l,00665,Total Phosphorus,1,south.xlsx
USGS-IASNAPST-985068,2007-05-12,0.1,mg/l,00665,Total Phosphorus,1,south.xlsx
USGS-IASNAPST-985072,2007-05-12,0.13,mg/l,00665,Total Phosphorus,1,south.xlsx
USGS-IASNAPST-985077,2006-10-14,0.06,mg/l,00665,Total Phosphorus,1,south.xlsx
USGS-IASNAPST-985077,2007-05-12,0.06,mg/l,00665,Total Phosphorus,1,south.xlsx
USGS-IASNAPST-985082,2006-10-14,0.07,mg/l,00665,Total Phosphorus,1,south.xlsx
USGS-IASNAPST-985082,2007-05-12,0.08,mg/l,00665,Total Phosphorus,1,south.xlsx
USGS-IASNAPST-985083,2006-10-14,0.06,mg/l,00665,Total Phosphorus,1,south.xlsx
USGS-IASNAPST-985083,2007-05-12,0.09,mg/l,00665,Total Phosphorus,1,south.xlsx
USGS-IASNAPST-985084,2006-10-14,0.08,mg/l,00665,Total Phosphorus,1,south.xlsx
USGS-IASNAPST-985084,2007-05-12,0.1,mg/l,00665,Total Phosphorus,1,south.xlsx
USGS-IASNAPST-985088,2007-05-12,0.15,mg/l,00665,Total Phosphorus,1,south.xlsx
USGS-IASNAPST-985094,2007-05-12,0.16,mg/l,00665,Total Phosphorus,1,south.xlsx
USGS-IASNAPST-985095,2007-05-12,0.11,mg/l,00665,Total Phosphorus,1,south.xlsx
USGS-IASNAPST-985096,2007-05-12,0.06,mg/l,00665,Total Phosphorus,1,south.xlsx
USGS-IASNAPST-985097,2007-05-12,1.4,mg/l,00665,Total Phosphorus,1,south.xlsx
USGS-IASNAPST-985098,2007-05-12,0.05,mg/l,00665,Total Phosphorus,1,south.xlsx
USGS-IASNAPST-985099,2007-05-12,0.09,mg/l,00665,Total Phosphorus,1,south.xlsx
USGS-IASNAPST-985100,2007-05-12,0.09,mg/l,00665,Total Phosphorus,1,south.xlsx
USGS-IASNAPST-985107,2006-10-14,0.07,mg/l,00665,Total Phosphorus,1,south.xlsx
USGS-IASNAPST-985107,2007-05-12,0.13,mg/l,00665,Total Phosphorus,1,south.xlsx
USGS-IASNAPST_WQX-908014,2006-10-14,0.04,mg/L,00665,Total Phosphorus,1,south.xlsx
USGS-IASNAPST_WQX-908016,2006-10-14,0.05,mg/L,00665,Total Phosphorus,1,south.xlsx
USGS-IASNAPST_WQX-908016,2007-05-12,0.13,mg/L,00665,Total Phosphorus,1,south.xlsx
USGS-IASNAPST_WQX-908019,2006-10-14,0.04,mg/L,00665,Total Phosphorus,1,south.xlsx
USGS-IASNAPST_WQX-908019,2007-05-12,0.07,mg/L,00665,Total Phosphorus,1,south.xlsx
USGS-IASNAPST_WQX-908020,2006-10-14,0.07,mg/L,00665,Total Phosphorus,1,south.xlsx
USGS-IASNAPST_WQX-908020,2007-05-12,0.08,mg/L,00665,Total Phosphorus,1,south.xlsx
USGS-IASNAPST_WQX-908021,2006-10-14,0.11,mg/L,00665,Total Phosphorus,1,south.xlsx
USGS-IASNAPST_WQX-908021,2007-05-12,0.12,mg/L,00665,Total Phosphorus,1,south.xlsx
USGS-IASNAPST_WQX-908022,2006-10-14,0.08,mg/L,00665,Total Phosphorus,1,south.xlsx
USGS-IASNAPST_WQX-908022,2007-05-12,0.15,mg/L,00665,Total Phosphorus,1,south.xlsx
USGS-IASNAPST_WQX-908023,2006-10-14,0.05,mg/L,00665,Total Phosphorus,1,south.xlsx
USGS-IASNAPST_WQX-908023,2007-05-12,0.06,mg/L,00665,Total Phosphorus,1,south.xlsx
USGS-IASNAPST_WQX-908024,2006-10-14,0.05,mg/L,00665,Total Phosphorus,1,south.xlsx
USGS-IASNAPST_WQX-908024,2007-05-12,0.07,mg/L,00665,Total Phosphorus,1,south.xlsx
USGS-IASNAPST_WQX-908025,2006-10-14,0.08,mg/L,00665,Total Phosphorus,1,south.xlsx
USGS-IASNAPST_WQX-908025,2007-05-12,0.07,mg/L,00665,Total Phosphorus,1,south.xlsx
USGS-IASNAPST_WQX-908026,2006-10-14,0.05,mg/L,00665,Total Phosphorus,1,south.xlsx
USGS-IASNAPST_WQX-908026,2007-05-12,0.11,mg/L,00665,Total Phosphorus,1,south.xlsx
USGS-IASNAPST_WQX-908028,2006-10-14,0.05,mg/L,00665,Total Phosphorus,1,south.xlsx
USGS-IASNAPST_WQX-908028,2007-05-12,0.06,mg/L,00665,Total Phosphorus,1,south.xlsx
USGS-IASNAPST_WQX-908029,2006-10-14,0.05,mg/L,00665,Total Phosphorus,1,south.xlsx
USGS-IASNAPST_WQX-908029,2007-05-12,0.07,mg/L,00665,Total Phosphorus,1,south.xlsx
USGS-IASNAPST_WQX-908030,2006-10-14,0.05,mg/L,00665,Total Phosphorus,1,south.xlsx
USGS-IASNAPST_WQX-908030,2007-05-12,0.08,mg/L,00665,Total Phosphorus,1,south.xlsx
USGS-IASNAPST_WQX-908031,2006-10-14,0.04,mg/L,00665,Total Phosphorus,1,south.xlsx
USGS-IASNAPST_WQX-908031,2007-05-12,0.14,mg/L,00665,Total Phosphorus,1,south.xlsx
USGS-IASNAPST_WQX-908034,2006-10-14,0.04,mg/L,00665,Total Phosphorus,1,south.xlsx
USGS-IASNAPST_WQX-908034,2007-05-12,0.12,mg/L,00665,Total Phosphorus,1,south.xlsx
USGS-IASNAPST_WQX-908035,2006-10-14,0.04,mg/L,00665,Total Phosphorus,1,south.xlsx
USGS-IASNAPST_WQX-908035,2007-05-12,0.08,mg/L,00665,Total Phosphorus,1,south.xlsx
USGS-IASNAPST_WQX-908036,2006-10-14,0.07,mg/L,00665,Total Phosphorus,1,south.xlsx
USGS-IASNAPST_WQX-908036,2007-05-12,0.05,mg/L,00665,Total Phosphorus,1,south.xlsx
USGS-IASNAPST_WQX-908055,2006-10-14,0.03,mg/L,00665,Total Phosphorus,1,south.xlsx
USGS-IASNAPST_WQX-908055,2007-05-12,0.04,mg/L,00665,Total Phosphorus,1,south.xlsx
USGS-IASNAPST_WQX-940009,2006-10-14,0.06,mg/L,00665,Total Phosphorus,1,south.xlsx
USGS-IASNAPST_WQX-940009,2007-05-12,0.13,mg/L,00665,Total Phosphorus,1,south.xlsx
USGS-IASNAPST_WQX-940010,2006-10-14,0.07,mg/L,00665,Total Phosphorus,1,south.xlsx
USGS-IASNAPST_WQX-940010,2007-05-12,0.18,mg/L,00665,Total Phosphorus,1,south.xlsx
USGS-IASNAPST_WQX-940014,2006-10-14,0.07,mg/L,00665,Total Phosphorus,1,south.xlsx
USGS-IASNAPST_WQX-940014,2007-05-12,0.12,mg/L,00665,Total Phosphorus,1,south.xlsx
USGS-IASNAPST_WQX-940015,2006-10-14,0.06,mg/L,00665,Total Phosphorus,1,south.xlsx
USGS-IASNAPST_WQX-940015,2007-05-12,0.14,mg/L,00665,Total Phosphorus,1,south.xlsx
USGS-IASNAPST_WQX-985009,2006-10-14,0.06,mg/L,00665,Total Phosphorus,1,south.xlsx
USGS-IASNAPST_WQX-985009,2007-05-12,0.11,mg/L,00665,Total Phosphorus,1,south.xlsx
USGS-IASNAPST_WQX-985015,2006-10-14,0.07,mg/L,00665,Total Phosphorus,1,south.xlsx
USGS-IASNAPST_WQX-985015,2007-05-12,0.1,mg/L,00665,Total Phosphorus,1,south.xlsx
USGS-IASNAPST_WQX-985016,2006-10-14,0.6,mg/L,00665,Total Phosphorus,1,south.xlsx
USGS-IASNAPST_WQX-985016,2007-05-12,0.8,mg/L,00665,Total Phosphorus,1,south.xlsx
USGS-IASNAPST_WQX-985025,2006-10-14,0.06,mg/L,00665,Total Phosphorus,1,south.xlsx
USGS-IASNAPST_WQX-985025,2007-05-12,0.11,mg/L,00665,Total Phosphorus,1,south.xlsx
USGS-IASNAPST_WQX-985027,2006-10-14,0.05,mg/L,00665,Total Phosphorus,1,south.xlsx
USGS-IASNAPST_WQX-985027,2007-05-12,0.06,mg/L,00665,Total Phosphorus,1,south.xlsx
USGS-IASNAPST_WQX-985028,2007-05-12,0.11,mg/L,00665,Total Phosphorus,1,south.xlsx
USGS-IASNAPST_WQX-985029,2006-10-14,0.04,mg/L,00665,Total Phosphorus,1,south.xlsx
USGS-IASNAPST_WQX-985029,2007-05-12,0.14,mg/L,00665,Total Phosphorus,1,south.xlsx
USGS-IASNAPST_WQX-985030,2006-10-14,0.06,mg/L,00665,Total Phosphorus,1,south.xlsx
USGS-IASNAPST_WQX-985030,2007-05-12,0.11,mg/L,00665,Total Phosphorus,1,south.xlsx
USGS-IASNAPST_WQX-985031,2006-10-14,0.05,mg/L,00665,Total Phosphorus,1,south.xlsx
USGS-IASNAPST_WQX-985031,2007-05-12,0.13,mg/L,00665,Total Phosphorus,1,south.xlsx
USGS-IASNAPST_WQX-985034,2006-10-14,0.05,mg/L,00665,Total Phosphorus,1,south.xlsx
USGS-IASNAPST_WQX-985034,2007-05-12,0.14,mg/L,00665,Total Phosphorus,1,south.xlsx
USGS-IASNAPST_WQX-985036,2007-05-12,0.07,mg/L,00665,Total Phosphorus,1,south.xlsx
USGS-IASNAPST_WQX-985039,2006-10-14,0.05,mg/L,00665,Total Phosphorus,1,south.xlsx
USGS-IASNAPST_WQX-985039,2007-05-12,0.11,mg/L,00665,Total Phosphorus,1,south.xlsx
USGS-IASNAPST_WQX-985040,2006-10-14,0.06,mg/L,00665,Total Phosphorus,1,south.xlsx
USGS-IASNAPST_WQX-985040,2007-05-12,0.11,mg/L,00665,Total Phosphorus,1,south.xlsx
USGS-IASNAPST_WQX-985041,2006-10-14,0.05,mg/L,00665,Total Phosphorus,1,south.xlsx
USGS-IASNAPST_WQX-985041,2007-05-12,0.14,mg/L,00665,Total Phosphorus,1,south.xlsx
USGS-IASNAPST_WQX-985049,2006-10-14,0.09,mg/L,00665,Total Phosphorus,1,south.xlsx
USGS-IASNAPST_WQX-985049,2007-05-12,0.03,mg/L,00665,Total Phosphorus,1,south.xlsx
USGS-IASNAPST_WQX-985051,2006-10-14,0.11,mg/L,00665,Total Phosphorus,1,south.xlsx
USGS-IASNAPST_WQX-985051,2007-05-12,0.11,mg/L,00665,Total Phosphorus,1,south.xlsx
USGS-IASNAPST_WQX-985061,2006-10-14,0.02,mg/L,00665,Total Phosphorus,1,south.xlsx
USGS-IASNAPST_WQX-985061,2007-05-12,0.06,mg/L,00665,Total Phosphorus,1,south.xlsx
USGS-IASNAPST_WQX-985064,2006-10-14,0.03,mg/L,00665,Total Phosphorus,1,south.xlsx
USGS-IASNAPST_WQX-985064,2007-05-12,0.08,mg/L,00665,Total Phosphorus,1,south.xlsx
USGS-IASNAPST_WQX-985068,2006-10-14,0.05,mg/L,00665,Total Phosphorus,1,south.xlsx
USGS-IASNAPST_WQX-985068,2007-05-12,0.1,mg/L,00665,Total Phosphorus,1,south.xlsx
USGS-IASNAPST_WQX-985072,2007-05-12,0.13,mg/L,00665,Total Phosphorus,1,south.xlsx
USGS-IASNAPST_WQX-985077,2006-10-14,0.06,mg/L,00665,Total Phosphorus,1,south.xlsx
USGS-IASNAPST_WQX-985077,2007-05-12,0.06,mg/L,00665,Total Phosphorus,1,south.xlsx
USGS-IASNAPST_WQX-985082,2006-10-14,0.07,mg/L,00665,Total Phosphorus,1,south.xlsx
USGS-IASNAPST_WQX-985082,2007-05-12,0.08,mg/L,00665,Total Phosphorus,1,south.xlsx
USGS-IASNAPST_WQX-985083,2006-10-14,0.06,mg/L,00665,Total Phosphorus,1,south.xlsx
USGS-IASNAPST_WQX-985083,2007-05-12,0.09,mg/L,00665,Total Phosphorus,1,south.xlsx
USGS-IASNAPST_WQX-985084,2006-10-14,0.08,mg/L,00665,Total Phosphorus,1,south.xlsx
USGS-IASNAPST_WQX-985084,2007-05-12,0.1,mg/L,00665,Total Phosphorus,1,south.xlsx
USGS-IASNAPST_WQX-985088,2007-05-12,0.15,mg/L,00665,Total Phosphorus,1,south.xlsx
USGS-IASNAPST_WQX-985094,2007-05-12,0.16,mg/L,00665,Total Phosphorus,1,south.xlsx
USGS-IASNAPST_WQX-985095,2007-05-12,0.11,mg/L,00665,Total Phosphorus,1,south.xlsx
USGS-IASNAPST_WQX-985096,2007-05-12,0.06,mg/L,00665,Total Phosphorus,1,south.xlsx
USGS-IASNAPST_WQX-985097,2007-05-12,1.4,mg/L,00665,Total Phosphorus,1,south.xlsx
USGS-IASNAPST_WQX-985098,2007-05-12,0.05,mg/L,00665,Total Phosphorus,1,south.xlsx
USGS-IASNAPST_WQX-985099,2007-05-12,0.09,mg/L,00665,Total Phosphorus,1,south.xlsx
USGS-IASNAPST_WQX-985100,2007-05-12,0.09,mg/L,00665,Total Phosphorus,1,south.xlsx
USGS-IASNAPST_WQX-985107,2006-10-14,0.07,mg/L,00665,Total Phosphorus,1,south.xlsx
USGS-IASNAPST_WQX-985107,2007-05-12,0.13,mg/L,00665,Total Phosphorus,1,south.xlsx
USGS-NARS_WQX-FW08IA044,2009-08-06,188.145,mg/L,00665,Total Phosphorus,1,south.xlsx
USGS-NARS_WQX-FW08IA049,2009-07-30,255.72,mg/L,00665,Total Phosphorus,1,south.xlsx
USGS-NARS_WQX-IALS-1052,2014-06-25,152.0,ug/L,00665,Total Phosphorus,1,south.xlsx
USGS-NARS_WQX-IARF-0001,2014-06-24,271.0,ug/L,00665,Total Phosphorus,1,south.xlsx
USGS-NARS_WQX-IASS-1090,2013-07-22,106.0,ug/L,00665,Total Phosphorus,1,south.xlsx
USGS-NARS_WQX-NRS_IA-10109,2018-09-10,123.211,ug/L,00665,Total Phosphorus,1,south.xlsx
USGS-NARS_WQX-NRS_IA-10165,2023-06-15,254.0,ug/L,00665,Total Phosphorus,1,south.xlsx
