site_id,date,value,unit,parameter_code,parameter_name,record_count,source
USGS-05469860,2021-05-04,45.0,mg/l,80154,Suspended Sediment Concentration,1,south.xlsx
USGS-05469860,2021-05-04,0.3,tons/day,80155,Suspended Sediment Discharge,1,south.xlsx
USGS-05469980,1997-08-18,15.0,mg/l,80154,Suspended Sediment Concentration,1,south.xlsx
USGS-05469980,1997-08-18,0.59,tons/day,80155,Suspended Sediment Discharge,1,south.xlsx
USGS-05469980,1998-05-21,86.0,mg/l,80154,Suspended Sediment Concentration,1,south.xlsx
USGS-05469980,1998-05-21,24.0,tons/day,80155,Suspended Sediment Discharge,1,south.xlsx
USGS-05469995,1956-06-18,51.0,mg/l,00530,Total Suspended Solids,1,south.xlsx
USGS-05469995,1957-03-11,7.0,mg/l,00530,Total Suspended Solids,1,south.xlsx
USGS-05469995,1957-08-26,39.0,mg/l,00530,Total Suspended Solids,1,south.xlsx
USGS-05469995,1957-09-23,9.0,mg/l,00530,Total Suspended Solids,1,south.xlsx
USGS-05469995,1958-02-17,8.0,mg/l,00530,Total Suspended Solids,1,south.xlsx
USGS-05469995,1958-05-19,165.0,mg/l,00530,Total Suspended Solids,1,south.xlsx
USGS-05469995,1958-08-11,29.0,mg/l,00530,Total Suspended Solids,1,south.xlsx
USGS-05469995,1959-01-26,2.0,mg/l,00530,Total Suspended Solids,1,south.xlsx
USGS-05469995,1959-04-27,6.0,mg/l,00530,Total Suspended Solids,1,south.xlsx
USGS-05469995,1959-06-22,22.0,mg/l,00530,Total Suspended Solids,1,south.xlsx
USGS-05469995,1960-01-04,6.0,mg/l,00530,Total Suspended Solids,1,south.xlsx
USGS-05469995,1960-03-21,6.0,mg/l,00530,Total Suspended Solids,1,south.xlsx
USGS-05469995,1960-06-27,90.0,mg/l,00530,Total Suspended Solids,1,south.xlsx
USGS-05469995,1960-09-26,277.0,mg/l,00530,Total Suspended Solids,1,south.xlsx
USGS-05469995,1961-01-30,6.0,mg/l,00530,Total Suspended Solids,1,south.xlsx
USGS-05469995,1961-05-29,18.0,mg/l,00530,Total Suspended Solids,1,south.xlsx
USGS-05469995,1961-11-27,59.0,mg/l,00530,Total Suspended Solids,1,south.xlsx
USGS-05469995,1962-01-29,128.0,mg/l,00530,Total Suspended Solids,1,south.xlsx
USGS-05469995,1963-06-03,76.0,mg/l,00530,Total Suspended Solids,1,south.xlsx
USGS-05469995,1964-02-03,10.0,mg/l,00530,Total Suspended Solids,1,south.xlsx
USGS-05469995,1965-06-07,350.0,mg/l,00530,Total Suspended Solids,1,south.xlsx
USGS-05469995,1966-03-28,272.0,mg/l,00530,Total Suspended Solids,1,south.xlsx
USGS-05469995,1967-04-03,2.0,mg/l,00530,Total Suspended Solids,1,south.xlsx
USGS-05469995,1967-07-10,70.0,mg/l,00530,Total Suspended Solids,1,south.xlsx
USGS-05469995,1968-05-06,9.0,mg/l,00530,Total Suspended Solids,1,south.xlsx
USGS-05471032,2008-03-04,21.0,mg/l,00530,Total Suspended Solids,1,south.xlsx
USGS-05471032,2008-03-04,20.0,mg/l,80154,Suspended Sediment Concentration,1,south.xlsx
USGS-05471032,2008-03-11,3554.5,mg/l,00530,Total Suspended Solids,4,south.xlsx
USGS-05471032,2008-03-11,1224.0,mg/l,80154,Suspended Sediment Concentration,4,south.xlsx
USGS-05471032,2008-03-14,299.0,mg/l,00530,Total Suspended Solids,1,south.xlsx
USGS-05471032,2008-03-14,178.0,mg/l,80154,Suspended Sediment Concentration,1,south.xlsx
USGS-05471032,2008-04-10,328.0,mg/l,00530,Total Suspended Solids,3,south.xlsx
USGS-05471032,2008-04-10,204.33333333333334,mg/l,80154,Suspended Sediment Concentration,3,south.xlsx
USGS-05471032,2008-04-11,179.0,mg/l,00530,Total Suspended Solids,1,south.xlsx
USGS-05471032,2008-04-11,146.0,mg/l,80154,Suspended Sediment Concentration,1,south.xlsx
USGS-05471032,2008-04-12,63.0,mg/l,00530,Total Suspended Solids,1,south.xlsx
USGS-05471032,2008-04-12,48.0,mg/l,80154,Suspended Sediment Concentration,1,south.xlsx
USGS-05471032,2008-04-13,37.0,mg/l,00530,Total Suspended Solids,1,south.xlsx
USGS-05471032,2008-04-13,29.0,mg/l,80154,Suspended Sediment Concentration,1,south.xlsx
USGS-05471032,2008-04-17,374.5,mg/l,00530,Total Suspended Solids,2,south.xlsx
USGS-05471032,2008-04-17,362.5,mg/l,80154,Suspended Sediment Concentration,2,south.xlsx
USGS-05471032,2008-04-18,1092.0,mg/l,00530,Total Suspended Solids,4,south.xlsx
USGS-05471032,2008-04-18,967.0,mg/l,80154,Suspended Sediment Concentration,4,south.xlsx
USGS-05471032,2008-04-19,77.0,mg/l,00530,Total Suspended Solids,1,south.xlsx
USGS-05471032,2008-04-19,77.0,mg/l,80154,Suspended Sediment Concentration,1,south.xlsx
USGS-05471032,2008-04-20,33.0,mg/l,00530,Total Suspended Solids,1,south.xlsx
USGS-05471032,2008-04-20,32.0,mg/l,80154,Suspended Sediment Concentration,1,south.xlsx
USGS-05471032,2008-05-25,306.5,mg/l,00530,Total Suspended Solids,2,south.xlsx
USGS-05471032,2008-05-25,280.5,mg/l,80154,Suspended Sediment Concentration,2,south.xlsx
USGS-05471032,2008-05-26,252.0,mg/l,00530,Total Suspended Solids,3,south.xlsx
USGS-05471032,2008-05-26,245.66666666666666,mg/l,80154,Suspended Sediment Concentration,3,south.xlsx
USGS-05471032,2008-06-14,100.0,mg/l,00530,Total Suspended Solids,1,south.xlsx
USGS-05471032,2008-06-14,108.0,mg/l,80154,Suspended Sediment Concentration,1,south.xlsx
USGS-05471032,2008-06-16,39.0,mg/l,00530,Total Suspended Solids,1,south.xlsx
USGS-05471032,2008-06-16,33.0,mg/l,80154,Suspended Sediment Concentration,1,south.xlsx
USGS-05471032,2008-07-14,17.0,mg/l,00530,Total Suspended Solids,1,south.xlsx
USGS-05471032,2008-07-14,14.0,mg/l,80154,Suspended Sediment Concentration,1,south.xlsx
USGS-05471032,2008-07-31,29500.0,mg/l,00530,Total Suspended Solids,1,south.xlsx
USGS-05471032,2008-07-31,730.0,mg/l,80154,Suspended Sediment Concentration,1,south.xlsx
USGS-05471032,2008-08-27,12.0,mg/l,00530,Total Suspended Solids,1,south.xlsx
USGS-05471032,2008-08-27,18.0,mg/l,80154,Suspended Sediment Concentration,1,south.xlsx
USGS-05471032,2008-09-24,0.0,mg/l,00530,Total Suspended Solids,1,south.xlsx
USGS-05471032,2008-09-24,2.0,mg/l,80154,Suspended Sediment Concentration,1,south.xlsx
USGS-05471032,2008-10-15,22.0,mg/l,00530,Total Suspended Solids,3,south.xlsx
USGS-05471032,2008-10-15,21.666666666666668,mg/l,80154,Suspended Sediment Concentration,3,south.xlsx
USGS-05471032,2008-11-19,13.0,mg/l,00530,Total Suspended Solids,1,south.xlsx
USGS-05471032,2008-11-19,15.0,mg/l,80154,Suspended Sediment Concentration,1,south.xlsx
USGS-05471032,2009-02-06,10.0,mg/l,00530,Total Suspended Solids,1,south.xlsx
USGS-05471032,2009-02-06,8.0,mg/l,80154,Suspended Sediment Concentration,1,south.xlsx
USGS-05471032,2009-02-07,3503.2,mg/l,00530,Total Suspended Solids,5,south.xlsx
USGS-05471032,2009-02-07,3439.8,mg/l,80154,Suspended Sediment Concentration,5,south.xlsx
USGS-05471032,2009-02-08,2340.0,mg/l,00530,Total Suspended Solids,1,south.xlsx
USGS-05471032,2009-02-08,2050.0,mg/l,80154,Suspended Sediment Concentration,1,south.xlsx
USGS-05471032,2009-02-09,184.0,mg/l,00530,Total Suspended Solids,1,south.xlsx
USGS-05471032,2009-02-09,189.0,mg/l,80154,Suspended Sediment Concentration,1,south.xlsx
USGS-05471032,2009-02-11,37.0,mg/l,00530,Total Suspended Solids,1,south.xlsx
USGS-05471032,2009-02-11,37.0,mg/l,80154,Suspended Sediment Concentration,1,south.xlsx
USGS-05471032,2009-02-27,499.0,mg/l,00530,Total Suspended Solids,1,south.xlsx
USGS-05471032,2009-02-27,502.0,mg/l,80154,Suspended Sediment Concentration,1,south.xlsx
USGS-05471032,2009-03-07,833.0,mg/l,00530,Total Suspended Solids,1,south.xlsx
USGS-05471032,2009-03-07,810.0,mg/l,80154,Suspended Sediment Concentration,1,south.xlsx
USGS-05471032,2009-03-08,2043.3333333333333,mg/l,00530,Total Suspended Solids,3,south.xlsx
USGS-05471032,2009-03-08,2040.0,mg/l,80154,Suspended Sediment Concentration,3,south.xlsx
USGS-05471032,2009-03-09,109.0,mg/l,00530,Total Suspended Solids,1,south.xlsx
USGS-05471032,2009-03-09,102.0,mg/l,80154,Suspended Sediment Concentration,1,south.xlsx
USGS-05471032,2009-03-23,565.0,mg/l,00530,Total Suspended Solids,1,south.xlsx
USGS-05471032,2009-03-23,637.0,mg/l,80154,Suspended Sediment Concentration,1,south.xlsx
USGS-05471032,2009-03-24,2563.3333333333335,mg/l,00530,Total Suspended Solids,3,south.xlsx
USGS-05471032,2009-03-24,2586.6666666666665,mg/l,80154,Suspended Sediment Concentration,3,south.xlsx
USGS-05471032,2009-03-25,362.0,mg/l,00530,Total Suspended Solids,1,south.xlsx
USGS-05471032,2009-03-25,369.0,mg/l,80154,Suspended Sediment Concentration,1,south.xlsx
USGS-05471032,2009-04-20,57.0,mg/l,00530,Total Suspended Solids,1,south.xlsx
USGS-05471032,2009-04-20,49.0,mg/l,80154,Suspended Sediment Concentration,1,south.xlsx
USGS-05471032,2009-04-25,101.0,mg/l,00530,Total Suspended Solids,1,south.xlsx
USGS-05471032,2009-04-25,94.0,mg/l,80154,Suspended Sediment Concentration,1,south.xlsx
USGS-05471032,2009-04-26,9726.666666666666,mg/l,00530,Total Suspended Solids,3,south.xlsx
USGS-05471032,2009-04-26,4386.666666666667,mg/l,80154,Suspended Sediment Concentration,3,south.xlsx
USGS-05471032,2009-04-27,2940.0,mg/l,00530,Total Suspended Solids,1,south.xlsx
USGS-05471032,2009-04-27,2120.0,mg/l,80154,Suspended Sediment Concentration,1,south.xlsx
USGS-05471032,2009-04-28,1450.0,mg/l,00530,Total Suspended Solids,1,south.xlsx
USGS-05471032,2009-04-28,1100.0,mg/l,80154,Suspended Sediment Concentration,1,south.xlsx
USGS-05471032,2009-05-21,453.0,mg/l,00530,Total Suspended Solids,1,south.xlsx
USGS-05471032,2009-05-21,345.0,mg/l,80154,Suspended Sediment Concentration,1,south.xlsx
USGS-05471032,2009-05-26,1069.5,mg/l,00530,Total Suspended Solids,2,south.xlsx
USGS-05471032,2009-05-26,1079.5,mg/l,80154,Suspended Sediment Concentration,2,south.xlsx
USGS-05471032,2009-05-27,762.5,mg/l,00530,Total Suspended Solids,2,south.xlsx
USGS-05471032,2009-05-27,761.0,mg/l,80154,Suspended Sediment Concentration,2,south.xlsx
USGS-05471032,2009-05-28,190.0,mg/l,00530,Total Suspended Solids,1,south.xlsx
USGS-05471032,2009-05-28,53.0,mg/l,80154,Suspended Sediment Concentration,1,south.xlsx
USGS-05471032,2009-06-07,14305.0,mg/l,00530,Total Suspended Solids,2,south.xlsx
USGS-05471032,2009-06-07,2325.0,mg/l,80154,Suspended Sediment Concentration,2,south.xlsx
USGS-05471032,2009-06-08,894.0,mg/l,00530,Total Suspended Solids,1,south.xlsx
USGS-05471032,2009-06-08,1240.0,mg/l,80154,Suspended Sediment Concentration,1,south.xlsx
USGS-05471032,2009-06-18,12768.0,mg/l,00530,Total Suspended Solids,5,south.xlsx
USGS-05471032,2009-06-18,5405.8,mg/l,80154,Suspended Sediment Concentration,5,south.xlsx
USGS-05471032,2009-07-01,100.0,mg/l,00530,Total Suspended Solids,1,south.xlsx
USGS-05471032,2009-07-01,96.0,mg/l,80154,Suspended Sediment Concentration,1,south.xlsx
USGS-05471032,2009-07-15,39.0,mg/l,00530,Total Suspended Solids,1,south.xlsx
USGS-05471032,2009-07-15,32.0,mg/l,80154,Suspended Sediment Concentration,1,south.xlsx
USGS-05471032,2009-07-30,14.0,mg/l,00530,Total Suspended Solids,1,south.xlsx
USGS-05471032,2009-07-30,9.0,mg/l,80154,Suspended Sediment Concentration,1,south.xlsx
USGS-05471032,2009-08-09,1915.0,mg/l,00530,Total Suspended Solids,4,south.xlsx
USGS-05471032,2009-08-09,1540.0,mg/l,80154,Suspended Sediment Concentration,4,south.xlsx
USGS-05471032,2009-08-10,208.0,mg/l,00530,Total Suspended Solids,1,south.xlsx
USGS-05471032,2009-08-10,201.0,mg/l,80154,Suspended Sediment Concentration,1,south.xlsx
USGS-05471032,2009-08-26,465.0,mg/l,00530,Total Suspended Solids,1,south.xlsx
USGS-05471032,2009-08-26,454.0,mg/l,80154,Suspended Sediment Concentration,1,south.xlsx
USGS-05471032,2009-08-27,8124.2,mg/l,00530,Total Suspended Solids,5,south.xlsx
USGS-05471032,2009-08-27,1628.0,mg/l,80154,Suspended Sediment Concentration,5,south.xlsx
USGS-05471032,2009-09-16,21.0,mg/l,00530,Total Suspended Solids,1,south.xlsx
USGS-05471032,2009-09-16,22.0,mg/l,80154,Suspended Sediment Concentration,1,south.xlsx
USGS-05471032,2009-10-05,30.0,mg/l,00530,Total Suspended Solids,1,south.xlsx
USGS-05471032,2009-10-05,27.0,mg/l,80154,Suspended Sediment Concentration,1,south.xlsx
USGS-05471032,2009-10-21,37.0,mg/l,00530,Total Suspended Solids,1,south.xlsx
USGS-05471032,2009-10-21,38.0,mg/l,80154,Suspended Sediment Concentration,1,south.xlsx
USGS-05471032,2009-10-22,5305.0,mg/l,00530,Total Suspended Solids,5,south.xlsx
USGS-05471032,2009-10-22,1095.0,mg/l,80154,Suspended Sediment Concentration,5,south.xlsx
USGS-05471032,2009-10-23,427.0,mg/l,00530,Total Suspended Solids,1,south.xlsx
USGS-05471032,2009-10-23,411.0,mg/l,80154,Suspended Sediment Concentration,1,south.xlsx
USGS-05471032,2010-03-07,243.0,mg/l,00530,Total Suspended Solids,1,south.xlsx
USGS-05471032,2010-03-07,290.0,mg/l,80154,Suspended Sediment Concentration,1,south.xlsx
USGS-05471032,2010-03-08,182.5,mg/l,00530,Total Suspended Solids,2,south.xlsx
USGS-05471032,2010-03-08,178.5,mg/l,80154,Suspended Sediment Concentration,2,south.xlsx
USGS-05471032,2010-03-09,506.0,mg/l,00530,Total Suspended Solids,1,south.xlsx
USGS-05471032,2010-03-09,442.0,mg/l,80154,Suspended Sediment Concentration,1,south.xlsx
USGS-05471032,2010-03-10,4090.0,mg/l,00530,Total Suspended Solids,1,south.xlsx
USGS-05471032,2010-03-10,554.0,mg/l,80154,Suspended Sediment Concentration,1,south.xlsx
USGS-05471032,2010-03-11,11400.0,mg/l,00530,Total Suspended Solids,2,south.xlsx
USGS-05471032,2010-03-11,6111.0,mg/l,80154,Suspended Sediment Concentration,2,south.xlsx
USGS-05471032,2010-03-12,237.0,mg/l,00530,Total Suspended Solids,1,south.xlsx
USGS-05471032,2010-03-12,191.0,mg/l,80154,Suspended Sediment Concentration,1,south.xlsx
USGS-05471032,2010-04-06,342.0,mg/l,00530,Total Suspended Solids,3,south.xlsx
USGS-05471032,2010-04-06,318.0,mg/l,80154,Suspended Sediment Concentration,3,south.xlsx
USGS-05471032,2010-04-07,241.5,mg/l,00530,Total Suspended Solids,2,south.xlsx
USGS-05471032,2010-04-07,120.0,mg/l,80154,Suspended Sediment Concentration,2,south.xlsx
USGS-05471032,2010-04-08,109.0,mg/l,00530,Total Suspended Solids,1,south.xlsx
USGS-05471032,2010-04-08,86.0,mg/l,80154,Suspended Sediment Concentration,1,south.xlsx
USGS-05471032,2010-04-20,13.0,mg/l,00530,Total Suspended Solids,1,south.xlsx
USGS-05471032,2010-04-20,11.0,mg/l,80154,Suspended Sediment Concentration,1,south.xlsx
USGS-05471032,2010-04-23,40.666666666666664,mg/l,00530,Total Suspended Solids,3,south.xlsx
USGS-05471032,2010-04-23,40.666666666666664,mg/l,80154,Suspended Sediment Concentration,3,south.xlsx
USGS-05471032,2010-04-24,357.25,mg/l,00530,Total Suspended Solids,4,south.xlsx
USGS-05471032,2010-04-24,321.5,mg/l,80154,Suspended Sediment Concentration,4,south.xlsx
USGS-05471032,2010-05-03,30.0,mg/l,00530,Total Suspended Solids,1,south.xlsx
USGS-05471032,2010-05-03,22.0,mg/l,80154,Suspended Sediment Concentration,1,south.xlsx
USGS-05471032,2010-05-10,84.0,mg/l,00530,Total Suspended Solids,1,south.xlsx
USGS-05471032,2010-05-10,79.0,mg/l,80154,Suspended Sediment Concentration,1,south.xlsx
USGS-05471032,2010-05-11,741.0,mg/l,00530,Total Suspended Solids,1,south.xlsx
USGS-05471032,2010-05-11,753.0,mg/l,80154,Suspended Sediment Concentration,1,south.xlsx
USGS-05471032,2010-05-12,2450.3333333333335,mg/l,00530,Total Suspended Solids,3,south.xlsx
USGS-05471032,2010-05-12,1444.6666666666667,mg/l,80154,Suspended Sediment Concentration,3,south.xlsx
USGS-05471032,2010-05-13,17750.0,mg/l,00530,Total Suspended Solids,2,south.xlsx
USGS-05471032,2010-05-13,9315.0,mg/l,80154,Suspended Sediment Concentration,2,south.xlsx
USGS-05471032,2010-06-01,43.666666666666664,mg/l,00530,Total Suspended Solids,3,south.xlsx
USGS-05471032,2010-06-01,38.666666666666664,mg/l,80154,Suspended Sediment Concentration,3,south.xlsx
USGS-05471032,2010-06-02,110.0,mg/l,00530,Total Suspended Solids,2,south.xlsx
USGS-05471032,2010-06-02,106.0,mg/l,80154,Suspended Sediment Concentration,2,south.xlsx
USGS-05471032,2010-06-03,318.5,mg/l,00530,Total Suspended Solids,2,south.xlsx
USGS-05471032,2010-06-03,18.0,mg/l,80154,Suspended Sediment Concentration,1,south.xlsx
USGS-05471032,2010-06-04,3077.5,mg/l,00530,Total Suspended Solids,6,south.xlsx
USGS-05471032,2010-06-04,1407.0,mg/l,80154,Suspended Sediment Concentration,6,south.xlsx
USGS-05471032,2010-06-08,947.5,mg/l,00530,Total Suspended Solids,4,south.xlsx
USGS-05471032,2010-06-08,386.0,mg/l,80154,Suspended Sediment Concentration,4,south.xlsx
USGS-05471032,2010-06-09,200.0,mg/l,00530,Total Suspended Solids,1,south.xlsx
USGS-05471032,2010-06-09,39.0,mg/l,80154,Suspended Sediment Concentration,1,south.xlsx
USGS-05471032,2010-06-12,4685.6,mg/l,00530,Total Suspended Solids,5,south.xlsx
USGS-05471032,2010-06-12,2944.0,mg/l,80154,Suspended Sediment Concentration,5,south.xlsx
USGS-05471032,2010-06-27,12194.5,mg/l,00530,Total Suspended Solids,6,south.xlsx
USGS-05471032,2010-06-27,790.5,mg/l,80154,Suspended Sediment Concentration,6,south.xlsx
USGS-05471040,1995-05-15,115.0,mg/l,80154,Suspended Sediment Concentration,1,south.xlsx
USGS-05471040,1995-05-18,113.0,mg/l,80154,Suspended Sediment Concentration,1,south.xlsx
USGS-05471040,1995-05-19,94.0,mg/l,80154,Suspended Sediment Concentration,1,south.xlsx
USGS-05471040,1995-05-20,78.0,mg/l,80154,Suspended Sediment Concentration,1,south.xlsx
USGS-05471040,1995-05-21,96.0,mg/l,80154,Suspended Sediment Concentration,1,south.xlsx
USGS-05471040,1995-05-22,68.0,mg/l,80154,Suspended Sediment Concentration,1,south.xlsx
USGS-05471040,1995-05-23,128.0,mg/l,80154,Suspended Sediment Concentration,1,south.xlsx
USGS-05471040,1995-05-24,63.0,mg/l,80154,Suspended Sediment Concentration,1,south.xlsx
USGS-05471040,1995-05-25,83.0,mg/l,80154,Suspended Sediment Concentration,1,south.xlsx
USGS-05471040,1995-05-26,67.0,mg/l,80154,Suspended Sediment Concentration,1,south.xlsx
USGS-05471040,1995-05-27,241.0,mg/l,80154,Suspended Sediment Concentration,1,south.xlsx
USGS-05471040,1995-05-28,100.0,mg/l,80154,Suspended Sediment Concentration,1,south.xlsx
USGS-05471040,1995-05-29,51.0,mg/l,80154,Suspended Sediment Concentration,1,south.xlsx
USGS-05471040,1995-05-30,74.0,mg/l,80154,Suspended Sediment Concentration,1,south.xlsx
USGS-05471040,1995-05-31,96.0,mg/l,80154,Suspended Sediment Concentration,1,south.xlsx
USGS-05471040,1995-06-01,86.0,mg/l,80154,Suspended Sediment Concentration,1,south.xlsx
USGS-05471040,1995-06-02,85.0,mg/l,80154,Suspended Sediment Concentration,1,south.xlsx
USGS-05471040,1995-06-03,97.0,mg/l,80154,Suspended Sediment Concentration,1,south.xlsx
USGS-05471040,1995-06-04,99.0,mg/l,80154,Suspended Sediment Concentration,1,south.xlsx
USGS-05471040,1995-06-05,126.0,mg/l,80154,Suspended Sediment Concentration,1,south.xlsx
USGS-05471040,1995-06-06,97.0,mg/l,80154,Suspended Sediment Concentration,1,south.xlsx
USGS-05471040,1995-06-07,97.0,mg/l,80154,Suspended Sediment Concentration,1,south.xlsx
USGS-05471040,1995-06-08,139.0,mg/l,80154,Suspended Sediment Concentration,1,south.xlsx
USGS-05471040,1995-06-09,109.0,mg/l,80154,Suspended Sediment Concentration,1,south.xlsx
USGS-05471040,1995-06-10,86.0,mg/l,80154,Suspended Sediment Concentration,1,south.xlsx
USGS-05471040,1995-06-11,94.0,mg/l,80154,Suspended Sediment Concentration,1,south.xlsx
USGS-05471040,1995-06-12,80.0,mg/l,80154,Suspended Sediment Concentration,1,south.xlsx
USGS-05471040,1995-06-13,84.0,mg/l,80154,Suspended Sediment Concentration,1,south.xlsx
USGS-05471040,1995-06-14,128.0,mg/l,80154,Suspended Sediment Concentration,1,south.xlsx
USGS-05471040,1995-06-15,81.0,mg/l,80154,Suspended Sediment Concentration,1,south.xlsx
USGS-05471040,1995-06-16,92.0,mg/l,80154,Suspended Sediment Concentration,1,south.xlsx
USGS-05471040,1995-06-17,97.0,mg/l,80154,Suspended Sediment Concentration,1,south.xlsx
USGS-05471040,1995-06-18,95.0,mg/l,80154,Suspended Sediment Concentration,1,south.xlsx
USGS-05471040,1995-06-19,99.0,mg/l,80154,Suspended Sediment Concentration,1,south.xlsx
USGS-05471040,1995-06-20,105.0,mg/l,80154,Suspended Sediment Concentration,1,south.xlsx
USGS-05471040,1995-06-21,123.0,mg/l,80154,Suspended Sediment Concentration,1,south.xlsx
USGS-05471040,1995-06-22,114.0,mg/l,80154,Suspended Sediment Concentration,1,south.xlsx
USGS-05471040,1995-06-23,94.0,mg/l,80154,Suspended Sediment Concentration,1,south.xlsx
USGS-05471040,1995-06-24,345.0,mg/l,80154,Suspended Sediment Concentration,1,south.xlsx
USGS-05471040,1995-06-25,156.0,mg/l,80154,Suspended Sediment Concentration,2,south.xlsx
USGS-05471040,1995-06-26,305.0,mg/l,80154,Suspended Sediment Concentration,1,south.xlsx
USGS-05471040,1995-06-27,635.0,mg/l,80154,Suspended Sediment Concentration,1,south.xlsx
USGS-05471040,1995-06-28,131.0,mg/l,80154,Suspended Sediment Concentration,1,south.xlsx
USGS-05471040,1995-06-29,120.0,mg/l,80154,Suspended Sediment Concentration,1,south.xlsx
USGS-05471040,1995-06-30,95.0,mg/l,80154,Suspended Sediment Concentration,1,south.xlsx
USGS-05471040,1995-07-01,79.0,mg/l,80154,Suspended Sediment Concentration,1,south.xlsx
USGS-05471040,1995-07-02,148.0,mg/l,80154,Suspended Sediment Concentration,1,south.xlsx
USGS-05471040,1995-07-03,142.0,mg/l,80154,Suspended Sediment Concentration,1,south.xlsx
USGS-05471040,1995-07-04,317.0,mg/l,80154,Suspended Sediment Concentration,1,south.xlsx
USGS-05471040,1995-07-05,381.0,mg/l,80154,Suspended Sediment Concentration,1,south.xlsx
USGS-05471040,1995-07-06,229.0,mg/l,80154,Suspended Sediment Concentration,1,south.xlsx
USGS-05471040,1995-07-07,188.0,mg/l,80154,Suspended Sediment Concentration,1,south.xlsx
USGS-05471040,1995-07-08,169.0,mg/l,80154,Suspended Sediment Concentration,1,south.xlsx
USGS-05471040,1995-07-09,178.0,mg/l,80154,Suspended Sediment Concentration,1,south.xlsx
USGS-05471040,1995-07-10,173.0,mg/l,80154,Suspended Sediment Concentration,1,south.xlsx
USGS-05471040,1995-07-11,178.0,mg/l,80154,Suspended Sediment Concentration,1,south.xlsx
USGS-05471040,1995-07-12,178.0,mg/l,80154,Suspended Sediment Concentration,1,south.xlsx
USGS-05471040,1995-07-13,168.0,mg/l,80154,Suspended Sediment Concentration,1,south.xlsx
USGS-05471040,1995-07-14,181.0,mg/l,80154,Suspended Sediment Concentration,1,south.xlsx
USGS-05471040,1995-07-15,109.0,mg/l,80154,Suspended Sediment Concentration,1,south.xlsx
USGS-05471040,1995-07-16,94.0,mg/l,80154,Suspended Sediment Concentration,1,south.xlsx
USGS-05471040,1995-07-17,80.0,mg/l,80154,Suspended Sediment Concentration,1,south.xlsx
USGS-05471040,1995-07-18,62.0,mg/l,80154,Suspended Sediment Concentration,1,south.xlsx
USGS-05471040,1995-07-19,64.0,mg/l,80154,Suspended Sediment Concentration,1,south.xlsx
USGS-05471040,1995-07-20,226.0,mg/l,80154,Suspended Sediment Concentration,1,south.xlsx
USGS-05471040,1995-07-21,138.0,mg/l,80154,Suspended Sediment Concentration,1,south.xlsx
USGS-05471040,1995-07-23,136.0,mg/l,80154,Suspended Sediment Concentration,1,south.xlsx
USGS-05471040,1995-07-24,136.0,mg/l,80154,Suspended Sediment Concentration,1,south.xlsx
USGS-05471040,1995-07-25,61.0,mg/l,80154,Suspended Sediment Concentration,1,south.xlsx
USGS-05471040,1995-07-26,48.0,mg/l,80154,Suspended Sediment Concentration,1,south.xlsx
USGS-05471040,1995-07-28,34.0,mg/l,80154,Suspended Sediment Concentration,1,south.xlsx
USGS-05471040,1995-07-29,40.0,mg/l,80154,Suspended Sediment Concentration,1,south.xlsx
USGS-05471040,1995-07-30,73.0,mg/l,80154,Suspended Sediment Concentration,1,south.xlsx
USGS-05471040,1995-07-31,151.0,mg/l,80154,Suspended Sediment Concentration,2,south.xlsx
USGS-05471040,1995-08-02,61.0,mg/l,80154,Suspended Sediment Concentration,1,south.xlsx
USGS-05471040,1995-08-03,71.0,mg/l,80154,Suspended Sediment Concentration,1,south.xlsx
USGS-05471040,1995-08-04,20.0,mg/l,80154,Suspended Sediment Concentration,1,south.xlsx
USGS-05471040,1995-08-05,114.0,mg/l,80154,Suspended Sediment Concentration,1,south.xlsx
USGS-05471040,1995-08-06,66.0,mg/l,80154,Suspended Sediment Concentration,1,south.xlsx
USGS-05471040,1995-08-07,77.0,mg/l,80154,Suspended Sediment Concentration,1,south.xlsx
USGS-05471040,1995-08-08,46.0,mg/l,80154,Suspended Sediment Concentration,1,south.xlsx
USGS-05471040,1995-08-09,79.0,mg/l,80154,Suspended Sediment Concentration,1,south.xlsx
USGS-05471040,1995-08-10,61.0,mg/l,80154,Suspended Sediment Concentration,1,south.xlsx
USGS-05471040,1995-08-11,69.0,mg/l,80154,Suspended Sediment Concentration,1,south.xlsx
USGS-05471040,1995-08-12,48.0,mg/l,80154,Suspended Sediment Concentration,1,south.xlsx
USGS-05471040,1995-08-13,81.0,mg/l,80154,Suspended Sediment Concentration,1,south.xlsx
USGS-05471040,1995-08-14,71.0,mg/l,80154,Suspended Sediment Concentration,1,south.xlsx
USGS-05471040,1995-08-15,1350.0,mg/l,80154,Suspended Sediment Concentration,1,south.xlsx
USGS-05471040,1995-08-16,41.0,mg/l,80154,Suspended Sediment Concentration,1,south.xlsx
USGS-05471040,1995-08-17,70.0,mg/l,80154,Suspended Sediment Concentration,1,south.xlsx
USGS-05471040,1995-08-18,38.0,mg/l,80154,Suspended Sediment Concentration,1,south.xlsx
USGS-05471040,1995-08-19,44.0,mg/l,80154,Suspended Sediment Concentration,1,south.xlsx
USGS-05471040,1995-08-20,60.0,mg/l,80154,Suspended Sediment Concentration,1,south.xlsx
USGS-05471040,1995-08-21,32.0,mg/l,80154,Suspended Sediment Concentration,1,south.xlsx
USGS-05471040,1995-08-22,25.0,mg/l,80154,Suspended Sediment Concentration,1,south.xlsx
USGS-05471040,1995-08-23,57.0,mg/l,80154,Suspended Sediment Concentration,1,south.xlsx
USGS-05471040,1995-08-24,37.0,mg/l,80154,Suspended Sediment Concentration,1,south.xlsx
USGS-05471040,1995-08-25,20.0,mg/l,80154,Suspended Sediment Concentration,1,south.xlsx
USGS-05471040,1995-08-26,21.0,mg/l,80154,Suspended Sediment Concentration,1,south.xlsx
USGS-05471040,1995-08-27,908.0,mg/l,80154,Suspended Sediment Concentration,1,south.xlsx
USGS-05471040,1995-08-28,125.0,mg/l,80154,Suspended Sediment Concentration,1,south.xlsx
USGS-05471040,1995-08-29,43.0,mg/l,80154,Suspended Sediment Concentration,1,south.xlsx
USGS-05471040,1995-08-30,72.0,mg/l,80154,Suspended Sediment Concentration,1,south.xlsx
USGS-05471040,1995-08-31,35.0,mg/l,80154,Suspended Sediment Concentration,1,south.xlsx
USGS-05471040,1995-09-01,43.0,mg/l,80154,Suspended Sediment Concentration,1,south.xlsx
USGS-05471040,1995-09-02,16.0,mg/l,80154,Suspended Sediment Concentration,1,south.xlsx
USGS-05471040,1995-09-03,25.0,mg/l,80154,Suspended Sediment Concentration,1,south.xlsx
USGS-05471040,1995-09-04,26.0,mg/l,80154,Suspended Sediment Concentration,1,south.xlsx
USGS-05471040,1995-09-05,34.0,mg/l,80154,Suspended Sediment Concentration,1,south.xlsx
USGS-05471040,1995-09-06,25.0,mg/l,80154,Suspended Sediment Concentration,1,south.xlsx
USGS-05471040,1995-09-07,50.0,mg/l,80154,Suspended Sediment Concentration,1,south.xlsx
USGS-05471040,1995-09-08,52.0,mg/l,80154,Suspended Sediment Concentration,1,south.xlsx
USGS-05471040,1995-09-09,71.0,mg/l,80154,Suspended Sediment Concentration,1,south.xlsx
USGS-05471040,1995-09-10,80.0,mg/l,80154,Suspended Sediment Concentration,1,south.xlsx
USGS-05471040,1995-09-11,65.0,mg/l,80154,Suspended Sediment Concentration,1,south.xlsx
USGS-05471040,1995-09-12,64.0,mg/l,80154,Suspended Sediment Concentration,1,south.xlsx
USGS-05471040,1995-09-13,61.0,mg/l,80154,Suspended Sediment Concentration,1,south.xlsx
USGS-05471040,1995-09-14,50.0,mg/l,80154,Suspended Sediment Concentration,1,south.xlsx
USGS-05471040,1995-09-15,68.0,mg/l,80154,Suspended Sediment Concentration,1,south.xlsx
USGS-05471040,1995-09-16,44.0,mg/l,80154,Suspended Sediment Concentration,1,south.xlsx
USGS-05471040,1995-09-17,67.0,mg/l,80154,Suspended Sediment Concentration,1,south.xlsx
USGS-05471040,1995-09-18,116.0,mg/l,80154,Suspended Sediment Concentration,1,south.xlsx
USGS-05471040,1995-09-19,105.0,mg/l,80154,Suspended Sediment Concentration,1,south.xlsx
USGS-05471040,1995-09-20,104.0,mg/l,80154,Suspended Sediment Concentration,1,south.xlsx
USGS-05471040,1995-09-22,40.0,mg/l,80154,Suspended Sediment Concentration,1,south.xlsx
USGS-05471040,1995-09-23,31.0,mg/l,80154,Suspended Sediment Concentration,1,south.xlsx
USGS-05471040,1995-09-24,31.0,mg/l,80154,Suspended Sediment Concentration,1,south.xlsx
USGS-05471040,1995-09-25,49.0,mg/l,80154,Suspended Sediment Concentration,1,south.xlsx
USGS-05471040,1995-09-26,72.0,mg/l,80154,Suspended Sediment Concentration,1,south.xlsx
USGS-05471040,1995-09-27,31.0,mg/l,80154,Suspended Sediment Concentration,1,south.xlsx
USGS-05471040,1995-09-28,17.0,mg/l,80154,Suspended Sediment Concentration,1,south.xlsx
USGS-05471040,1995-09-29,319.0,mg/l,80154,Suspended Sediment Concentration,2,south.xlsx
USGS-05471040,1995-09-30,91.0,mg/l,80154,Suspended Sediment Concentration,1,south.xlsx
USGS-05471040,1995-10-01,34.0,mg/l,80154,Suspended Sediment Concentration,1,south.xlsx
USGS-05471040,1995-10-02,38.0,mg/l,80154,Suspended Sediment Concentration,1,south.xlsx
USGS-05471040,1995-10-03,30.0,mg/l,80154,Suspended Sediment Concentration,1,south.xlsx
USGS-05471040,1995-10-04,47.0,mg/l,80154,Suspended Sediment Concentration,1,south.xlsx
USGS-05471040,1995-10-05,21.0,mg/l,80154,Suspended Sediment Concentration,1,south.xlsx
USGS-05471040,1995-10-06,22.0,mg/l,80154,Suspended Sediment Concentration,1,south.xlsx
USGS-05471040,1995-10-07,18.0,mg/l,80154,Suspended Sediment Concentration,1,south.xlsx
USGS-05471040,1995-10-08,42.0,mg/l,80154,Suspended Sediment Concentration,1,south.xlsx
USGS-05471040,1995-10-09,23.0,mg/l,80154,Suspended Sediment Concentration,1,south.xlsx
USGS-05471040,1995-10-10,37.0,mg/l,80154,Suspended Sediment Concentration,1,south.xlsx
USGS-05471040,1995-10-11,23.0,mg/l,80154,Suspended Sediment Concentration,1,south.xlsx
USGS-05471040,1995-10-12,19.0,mg/l,80154,Suspended Sediment Concentration,1,south.xlsx
USGS-05471040,1995-10-13,23.0,mg/l,80154,Suspended Sediment Concentration,1,south.xlsx
USGS-05471040,1995-10-14,29.0,mg/l,80154,Suspended Sediment Concentration,1,south.xlsx
USGS-05471040,1995-10-15,50.0,mg/l,80154,Suspended Sediment Concentration,1,south.xlsx
USGS-05471040,1995-10-16,27.0,mg/l,80154,Suspended Sediment Concentration,1,south.xlsx
USGS-05471040,1995-10-17,19.0,mg/l,80154,Suspended Sediment Concentration,1,south.xlsx
USGS-05471040,1995-10-18,26.0,mg/l,80154,Suspended Sediment Concentration,1,south.xlsx
USGS-05471040,1995-10-19,34.0,mg/l,80154,Suspended Sediment Concentration,1,south.xlsx
USGS-05471040,1995-10-20,22.0,mg/l,80154,Suspended Sediment Concentration,1,south.xlsx
USGS-05471040,1995-10-21,27.0,mg/l,80154,Suspended Sediment Concentration,1,south.xlsx
USGS-05471040,1995-10-22,30.0,mg/l,80154,Suspended Sediment Concentration,1,south.xlsx
USGS-05471040,1995-10-23,34.0,mg/l,80154,Suspended Sediment Concentration,1,south.xlsx
USGS-05471040,1995-10-24,35.0,mg/l,80154,Suspended Sediment Concentration,1,south.xlsx
USGS-05471040,1995-10-25,34.0,mg/l,80154,Suspended Sediment Concentration,1,south.xlsx
USGS-05471040,1995-10-26,26.0,mg/l,80154,Suspended Sediment Concentration,1,south.xlsx
USGS-05471040,1995-10-27,19.0,mg/l,80154,Suspended Sediment Concentration,1,south.xlsx
USGS-05471040,1995-10-28,24.0,mg/l,80154,Suspended Sediment Concentration,1,south.xlsx
USGS-05471040,1995-10-29,37.0,mg/l,80154,Suspended Sediment Concentration,1,south.xlsx
USGS-05471040,1995-10-30,17.0,mg/l,80154,Suspended Sediment Concentration,1,south.xlsx
USGS-05471040,1995-11-01,16.0,mg/l,80154,Suspended Sediment Concentration,1,south.xlsx
USGS-05471040,1995-11-02,22.0,mg/l,80154,Suspended Sediment Concentration,1,south.xlsx
USGS-05471040,1995-11-03,18.0,mg/l,80154,Suspended Sediment Concentration,1,south.xlsx
USGS-05471040,1995-11-05,20.0,mg/l,80154,Suspended Sediment Concentration,1,south.xlsx
USGS-05471040,1995-11-06,29.0,mg/l,80154,Suspended Sediment Concentration,1,south.xlsx
USGS-05471040,1995-11-07,27.0,mg/l,80154,Suspended Sediment Concentration,1,south.xlsx
USGS-05471040,1995-11-08,19.0,mg/l,80154,Suspended Sediment Concentration,1,south.xlsx
USGS-05471040,1995-11-09,25.0,mg/l,80154,Suspended Sediment Concentration,1,south.xlsx
USGS-05471040,1995-11-10,10.0,mg/l,80154,Suspended Sediment Concentration,1,south.xlsx
USGS-05471040,1995-11-11,11.0,mg/l,80154,Suspended Sediment Concentration,1,south.xlsx
USGS-05471040,1995-11-12,18.0,mg/l,80154,Suspended Sediment Concentration,1,south.xlsx
USGS-05471040,1995-11-13,13.0,mg/l,80154,Suspended Sediment Concentration,1,south.xlsx
USGS-05471040,1995-11-14,26.0,mg/l,80154,Suspended Sediment Concentration,1,south.xlsx
USGS-05471040,1995-11-15,15.0,mg/l,80154,Suspended Sediment Concentration,1,south.xlsx
USGS-05471040,1995-11-16,20.0,mg/l,80154,Suspended Sediment Concentration,1,south.xlsx
USGS-05471040,1995-11-17,13.0,mg/l,80154,Suspended Sediment Concentration,1,south.xlsx
USGS-05471040,1995-11-18,13.0,mg/l,80154,Suspended Sediment Concentration,1,south.xlsx
USGS-05471040,1995-11-19,18.0,mg/l,80154,Suspended Sediment Concentration,1,south.xlsx
USGS-05471040,1995-11-20,18.0,mg/l,80154,Suspended Sediment Concentration,1,south.xlsx
USGS-05471040,1995-11-21,14.0,mg/l,80154,Suspended Sediment Concentration,1,south.xlsx
USGS-05471040,1995-11-22,16.0,mg/l,80154,Suspended Sediment Concentration,2,south.xlsx
USGS-05471040,1995-11-23,25.0,mg/l,80154,Suspended Sediment Concentration,1,south.xlsx
USGS-05471040,1995-11-24,16.0,mg/l,80154,Suspended Sediment Concentration,1,south.xlsx
USGS-05471040,1995-11-25,8.0,mg/l,80154,Suspended Sediment Concentration,1,south.xlsx
USGS-05471040,1995-11-26,11.0,mg/l,80154,Suspended Sediment Concentration,1,south.xlsx
USGS-05471040,1995-11-27,10.0,mg/l,80154,Suspended Sediment Concentration,1,south.xlsx
USGS-05471040,1995-11-28,18.0,mg/l,80154,Suspended Sediment Concentration,1,south.xlsx
USGS-05471040,1995-11-29,20.0,mg/l,80154,Suspended Sediment Concentration,1,south.xlsx
USGS-05471040,1995-11-30,15.0,mg/l,80154,Suspended Sediment Concentration,1,south.xlsx
USGS-05471040,1996-01-24,7.5,mg/l,80154,Suspended Sediment Concentration,2,south.xlsx
USGS-05471040,1996-02-08,60.0,mg/l,80154,Suspended Sediment Concentration,1,south.xlsx
USGS-05471040,1996-02-09,502.0,mg/l,80154,Suspended Sediment Concentration,1,south.xlsx
USGS-05471040,1996-02-10,514.0,mg/l,80154,Suspended Sediment Concentration,1,south.xlsx
USGS-05471040,1996-04-15,9.0,mg/l,80154,Suspended Sediment Concentration,1,south.xlsx
USGS-05471040,1996-04-16,10.0,mg/l,80154,Suspended Sediment Concentration,1,south.xlsx
USGS-05471040,1996-04-18,10.0,mg/l,80154,Suspended Sediment Concentration,1,south.xlsx
USGS-05471040,1996-04-22,6.0,mg/l,80154,Suspended Sediment Concentration,1,south.xlsx
USGS-05471040,1996-04-27,63.0,mg/l,80154,Suspended Sediment Concentration,1,south.xlsx
USGS-05471040,1996-04-28,56.0,mg/l,80154,Suspended Sediment Concentration,1,south.xlsx
USGS-05471040,1996-04-29,246.0,mg/l,80154,Suspended Sediment Concentration,1,south.xlsx
USGS-05471040,1996-04-30,102.0,mg/l,80154,Suspended Sediment Concentration,1,south.xlsx
USGS-05471040,1996-05-01,35.0,mg/l,80154,Suspended Sediment Concentration,1,south.xlsx
USGS-05471040,1996-05-02,21.0,mg/l,80154,Suspended Sediment Concentration,1,south.xlsx
USGS-05471040,1996-05-03,28.0,mg/l,80154,Suspended Sediment Concentration,1,south.xlsx
USGS-05471040,1996-05-04,23.0,mg/l,80154,Suspended Sediment Concentration,1,south.xlsx
USGS-05471040,1996-05-07,37.0,mg/l,80154,Suspended Sediment Concentration,1,south.xlsx
USGS-05471040,1996-05-08,89.0,mg/l,80154,Suspended Sediment Concentration,1,south.xlsx
USGS-05471040,1996-05-10,3680.0,mg/l,80154,Suspended Sediment Concentration,1,south.xlsx
USGS-05471040,1996-05-11,863.0,mg/l,80154,Suspended Sediment Concentration,1,south.xlsx
USGS-05471040,1996-05-13,360.0,mg/l,80154,Suspended Sediment Concentration,1,south.xlsx
USGS-05471040,1996-05-15,262.0,mg/l,80154,Suspended Sediment Concentration,1,south.xlsx
USGS-05471040,1996-05-16,273.0,mg/l,80154,Suspended Sediment Concentration,1,south.xlsx
USGS-05471040,1996-05-17,461.0,mg/l,80154,Suspended Sediment Concentration,1,south.xlsx
USGS-05471040,1996-05-20,211.0,mg/l,80154,Suspended Sediment Concentration,1,south.xlsx
USGS-05471040,1996-05-21,178.0,mg/l,80154,Suspended Sediment Concentration,1,south.xlsx
USGS-05471040,1996-05-23,437.0,mg/l,80154,Suspended Sediment Concentration,2,south.xlsx
USGS-05471040,1996-05-25,873.0,mg/l,80154,Suspended Sediment Concentration,1,south.xlsx
USGS-05471040,1996-05-28,690.0,mg/l,80154,Suspended Sediment Concentration,1,south.xlsx
USGS-05471040,1996-05-29,359.0,mg/l,80154,Suspended Sediment Concentration,1,south.xlsx
USGS-05471040,1996-05-30,291.0,mg/l,80154,Suspended Sediment Concentration,1,south.xlsx
USGS-05471040,1996-06-03,260.0,mg/l,80154,Suspended Sediment Concentration,1,south.xlsx
USGS-05471040,1996-06-05,200.0,mg/l,80154,Suspended Sediment Concentration,1,south.xlsx
USGS-05471040,1996-06-06,276.0,mg/l,80154,Suspended Sediment Concentration,1,south.xlsx
USGS-05471040,1996-06-10,95.0,mg/l,80154,Suspended Sediment Concentration,1,south.xlsx
USGS-05471040,1996-06-11,159.0,mg/l,80154,Suspended Sediment Concentration,1,south.xlsx
USGS-05471040,1996-06-12,77.0,mg/l,80154,Suspended Sediment Concentration,1,south.xlsx
USGS-05471040,1996-06-14,81.0,mg/l,80154,Suspended Sediment Concentration,1,south.xlsx
USGS-05471040,1996-06-20,55.0,mg/l,80154,Suspended Sediment Concentration,1,south.xlsx
USGS-05471040,1996-06-22,79.0,mg/l,80154,Suspended Sediment Concentration,1,south.xlsx
USGS-05471040,1996-06-24,169.0,mg/l,80154,Suspended Sediment Concentration,1,south.xlsx
USGS-05471040,1996-06-25,88.0,mg/l,80154,Suspended Sediment Concentration,1,south.xlsx
USGS-05471040,1996-06-26,83.0,mg/l,80154,Suspended Sediment Concentration,1,south.xlsx
USGS-05471040,1996-07-02,140.0,mg/l,80154,Suspended Sediment Concentration,1,south.xlsx
USGS-05471040,1996-07-03,109.0,mg/l,80154,Suspended Sediment Concentration,1,south.xlsx
USGS-05471040,1996-07-08,82.0,mg/l,80154,Suspended Sediment Concentration,1,south.xlsx
USGS-05471040,1996-07-11,87.0,mg/l,80154,Suspended Sediment Concentration,1,south.xlsx
USGS-05471040,1996-07-12,71.0,mg/l,80154,Suspended Sediment Concentration,1,south.xlsx
USGS-05471040,1996-07-16,43.0,mg/l,80154,Suspended Sediment Concentration,1,south.xlsx
USGS-05471040,1996-07-17,1030.0,mg/l,80154,Suspended Sediment Concentration,1,south.xlsx
USGS-05471040,1996-07-18,219.0,mg/l,80154,Suspended Sediment Concentration,1,south.xlsx
USGS-05471040,1996-07-19,164.0,mg/l,80154,Suspended Sediment Concentration,1,south.xlsx
USGS-05471040,1996-07-20,65.0,mg/l,80154,Suspended Sediment Concentration,1,south.xlsx
USGS-05471040,1996-07-22,43.0,mg/l,80154,Suspended Sediment Concentration,1,south.xlsx
USGS-05471040,1996-07-23,56.0,mg/l,80154,Suspended Sediment Concentration,1,south.xlsx
USGS-05471040,1996-07-24,47.0,mg/l,80154,Suspended Sediment Concentration,1,south.xlsx
USGS-05471040,1996-07-25,43.0,mg/l,80154,Suspended Sediment Concentration,1,south.xlsx
USGS-05471040,1996-07-27,55.0,mg/l,80154,Suspended Sediment Concentration,1,south.xlsx
USGS-05471040,1996-07-28,42.0,mg/l,80154,Suspended Sediment Concentration,1,south.xlsx
USGS-05471040,1996-07-30,38.0,mg/l,80154,Suspended Sediment Concentration,1,south.xlsx
USGS-05471040,1996-08-02,34.0,mg/l,80154,Suspended Sediment Concentration,1,south.xlsx
USGS-05471040,1996-08-06,46.0,mg/l,80154,Suspended Sediment Concentration,1,south.xlsx
USGS-05471040,1996-08-08,12.0,mg/l,80154,Suspended Sediment Concentration,1,south.xlsx
USGS-05471040,1996-08-15,15.0,mg/l,80154,Suspended Sediment Concentration,1,south.xlsx
USGS-05471040,1996-08-19,50.0,mg/l,80154,Suspended Sediment Concentration,1,south.xlsx
USGS-05471040,1996-08-20,20.0,mg/l,80154,Suspended Sediment Concentration,1,south.xlsx
USGS-05471040,1996-08-21,18.0,mg/l,80154,Suspended Sediment Concentration,1,south.xlsx
USGS-05471040,1996-08-22,20.0,mg/l,80154,Suspended Sediment Concentration,1,south.xlsx
USGS-05471040,1996-08-23,19.0,mg/l,80154,Suspended Sediment Concentration,1,south.xlsx
USGS-05471040,1996-08-24,16.0,mg/l,80154,Suspended Sediment Concentration,1,south.xlsx
USGS-05471040,1996-08-25,16.0,mg/l,80154,Suspended Sediment Concentration,1,south.xlsx
USGS-05471040,1996-08-26,21.0,mg/l,80154,Suspended Sediment Concentration,1,south.xlsx
USGS-05471040,1996-08-27,14.0,mg/l,80154,Suspended Sediment Concentration,1,south.xlsx
USGS-05471040,1996-08-28,11.0,mg/l,80154,Suspended Sediment Concentration,1,south.xlsx
USGS-05471040,1996-08-29,11.0,mg/l,80154,Suspended Sediment Concentration,1,south.xlsx
USGS-05471040,1996-08-30,36.0,mg/l,80154,Suspended Sediment Concentration,1,south.xlsx
USGS-05471040,1996-08-31,14.0,mg/l,80154,Suspended Sediment Concentration,1,south.xlsx
USGS-05471040,1996-09-01,15.0,mg/l,80154,Suspended Sediment Concentration,1,south.xlsx
USGS-05471040,1996-09-02,14.0,mg/l,80154,Suspended Sediment Concentration,1,south.xlsx
USGS-05471040,1996-09-03,21.0,mg/l,80154,Suspended Sediment Concentration,1,south.xlsx
USGS-05471040,1996-09-04,20.0,mg/l,80154,Suspended Sediment Concentration,1,south.xlsx
USGS-05471040,1996-09-05,14.0,mg/l,80154,Suspended Sediment Concentration,1,south.xlsx
USGS-05471040,1996-09-06,14.0,mg/l,80154,Suspended Sediment Concentration,1,south.xlsx
USGS-05471040,1996-09-07,21.0,mg/l,80154,Suspended Sediment Concentration,1,south.xlsx
USGS-05471040,1996-09-08,29.0,mg/l,80154,Suspended Sediment Concentration,1,south.xlsx
USGS-05471040,1996-09-09,15.0,mg/l,80154,Suspended Sediment Concentration,1,south.xlsx
USGS-05471040,1996-09-10,12.0,mg/l,80154,Suspended Sediment Concentration,1,south.xlsx
USGS-05471040,1996-09-11,40.0,mg/l,80154,Suspended Sediment Concentration,1,south.xlsx
USGS-05471040,1996-09-12,22.0,mg/l,80154,Suspended Sediment Concentration,1,south.xlsx
USGS-05471040,1996-09-13,14.0,mg/l,80154,Suspended Sediment Concentration,1,south.xlsx
USGS-05471040,1996-09-14,15.0,mg/l,80154,Suspended Sediment Concentration,1,south.xlsx
USGS-05471040,1996-09-15,18.0,mg/l,80154,Suspended Sediment Concentration,1,south.xlsx
USGS-05471040,1996-09-16,38.0,mg/l,80154,Suspended Sediment Concentration,1,south.xlsx
USGS-05471040,1996-09-17,31.0,mg/l,80154,Suspended Sediment Concentration,1,south.xlsx
USGS-05471040,1996-09-18,20.0,mg/l,80154,Suspended Sediment Concentration,1,south.xlsx
USGS-05471040,1996-09-19,158.0,mg/l,80154,Suspended Sediment Concentration,1,south.xlsx
USGS-05471040,1996-09-20,437.0,mg/l,80154,Suspended Sediment Concentration,1,south.xlsx
USGS-05471040,1996-09-21,67.0,mg/l,80154,Suspended Sediment Concentration,1,south.xlsx
USGS-05471040,1996-09-22,19.0,mg/l,80154,Suspended Sediment Concentration,1,south.xlsx
USGS-05471040,1996-09-23,41.0,mg/l,80154,Suspended Sediment Concentration,1,south.xlsx
USGS-05471040,1996-09-24,22.0,mg/l,80154,Suspended Sediment Concentration,1,south.xlsx
USGS-05471040,1996-09-25,33.0,mg/l,80154,Suspended Sediment Concentration,1,south.xlsx
USGS-05471040,1996-09-26,95.0,mg/l,80154,Suspended Sediment Concentration,1,south.xlsx
USGS-05471040,1996-09-27,52.0,mg/l,80154,Suspended Sediment Concentration,1,south.xlsx
USGS-05471040,1996-09-28,35.0,mg/l,80154,Suspended Sediment Concentration,1,south.xlsx
USGS-05471040,1996-09-29,36.0,mg/l,80154,Suspended Sediment Concentration,1,south.xlsx
USGS-05471040,1996-09-30,65.0,mg/l,80154,Suspended Sediment Concentration,1,south.xlsx
USGS-05471040,1996-10-01,67.0,mg/l,80154,Suspended Sediment Concentration,1,south.xlsx
USGS-05471040,1996-10-02,22.0,mg/l,80154,Suspended Sediment Concentration,1,south.xlsx
USGS-05471040,1996-10-03,123.0,mg/l,80154,Suspended Sediment Concentration,1,south.xlsx
USGS-05471040,1996-10-04,92.0,mg/l,80154,Suspended Sediment Concentration,1,south.xlsx
USGS-05471040,1996-10-05,38.0,mg/l,80154,Suspended Sediment Concentration,1,south.xlsx
USGS-05471040,1996-10-06,36.0,mg/l,80154,Suspended Sediment Concentration,1,south.xlsx
USGS-05471040,1996-10-07,29.0,mg/l,80154,Suspended Sediment Concentration,1,south.xlsx
USGS-05471040,1996-10-08,55.0,mg/l,80154,Suspended Sediment Concentration,1,south.xlsx
USGS-05471040,1996-10-10,83.0,mg/l,80154,Suspended Sediment Concentration,1,south.xlsx
USGS-05471040,1996-10-11,15.0,mg/l,80154,Suspended Sediment Concentration,1,south.xlsx
USGS-05471040,1996-10-12,53.0,mg/l,80154,Suspended Sediment Concentration,1,south.xlsx
USGS-05471040,1996-10-13,64.0,mg/l,80154,Suspended Sediment Concentration,1,south.xlsx
USGS-05471040,1996-10-14,34.0,mg/l,80154,Suspended Sediment Concentration,1,south.xlsx
USGS-05471040,1996-10-15,28.0,mg/l,80154,Suspended Sediment Concentration,1,south.xlsx
USGS-05471040,1996-10-18,27.0,mg/l,80154,Suspended Sediment Concentration,1,south.xlsx
USGS-05471040,1996-10-21,24.0,mg/l,80154,Suspended Sediment Concentration,1,south.xlsx
USGS-05471040,1996-10-22,28.0,mg/l,80154,Suspended Sediment Concentration,1,south.xlsx
USGS-05471040,1996-10-23,62.5,mg/l,80154,Suspended Sediment Concentration,2,south.xlsx
USGS-05471040,1996-10-24,22.0,mg/l,80154,Suspended Sediment Concentration,1,south.xlsx
USGS-05471040,1996-10-25,20.0,mg/l,80154,Suspended Sediment Concentration,1,south.xlsx
USGS-05471040,1996-10-26,15.0,mg/l,80154,Suspended Sediment Concentration,1,south.xlsx
USGS-05471040,1996-10-27,164.0,mg/l,80154,Suspended Sediment Concentration,1,south.xlsx
USGS-05471040,1996-10-28,25.0,mg/l,80154,Suspended Sediment Concentration,1,south.xlsx
USGS-05471040,1996-10-31,12.0,mg/l,80154,Suspended Sediment Concentration,1,south.xlsx
USGS-05471040,1996-11-01,6.0,mg/l,80154,Suspended Sediment Concentration,1,south.xlsx
USGS-05471040,1996-11-02,21.0,mg/l,80154,Suspended Sediment Concentration,1,south.xlsx
USGS-05471040,1996-11-04,22.0,mg/l,80154,Suspended Sediment Concentration,1,south.xlsx
USGS-05471040,1996-11-07,10.0,mg/l,80154,Suspended Sediment Concentration,1,south.xlsx
USGS-05471040,1996-11-13,15.0,mg/l,80154,Suspended Sediment Concentration,1,south.xlsx
USGS-05471040,1996-11-14,13.0,mg/l,80154,Suspended Sediment Concentration,1,south.xlsx
USGS-05471040,1996-11-15,8.0,mg/l,80154,Suspended Sediment Concentration,1,south.xlsx
USGS-05471040,1996-11-17,48.0,mg/l,80154,Suspended Sediment Concentration,1,south.xlsx
USGS-05471040,1996-11-18,11.0,mg/l,80154,Suspended Sediment Concentration,1,south.xlsx
USGS-05471040,1996-11-19,15.0,mg/l,80154,Suspended Sediment Concentration,1,south.xlsx
USGS-05471040,1996-11-20,5.0,mg/l,80154,Suspended Sediment Concentration,1,south.xlsx
USGS-05471040,1996-11-25,8.0,mg/l,80154,Suspended Sediment Concentration,1,south.xlsx
USGS-05471040,1996-11-26,8.0,mg/l,80154,Suspended Sediment Concentration,1,south.xlsx
USGS-05471040,1996-11-27,22.0,mg/l,80154,Suspended Sediment Concentration,1,south.xlsx
USGS-05471040,1996-11-29,8.0,mg/l,80154,Suspended Sediment Concentration,1,south.xlsx
USGS-05471040,1996-11-30,39.0,mg/l,80154,Suspended Sediment Concentration,1,south.xlsx
USGS-05471040,1996-12-02,15.0,mg/l,80154,Suspended Sediment Concentration,1,south.xlsx
USGS-05471040,1996-12-03,7.0,mg/l,80154,Suspended Sediment Concentration,1,south.xlsx
USGS-05471040,1996-12-07,7.0,mg/l,80154,Suspended Sediment Concentration,1,south.xlsx
USGS-05471040,1996-12-09,22.0,mg/l,80154,Suspended Sediment Concentration,1,south.xlsx
USGS-05471040,1996-12-16,14.0,mg/l,80154,Suspended Sediment Concentration,1,south.xlsx
USGS-05471040,1996-12-30,20.0,mg/l,80154,Suspended Sediment Concentration,1,south.xlsx
USGS-05471040,1996-12-31,16.0,mg/l,80154,Suspended Sediment Concentration,1,south.xlsx
USGS-05471040,1997-01-06,20.0,mg/l,80154,Suspended Sediment Concentration,1,south.xlsx
USGS-05471040,1997-01-07,10.0,mg/l,80154,Suspended Sediment Concentration,1,south.xlsx
USGS-05471040,1997-01-11,118.0,mg/l,80154,Suspended Sediment Concentration,1,south.xlsx
USGS-05471040,1997-01-21,18.0,mg/l,80154,Suspended Sediment Concentration,1,south.xlsx
USGS-05471040,1997-01-23,31.0,mg/l,80154,Suspended Sediment Concentration,1,south.xlsx
USGS-05471040,1997-01-31,149.0,mg/l,80154,Suspended Sediment Concentration,1,south.xlsx
USGS-05471040,1997-02-18,2130.0,mg/l,80154,Suspended Sediment Concentration,1,south.xlsx
USGS-05471040,1997-02-19,672.0,mg/l,80154,Suspended Sediment Concentration,1,south.xlsx
USGS-05471040,1997-02-21,639.0,mg/l,80154,Suspended Sediment Concentration,1,south.xlsx
USGS-05471040,1997-02-25,157.0,mg/l,80154,Suspended Sediment Concentration,1,south.xlsx
USGS-05471040,1997-03-03,55.0,mg/l,80154,Suspended Sediment Concentration,1,south.xlsx
USGS-05471040,1997-03-04,52.0,mg/l,80154,Suspended Sediment Concentration,1,south.xlsx
USGS-05471040,1997-03-05,77.0,mg/l,80154,Suspended Sediment Concentration,1,south.xlsx
USGS-05471040,1997-03-10,350.0,mg/l,80154,Suspended Sediment Concentration,1,south.xlsx
USGS-05471040,1997-03-11,191.0,mg/l,80154,Suspended Sediment Concentration,1,south.xlsx
USGS-05471040,1997-03-17,66.0,mg/l,80154,Suspended Sediment Concentration,1,south.xlsx
USGS-05471040,1997-03-19,36.0,mg/l,80154,Suspended Sediment Concentration,1,south.xlsx
USGS-05471040,1997-03-20,41.0,mg/l,80154,Suspended Sediment Concentration,1,south.xlsx
USGS-05471040,1997-03-21,42.0,mg/l,80154,Suspended Sediment Concentration,1,south.xlsx
USGS-05471040,1997-03-22,41.0,mg/l,80154,Suspended Sediment Concentration,1,south.xlsx
USGS-05471040,1997-03-23,24.0,mg/l,80154,Suspended Sediment Concentration,1,south.xlsx
USGS-05471040,1997-03-24,146.0,mg/l,80154,Suspended Sediment Concentration,1,south.xlsx
USGS-05471040,1997-03-25,23.0,mg/l,80154,Suspended Sediment Concentration,1,south.xlsx
USGS-05471040,1997-03-26,26.0,mg/l,80154,Suspended Sediment Concentration,1,south.xlsx
USGS-05471040,1997-03-31,20.0,mg/l,80154,Suspended Sediment Concentration,1,south.xlsx
USGS-05471040,1997-04-01,23.0,mg/l,80154,Suspended Sediment Concentration,1,south.xlsx
USGS-05471040,1997-04-03,17.0,mg/l,80154,Suspended Sediment Concentration,1,south.xlsx
USGS-05471040,1997-04-05,343.3333333333333,mg/l,80154,Suspended Sediment Concentration,3,south.xlsx
USGS-05471040,1997-04-07,49.0,mg/l,80154,Suspended Sediment Concentration,1,south.xlsx
USGS-05471040,1997-04-08,50.0,mg/l,80154,Suspended Sediment Concentration,1,south.xlsx
USGS-05471040,1997-04-14,116.0,mg/l,80154,Suspended Sediment Concentration,1,south.xlsx
USGS-05471040,1997-04-15,72.0,mg/l,80154,Suspended Sediment Concentration,1,south.xlsx
USGS-05471040,1997-04-16,54.0,mg/l,80154,Suspended Sediment Concentration,1,south.xlsx
USGS-05471040,1997-04-19,41.0,mg/l,80154,Suspended Sediment Concentration,1,south.xlsx
USGS-05471040,1997-04-22,29.0,mg/l,80154,Suspended Sediment Concentration,1,south.xlsx
USGS-05471040,1997-04-23,50.0,mg/l,80154,Suspended Sediment Concentration,1,south.xlsx
USGS-05471040,1997-04-24,29.0,mg/l,80154,Suspended Sediment Concentration,1,south.xlsx
USGS-05471040,1997-04-25,30.0,mg/l,80154,Suspended Sediment Concentration,1,south.xlsx
USGS-05471040,1997-04-26,24.0,mg/l,80154,Suspended Sediment Concentration,1,south.xlsx
USGS-05471040,1997-04-27,18.0,mg/l,80154,Suspended Sediment Concentration,1,south.xlsx
USGS-05471040,1997-04-30,1377.0,mg/l,80154,Suspended Sediment Concentration,2,south.xlsx
USGS-05471040,1997-05-02,540.5,mg/l,80154,Suspended Sediment Concentration,2,south.xlsx
USGS-05471040,1997-05-03,301.0,mg/l,80154,Suspended Sediment Concentration,1,south.xlsx
USGS-05471040,1997-05-04,166.0,mg/l,80154,Suspended Sediment Concentration,1,south.xlsx
USGS-05471040,1997-05-05,169.0,mg/l,80154,Suspended Sediment Concentration,1,south.xlsx
USGS-05471040,1997-05-06,113.0,mg/l,80154,Suspended Sediment Concentration,1,south.xlsx
USGS-05471040,1997-05-07,217.0,mg/l,80154,Suspended Sediment Concentration,1,south.xlsx
USGS-05471040,1997-05-08,1240.0,mg/l,80154,Suspended Sediment Concentration,1,south.xlsx
USGS-05471040,1997-05-09,382.0,mg/l,80154,Suspended Sediment Concentration,1,south.xlsx
USGS-05471040,1997-05-15,76.0,mg/l,80154,Suspended Sediment Concentration,1,south.xlsx
USGS-05471040,1997-05-21,45.0,mg/l,80154,Suspended Sediment Concentration,1,south.xlsx
USGS-05471040,1997-05-22,48.0,mg/l,80154,Suspended Sediment Concentration,1,south.xlsx
USGS-05471040,1997-05-23,42.0,mg/l,80154,Suspended Sediment Concentration,1,south.xlsx
USGS-05471040,1997-05-27,186.0,mg/l,80154,Suspended Sediment Concentration,1,south.xlsx
USGS-05471040,1997-05-28,169.0,mg/l,80154,Suspended Sediment Concentration,1,south.xlsx
USGS-05471040,1997-05-29,162.0,mg/l,80154,Suspended Sediment Concentration,1,south.xlsx
USGS-05471040,1997-05-30,123.0,mg/l,80154,Suspended Sediment Concentration,1,south.xlsx
USGS-05471040,1997-05-31,98.0,mg/l,80154,Suspended Sediment Concentration,1,south.xlsx
USGS-05471040,1997-06-02,96.0,mg/l,80154,Suspended Sediment Concentration,1,south.xlsx
USGS-05471040,1997-06-03,117.0,mg/l,80154,Suspended Sediment Concentration,1,south.xlsx
USGS-05471040,1997-06-04,117.0,mg/l,80154,Suspended Sediment Concentration,1,south.xlsx
USGS-05471040,1997-06-05,112.0,mg/l,80154,Suspended Sediment Concentration,1,south.xlsx
USGS-05471040,1997-06-11,126.0,mg/l,80154,Suspended Sediment Concentration,1,south.xlsx
USGS-05471040,1997-06-16,141.0,mg/l,80154,Suspended Sediment Concentration,1,south.xlsx
USGS-05471040,1997-06-19,124.0,mg/l,80154,Suspended Sediment Concentration,1,south.xlsx
USGS-05471040,1997-06-21,1610.0,mg/l,80154,Suspended Sediment Concentration,1,south.xlsx
USGS-05471040,1997-06-23,108.0,mg/l,80154,Suspended Sediment Concentration,1,south.xlsx
USGS-05471040,1997-06-24,108.0,mg/l,80154,Suspended Sediment Concentration,1,south.xlsx
USGS-05471040,1997-06-25,338.0,mg/l,80154,Suspended Sediment Concentration,1,south.xlsx
USGS-05471040,1997-06-30,401.0,mg/l,80154,Suspended Sediment Concentration,1,south.xlsx
USGS-05471040,1997-07-10,104.0,mg/l,80154,Suspended Sediment Concentration,1,south.xlsx
USGS-05471040,1997-07-11,46.0,mg/l,80154,Suspended Sediment Concentration,1,south.xlsx
USGS-05471040,1997-07-13,5270.0,mg/l,80154,Suspended Sediment Concentration,1,south.xlsx
USGS-05471040,1997-07-14,46.0,mg/l,80154,Suspended Sediment Concentration,1,south.xlsx
USGS-05471040,1997-07-16,77.0,mg/l,80154,Suspended Sediment Concentration,1,south.xlsx
USGS-05471040,1997-07-18,103.0,mg/l,80154,Suspended Sediment Concentration,1,south.xlsx
USGS-05471040,1997-07-20,38.5,mg/l,80154,Suspended Sediment Concentration,2,south.xlsx
USGS-05471040,1997-07-24,39.0,mg/l,80154,Suspended Sediment Concentration,1,south.xlsx
USGS-05471040,1997-07-25,73.0,mg/l,80154,Suspended Sediment Concentration,1,south.xlsx
USGS-05471040,1997-07-26,48.0,mg/l,80154,Suspended Sediment Concentration,1,south.xlsx
USGS-05471040,1997-07-28,89.0,mg/l,80154,Suspended Sediment Concentration,1,south.xlsx
USGS-05471040,1997-07-29,69.0,mg/l,80154,Suspended Sediment Concentration,1,south.xlsx
USGS-05471040,1997-07-30,68.0,mg/l,80154,Suspended Sediment Concentration,1,south.xlsx
USGS-05471040,1997-07-31,64.0,mg/l,80154,Suspended Sediment Concentration,1,south.xlsx
USGS-05471040,1997-08-11,27.0,mg/l,80154,Suspended Sediment Concentration,1,south.xlsx
USGS-05471040,1997-08-14,66.0,mg/l,80154,Suspended Sediment Concentration,1,south.xlsx
USGS-05471040,1997-08-15,62.0,mg/l,80154,Suspended Sediment Concentration,1,south.xlsx
USGS-05471040,1997-08-25,118.0,mg/l,80154,Suspended Sediment Concentration,1,south.xlsx
USGS-05471040,1997-08-27,51.0,mg/l,80154,Suspended Sediment Concentration,1,south.xlsx
USGS-05471040,1997-08-28,55.0,mg/l,80154,Suspended Sediment Concentration,1,south.xlsx
USGS-05471040,1997-09-02,24.0,mg/l,80154,Suspended Sediment Concentration,1,south.xlsx
USGS-05471040,1997-09-03,60.0,mg/l,80154,Suspended Sediment Concentration,1,south.xlsx
USGS-05471040,1997-09-09,182.0,mg/l,80154,Suspended Sediment Concentration,1,south.xlsx
USGS-05471040,1997-09-10,58.0,mg/l,80154,Suspended Sediment Concentration,1,south.xlsx
USGS-05471040,1997-09-14,21.0,mg/l,80154,Suspended Sediment Concentration,1,south.xlsx
USGS-05471040,1997-09-15,55.0,mg/l,80154,Suspended Sediment Concentration,1,south.xlsx
USGS-05471040,1997-09-19,72.0,mg/l,80154,Suspended Sediment Concentration,1,south.xlsx
USGS-05471040,1997-09-22,38.0,mg/l,80154,Suspended Sediment Concentration,1,south.xlsx
USGS-05471040,1997-10-04,16.0,mg/l,80154,Suspended Sediment Concentration,1,south.xlsx
USGS-05471040,1997-10-07,13.0,mg/l,80154,Suspended Sediment Concentration,1,south.xlsx
USGS-05471040,1997-10-08,167.0,mg/l,80154,Suspended Sediment Concentration,1,south.xlsx
USGS-05471040,1997-10-09,145.0,mg/l,80154,Suspended Sediment Concentration,1,south.xlsx
USGS-05471040,1997-10-15,57.0,mg/l,80154,Suspended Sediment Concentration,1,south.xlsx
USGS-05471040,1997-10-22,22.0,mg/l,80154,Suspended Sediment Concentration,1,south.xlsx
USGS-05471040,1997-10-24,49.0,mg/l,80154,Suspended Sediment Concentration,1,south.xlsx
USGS-05471040,1997-10-25,72.0,mg/l,80154,Suspended Sediment Concentration,1,south.xlsx
USGS-05471040,1997-10-27,36.0,mg/l,80154,Suspended Sediment Concentration,1,south.xlsx
USGS-05471040,1997-10-29,54.0,mg/l,80154,Suspended Sediment Concentration,1,south.xlsx
USGS-05471040,1997-10-30,141.0,mg/l,80154,Suspended Sediment Concentration,1,south.xlsx
USGS-05471040,1997-11-05,60.0,mg/l,80154,Suspended Sediment Concentration,1,south.xlsx
USGS-05471040,1997-11-11,14.0,mg/l,80154,Suspended Sediment Concentration,1,south.xlsx
USGS-05471040,1997-11-12,72.0,mg/l,80154,Suspended Sediment Concentration,1,south.xlsx
USGS-05471040,1997-11-13,56.0,mg/l,80154,Suspended Sediment Concentration,1,south.xlsx
USGS-05471040,1997-11-17,920.0,mg/l,80154,Suspended Sediment Concentration,1,south.xlsx
USGS-05471040,1997-11-19,26.0,mg/l,80154,Suspended Sediment Concentration,1,south.xlsx
USGS-05471040,1997-11-20,24.0,mg/l,80154,Suspended Sediment Concentration,1,south.xlsx
USGS-05471040,1997-11-21,20.5,mg/l,80154,Suspended Sediment Concentration,2,south.xlsx
USGS-05471040,1997-11-25,27.0,mg/l,80154,Suspended Sediment Concentration,1,south.xlsx
USGS-05471040,1997-11-26,18.0,mg/l,80154,Suspended Sediment Concentration,1,south.xlsx
USGS-05471040,1997-12-01,27.0,mg/l,80154,Suspended Sediment Concentration,1,south.xlsx
USGS-05471040,1997-12-02,20.0,mg/l,80154,Suspended Sediment Concentration,1,south.xlsx
USGS-05471040,1997-12-03,26.0,mg/l,80154,Suspended Sediment Concentration,1,south.xlsx
USGS-05471040,1997-12-18,36.0,mg/l,80154,Suspended Sediment Concentration,1,south.xlsx
USGS-05471040,1997-12-22,15.0,mg/l,80154,Suspended Sediment Concentration,1,south.xlsx
USGS-05471040,1997-12-29,39.0,mg/l,80154,Suspended Sediment Concentration,1,south.xlsx
USGS-05471040,1998-01-08,53.0,mg/l,80154,Suspended Sediment Concentration,1,south.xlsx
USGS-05471040,1998-01-09,34.0,mg/l,80154,Suspended Sediment Concentration,1,south.xlsx
USGS-05471040,1998-01-16,60.0,mg/l,80154,Suspended Sediment Concentration,1,south.xlsx
USGS-05471040,1998-01-18,52.0,mg/l,80154,Suspended Sediment Concentration,1,south.xlsx
USGS-05471040,1998-01-19,23.0,mg/l,80154,Suspended Sediment Concentration,1,south.xlsx
USGS-05471040,1998-01-21,29.0,mg/l,80154,Suspended Sediment Concentration,1,south.xlsx
USGS-05471040,1998-01-23,37.0,mg/l,80154,Suspended Sediment Concentration,1,south.xlsx
USGS-05471040,1998-01-28,14.0,mg/l,80154,Suspended Sediment Concentration,1,south.xlsx
USGS-05471040,1998-01-31,22.0,mg/l,80154,Suspended Sediment Concentration,1,south.xlsx
USGS-05471040,1998-02-02,91.0,mg/l,80154,Suspended Sediment Concentration,1,south.xlsx
USGS-05471040,1998-02-05,52.0,mg/l,80154,Suspended Sediment Concentration,1,south.xlsx
USGS-05471040,1998-02-11,21.0,mg/l,80154,Suspended Sediment Concentration,1,south.xlsx
USGS-05471040,1998-02-12,27.0,mg/l,80154,Suspended Sediment Concentration,1,south.xlsx
USGS-05471040,1998-02-15,31.0,mg/l,80154,Suspended Sediment Concentration,1,south.xlsx
USGS-05471040,1998-02-16,48.0,mg/l,80154,Suspended Sediment Concentration,1,south.xlsx
USGS-05471040,1998-02-23,49.0,mg/l,80154,Suspended Sediment Concentration,1,south.xlsx
USGS-05471040,1998-02-26,62.0,mg/l,80154,Suspended Sediment Concentration,1,south.xlsx
USGS-05471040,1998-02-27,56.0,mg/l,80154,Suspended Sediment Concentration,1,south.xlsx
USGS-05471040,1998-02-28,31.0,mg/l,80154,Suspended Sediment Concentration,1,south.xlsx
USGS-05471040,1998-03-01,36.0,mg/l,80154,Suspended Sediment Concentration,1,south.xlsx
USGS-05471040,1998-03-05,22.0,mg/l,80154,Suspended Sediment Concentration,1,south.xlsx
USGS-05471040,1998-03-06,50.0,mg/l,80154,Suspended Sediment Concentration,1,south.xlsx
USGS-05471040,1998-03-11,74.0,mg/l,80154,Suspended Sediment Concentration,1,south.xlsx
USGS-05471040,1998-03-13,98.0,mg/l,80154,Suspended Sediment Concentration,1,south.xlsx
USGS-05471040,1998-03-17,44.0,mg/l,80154,Suspended Sediment Concentration,1,south.xlsx
USGS-05471040,1998-03-18,327.0,mg/l,80154,Suspended Sediment Concentration,1,south.xlsx
USGS-05471040,1998-03-19,172.0,mg/l,80154,Suspended Sediment Concentration,1,south.xlsx
USGS-05471040,1998-03-20,104.0,mg/l,80154,Suspended Sediment Concentration,1,south.xlsx
USGS-05471040,1998-03-21,118.0,mg/l,80154,Suspended Sediment Concentration,1,south.xlsx
USGS-05471040,1998-03-25,707.0,mg/l,80154,Suspended Sediment Concentration,1,south.xlsx
USGS-05471040,1998-03-26,494.0,mg/l,80154,Suspended Sediment Concentration,1,south.xlsx
USGS-05471040,1998-03-27,124.0,mg/l,80154,Suspended Sediment Concentration,1,south.xlsx
USGS-05471040,1998-03-28,106.0,mg/l,80154,Suspended Sediment Concentration,1,south.xlsx
USGS-05471040,1998-03-31,1080.0,mg/l,80154,Suspended Sediment Concentration,2,south.xlsx
USGS-05471040,1998-04-03,159.0,mg/l,80154,Suspended Sediment Concentration,1,south.xlsx
USGS-05471040,1998-04-08,100.0,mg/l,80154,Suspended Sediment Concentration,1,south.xlsx
USGS-05471040,1998-04-09,86.0,mg/l,80154,Suspended Sediment Concentration,1,south.xlsx
USGS-05471040,1998-04-17,50.0,mg/l,80154,Suspended Sediment Concentration,1,south.xlsx
USGS-05471040,1998-04-18,54.0,mg/l,80154,Suspended Sediment Concentration,1,south.xlsx
USGS-05471040,1998-04-25,58.0,mg/l,80154,Suspended Sediment Concentration,1,south.xlsx
USGS-05471040,1998-04-26,34.0,mg/l,80154,Suspended Sediment Concentration,1,south.xlsx
USGS-05471040,1998-04-27,64.0,mg/l,80154,Suspended Sediment Concentration,1,south.xlsx
USGS-05471040,1998-05-06,95.0,mg/l,80154,Suspended Sediment Concentration,1,south.xlsx
USGS-05471040,1998-05-08,105.0,mg/l,80154,Suspended Sediment Concentration,1,south.xlsx
USGS-05471040,1998-05-09,104.0,mg/l,80154,Suspended Sediment Concentration,1,south.xlsx
USGS-05471040,1998-05-15,118.0,mg/l,80154,Suspended Sediment Concentration,1,south.xlsx
USGS-05471040,1998-05-20,1086.0,mg/l,80154,Suspended Sediment Concentration,2,south.xlsx
USGS-05471040,1998-05-29,371.0,mg/l,80154,Suspended Sediment Concentration,1,south.xlsx
USGS-05471040,1998-06-02,68.0,mg/l,80154,Suspended Sediment Concentration,1,south.xlsx
USGS-05471040,1998-06-04,67.0,mg/l,80154,Suspended Sediment Concentration,1,south.xlsx
USGS-05471040,1998-06-08,77.5,mg/l,80154,Suspended Sediment Concentration,2,south.xlsx
USGS-05471040,1998-06-09,340.0,mg/l,80154,Suspended Sediment Concentration,1,south.xlsx
USGS-05471040,1998-06-11,1740.0,mg/l,80154,Suspended Sediment Concentration,1,south.xlsx
USGS-05471040,1998-06-18,8250.0,mg/l,80154,Suspended Sediment Concentration,1,south.xlsx
USGS-05471040,1998-06-20,252.0,mg/l,80154,Suspended Sediment Concentration,1,south.xlsx
USGS-05471040,1998-06-22,312.0,mg/l,80154,Suspended Sediment Concentration,1,south.xlsx
USGS-05471040,1998-06-23,121.0,mg/l,80154,Suspended Sediment Concentration,1,south.xlsx
USGS-05471040,1998-07-01,147.0,mg/l,80154,Suspended Sediment Concentration,1,south.xlsx
USGS-05471040,1998-07-06,378.0,mg/l,80154,Suspended Sediment Concentration,1,south.xlsx
USGS-05471040,1998-07-07,940.0,mg/l,80154,Suspended Sediment Concentration,1,south.xlsx
USGS-05471040,1998-07-09,115.0,mg/l,80154,Suspended Sediment Concentration,1,south.xlsx
USGS-05471040,1998-07-11,110.0,mg/l,80154,Suspended Sediment Concentration,1,south.xlsx
USGS-05471040,1998-07-16,90.0,mg/l,80154,Suspended Sediment Concentration,1,south.xlsx
USGS-05471040,1998-07-21,64.0,mg/l,80154,Suspended Sediment Concentration,1,south.xlsx
USGS-05471040,1998-07-22,240.0,mg/l,80154,Suspended Sediment Concentration,1,south.xlsx
USGS-05471040,1998-07-25,70.0,mg/l,80154,Suspended Sediment Concentration,1,south.xlsx
USGS-05471040,1998-08-11,81.0,mg/l,80154,Suspended Sediment Concentration,1,south.xlsx
USGS-05471040,1998-08-12,41.0,mg/l,80154,Suspended Sediment Concentration,1,south.xlsx
USGS-05471040,1998-08-13,261.0,mg/l,80154,Suspended Sediment Concentration,1,south.xlsx
USGS-05471040,1998-08-17,64.0,mg/l,80154,Suspended Sediment Concentration,1,south.xlsx
USGS-05471040,1998-08-19,59.0,mg/l,80154,Suspended Sediment Concentration,1,south.xlsx
USGS-05471040,1998-08-24,135.0,mg/l,80154,Suspended Sediment Concentration,1,south.xlsx
USGS-05471040,1998-08-27,1100.0,mg/l,80154,Suspended Sediment Concentration,1,south.xlsx
USGS-05471040,1998-08-30,60.0,mg/l,80154,Suspended Sediment Concentration,1,south.xlsx
USGS-05471040,1998-09-03,32.0,mg/l,80154,Suspended Sediment Concentration,1,south.xlsx
USGS-05471040,1998-09-15,27.0,mg/l,80154,Suspended Sediment Concentration,1,south.xlsx
USGS-05471040,1998-09-17,34.0,mg/l,80154,Suspended Sediment Concentration,1,south.xlsx
USGS-05471040,1998-09-18,37.0,mg/l,80154,Suspended Sediment Concentration,1,south.xlsx
USGS-05471040,1998-09-19,61.0,mg/l,80154,Suspended Sediment Concentration,1,south.xlsx
USGS-05471040,1998-09-20,87.0,mg/l,80154,Suspended Sediment Concentration,1,south.xlsx
USGS-05471040,1998-09-21,33.0,mg/l,80154,Suspended Sediment Concentration,1,south.xlsx
USGS-05471040,1998-09-22,81.0,mg/l,80154,Suspended Sediment Concentration,1,south.xlsx
USGS-05471040,1998-09-23,65.0,mg/l,80154,Suspended Sediment Concentration,1,south.xlsx
USGS-05471040,1998-09-25,48.0,mg/l,80154,Suspended Sediment Concentration,1,south.xlsx
USGS-05471040,1998-09-27,80.0,mg/l,80154,Suspended Sediment Concentration,1,south.xlsx
USGS-05471040,1998-09-28,62.0,mg/l,80154,Suspended Sediment Concentration,1,south.xlsx
USGS-05471040,1998-10-12,29.0,mg/l,80154,Suspended Sediment Concentration,1,south.xlsx
USGS-05471040,1998-10-13,23.0,mg/l,80154,Suspended Sediment Concentration,1,south.xlsx
USGS-05471040,1998-10-14,29.0,mg/l,80154,Suspended Sediment Concentration,1,south.xlsx
USGS-05471040,1998-10-15,35.0,mg/l,80154,Suspended Sediment Concentration,1,south.xlsx
USGS-05471040,1998-10-16,31.0,mg/l,80154,Suspended Sediment Concentration,1,south.xlsx
USGS-05471040,1998-10-18,41.0,mg/l,80154,Suspended Sediment Concentration,1,south.xlsx
USGS-05471040,1998-10-19,31.0,mg/l,80154,Suspended Sediment Concentration,1,south.xlsx
USGS-05471040,1998-10-20,24.0,mg/l,80154,Suspended Sediment Concentration,1,south.xlsx
USGS-05471040,1998-10-21,27.0,mg/l,80154,Suspended Sediment Concentration,1,south.xlsx
USGS-05471040,1998-10-22,31.0,mg/l,80154,Suspended Sediment Concentration,1,south.xlsx
USGS-05471040,1998-10-23,29.0,mg/l,80154,Suspended Sediment Concentration,1,south.xlsx
USGS-05471040,1998-10-24,40.0,mg/l,80154,Suspended Sediment Concentration,1,south.xlsx
USGS-05471040,1998-10-25,58.0,mg/l,80154,Suspended Sediment Concentration,1,south.xlsx
USGS-05471040,1998-10-26,28.0,mg/l,80154,Suspended Sediment Concentration,1,south.xlsx
USGS-05471040,1998-10-27,52.0,mg/l,80154,Suspended Sediment Concentration,1,south.xlsx
USGS-05471040,1998-10-28,46.0,mg/l,80154,Suspended Sediment Concentration,1,south.xlsx
USGS-05471040,1998-10-29,56.0,mg/l,80154,Suspended Sediment Concentration,1,south.xlsx
USGS-05471040,1998-10-30,49.0,mg/l,80154,Suspended Sediment Concentration,1,south.xlsx
USGS-05471040,1998-11-01,71.0,mg/l,80154,Suspended Sediment Concentration,1,south.xlsx
USGS-05471040,1998-11-02,83.0,mg/l,80154,Suspended Sediment Concentration,1,south.xlsx
USGS-05471040,1998-11-03,40.0,mg/l,80154,Suspended Sediment Concentration,1,south.xlsx
USGS-05471040,1998-11-04,42.0,mg/l,80154,Suspended Sediment Concentration,1,south.xlsx
USGS-05471040,1998-11-05,44.0,mg/l,80154,Suspended Sediment Concentration,1,south.xlsx
USGS-05471040,1998-11-06,54.0,mg/l,80154,Suspended Sediment Concentration,1,south.xlsx
USGS-05471040,1998-11-07,63.0,mg/l,80154,Suspended Sediment Concentration,1,south.xlsx
USGS-05471040,1998-11-08,52.0,mg/l,80154,Suspended Sediment Concentration,1,south.xlsx
USGS-05471040,1998-11-09,47.0,mg/l,80154,Suspended Sediment Concentration,1,south.xlsx
USGS-05471040,1998-11-11,73.0,mg/l,80154,Suspended Sediment Concentration,1,south.xlsx
USGS-05471040,1998-11-12,70.0,mg/l,80154,Suspended Sediment Concentration,1,south.xlsx
USGS-05471040,1998-11-15,45.0,mg/l,80154,Suspended Sediment Concentration,1,south.xlsx
USGS-05471040,1998-11-16,93.0,mg/l,80154,Suspended Sediment Concentration,1,south.xlsx
USGS-05471040,1998-11-17,56.0,mg/l,80154,Suspended Sediment Concentration,1,south.xlsx
USGS-05471040,1998-11-18,53.0,mg/l,80154,Suspended Sediment Concentration,1,south.xlsx
USGS-05471040,1998-11-19,48.0,mg/l,80154,Suspended Sediment Concentration,1,south.xlsx
USGS-05471040,1998-11-20,39.0,mg/l,80154,Suspended Sediment Concentration,1,south.xlsx
USGS-05471040,1998-11-21,78.0,mg/l,80154,Suspended Sediment Concentration,1,south.xlsx
USGS-05471040,1998-11-22,61.0,mg/l,80154,Suspended Sediment Concentration,1,south.xlsx
USGS-05471040,1998-11-23,64.0,mg/l,80154,Suspended Sediment Concentration,1,south.xlsx
USGS-05471040,1998-11-24,59.0,mg/l,80154,Suspended Sediment Concentration,1,south.xlsx
USGS-05471040,1998-11-25,66.0,mg/l,80154,Suspended Sediment Concentration,1,south.xlsx
USGS-05471040,1998-11-26,56.0,mg/l,80154,Suspended Sediment Concentration,1,south.xlsx
USGS-05471040,1998-11-27,82.0,mg/l,80154,Suspended Sediment Concentration,1,south.xlsx
USGS-05471040,1998-11-28,74.0,mg/l,80154,Suspended Sediment Concentration,1,south.xlsx
USGS-05471040,1998-11-29,64.0,mg/l,80154,Suspended Sediment Concentration,1,south.xlsx
USGS-05471040,1998-11-30,41.0,mg/l,80154,Suspended Sediment Concentration,1,south.xlsx
USGS-05471040,1998-12-01,54.0,mg/l,80154,Suspended Sediment Concentration,1,south.xlsx
USGS-05471040,1998-12-02,53.0,mg/l,80154,Suspended Sediment Concentration,1,south.xlsx
USGS-05471040,1998-12-03,61.0,mg/l,80154,Suspended Sediment Concentration,1,south.xlsx
USGS-05471040,1998-12-04,82.0,mg/l,80154,Suspended Sediment Concentration,1,south.xlsx
USGS-05471040,1998-12-05,53.0,mg/l,80154,Suspended Sediment Concentration,1,south.xlsx
USGS-05471040,1998-12-06,59.0,mg/l,80154,Suspended Sediment Concentration,1,south.xlsx
USGS-05471040,1998-12-07,42.0,mg/l,80154,Suspended Sediment Concentration,1,south.xlsx
USGS-05471040,1998-12-08,29.0,mg/l,80154,Suspended Sediment Concentration,1,south.xlsx
USGS-05471040,1998-12-09,41.0,mg/l,80154,Suspended Sediment Concentration,1,south.xlsx
USGS-05471040,1998-12-10,63.0,mg/l,80154,Suspended Sediment Concentration,1,south.xlsx
USGS-05471040,1998-12-11,60.0,mg/l,80154,Suspended Sediment Concentration,1,south.xlsx
USGS-05471040,1998-12-13,59.0,mg/l,80154,Suspended Sediment Concentration,1,south.xlsx
USGS-05471040,1998-12-14,44.0,mg/l,80154,Suspended Sediment Concentration,1,south.xlsx
USGS-05471040,1998-12-15,33.0,mg/l,80154,Suspended Sediment Concentration,1,south.xlsx
USGS-05471040,1998-12-16,49.0,mg/l,80154,Suspended Sediment Concentration,1,south.xlsx
USGS-05471040,1998-12-17,26.0,mg/l,80154,Suspended Sediment Concentration,1,south.xlsx
USGS-05471040,1998-12-18,42.0,mg/l,80154,Suspended Sediment Concentration,1,south.xlsx
USGS-05471040,1998-12-19,48.0,mg/l,80154,Suspended Sediment Concentration,1,south.xlsx
USGS-05471040,1998-12-20,57.0,mg/l,80154,Suspended Sediment Concentration,1,south.xlsx
USGS-05471040,1998-12-21,75.0,mg/l,80154,Suspended Sediment Concentration,1,south.xlsx
USGS-05471040,1998-12-22,55.0,mg/l,80154,Suspended Sediment Concentration,2,south.xlsx
USGS-05471040,1998-12-24,61.0,mg/l,80154,Suspended Sediment Concentration,1,south.xlsx
USGS-05471040,1998-12-25,47.0,mg/l,80154,Suspended Sediment Concentration,1,south.xlsx
USGS-05471040,1998-12-26,24.0,mg/l,80154,Suspended Sediment Concentration,1,south.xlsx
USGS-05471040,1998-12-27,81.0,mg/l,80154,Suspended Sediment Concentration,1,south.xlsx
USGS-05471040,1998-12-28,46.0,mg/l,80154,Suspended Sediment Concentration,1,south.xlsx
USGS-05471040,1998-12-29,54.0,mg/l,80154,Suspended Sediment Concentration,1,south.xlsx
USGS-05471040,1998-12-30,91.0,mg/l,80154,Suspended Sediment Concentration,1,south.xlsx
USGS-05471040,1998-12-31,39.0,mg/l,80154,Suspended Sediment Concentration,1,south.xlsx
USGS-05471040,1999-01-01,44.0,mg/l,80154,Suspended Sediment Concentration,1,south.xlsx
USGS-05471040,1999-01-02,53.0,mg/l,80154,Suspended Sediment Concentration,1,south.xlsx
USGS-05471040,1999-01-03,42.0,mg/l,80154,Suspended Sediment Concentration,1,south.xlsx
USGS-05471040,1999-01-04,144.0,mg/l,80154,Suspended Sediment Concentration,1,south.xlsx
USGS-05471040,1999-01-05,64.0,mg/l,80154,Suspended Sediment Concentration,1,south.xlsx
USGS-05471040,1999-01-06,78.0,mg/l,80154,Suspended Sediment Concentration,1,south.xlsx
USGS-05471040,1999-01-07,55.0,mg/l,80154,Suspended Sediment Concentration,1,south.xlsx
USGS-05471040,1999-01-08,64.0,mg/l,80154,Suspended Sediment Concentration,1,south.xlsx
USGS-05471040,1999-01-09,46.0,mg/l,80154,Suspended Sediment Concentration,1,south.xlsx
USGS-05471040,1999-01-10,51.0,mg/l,80154,Suspended Sediment Concentration,1,south.xlsx
USGS-05471040,1999-01-11,63.0,mg/l,80154,Suspended Sediment Concentration,1,south.xlsx
USGS-05471040,1999-01-12,44.0,mg/l,80154,Suspended Sediment Concentration,1,south.xlsx
USGS-05471040,1999-01-13,41.0,mg/l,80154,Suspended Sediment Concentration,1,south.xlsx
USGS-05471040,1999-01-14,64.0,mg/l,80154,Suspended Sediment Concentration,1,south.xlsx
USGS-05471040,1999-01-15,66.0,mg/l,80154,Suspended Sediment Concentration,1,south.xlsx
USGS-05471040,1999-01-16,57.0,mg/l,80154,Suspended Sediment Concentration,1,south.xlsx
USGS-05471040,1999-01-17,49.0,mg/l,80154,Suspended Sediment Concentration,1,south.xlsx
USGS-05471040,1999-01-18,113.0,mg/l,80154,Suspended Sediment Concentration,1,south.xlsx
USGS-05471040,1999-01-19,84.0,mg/l,80154,Suspended Sediment Concentration,1,south.xlsx
USGS-05471040,1999-01-20,139.0,mg/l,80154,Suspended Sediment Concentration,1,south.xlsx
USGS-05471040,1999-01-21,80.0,mg/l,80154,Suspended Sediment Concentration,1,south.xlsx
USGS-05471040,1999-01-24,40.0,mg/l,80154,Suspended Sediment Concentration,1,south.xlsx
USGS-05471040,1999-01-25,57.0,mg/l,80154,Suspended Sediment Concentration,1,south.xlsx
USGS-05471040,1999-01-26,57.0,mg/l,80154,Suspended Sediment Concentration,1,south.xlsx
USGS-05471040,1999-01-27,95.0,mg/l,80154,Suspended Sediment Concentration,1,south.xlsx
USGS-05471040,1999-01-28,51.0,mg/l,80154,Suspended Sediment Concentration,1,south.xlsx
USGS-05471040,1999-01-29,33.0,mg/l,80154,Suspended Sediment Concentration,1,south.xlsx
USGS-05471040,1999-01-30,26.0,mg/l,80154,Suspended Sediment Concentration,1,south.xlsx
USGS-05471040,1999-01-31,357.0,mg/l,80154,Suspended Sediment Concentration,1,south.xlsx
USGS-05471040,1999-02-01,400.0,mg/l,80154,Suspended Sediment Concentration,1,south.xlsx
USGS-05471040,1999-02-02,497.0,mg/l,80154,Suspended Sediment Concentration,1,south.xlsx
USGS-05471040,1999-02-03,404.0,mg/l,80154,Suspended Sediment Concentration,1,south.xlsx
USGS-05471040,1999-02-04,91.0,mg/l,80154,Suspended Sediment Concentration,1,south.xlsx
USGS-05471040,1999-02-05,134.0,mg/l,80154,Suspended Sediment Concentration,1,south.xlsx
USGS-05471040,1999-02-06,592.0,mg/l,80154,Suspended Sediment Concentration,1,south.xlsx
USGS-05471040,1999-02-07,106.0,mg/l,80154,Suspended Sediment Concentration,1,south.xlsx
USGS-05471040,1999-02-08,180.0,mg/l,80154,Suspended Sediment Concentration,1,south.xlsx
USGS-05471040,1999-02-09,76.0,mg/l,80154,Suspended Sediment Concentration,1,south.xlsx
USGS-05471040,1999-02-10,141.0,mg/l,80154,Suspended Sediment Concentration,1,south.xlsx
USGS-05471040,1999-02-11,114.0,mg/l,80154,Suspended Sediment Concentration,1,south.xlsx
USGS-05471040,1999-02-12,142.0,mg/l,80154,Suspended Sediment Concentration,1,south.xlsx
USGS-05471040,1999-02-14,106.0,mg/l,80154,Suspended Sediment Concentration,1,south.xlsx
USGS-05471040,1999-02-15,82.0,mg/l,80154,Suspended Sediment Concentration,1,south.xlsx
USGS-05471040,1999-02-16,38.0,mg/l,80154,Suspended Sediment Concentration,1,south.xlsx
USGS-05471040,1999-02-17,42.0,mg/l,80154,Suspended Sediment Concentration,1,south.xlsx
USGS-05471040,1999-02-18,44.0,mg/l,80154,Suspended Sediment Concentration,1,south.xlsx
USGS-05471040,1999-02-19,33.0,mg/l,80154,Suspended Sediment Concentration,1,south.xlsx
USGS-05471040,1999-02-20,45.0,mg/l,80154,Suspended Sediment Concentration,1,south.xlsx
USGS-05471040,1999-02-21,54.0,mg/l,80154,Suspended Sediment Concentration,1,south.xlsx
USGS-05471040,1999-02-22,49.0,mg/l,80154,Suspended Sediment Concentration,1,south.xlsx
USGS-05471040,1999-02-23,98.0,mg/l,80154,Suspended Sediment Concentration,1,south.xlsx
USGS-05471040,1999-02-24,32.0,mg/l,80154,Suspended Sediment Concentration,1,south.xlsx
USGS-05471040,1999-02-25,87.0,mg/l,80154,Suspended Sediment Concentration,1,south.xlsx
USGS-05471040,1999-02-26,57.0,mg/l,80154,Suspended Sediment Concentration,1,south.xlsx
USGS-05471040,1999-03-01,56.0,mg/l,80154,Suspended Sediment Concentration,1,south.xlsx
USGS-05471040,1999-03-02,59.0,mg/l,80154,Suspended Sediment Concentration,1,south.xlsx
USGS-05471040,1999-03-03,80.0,mg/l,80154,Suspended Sediment Concentration,1,south.xlsx
USGS-05471040,1999-03-04,40.0,mg/l,80154,Suspended Sediment Concentration,1,south.xlsx
USGS-05471040,1999-03-05,25.0,mg/l,80154,Suspended Sediment Concentration,1,south.xlsx
USGS-05471040,1999-03-07,51.0,mg/l,80154,Suspended Sediment Concentration,1,south.xlsx
USGS-05471040,1999-03-08,119.0,mg/l,80154,Suspended Sediment Concentration,1,south.xlsx
USGS-05471040,1999-03-09,277.0,mg/l,80154,Suspended Sediment Concentration,1,south.xlsx
USGS-05471040,1999-03-10,46.0,mg/l,80154,Suspended Sediment Concentration,1,south.xlsx
USGS-05471040,1999-03-11,42.0,mg/l,80154,Suspended Sediment Concentration,1,south.xlsx
USGS-05471040,1999-03-12,51.0,mg/l,80154,Suspended Sediment Concentration,1,south.xlsx
USGS-05471040,1999-03-14,72.0,mg/l,80154,Suspended Sediment Concentration,1,south.xlsx
USGS-05471040,1999-03-15,205.0,mg/l,80154,Suspended Sediment Concentration,1,south.xlsx
USGS-05471040,1999-03-16,156.0,mg/l,80154,Suspended Sediment Concentration,1,south.xlsx
USGS-05471040,1999-03-17,142.0,mg/l,80154,Suspended Sediment Concentration,1,south.xlsx
USGS-05471040,1999-03-18,70.0,mg/l,80154,Suspended Sediment Concentration,1,south.xlsx
USGS-05471040,1999-03-19,69.0,mg/l,80154,Suspended Sediment Concentration,1,south.xlsx
USGS-05471040,1999-03-21,43.0,mg/l,80154,Suspended Sediment Concentration,1,south.xlsx
USGS-05471040,1999-03-22,62.0,mg/l,80154,Suspended Sediment Concentration,1,south.xlsx
USGS-05471040,1999-03-23,46.0,mg/l,80154,Suspended Sediment Concentration,1,south.xlsx
USGS-05471040,1999-03-24,43.0,mg/l,80154,Suspended Sediment Concentration,1,south.xlsx
USGS-05471040,1999-03-25,77.0,mg/l,80154,Suspended Sediment Concentration,1,south.xlsx
USGS-05471040,1999-03-26,50.0,mg/l,80154,Suspended Sediment Concentration,1,south.xlsx
USGS-05471040,1999-03-28,46.0,mg/l,80154,Suspended Sediment Concentration,1,south.xlsx
USGS-05471040,1999-03-29,58.0,mg/l,80154,Suspended Sediment Concentration,1,south.xlsx
USGS-05471040,1999-03-30,52.0,mg/l,80154,Suspended Sediment Concentration,1,south.xlsx
USGS-05471040,1999-03-31,41.0,mg/l,80154,Suspended Sediment Concentration,1,south.xlsx
USGS-05471040,1999-04-01,54.0,mg/l,80154,Suspended Sediment Concentration,1,south.xlsx
USGS-05471040,1999-04-02,51.0,mg/l,80154,Suspended Sediment Concentration,1,south.xlsx
USGS-05471040,1999-04-04,57.0,mg/l,80154,Suspended Sediment Concentration,1,south.xlsx
USGS-05471040,1999-04-05,104.0,mg/l,80154,Suspended Sediment Concentration,1,south.xlsx
USGS-05471040,1999-04-06,40.0,mg/l,80154,Suspended Sediment Concentration,1,south.xlsx
USGS-05471040,1999-04-07,43.0,mg/l,80154,Suspended Sediment Concentration,1,south.xlsx
USGS-05471040,1999-04-08,216.0,mg/l,80154,Suspended Sediment Concentration,1,south.xlsx
USGS-05471040,1999-04-09,131.0,mg/l,80154,Suspended Sediment Concentration,1,south.xlsx
USGS-05471040,1999-04-10,88.0,mg/l,80154,Suspended Sediment Concentration,1,south.xlsx
USGS-05471040,1999-04-11,54.0,mg/l,80154,Suspended Sediment Concentration,1,south.xlsx
USGS-05471040,1999-04-12,81.0,mg/l,80154,Suspended Sediment Concentration,1,south.xlsx
USGS-05471040,1999-04-13,349.0,mg/l,80154,Suspended Sediment Concentration,1,south.xlsx
USGS-05471040,1999-04-14,51.0,mg/l,80154,Suspended Sediment Concentration,2,south.xlsx
USGS-05471040,1999-04-15,605.0,mg/l,80154,Suspended Sediment Concentration,1,south.xlsx
USGS-05471040,1999-04-16,405.0,mg/l,80154,Suspended Sediment Concentration,2,south.xlsx
USGS-05471040,1999-04-18,94.0,mg/l,80154,Suspended Sediment Concentration,1,south.xlsx
USGS-05471040,1999-04-19,96.0,mg/l,80154,Suspended Sediment Concentration,1,south.xlsx
USGS-05471040,1999-04-20,91.0,mg/l,80154,Suspended Sediment Concentration,1,south.xlsx
USGS-05471040,1999-04-21,91.0,mg/l,80154,Suspended Sediment Concentration,1,south.xlsx
USGS-05471040,1999-04-22,106.0,mg/l,80154,Suspended Sediment Concentration,1,south.xlsx
USGS-05471040,1999-04-23,123.0,mg/l,80154,Suspended Sediment Concentration,1,south.xlsx
USGS-05471040,1999-04-24,121.0,mg/l,80154,Suspended Sediment Concentration,1,south.xlsx
USGS-05471040,1999-04-25,91.0,mg/l,80154,Suspended Sediment Concentration,1,south.xlsx
USGS-05471040,1999-04-26,66.0,mg/l,80154,Suspended Sediment Concentration,1,south.xlsx
USGS-05471040,1999-04-27,73.0,mg/l,80154,Suspended Sediment Concentration,1,south.xlsx
USGS-05471040,1999-04-28,66.0,mg/l,80154,Suspended Sediment Concentration,1,south.xlsx
USGS-05471040,1999-04-29,80.0,mg/l,80154,Suspended Sediment Concentration,1,south.xlsx
USGS-05471040,1999-04-30,69.0,mg/l,80154,Suspended Sediment Concentration,1,south.xlsx
USGS-05471040,1999-05-02,68.0,mg/l,80154,Suspended Sediment Concentration,1,south.xlsx
USGS-05471040,1999-05-03,73.0,mg/l,80154,Suspended Sediment Concentration,1,south.xlsx
USGS-05471040,1999-05-04,71.0,mg/l,80154,Suspended Sediment Concentration,1,south.xlsx
USGS-05471040,1999-05-05,57.0,mg/l,80154,Suspended Sediment Concentration,1,south.xlsx
USGS-05471040,1999-05-06,48.0,mg/l,80154,Suspended Sediment Concentration,1,south.xlsx
USGS-05471040,1999-05-07,59.0,mg/l,80154,Suspended Sediment Concentration,1,south.xlsx
USGS-05471040,1999-05-09,92.0,mg/l,80154,Suspended Sediment Concentration,1,south.xlsx
USGS-05471040,1999-05-10,105.0,mg/l,80154,Suspended Sediment Concentration,1,south.xlsx
USGS-05471040,1999-05-12,1830.0,mg/l,80154,Suspended Sediment Concentration,1,south.xlsx
USGS-05471040,1999-05-13,1740.0,mg/l,80154,Suspended Sediment Concentration,1,south.xlsx
USGS-05471040,1999-05-14,379.0,mg/l,80154,Suspended Sediment Concentration,1,south.xlsx
USGS-05471040,1999-05-16,215.0,mg/l,80154,Suspended Sediment Concentration,1,south.xlsx
USGS-05471040,1999-05-17,817.0,mg/l,80154,Suspended Sediment Concentration,1,south.xlsx
USGS-05471040,1999-05-18,225.0,mg/l,80154,Suspended Sediment Concentration,1,south.xlsx
USGS-05471040,1999-05-19,175.0,mg/l,80154,Suspended Sediment Concentration,1,south.xlsx
USGS-05471040,1999-05-20,157.0,mg/l,80154,Suspended Sediment Concentration,1,south.xlsx
USGS-05471040,1999-05-21,1180.0,mg/l,80154,Suspended Sediment Concentration,1,south.xlsx
USGS-05471040,1999-05-22,173.0,mg/l,80154,Suspended Sediment Concentration,1,south.xlsx
USGS-05471040,1999-05-23,131.0,mg/l,80154,Suspended Sediment Concentration,1,south.xlsx
USGS-05471040,1999-05-24,121.0,mg/l,80154,Suspended Sediment Concentration,1,south.xlsx
USGS-05471040,1999-05-25,110.0,mg/l,80154,Suspended Sediment Concentration,1,south.xlsx
USGS-05471040,1999-05-26,104.0,mg/l,80154,Suspended Sediment Concentration,1,south.xlsx
USGS-05471040,1999-05-27,148.0,mg/l,80154,Suspended Sediment Concentration,1,south.xlsx
USGS-05471040,1999-05-28,105.0,mg/l,80154,Suspended Sediment Concentration,1,south.xlsx
USGS-05471040,1999-05-31,72.0,mg/l,80154,Suspended Sediment Concentration,1,south.xlsx
USGS-05471040,1999-06-02,126.0,mg/l,80154,Suspended Sediment Concentration,1,south.xlsx
USGS-05471040,1999-06-03,104.0,mg/l,80154,Suspended Sediment Concentration,1,south.xlsx
USGS-05471040,1999-06-05,315.0,mg/l,80154,Suspended Sediment Concentration,1,south.xlsx
USGS-05471040,1999-06-06,211.0,mg/l,80154,Suspended Sediment Concentration,1,south.xlsx
USGS-05471040,1999-06-07,136.0,mg/l,80154,Suspended Sediment Concentration,1,south.xlsx
USGS-05471040,1999-06-08,158.0,mg/l,80154,Suspended Sediment Concentration,1,south.xlsx
USGS-05471040,1999-06-09,125.0,mg/l,80154,Suspended Sediment Concentration,1,south.xlsx
USGS-05471040,1999-06-10,646.0,mg/l,80154,Suspended Sediment Concentration,1,south.xlsx
USGS-05471040,1999-06-11,516.0,mg/l,80154,Suspended Sediment Concentration,1,south.xlsx
USGS-05471040,1999-06-13,141.0,mg/l,80154,Suspended Sediment Concentration,1,south.xlsx
USGS-05471040,1999-06-14,169.0,mg/l,80154,Suspended Sediment Concentration,1,south.xlsx
USGS-05471040,1999-06-15,83.0,mg/l,80154,Suspended Sediment Concentration,1,south.xlsx
USGS-05471040,1999-06-16,88.0,mg/l,80154,Suspended Sediment Concentration,1,south.xlsx
USGS-05471040,1999-06-17,74.0,mg/l,80154,Suspended Sediment Concentration,1,south.xlsx
USGS-05471040,1999-06-18,70.0,mg/l,80154,Suspended Sediment Concentration,1,south.xlsx
USGS-05471040,1999-06-21,95.0,mg/l,80154,Suspended Sediment Concentration,1,south.xlsx
USGS-05471040,1999-06-22,129.0,mg/l,80154,Suspended Sediment Concentration,1,south.xlsx
USGS-05471040,1999-06-23,402.0,mg/l,80154,Suspended Sediment Concentration,1,south.xlsx
USGS-05471040,1999-06-24,100.0,mg/l,80154,Suspended Sediment Concentration,1,south.xlsx
USGS-05471040,1999-06-25,81.0,mg/l,80154,Suspended Sediment Concentration,1,south.xlsx
USGS-05471040,1999-06-27,75.0,mg/l,80154,Suspended Sediment Concentration,1,south.xlsx
USGS-05471040,1999-06-28,27.0,mg/l,80154,Suspended Sediment Concentration,1,south.xlsx
USGS-05471040,1999-06-29,111.0,mg/l,80154,Suspended Sediment Concentration,1,south.xlsx
USGS-05471040,1999-06-30,96.0,mg/l,80154,Suspended Sediment Concentration,1,south.xlsx
USGS-05471040,1999-07-01,113.0,mg/l,80154,Suspended Sediment Concentration,1,south.xlsx
USGS-05471040,1999-07-02,155.0,mg/l,80154,Suspended Sediment Concentration,1,south.xlsx
USGS-05471040,1999-07-03,74.0,mg/l,80154,Suspended Sediment Concentration,1,south.xlsx
USGS-05471040,1999-07-04,92.0,mg/l,80154,Suspended Sediment Concentration,1,south.xlsx
USGS-05471040,1999-07-05,125.0,mg/l,80154,Suspended Sediment Concentration,1,south.xlsx
USGS-05471040,1999-07-06,74.0,mg/l,80154,Suspended Sediment Concentration,1,south.xlsx
USGS-05471040,1999-07-07,105.0,mg/l,80154,Suspended Sediment Concentration,1,south.xlsx
USGS-05471040,1999-07-08,2040.0,mg/l,80154,Suspended Sediment Concentration,1,south.xlsx
USGS-05471040,1999-07-09,78.0,mg/l,80154,Suspended Sediment Concentration,1,south.xlsx
USGS-05471040,1999-07-18,40.0,mg/l,80154,Suspended Sediment Concentration,1,south.xlsx
USGS-05471040,1999-07-19,42.0,mg/l,80154,Suspended Sediment Concentration,1,south.xlsx
USGS-05471040,1999-07-20,81.0,mg/l,80154,Suspended Sediment Concentration,1,south.xlsx
USGS-05471040,1999-07-21,38.0,mg/l,80154,Suspended Sediment Concentration,1,south.xlsx
USGS-05471040,1999-07-22,48.0,mg/l,80154,Suspended Sediment Concentration,1,south.xlsx
USGS-05471040,1999-07-23,74.0,mg/l,80154,Suspended Sediment Concentration,1,south.xlsx
USGS-05471040,1999-07-24,83.0,mg/l,80154,Suspended Sediment Concentration,1,south.xlsx
USGS-05471040,1999-07-25,106.0,mg/l,80154,Suspended Sediment Concentration,1,south.xlsx
USGS-05471040,1999-07-27,81.0,mg/l,80154,Suspended Sediment Concentration,1,south.xlsx
USGS-05471040,1999-07-28,43.0,mg/l,80154,Suspended Sediment Concentration,1,south.xlsx
USGS-05471040,1999-07-29,38.0,mg/l,80154,Suspended Sediment Concentration,1,south.xlsx
USGS-05471040,1999-07-30,46.0,mg/l,80154,Suspended Sediment Concentration,1,south.xlsx
USGS-05471040,1999-07-31,200.0,mg/l,80154,Suspended Sediment Concentration,1,south.xlsx
USGS-05471040,1999-08-01,366.0,mg/l,80154,Suspended Sediment Concentration,1,south.xlsx
USGS-05471040,1999-08-02,57.0,mg/l,80154,Suspended Sediment Concentration,1,south.xlsx
USGS-05471040,1999-08-03,58.0,mg/l,80154,Suspended Sediment Concentration,1,south.xlsx
USGS-05471040,1999-08-04,40.0,mg/l,80154,Suspended Sediment Concentration,1,south.xlsx
USGS-05471040,1999-08-05,33.0,mg/l,80154,Suspended Sediment Concentration,1,south.xlsx
USGS-05471040,1999-08-06,27.0,mg/l,80154,Suspended Sediment Concentration,1,south.xlsx
USGS-05471040,1999-08-09,54.0,mg/l,80154,Suspended Sediment Concentration,1,south.xlsx
USGS-05471040,1999-08-10,70.0,mg/l,80154,Suspended Sediment Concentration,1,south.xlsx
USGS-05471040,1999-08-11,58.0,mg/l,80154,Suspended Sediment Concentration,1,south.xlsx
USGS-05471040,1999-08-12,772.0,mg/l,80154,Suspended Sediment Concentration,1,south.xlsx
USGS-05471040,1999-08-13,194.0,mg/l,80154,Suspended Sediment Concentration,1,south.xlsx
USGS-05471040,1999-08-15,174.0,mg/l,80154,Suspended Sediment Concentration,1,south.xlsx
USGS-05471040,1999-08-16,62.0,mg/l,80154,Suspended Sediment Concentration,1,south.xlsx
USGS-05471040,1999-08-17,47.0,mg/l,80154,Suspended Sediment Concentration,1,south.xlsx
USGS-05471040,1999-08-18,2040.0,mg/l,80154,Suspended Sediment Concentration,2,south.xlsx
USGS-05471040,1999-08-19,111.0,mg/l,80154,Suspended Sediment Concentration,1,south.xlsx
USGS-05471040,1999-08-20,97.0,mg/l,80154,Suspended Sediment Concentration,1,south.xlsx
USGS-05471040,1999-08-22,68.0,mg/l,80154,Suspended Sediment Concentration,1,south.xlsx
USGS-05471040,1999-08-23,261.0,mg/l,80154,Suspended Sediment Concentration,1,south.xlsx
USGS-05471040,1999-08-24,191.0,mg/l,80154,Suspended Sediment Concentration,1,south.xlsx
USGS-05471040,1999-08-25,81.0,mg/l,80154,Suspended Sediment Concentration,1,south.xlsx
USGS-05471040,1999-08-26,46.0,mg/l,80154,Suspended Sediment Concentration,1,south.xlsx
USGS-05471040,1999-08-27,45.0,mg/l,80154,Suspended Sediment Concentration,1,south.xlsx
USGS-05471040,1999-08-28,25.0,mg/l,80154,Suspended Sediment Concentration,1,south.xlsx
USGS-05471040,1999-08-29,41.0,mg/l,80154,Suspended Sediment Concentration,1,south.xlsx
USGS-05471040,1999-08-30,55.0,mg/l,80154,Suspended Sediment Concentration,1,south.xlsx
USGS-05471040,1999-08-31,35.0,mg/l,80154,Suspended Sediment Concentration,1,south.xlsx
USGS-05471040,1999-09-01,36.0,mg/l,80154,Suspended Sediment Concentration,1,south.xlsx
USGS-05471040,1999-09-02,20.0,mg/l,80154,Suspended Sediment Concentration,1,south.xlsx
USGS-05471040,1999-09-03,233.0,mg/l,80154,Suspended Sediment Concentration,1,south.xlsx
USGS-05471040,1999-09-06,23.0,mg/l,80154,Suspended Sediment Concentration,1,south.xlsx
USGS-05471040,1999-09-07,16.0,mg/l,80154,Suspended Sediment Concentration,1,south.xlsx
USGS-05471040,1999-09-08,17.0,mg/l,80154,Suspended Sediment Concentration,1,south.xlsx
USGS-05471040,1999-09-09,22.0,mg/l,80154,Suspended Sediment Concentration,1,south.xlsx
USGS-05471040,1999-09-13,16.0,mg/l,80154,Suspended Sediment Concentration,1,south.xlsx
USGS-05471040,1999-09-14,41.0,mg/l,80154,Suspended Sediment Concentration,1,south.xlsx
USGS-05471040,1999-09-15,14.0,mg/l,80154,Suspended Sediment Concentration,1,south.xlsx
USGS-05471040,1999-09-16,17.0,mg/l,80154,Suspended Sediment Concentration,1,south.xlsx
USGS-05471040,1999-09-17,10.0,mg/l,80154,Suspended Sediment Concentration,1,south.xlsx
USGS-05471040,1999-09-18,12.0,mg/l,80154,Suspended Sediment Concentration,1,south.xlsx
USGS-05471040,1999-09-19,12.0,mg/l,80154,Suspended Sediment Concentration,1,south.xlsx
USGS-05471040,1999-09-20,11.0,mg/l,80154,Suspended Sediment Concentration,1,south.xlsx
USGS-05471040,1999-09-21,17.0,mg/l,80154,Suspended Sediment Concentration,1,south.xlsx
USGS-05471040,1999-09-26,25.0,mg/l,80154,Suspended Sediment Concentration,1,south.xlsx
USGS-05471040,1999-09-27,63.0,mg/l,80154,Suspended Sediment Concentration,1,south.xlsx
USGS-05471040,1999-09-28,45.0,mg/l,80154,Suspended Sediment Concentration,1,south.xlsx
USGS-05471040,1999-09-29,16.0,mg/l,80154,Suspended Sediment Concentration,1,south.xlsx
USGS-05471040,1999-09-30,29.0,mg/l,80154,Suspended Sediment Concentration,1,south.xlsx
USGS-05471040,1999-10-01,21.0,mg/l,80154,Suspended Sediment Concentration,1,south.xlsx
USGS-05471040,1999-10-02,16.0,mg/l,80154,Suspended Sediment Concentration,1,south.xlsx
USGS-05471040,1999-10-03,25.0,mg/l,80154,Suspended Sediment Concentration,1,south.xlsx
USGS-05471040,1999-10-04,34.0,mg/l,80154,Suspended Sediment Concentration,1,south.xlsx
USGS-05471040,1999-10-05,39.0,mg/l,80154,Suspended Sediment Concentration,1,south.xlsx
USGS-05471040,1999-10-06,37.0,mg/l,80154,Suspended Sediment Concentration,1,south.xlsx
USGS-05471040,1999-10-07,32.0,mg/l,80154,Suspended Sediment Concentration,1,south.xlsx
USGS-05471040,1999-10-08,22.0,mg/l,80154,Suspended Sediment Concentration,1,south.xlsx
USGS-05471040,1999-10-09,24.0,mg/l,80154,Suspended Sediment Concentration,1,south.xlsx
USGS-05471040,1999-10-10,30.0,mg/l,80154,Suspended Sediment Concentration,1,south.xlsx
USGS-05471040,1999-10-11,34.0,mg/l,80154,Suspended Sediment Concentration,1,south.xlsx
USGS-05471040,1999-10-12,23.0,mg/l,80154,Suspended Sediment Concentration,1,south.xlsx
USGS-05471040,1999-10-13,24.0,mg/l,80154,Suspended Sediment Concentration,1,south.xlsx
USGS-05471040,1999-10-14,28.0,mg/l,80154,Suspended Sediment Concentration,1,south.xlsx
USGS-05471040,1999-10-15,28.0,mg/l,80154,Suspended Sediment Concentration,1,south.xlsx
USGS-05471040,1999-10-16,29.0,mg/l,80154,Suspended Sediment Concentration,1,south.xlsx
USGS-05471040,1999-10-17,53.0,mg/l,80154,Suspended Sediment Concentration,1,south.xlsx
USGS-05471040,1999-10-18,19.0,mg/l,80154,Suspended Sediment Concentration,1,south.xlsx
USGS-05471040,1999-10-19,37.0,mg/l,80154,Suspended Sediment Concentration,1,south.xlsx
USGS-05471040,1999-10-20,35.0,mg/l,80154,Suspended Sediment Concentration,1,south.xlsx
USGS-05471040,1999-10-21,18.0,mg/l,80154,Suspended Sediment Concentration,1,south.xlsx
USGS-05471040,1999-10-22,25.0,mg/l,80154,Suspended Sediment Concentration,1,south.xlsx
USGS-05471040,1999-10-24,50.0,mg/l,80154,Suspended Sediment Concentration,1,south.xlsx
USGS-05471040,1999-10-25,48.0,mg/l,80154,Suspended Sediment Concentration,1,south.xlsx
USGS-05471040,1999-10-26,24.0,mg/l,80154,Suspended Sediment Concentration,1,south.xlsx
USGS-05471040,1999-10-27,52.0,mg/l,80154,Suspended Sediment Concentration,1,south.xlsx
USGS-05471040,1999-10-28,34.0,mg/l,80154,Suspended Sediment Concentration,1,south.xlsx
USGS-05471040,1999-10-29,25.0,mg/l,80154,Suspended Sediment Concentration,1,south.xlsx
USGS-05471040,1999-10-30,28.0,mg/l,80154,Suspended Sediment Concentration,1,south.xlsx
USGS-05471040,1999-10-31,23.0,mg/l,80154,Suspended Sediment Concentration,1,south.xlsx
USGS-05471040,1999-11-01,15.0,mg/l,80154,Suspended Sediment Concentration,1,south.xlsx
USGS-05471040,1999-11-02,21.0,mg/l,80154,Suspended Sediment Concentration,1,south.xlsx
USGS-05471040,1999-11-03,20.0,mg/l,80154,Suspended Sediment Concentration,1,south.xlsx
USGS-05471040,1999-11-04,21.0,mg/l,80154,Suspended Sediment Concentration,1,south.xlsx
USGS-05471040,1999-11-05,16.0,mg/l,80154,Suspended Sediment Concentration,1,south.xlsx
USGS-05471040,1999-11-06,31.0,mg/l,80154,Suspended Sediment Concentration,1,south.xlsx
USGS-05471040,1999-11-07,12.0,mg/l,80154,Suspended Sediment Concentration,1,south.xlsx
USGS-05471040,1999-11-08,15.0,mg/l,80154,Suspended Sediment Concentration,1,south.xlsx
USGS-05471040,1999-11-09,9.0,mg/l,80154,Suspended Sediment Concentration,1,south.xlsx
USGS-05471040,1999-11-10,16.0,mg/l,80154,Suspended Sediment Concentration,1,south.xlsx
USGS-05471040,1999-11-12,21.0,mg/l,80154,Suspended Sediment Concentration,1,south.xlsx
USGS-05471040,1999-11-13,34.0,mg/l,80154,Suspended Sediment Concentration,1,south.xlsx
USGS-05471040,1999-11-14,38.0,mg/l,80154,Suspended Sediment Concentration,1,south.xlsx
USGS-05471040,1999-11-15,13.0,mg/l,80154,Suspended Sediment Concentration,1,south.xlsx
USGS-05471040,1999-11-16,11.0,mg/l,80154,Suspended Sediment Concentration,1,south.xlsx
USGS-05471040,1999-11-17,15.0,mg/l,80154,Suspended Sediment Concentration,1,south.xlsx
USGS-05471040,1999-11-18,31.0,mg/l,80154,Suspended Sediment Concentration,1,south.xlsx
USGS-05471040,1999-11-22,22.0,mg/l,80154,Suspended Sediment Concentration,1,south.xlsx
USGS-05471040,1999-11-23,111.0,mg/l,80154,Suspended Sediment Concentration,1,south.xlsx
USGS-05471040,1999-11-24,19.0,mg/l,80154,Suspended Sediment Concentration,1,south.xlsx
USGS-05471040,1999-11-26,17.0,mg/l,80154,Suspended Sediment Concentration,1,south.xlsx
USGS-05471040,1999-11-27,15.0,mg/l,80154,Suspended Sediment Concentration,1,south.xlsx
USGS-05471040,1999-11-28,21.0,mg/l,80154,Suspended Sediment Concentration,1,south.xlsx
USGS-05471040,1999-11-29,16.0,mg/l,80154,Suspended Sediment Concentration,1,south.xlsx
USGS-05471040,1999-11-30,16.0,mg/l,80154,Suspended Sediment Concentration,1,south.xlsx
USGS-05471040,1999-12-01,808.0,mg/l,80154,Suspended Sediment Concentration,1,south.xlsx
USGS-05471040,1999-12-02,13.0,mg/l,80154,Suspended Sediment Concentration,1,south.xlsx
USGS-05471040,1999-12-03,17.0,mg/l,80154,Suspended Sediment Concentration,1,south.xlsx
USGS-05471040,1999-12-04,14.0,mg/l,80154,Suspended Sediment Concentration,1,south.xlsx
USGS-05471040,1999-12-05,14.0,mg/l,80154,Suspended Sediment Concentration,1,south.xlsx
USGS-05471040,1999-12-06,19.0,mg/l,80154,Suspended Sediment Concentration,1,south.xlsx
USGS-05471040,1999-12-07,23.0,mg/l,80154,Suspended Sediment Concentration,1,south.xlsx
USGS-05471040,1999-12-08,10.0,mg/l,80154,Suspended Sediment Concentration,1,south.xlsx
USGS-05471040,1999-12-09,16.0,mg/l,80154,Suspended Sediment Concentration,1,south.xlsx
USGS-05471040,1999-12-10,17.0,mg/l,80154,Suspended Sediment Concentration,1,south.xlsx
USGS-05471040,1999-12-11,9.0,mg/l,80154,Suspended Sediment Concentration,1,south.xlsx
USGS-05471040,1999-12-12,15.0,mg/l,80154,Suspended Sediment Concentration,1,south.xlsx
USGS-05471040,1999-12-13,23.0,mg/l,80154,Suspended Sediment Concentration,1,south.xlsx
USGS-05471040,1999-12-14,21.0,mg/l,80154,Suspended Sediment Concentration,1,south.xlsx
USGS-05471040,1999-12-15,26.0,mg/l,80154,Suspended Sediment Concentration,1,south.xlsx
USGS-05471040,1999-12-16,102.0,mg/l,80154,Suspended Sediment Concentration,1,south.xlsx
USGS-05471040,1999-12-17,49.0,mg/l,80154,Suspended Sediment Concentration,1,south.xlsx
USGS-05471040,1999-12-18,19.0,mg/l,80154,Suspended Sediment Concentration,1,south.xlsx
USGS-05471040,1999-12-19,34.0,mg/l,80154,Suspended Sediment Concentration,1,south.xlsx
USGS-05471040,1999-12-20,41.0,mg/l,80154,Suspended Sediment Concentration,1,south.xlsx
USGS-05471040,1999-12-21,27.0,mg/l,80154,Suspended Sediment Concentration,1,south.xlsx
USGS-05471040,1999-12-22,53.0,mg/l,80154,Suspended Sediment Concentration,1,south.xlsx
USGS-05471040,1999-12-23,28.0,mg/l,80154,Suspended Sediment Concentration,1,south.xlsx
USGS-05471040,1999-12-24,25.0,mg/l,80154,Suspended Sediment Concentration,1,south.xlsx
USGS-05471040,1999-12-25,38.0,mg/l,80154,Suspended Sediment Concentration,1,south.xlsx
USGS-05471040,1999-12-26,39.0,mg/l,80154,Suspended Sediment Concentration,1,south.xlsx
USGS-05471040,1999-12-27,51.0,mg/l,80154,Suspended Sediment Concentration,1,south.xlsx
USGS-05471040,1999-12-28,83.0,mg/l,80154,Suspended Sediment Concentration,1,south.xlsx
USGS-05471040,1999-12-29,57.0,mg/l,80154,Suspended Sediment Concentration,1,south.xlsx
USGS-05471040,1999-12-30,28.0,mg/l,80154,Suspended Sediment Concentration,1,south.xlsx
USGS-05471040,1999-12-31,36.0,mg/l,80154,Suspended Sediment Concentration,1,south.xlsx
USGS-05471040,2000-01-01,53.0,mg/l,80154,Suspended Sediment Concentration,1,south.xlsx
USGS-05471040,2000-01-02,47.0,mg/l,80154,Suspended Sediment Concentration,1,south.xlsx
USGS-05471040,2000-01-03,76.0,mg/l,80154,Suspended Sediment Concentration,1,south.xlsx
USGS-05471040,2000-01-04,47.0,mg/l,80154,Suspended Sediment Concentration,1,south.xlsx
USGS-05471040,2000-01-05,33.0,mg/l,80154,Suspended Sediment Concentration,1,south.xlsx
USGS-05471040,2000-01-06,28.0,mg/l,80154,Suspended Sediment Concentration,1,south.xlsx
USGS-05471040,2000-01-07,44.0,mg/l,80154,Suspended Sediment Concentration,1,south.xlsx
USGS-05471040,2000-01-08,88.0,mg/l,80154,Suspended Sediment Concentration,1,south.xlsx
USGS-05471040,2000-01-09,77.0,mg/l,80154,Suspended Sediment Concentration,1,south.xlsx
USGS-05471040,2000-01-10,71.0,mg/l,80154,Suspended Sediment Concentration,1,south.xlsx
USGS-05471040,2000-01-11,53.0,mg/l,80154,Suspended Sediment Concentration,1,south.xlsx
USGS-05471040,2000-01-12,37.0,mg/l,80154,Suspended Sediment Concentration,1,south.xlsx
USGS-05471040,2000-01-13,57.0,mg/l,80154,Suspended Sediment Concentration,1,south.xlsx
USGS-05471040,2000-01-17,33.0,mg/l,80154,Suspended Sediment Concentration,1,south.xlsx
USGS-05471040,2000-01-18,46.0,mg/l,80154,Suspended Sediment Concentration,1,south.xlsx
USGS-05471040,2000-01-19,97.0,mg/l,80154,Suspended Sediment Concentration,1,south.xlsx
USGS-05471040,2000-01-20,44.0,mg/l,80154,Suspended Sediment Concentration,1,south.xlsx
USGS-05471040,2000-01-21,53.0,mg/l,80154,Suspended Sediment Concentration,1,south.xlsx
USGS-05471040,2000-01-22,92.0,mg/l,80154,Suspended Sediment Concentration,1,south.xlsx
USGS-05471040,2000-01-23,28.0,mg/l,80154,Suspended Sediment Concentration,1,south.xlsx
USGS-05471040,2000-01-24,73.0,mg/l,80154,Suspended Sediment Concentration,1,south.xlsx
USGS-05471040,2000-01-25,36.0,mg/l,80154,Suspended Sediment Concentration,1,south.xlsx
USGS-05471040,2000-01-26,26.0,mg/l,80154,Suspended Sediment Concentration,1,south.xlsx
USGS-05471040,2000-01-27,15.0,mg/l,80154,Suspended Sediment Concentration,1,south.xlsx
USGS-05471040,2000-01-30,63.0,mg/l,80154,Suspended Sediment Concentration,1,south.xlsx
USGS-05471040,2000-01-31,16.0,mg/l,80154,Suspended Sediment Concentration,1,south.xlsx
USGS-05471040,2000-02-01,20.0,mg/l,80154,Suspended Sediment Concentration,1,south.xlsx
USGS-05471040,2000-02-02,27.0,mg/l,80154,Suspended Sediment Concentration,1,south.xlsx
USGS-05471040,2000-02-03,20.0,mg/l,80154,Suspended Sediment Concentration,1,south.xlsx
USGS-05471040,2000-02-04,30.0,mg/l,80154,Suspended Sediment Concentration,1,south.xlsx
USGS-05471040,2000-02-05,59.0,mg/l,80154,Suspended Sediment Concentration,1,south.xlsx
USGS-05471040,2000-02-06,36.0,mg/l,80154,Suspended Sediment Concentration,1,south.xlsx
USGS-05471040,2000-02-07,27.0,mg/l,80154,Suspended Sediment Concentration,1,south.xlsx
USGS-05471040,2000-02-08,20.0,mg/l,80154,Suspended Sediment Concentration,1,south.xlsx
USGS-05471040,2000-02-09,50.0,mg/l,80154,Suspended Sediment Concentration,1,south.xlsx
USGS-05471040,2000-02-10,30.0,mg/l,80154,Suspended Sediment Concentration,1,south.xlsx
USGS-05471040,2000-02-11,24.0,mg/l,80154,Suspended Sediment Concentration,1,south.xlsx
USGS-05471040,2000-02-12,31.0,mg/l,80154,Suspended Sediment Concentration,1,south.xlsx
USGS-05471040,2000-02-13,27.0,mg/l,80154,Suspended Sediment Concentration,1,south.xlsx
USGS-05471040,2000-02-14,40.0,mg/l,80154,Suspended Sediment Concentration,1,south.xlsx
USGS-05471040,2000-02-15,86.0,mg/l,80154,Suspended Sediment Concentration,1,south.xlsx
USGS-05471040,2000-02-16,37.0,mg/l,80154,Suspended Sediment Concentration,1,south.xlsx
USGS-05471040,2000-02-17,62.0,mg/l,80154,Suspended Sediment Concentration,1,south.xlsx
USGS-05471040,2000-02-18,29.0,mg/l,80154,Suspended Sediment Concentration,1,south.xlsx
USGS-05471040,2000-02-21,632.0,mg/l,80154,Suspended Sediment Concentration,1,south.xlsx
USGS-05471040,2000-02-22,275.0,mg/l,80154,Suspended Sediment Concentration,1,south.xlsx
USGS-05471040,2000-02-23,128.0,mg/l,80154,Suspended Sediment Concentration,1,south.xlsx
USGS-05471040,2000-02-24,246.0,mg/l,80154,Suspended Sediment Concentration,1,south.xlsx
USGS-05471040,2000-02-25,256.0,mg/l,80154,Suspended Sediment Concentration,1,south.xlsx
USGS-05471040,2000-02-27,72.0,mg/l,80154,Suspended Sediment Concentration,1,south.xlsx
USGS-05471040,2000-02-28,65.0,mg/l,80154,Suspended Sediment Concentration,1,south.xlsx
USGS-05471040,2000-02-29,111.0,mg/l,80154,Suspended Sediment Concentration,1,south.xlsx
USGS-05471040,2000-03-01,35.0,mg/l,80154,Suspended Sediment Concentration,1,south.xlsx
USGS-05471040,2000-03-02,58.0,mg/l,80154,Suspended Sediment Concentration,1,south.xlsx
USGS-05471040,2000-03-03,52.0,mg/l,80154,Suspended Sediment Concentration,1,south.xlsx
USGS-05471040,2000-03-04,118.0,mg/l,80154,Suspended Sediment Concentration,1,south.xlsx
USGS-05471040,2000-03-05,68.0,mg/l,80154,Suspended Sediment Concentration,1,south.xlsx
USGS-05471040,2000-03-06,48.0,mg/l,80154,Suspended Sediment Concentration,1,south.xlsx
USGS-05471040,2000-03-07,56.0,mg/l,80154,Suspended Sediment Concentration,1,south.xlsx
USGS-05471040,2000-03-08,41.0,mg/l,80154,Suspended Sediment Concentration,1,south.xlsx
USGS-05471040,2000-03-09,96.0,mg/l,80154,Suspended Sediment Concentration,1,south.xlsx
USGS-05471040,2000-03-10,145.0,mg/l,80154,Suspended Sediment Concentration,1,south.xlsx
USGS-05471040,2000-03-11,114.0,mg/l,80154,Suspended Sediment Concentration,1,south.xlsx
USGS-05471040,2000-03-12,90.0,mg/l,80154,Suspended Sediment Concentration,1,south.xlsx
USGS-05471040,2000-03-13,93.0,mg/l,80154,Suspended Sediment Concentration,1,south.xlsx
USGS-05471040,2000-03-14,98.0,mg/l,80154,Suspended Sediment Concentration,1,south.xlsx
USGS-05471040,2000-03-15,97.0,mg/l,80154,Suspended Sediment Concentration,1,south.xlsx
USGS-05471040,2000-03-16,106.0,mg/l,80154,Suspended Sediment Concentration,1,south.xlsx
USGS-05471040,2000-03-17,50.0,mg/l,80154,Suspended Sediment Concentration,1,south.xlsx
USGS-05471040,2000-03-18,52.0,mg/l,80154,Suspended Sediment Concentration,1,south.xlsx
USGS-05471040,2000-03-20,29.0,mg/l,80154,Suspended Sediment Concentration,1,south.xlsx
USGS-05471040,2000-03-21,113.0,mg/l,80154,Suspended Sediment Concentration,1,south.xlsx
USGS-05471040,2000-03-22,103.0,mg/l,80154,Suspended Sediment Concentration,1,south.xlsx
USGS-05471040,2000-03-23,80.0,mg/l,80154,Suspended Sediment Concentration,1,south.xlsx
USGS-05471040,2000-03-25,89.0,mg/l,80154,Suspended Sediment Concentration,1,south.xlsx
USGS-05471040,2000-03-26,84.0,mg/l,80154,Suspended Sediment Concentration,1,south.xlsx
USGS-05471040,2000-03-27,117.0,mg/l,80154,Suspended Sediment Concentration,1,south.xlsx
USGS-05471040,2000-03-28,103.0,mg/l,80154,Suspended Sediment Concentration,1,south.xlsx
USGS-05471040,2000-03-29,50.0,mg/l,80154,Suspended Sediment Concentration,1,south.xlsx
USGS-05471040,2000-03-30,24.0,mg/l,80154,Suspended Sediment Concentration,1,south.xlsx
USGS-05471040,2000-03-31,26.0,mg/l,80154,Suspended Sediment Concentration,1,south.xlsx
USGS-05471040,2000-04-01,107.0,mg/l,80154,Suspended Sediment Concentration,1,south.xlsx
USGS-05471040,2000-04-02,91.0,mg/l,80154,Suspended Sediment Concentration,1,south.xlsx
USGS-05471040,2000-04-03,72.0,mg/l,80154,Suspended Sediment Concentration,1,south.xlsx
USGS-05471040,2000-04-04,58.0,mg/l,80154,Suspended Sediment Concentration,1,south.xlsx
USGS-05471040,2000-04-05,26.0,mg/l,80154,Suspended Sediment Concentration,1,south.xlsx
USGS-05471040,2000-04-06,88.0,mg/l,80154,Suspended Sediment Concentration,1,south.xlsx
USGS-05471040,2000-04-07,36.0,mg/l,80154,Suspended Sediment Concentration,1,south.xlsx
USGS-05471040,2000-04-08,21.0,mg/l,80154,Suspended Sediment Concentration,1,south.xlsx
USGS-05471040,2000-04-09,31.0,mg/l,80154,Suspended Sediment Concentration,1,south.xlsx
USGS-05471040,2000-04-10,44.0,mg/l,80154,Suspended Sediment Concentration,1,south.xlsx
USGS-05471040,2000-04-11,18.0,mg/l,80154,Suspended Sediment Concentration,1,south.xlsx
USGS-05471040,2000-04-12,25.0,mg/l,80154,Suspended Sediment Concentration,1,south.xlsx
USGS-05471040,2000-04-13,13.0,mg/l,80154,Suspended Sediment Concentration,1,south.xlsx
USGS-05471040,2000-04-14,16.0,mg/l,80154,Suspended Sediment Concentration,1,south.xlsx
USGS-05471040,2000-04-16,20.0,mg/l,80154,Suspended Sediment Concentration,1,south.xlsx
USGS-05471040,2000-04-17,18.0,mg/l,80154,Suspended Sediment Concentration,1,south.xlsx
USGS-05471040,2000-04-18,23.0,mg/l,80154,Suspended Sediment Concentration,1,south.xlsx
USGS-05471040,2000-04-19,29.0,mg/l,80154,Suspended Sediment Concentration,1,south.xlsx
USGS-05471040,2000-04-20,1330.0,mg/l,80154,Suspended Sediment Concentration,1,south.xlsx
USGS-05471040,2000-04-21,132.0,mg/l,80154,Suspended Sediment Concentration,1,south.xlsx
USGS-05471040,2000-04-22,72.0,mg/l,80154,Suspended Sediment Concentration,1,south.xlsx
USGS-05471040,2000-04-23,75.0,mg/l,80154,Suspended Sediment Concentration,1,south.xlsx
USGS-05471040,2000-04-24,54.0,mg/l,80154,Suspended Sediment Concentration,1,south.xlsx
USGS-05471040,2000-04-25,45.0,mg/l,80154,Suspended Sediment Concentration,1,south.xlsx
USGS-05471040,2000-04-26,26.0,mg/l,80154,Suspended Sediment Concentration,1,south.xlsx
USGS-05471040,2000-04-27,41.0,mg/l,80154,Suspended Sediment Concentration,1,south.xlsx
USGS-05471040,2000-04-28,40.0,mg/l,80154,Suspended Sediment Concentration,1,south.xlsx
USGS-05471040,2000-04-29,29.0,mg/l,80154,Suspended Sediment Concentration,1,south.xlsx
USGS-05471040,2000-04-30,32.0,mg/l,80154,Suspended Sediment Concentration,1,south.xlsx
USGS-05471040,2000-05-01,24.0,mg/l,80154,Suspended Sediment Concentration,1,south.xlsx
USGS-05471040,2000-05-02,86.0,mg/l,80154,Suspended Sediment Concentration,1,south.xlsx
USGS-05471040,2000-05-03,52.0,mg/l,80154,Suspended Sediment Concentration,1,south.xlsx
USGS-05471040,2000-05-04,38.0,mg/l,80154,Suspended Sediment Concentration,1,south.xlsx
USGS-05471040,2000-05-05,53.0,mg/l,80154,Suspended Sediment Concentration,1,south.xlsx
USGS-05471040,2000-05-06,18.0,mg/l,80154,Suspended Sediment Concentration,1,south.xlsx
USGS-05471040,2000-05-07,43.0,mg/l,80154,Suspended Sediment Concentration,1,south.xlsx
USGS-05471040,2000-05-08,157.0,mg/l,80154,Suspended Sediment Concentration,1,south.xlsx
USGS-05471040,2000-05-09,106.0,mg/l,80154,Suspended Sediment Concentration,1,south.xlsx
USGS-05471040,2000-05-10,28.0,mg/l,80154,Suspended Sediment Concentration,1,south.xlsx
USGS-05471040,2000-05-11,37.0,mg/l,80154,Suspended Sediment Concentration,1,south.xlsx
USGS-05471040,2000-05-12,32.0,mg/l,80154,Suspended Sediment Concentration,1,south.xlsx
USGS-05471040,2000-05-13,33.0,mg/l,80154,Suspended Sediment Concentration,1,south.xlsx
USGS-05471040,2000-05-14,36.0,mg/l,80154,Suspended Sediment Concentration,1,south.xlsx
USGS-05471040,2000-05-15,32.0,mg/l,80154,Suspended Sediment Concentration,1,south.xlsx
USGS-05471040,2000-05-16,24.0,mg/l,80154,Suspended Sediment Concentration,1,south.xlsx
USGS-05471040,2000-05-19,100.0,mg/l,80154,Suspended Sediment Concentration,1,south.xlsx
USGS-05471040,2000-05-21,39.0,mg/l,80154,Suspended Sediment Concentration,1,south.xlsx
USGS-05471040,2000-05-22,18.0,mg/l,80154,Suspended Sediment Concentration,1,south.xlsx
USGS-05471040,2000-05-23,53.0,mg/l,80154,Suspended Sediment Concentration,1,south.xlsx
USGS-05471040,2000-05-24,29.0,mg/l,80154,Suspended Sediment Concentration,1,south.xlsx
USGS-05471040,2000-05-25,24.0,mg/l,80154,Suspended Sediment Concentration,1,south.xlsx
USGS-05471040,2000-05-26,162.0,mg/l,80154,Suspended Sediment Concentration,1,south.xlsx
USGS-05471040,2000-05-27,43.0,mg/l,80154,Suspended Sediment Concentration,1,south.xlsx
USGS-05471040,2000-05-29,19.0,mg/l,80154,Suspended Sediment Concentration,1,south.xlsx
USGS-05471040,2000-05-30,21.0,mg/l,80154,Suspended Sediment Concentration,1,south.xlsx
USGS-05471040,2000-05-31,1933.3333333333333,mg/l,80154,Suspended Sediment Concentration,3,south.xlsx
USGS-05471040,2000-06-01,371.0,mg/l,80154,Suspended Sediment Concentration,2,south.xlsx
USGS-05471040,2000-06-02,137.0,mg/l,80154,Suspended Sediment Concentration,1,south.xlsx
USGS-05471040,2000-06-04,60.0,mg/l,80154,Suspended Sediment Concentration,1,south.xlsx
USGS-05471040,2000-06-05,61.0,mg/l,80154,Suspended Sediment Concentration,1,south.xlsx
USGS-05471040,2000-06-06,56.0,mg/l,80154,Suspended Sediment Concentration,1,south.xlsx
USGS-05471040,2000-06-07,62.0,mg/l,80154,Suspended Sediment Concentration,1,south.xlsx
USGS-05471040,2000-06-08,45.0,mg/l,80154,Suspended Sediment Concentration,1,south.xlsx
USGS-05471040,2000-06-09,32.0,mg/l,80154,Suspended Sediment Concentration,1,south.xlsx
USGS-05471040,2000-06-10,49.0,mg/l,80154,Suspended Sediment Concentration,1,south.xlsx
USGS-05471040,2000-06-11,896.0,mg/l,80154,Suspended Sediment Concentration,1,south.xlsx
USGS-05471040,2000-06-12,102.0,mg/l,80154,Suspended Sediment Concentration,1,south.xlsx
USGS-05471040,2000-06-13,71.0,mg/l,80154,Suspended Sediment Concentration,1,south.xlsx
USGS-05471040,2000-06-14,418.0,mg/l,80154,Suspended Sediment Concentration,1,south.xlsx
USGS-05471040,2000-06-15,159.0,mg/l,80154,Suspended Sediment Concentration,1,south.xlsx
USGS-05471040,2000-06-16,116.0,mg/l,80154,Suspended Sediment Concentration,1,south.xlsx
USGS-05471040,2000-06-17,60.0,mg/l,80154,Suspended Sediment Concentration,1,south.xlsx
USGS-05471040,2000-06-18,52.0,mg/l,80154,Suspended Sediment Concentration,1,south.xlsx
USGS-05471040,2000-06-25,90.0,mg/l,80154,Suspended Sediment Concentration,1,south.xlsx
USGS-05471040,2000-06-26,69.0,mg/l,80154,Suspended Sediment Concentration,1,south.xlsx
USGS-05471040,2000-06-27,69.0,mg/l,80154,Suspended Sediment Concentration,1,south.xlsx
USGS-05471040,2000-06-28,50.0,mg/l,80154,Suspended Sediment Concentration,1,south.xlsx
USGS-05471040,2000-06-29,37.0,mg/l,80154,Suspended Sediment Concentration,1,south.xlsx
USGS-05471040,2000-06-30,44.0,mg/l,80154,Suspended Sediment Concentration,1,south.xlsx
USGS-05471040,2000-07-02,74.0,mg/l,80154,Suspended Sediment Concentration,1,south.xlsx
USGS-05471040,2000-07-03,37.0,mg/l,80154,Suspended Sediment Concentration,1,south.xlsx
USGS-05471040,2000-07-04,464.0,mg/l,80154,Suspended Sediment Concentration,1,south.xlsx
USGS-05471040,2000-07-05,100.0,mg/l,80154,Suspended Sediment Concentration,1,south.xlsx
USGS-05471040,2000-07-06,51.0,mg/l,80154,Suspended Sediment Concentration,1,south.xlsx
USGS-05471040,2000-07-07,48.0,mg/l,80154,Suspended Sediment Concentration,1,south.xlsx
USGS-05471040,2000-07-16,29.0,mg/l,80154,Suspended Sediment Concentration,1,south.xlsx
USGS-05471040,2000-07-17,31.0,mg/l,80154,Suspended Sediment Concentration,1,south.xlsx
USGS-05471040,2000-07-18,39.0,mg/l,80154,Suspended Sediment Concentration,1,south.xlsx
USGS-05471040,2000-07-19,18.0,mg/l,80154,Suspended Sediment Concentration,1,south.xlsx
USGS-05471040,2000-07-20,16.0,mg/l,80154,Suspended Sediment Concentration,1,south.xlsx
USGS-05471040,2000-07-21,23.0,mg/l,80154,Suspended Sediment Concentration,1,south.xlsx
USGS-05471040,2000-07-22,16.0,mg/l,80154,Suspended Sediment Concentration,1,south.xlsx
USGS-05471040,2000-07-23,14.0,mg/l,80154,Suspended Sediment Concentration,1,south.xlsx
USGS-05471040,2000-07-24,17.0,mg/l,80154,Suspended Sediment Concentration,1,south.xlsx
USGS-05471040,2000-07-25,45.0,mg/l,80154,Suspended Sediment Concentration,1,south.xlsx
USGS-05471040,2000-07-26,65.0,mg/l,80154,Suspended Sediment Concentration,1,south.xlsx
USGS-05471040,2000-07-27,19.0,mg/l,80154,Suspended Sediment Concentration,1,south.xlsx
USGS-05471040,2000-07-28,17.0,mg/l,80154,Suspended Sediment Concentration,1,south.xlsx
USGS-05471040,2000-07-29,26.0,mg/l,80154,Suspended Sediment Concentration,1,south.xlsx
USGS-05471040,2000-07-30,10.0,mg/l,80154,Suspended Sediment Concentration,1,south.xlsx
USGS-05471040,2000-07-31,36.0,mg/l,80154,Suspended Sediment Concentration,1,south.xlsx
USGS-05471040,2000-08-01,16.0,mg/l,80154,Suspended Sediment Concentration,1,south.xlsx
USGS-05471040,2000-08-02,22.0,mg/l,80154,Suspended Sediment Concentration,1,south.xlsx
USGS-05471040,2000-08-03,12.0,mg/l,80154,Suspended Sediment Concentration,1,south.xlsx
USGS-05471040,2000-08-04,7.0,mg/l,80154,Suspended Sediment Concentration,1,south.xlsx
USGS-05471040,2000-08-05,12.0,mg/l,80154,Suspended Sediment Concentration,1,south.xlsx
USGS-05471040,2000-08-06,13.0,mg/l,80154,Suspended Sediment Concentration,1,south.xlsx
USGS-05471040,2000-08-07,12.0,mg/l,80154,Suspended Sediment Concentration,1,south.xlsx
USGS-05471040,2000-08-08,112.0,mg/l,80154,Suspended Sediment Concentration,1,south.xlsx
USGS-05471040,2000-08-09,10.0,mg/l,80154,Suspended Sediment Concentration,1,south.xlsx
USGS-05471040,2000-08-10,12.0,mg/l,80154,Suspended Sediment Concentration,1,south.xlsx
USGS-05471040,2000-08-11,15.0,mg/l,80154,Suspended Sediment Concentration,1,south.xlsx
USGS-05471040,2000-08-12,21.0,mg/l,80154,Suspended Sediment Concentration,1,south.xlsx
USGS-05471040,2000-08-13,267.0,mg/l,80154,Suspended Sediment Concentration,1,south.xlsx
USGS-05471040,2000-08-17,16.0,mg/l,80154,Suspended Sediment Concentration,1,south.xlsx
USGS-05471040,2000-08-18,7140.0,mg/l,80154,Suspended Sediment Concentration,1,south.xlsx
USGS-05471040,2000-08-21,19.0,mg/l,80154,Suspended Sediment Concentration,1,south.xlsx
USGS-05471040,2000-08-22,77.0,mg/l,80154,Suspended Sediment Concentration,1,south.xlsx
USGS-05471040,2000-08-23,68.0,mg/l,80154,Suspended Sediment Concentration,1,south.xlsx
USGS-05471040,2000-08-24,94.0,mg/l,80154,Suspended Sediment Concentration,1,south.xlsx
USGS-05471040,2000-08-25,48.0,mg/l,80154,Suspended Sediment Concentration,1,south.xlsx
USGS-05471040,2000-08-26,80.0,mg/l,80154,Suspended Sediment Concentration,1,south.xlsx
USGS-05471040,2000-08-27,45.0,mg/l,80154,Suspended Sediment Concentration,1,south.xlsx
USGS-05471040,2000-08-28,100.0,mg/l,80154,Suspended Sediment Concentration,1,south.xlsx
USGS-05471040,2000-08-29,120.0,mg/l,80154,Suspended Sediment Concentration,1,south.xlsx
USGS-05471040,2000-08-30,60.0,mg/l,80154,Suspended Sediment Concentration,1,south.xlsx
USGS-05471040,2000-08-31,32.0,mg/l,80154,Suspended Sediment Concentration,1,south.xlsx
USGS-05471040,2000-09-01,40.0,mg/l,80154,Suspended Sediment Concentration,1,south.xlsx
USGS-05471040,2000-09-05,27.0,mg/l,80154,Suspended Sediment Concentration,1,south.xlsx
USGS-05471040,2000-09-06,55.0,mg/l,80154,Suspended Sediment Concentration,1,south.xlsx
USGS-05471040,2000-09-11,39.0,mg/l,80154,Suspended Sediment Concentration,1,south.xlsx
USGS-05471040,2000-09-12,47.0,mg/l,80154,Suspended Sediment Concentration,1,south.xlsx
USGS-05471040,2000-09-13,51.0,mg/l,80154,Suspended Sediment Concentration,1,south.xlsx
USGS-05471040,2000-09-14,40.0,mg/l,80154,Suspended Sediment Concentration,1,south.xlsx
USGS-05471040,2000-09-15,40.0,mg/l,80154,Suspended Sediment Concentration,1,south.xlsx
USGS-05471040,2000-09-16,51.0,mg/l,80154,Suspended Sediment Concentration,1,south.xlsx
USGS-05471040,2000-09-17,84.0,mg/l,80154,Suspended Sediment Concentration,1,south.xlsx
USGS-05471040,2000-09-18,90.0,mg/l,80154,Suspended Sediment Concentration,1,south.xlsx
USGS-05471040,2000-09-19,49.0,mg/l,80154,Suspended Sediment Concentration,1,south.xlsx
USGS-05471040,2000-09-20,56.0,mg/l,80154,Suspended Sediment Concentration,1,south.xlsx
USGS-05471040,2000-09-21,39.0,mg/l,80154,Suspended Sediment Concentration,1,south.xlsx
USGS-05471040,2000-09-22,300.0,mg/l,80154,Suspended Sediment Concentration,1,south.xlsx
USGS-05471040,2000-09-23,85.0,mg/l,80154,Suspended Sediment Concentration,1,south.xlsx
USGS-05471040,2000-09-24,39.0,mg/l,80154,Suspended Sediment Concentration,1,south.xlsx
USGS-05471040,2000-09-25,66.0,mg/l,80154,Suspended Sediment Concentration,1,south.xlsx
USGS-05471040,2000-09-26,32.0,mg/l,80154,Suspended Sediment Concentration,1,south.xlsx
USGS-05471040,2000-10-02,43.0,mg/l,80154,Suspended Sediment Concentration,1,south.xlsx
USGS-05471040,2000-10-03,55.0,mg/l,80154,Suspended Sediment Concentration,1,south.xlsx
USGS-05471040,2000-10-04,44.0,mg/l,80154,Suspended Sediment Concentration,1,south.xlsx
USGS-05471040,2000-10-05,39.0,mg/l,80154,Suspended Sediment Concentration,1,south.xlsx
USGS-05471040,2000-10-06,49.0,mg/l,80154,Suspended Sediment Concentration,1,south.xlsx
USGS-05471040,2000-10-07,32.0,mg/l,80154,Suspended Sediment Concentration,1,south.xlsx
USGS-05471040,2000-10-08,52.0,mg/l,80154,Suspended Sediment Concentration,1,south.xlsx
USGS-05471040,2000-10-09,23.0,mg/l,80154,Suspended Sediment Concentration,1,south.xlsx
USGS-05471040,2000-10-10,57.0,mg/l,80154,Suspended Sediment Concentration,1,south.xlsx
USGS-05471040,2000-10-11,32.0,mg/l,80154,Suspended Sediment Concentration,1,south.xlsx
USGS-05471040,2000-10-12,50.0,mg/l,80154,Suspended Sediment Concentration,1,south.xlsx
USGS-05471040,2000-10-13,79.0,mg/l,80154,Suspended Sediment Concentration,1,south.xlsx
USGS-05471040,2000-10-14,80.0,mg/l,80154,Suspended Sediment Concentration,1,south.xlsx
USGS-05471040,2000-10-15,77.0,mg/l,80154,Suspended Sediment Concentration,1,south.xlsx
USGS-05471040,2000-10-16,74.0,mg/l,80154,Suspended Sediment Concentration,1,south.xlsx
USGS-05471040,2000-10-17,60.0,mg/l,80154,Suspended Sediment Concentration,1,south.xlsx
USGS-05471040,2000-10-18,99.0,mg/l,80154,Suspended Sediment Concentration,1,south.xlsx
USGS-05471040,2000-10-19,52.0,mg/l,80154,Suspended Sediment Concentration,1,south.xlsx
USGS-05471040,2000-10-20,89.0,mg/l,80154,Suspended Sediment Concentration,1,south.xlsx
USGS-05471040,2000-10-21,22.0,mg/l,80154,Suspended Sediment Concentration,1,south.xlsx
USGS-05471040,2000-10-22,72.0,mg/l,80154,Suspended Sediment Concentration,1,south.xlsx
USGS-05471040,2000-10-23,99.0,mg/l,80154,Suspended Sediment Concentration,1,south.xlsx
USGS-05471040,2000-10-24,50.0,mg/l,80154,Suspended Sediment Concentration,1,south.xlsx
USGS-05471040,2000-10-25,58.0,mg/l,80154,Suspended Sediment Concentration,1,south.xlsx
USGS-05471040,2000-10-26,13.0,mg/l,80154,Suspended Sediment Concentration,1,south.xlsx
USGS-05471040,2000-10-27,37.0,mg/l,80154,Suspended Sediment Concentration,1,south.xlsx
USGS-05471040,2000-10-28,117.0,mg/l,80154,Suspended Sediment Concentration,1,south.xlsx
USGS-05471040,2000-10-29,75.0,mg/l,80154,Suspended Sediment Concentration,1,south.xlsx
USGS-05471040,2000-10-30,106.0,mg/l,80154,Suspended Sediment Concentration,1,south.xlsx
USGS-05471040,2000-10-31,21.0,mg/l,80154,Suspended Sediment Concentration,1,south.xlsx
USGS-05471040,2000-11-01,43.0,mg/l,80154,Suspended Sediment Concentration,1,south.xlsx
USGS-05471040,2000-11-02,35.0,mg/l,80154,Suspended Sediment Concentration,1,south.xlsx
USGS-05471040,2000-11-03,22.0,mg/l,80154,Suspended Sediment Concentration,1,south.xlsx
USGS-05471040,2000-11-05,51.0,mg/l,80154,Suspended Sediment Concentration,1,south.xlsx
USGS-05471040,2000-11-06,38.0,mg/l,80154,Suspended Sediment Concentration,1,south.xlsx
USGS-05471040,2000-11-07,43.0,mg/l,80154,Suspended Sediment Concentration,1,south.xlsx
USGS-05471040,2000-11-08,27.0,mg/l,80154,Suspended Sediment Concentration,1,south.xlsx
USGS-05471040,2000-11-09,23.0,mg/l,80154,Suspended Sediment Concentration,1,south.xlsx
USGS-05471040,2000-11-10,23.0,mg/l,80154,Suspended Sediment Concentration,1,south.xlsx
USGS-05471040,2000-11-11,30.0,mg/l,80154,Suspended Sediment Concentration,1,south.xlsx
USGS-05471040,2000-11-13,24.0,mg/l,80154,Suspended Sediment Concentration,1,south.xlsx
USGS-05471040,2000-11-14,28.0,mg/l,80154,Suspended Sediment Concentration,1,south.xlsx
USGS-05471040,2000-11-15,22.0,mg/l,80154,Suspended Sediment Concentration,1,south.xlsx
USGS-05471040,2000-11-20,26.0,mg/l,80154,Suspended Sediment Concentration,1,south.xlsx
USGS-05471040,2000-11-21,27.0,mg/l,80154,Suspended Sediment Concentration,1,south.xlsx
USGS-05471040,2000-11-22,31.0,mg/l,80154,Suspended Sediment Concentration,1,south.xlsx
USGS-05471040,2000-11-24,28.0,mg/l,80154,Suspended Sediment Concentration,1,south.xlsx
USGS-05471040,2000-11-25,45.0,mg/l,80154,Suspended Sediment Concentration,1,south.xlsx
USGS-05471040,2000-11-26,18.0,mg/l,80154,Suspended Sediment Concentration,1,south.xlsx
USGS-05471040,2000-11-27,19.0,mg/l,80154,Suspended Sediment Concentration,1,south.xlsx
USGS-05471040,2000-11-29,57.0,mg/l,80154,Suspended Sediment Concentration,1,south.xlsx
USGS-05471040,2000-11-30,56.0,mg/l,80154,Suspended Sediment Concentration,1,south.xlsx
USGS-05471040,2000-12-01,34.0,mg/l,80154,Suspended Sediment Concentration,1,south.xlsx
USGS-05471040,2000-12-04,89.0,mg/l,80154,Suspended Sediment Concentration,1,south.xlsx
USGS-05471040,2000-12-05,119.0,mg/l,80154,Suspended Sediment Concentration,1,south.xlsx
USGS-05471040,2000-12-06,101.0,mg/l,80154,Suspended Sediment Concentration,1,south.xlsx
USGS-05471040,2000-12-07,78.0,mg/l,80154,Suspended Sediment Concentration,1,south.xlsx
USGS-05471040,2000-12-08,64.0,mg/l,80154,Suspended Sediment Concentration,1,south.xlsx
USGS-05471040,2000-12-09,64.0,mg/l,80154,Suspended Sediment Concentration,1,south.xlsx
USGS-05471040,2000-12-10,130.0,mg/l,80154,Suspended Sediment Concentration,1,south.xlsx
USGS-05471040,2000-12-14,105.0,mg/l,80154,Suspended Sediment Concentration,1,south.xlsx
USGS-05471040,2000-12-15,75.0,mg/l,80154,Suspended Sediment Concentration,1,south.xlsx
USGS-05471040,2000-12-17,67.0,mg/l,80154,Suspended Sediment Concentration,1,south.xlsx
USGS-05471040,2000-12-20,59.0,mg/l,80154,Suspended Sediment Concentration,1,south.xlsx
USGS-05471040,2000-12-21,157.0,mg/l,80154,Suspended Sediment Concentration,1,south.xlsx
USGS-05471040,2000-12-22,65.0,mg/l,80154,Suspended Sediment Concentration,1,south.xlsx
USGS-05471040,2000-12-23,52.0,mg/l,80154,Suspended Sediment Concentration,1,south.xlsx
USGS-05471040,2000-12-26,86.0,mg/l,80154,Suspended Sediment Concentration,1,south.xlsx
USGS-05471040,2000-12-27,57.0,mg/l,80154,Suspended Sediment Concentration,1,south.xlsx
USGS-05471040,2000-12-28,130.0,mg/l,80154,Suspended Sediment Concentration,1,south.xlsx
USGS-05471040,2000-12-29,11.0,mg/l,80154,Suspended Sediment Concentration,1,south.xlsx
USGS-05471040,2000-12-30,13.0,mg/l,80154,Suspended Sediment Concentration,1,south.xlsx
USGS-05471040,2000-12-31,33.0,mg/l,80154,Suspended Sediment Concentration,1,south.xlsx
USGS-05471040,2001-01-01,24.0,mg/l,80154,Suspended Sediment Concentration,1,south.xlsx
USGS-05471040,2001-01-02,31.0,mg/l,80154,Suspended Sediment Concentration,1,south.xlsx
USGS-05471040,2001-01-03,6.0,mg/l,80154,Suspended Sediment Concentration,1,south.xlsx
USGS-05471040,2001-01-04,18.0,mg/l,80154,Suspended Sediment Concentration,1,south.xlsx
USGS-05471040,2001-01-05,14.0,mg/l,80154,Suspended Sediment Concentration,1,south.xlsx
USGS-05471040,2001-01-06,12.0,mg/l,80154,Suspended Sediment Concentration,1,south.xlsx
USGS-05471040,2001-01-07,10.0,mg/l,80154,Suspended Sediment Concentration,1,south.xlsx
USGS-05471040,2001-01-08,8.0,mg/l,80154,Suspended Sediment Concentration,1,south.xlsx
USGS-05471040,2001-01-09,17.0,mg/l,80154,Suspended Sediment Concentration,1,south.xlsx
USGS-05471040,2001-01-10,17.0,mg/l,80154,Suspended Sediment Concentration,1,south.xlsx
USGS-05471040,2001-01-11,16.0,mg/l,80154,Suspended Sediment Concentration,1,south.xlsx
USGS-05471040,2001-01-12,19.0,mg/l,80154,Suspended Sediment Concentration,1,south.xlsx
USGS-05471040,2001-01-13,20.0,mg/l,80154,Suspended Sediment Concentration,1,south.xlsx
USGS-05471040,2001-01-15,16.0,mg/l,80154,Suspended Sediment Concentration,1,south.xlsx
USGS-05471040,2001-01-16,21.0,mg/l,80154,Suspended Sediment Concentration,1,south.xlsx
USGS-05471040,2001-01-17,9.0,mg/l,80154,Suspended Sediment Concentration,1,south.xlsx
USGS-05471040,2001-01-18,7.0,mg/l,80154,Suspended Sediment Concentration,1,south.xlsx
USGS-05471040,2001-01-19,39.0,mg/l,80154,Suspended Sediment Concentration,1,south.xlsx
USGS-05471040,2001-01-20,33.0,mg/l,80154,Suspended Sediment Concentration,1,south.xlsx
USGS-05471040,2001-01-21,47.0,mg/l,80154,Suspended Sediment Concentration,1,south.xlsx
USGS-05471040,2001-01-22,33.0,mg/l,80154,Suspended Sediment Concentration,1,south.xlsx
USGS-05471040,2001-01-23,70.0,mg/l,80154,Suspended Sediment Concentration,1,south.xlsx
USGS-05471040,2001-01-24,122.0,mg/l,80154,Suspended Sediment Concentration,1,south.xlsx
USGS-05471040,2001-01-25,53.0,mg/l,80154,Suspended Sediment Concentration,1,south.xlsx
USGS-05471040,2001-01-29,28.0,mg/l,80154,Suspended Sediment Concentration,1,south.xlsx
USGS-05471040,2001-01-30,43.0,mg/l,80154,Suspended Sediment Concentration,1,south.xlsx
USGS-05471040,2001-01-31,50.0,mg/l,80154,Suspended Sediment Concentration,1,south.xlsx
USGS-05471040,2001-02-01,26.0,mg/l,80154,Suspended Sediment Concentration,1,south.xlsx
USGS-05471040,2001-02-02,80.0,mg/l,80154,Suspended Sediment Concentration,1,south.xlsx
USGS-05471040,2001-02-03,12.0,mg/l,80154,Suspended Sediment Concentration,1,south.xlsx
USGS-05471040,2001-02-05,9.0,mg/l,80154,Suspended Sediment Concentration,1,south.xlsx
USGS-05471040,2001-02-06,11.0,mg/l,80154,Suspended Sediment Concentration,1,south.xlsx
USGS-05471040,2001-02-07,10.0,mg/l,80154,Suspended Sediment Concentration,1,south.xlsx
USGS-05471040,2001-02-08,15.0,mg/l,80154,Suspended Sediment Concentration,1,south.xlsx
USGS-05471040,2001-02-09,78.0,mg/l,80154,Suspended Sediment Concentration,1,south.xlsx
USGS-05471040,2001-02-12,16.0,mg/l,80154,Suspended Sediment Concentration,1,south.xlsx
USGS-05471040,2001-02-13,57.0,mg/l,80154,Suspended Sediment Concentration,1,south.xlsx
USGS-05471040,2001-02-14,24.0,mg/l,80154,Suspended Sediment Concentration,1,south.xlsx
USGS-05471040,2001-02-15,9.0,mg/l,80154,Suspended Sediment Concentration,1,south.xlsx
USGS-05471040,2001-02-16,9.0,mg/l,80154,Suspended Sediment Concentration,1,south.xlsx
USGS-05471040,2001-02-18,10.0,mg/l,80154,Suspended Sediment Concentration,1,south.xlsx
USGS-05471040,2001-02-19,10.0,mg/l,80154,Suspended Sediment Concentration,1,south.xlsx
USGS-05471040,2001-02-20,10.0,mg/l,80154,Suspended Sediment Concentration,1,south.xlsx
USGS-05471040,2001-02-21,10.0,mg/l,80154,Suspended Sediment Concentration,1,south.xlsx
USGS-05471040,2001-02-23,8.0,mg/l,80154,Suspended Sediment Concentration,1,south.xlsx
USGS-05471040,2001-02-25,332.0,mg/l,80154,Suspended Sediment Concentration,1,south.xlsx
USGS-05471040,2001-02-26,231.0,mg/l,80154,Suspended Sediment Concentration,1,south.xlsx
USGS-05471040,2001-02-27,86.0,mg/l,80154,Suspended Sediment Concentration,1,south.xlsx
USGS-05471040,2001-02-28,86.0,mg/l,80154,Suspended Sediment Concentration,1,south.xlsx
USGS-05471040,2001-03-01,92.0,mg/l,80154,Suspended Sediment Concentration,1,south.xlsx
USGS-05471040,2001-03-02,51.0,mg/l,80154,Suspended Sediment Concentration,1,south.xlsx
USGS-05471040,2001-03-04,90.0,mg/l,80154,Suspended Sediment Concentration,1,south.xlsx
USGS-05471040,2001-03-05,122.0,mg/l,80154,Suspended Sediment Concentration,1,south.xlsx
USGS-05471040,2001-03-06,50.0,mg/l,80154,Suspended Sediment Concentration,1,south.xlsx
USGS-05471040,2001-03-07,79.0,mg/l,80154,Suspended Sediment Concentration,1,south.xlsx
USGS-05471040,2001-03-08,40.0,mg/l,80154,Suspended Sediment Concentration,1,south.xlsx
USGS-05471040,2001-03-09,65.0,mg/l,80154,Suspended Sediment Concentration,1,south.xlsx
USGS-05471040,2001-03-10,257.0,mg/l,80154,Suspended Sediment Concentration,1,south.xlsx
USGS-05471040,2001-03-12,2340.0,mg/l,80154,Suspended Sediment Concentration,1,south.xlsx
USGS-05471040,2001-03-13,1780.0,mg/l,80154,Suspended Sediment Concentration,1,south.xlsx
USGS-05471040,2001-03-14,2500.0,mg/l,80154,Suspended Sediment Concentration,1,south.xlsx
USGS-05471040,2001-03-15,976.0,mg/l,80154,Suspended Sediment Concentration,1,south.xlsx
USGS-05471040,2001-03-16,348.0,mg/l,80154,Suspended Sediment Concentration,1,south.xlsx
USGS-05471040,2001-03-18,136.0,mg/l,80154,Suspended Sediment Concentration,1,south.xlsx
USGS-05471040,2001-03-19,2390.0,mg/l,80154,Suspended Sediment Concentration,1,south.xlsx
USGS-05471040,2001-03-20,1340.0,mg/l,80154,Suspended Sediment Concentration,1,south.xlsx
USGS-05471040,2001-03-21,553.0,mg/l,80154,Suspended Sediment Concentration,1,south.xlsx
USGS-05471040,2001-03-22,2680.0,mg/l,80154,Suspended Sediment Concentration,1,south.xlsx
USGS-05471040,2001-03-23,492.5,mg/l,80154,Suspended Sediment Concentration,2,south.xlsx
USGS-05471040,2001-03-24,292.0,mg/l,80154,Suspended Sediment Concentration,1,south.xlsx
USGS-05471040,2001-03-25,122.0,mg/l,80154,Suspended Sediment Concentration,1,south.xlsx
USGS-05471040,2001-03-26,178.0,mg/l,80154,Suspended Sediment Concentration,1,south.xlsx
USGS-05471040,2001-03-27,259.0,mg/l,80154,Suspended Sediment Concentration,1,south.xlsx
USGS-05471040,2001-03-28,144.0,mg/l,80154,Suspended Sediment Concentration,1,south.xlsx
USGS-05471040,2001-03-29,215.0,mg/l,80154,Suspended Sediment Concentration,1,south.xlsx
USGS-05471040,2001-03-30,235.0,mg/l,80154,Suspended Sediment Concentration,1,south.xlsx
USGS-05471040,2001-03-31,269.0,mg/l,80154,Suspended Sediment Concentration,1,south.xlsx
USGS-05471040,2001-04-02,133.0,mg/l,80154,Suspended Sediment Concentration,1,south.xlsx
USGS-05471040,2001-04-03,96.0,mg/l,80154,Suspended Sediment Concentration,1,south.xlsx
USGS-05471040,2001-04-04,128.0,mg/l,80154,Suspended Sediment Concentration,1,south.xlsx
USGS-05471040,2001-04-05,176.0,mg/l,80154,Suspended Sediment Concentration,1,south.xlsx
USGS-05471040,2001-04-06,144.0,mg/l,80154,Suspended Sediment Concentration,1,south.xlsx
USGS-05471040,2001-04-07,53.0,mg/l,80154,Suspended Sediment Concentration,1,south.xlsx
USGS-05471040,2001-04-08,48.0,mg/l,80154,Suspended Sediment Concentration,1,south.xlsx
USGS-05471040,2001-04-09,49.0,mg/l,80154,Suspended Sediment Concentration,1,south.xlsx
USGS-05471040,2001-04-10,62.0,mg/l,80154,Suspended Sediment Concentration,1,south.xlsx
USGS-05471040,2001-04-11,434.0,mg/l,80154,Suspended Sediment Concentration,1,south.xlsx
USGS-05471040,2001-04-12,98.0,mg/l,80154,Suspended Sediment Concentration,1,south.xlsx
USGS-05471040,2001-04-14,55.0,mg/l,80154,Suspended Sediment Concentration,1,south.xlsx
USGS-05471040,2001-04-15,57.0,mg/l,80154,Suspended Sediment Concentration,1,south.xlsx
USGS-05471040,2001-04-16,136.0,mg/l,80154,Suspended Sediment Concentration,1,south.xlsx
USGS-05471040,2001-04-17,139.0,mg/l,80154,Suspended Sediment Concentration,1,south.xlsx
USGS-05471040,2001-04-18,54.0,mg/l,80154,Suspended Sediment Concentration,1,south.xlsx
USGS-05471040,2001-04-19,33.0,mg/l,80154,Suspended Sediment Concentration,1,south.xlsx
USGS-05471040,2001-04-20,34.0,mg/l,80154,Suspended Sediment Concentration,1,south.xlsx
USGS-05471040,2001-04-22,30.0,mg/l,80154,Suspended Sediment Concentration,1,south.xlsx
USGS-05471040,2001-04-23,36.0,mg/l,80154,Suspended Sediment Concentration,1,south.xlsx
USGS-05471040,2001-04-24,26.0,mg/l,80154,Suspended Sediment Concentration,1,south.xlsx
USGS-05471040,2001-04-25,73.0,mg/l,80154,Suspended Sediment Concentration,1,south.xlsx
USGS-05471040,2001-04-26,100.0,mg/l,80154,Suspended Sediment Concentration,1,south.xlsx
USGS-05471040,2001-04-27,23.0,mg/l,80154,Suspended Sediment Concentration,1,south.xlsx
USGS-05471040,2001-04-28,30.0,mg/l,80154,Suspended Sediment Concentration,1,south.xlsx
USGS-05471040,2001-04-29,20.0,mg/l,80154,Suspended Sediment Concentration,1,south.xlsx
USGS-05471040,2001-04-30,31.0,mg/l,80154,Suspended Sediment Concentration,1,south.xlsx
USGS-05471040,2001-05-01,24.0,mg/l,80154,Suspended Sediment Concentration,1,south.xlsx
USGS-05471040,2001-05-02,27.0,mg/l,80154,Suspended Sediment Concentration,1,south.xlsx
USGS-05471040,2001-05-03,28.0,mg/l,80154,Suspended Sediment Concentration,1,south.xlsx
USGS-05471040,2001-05-04,72.0,mg/l,80154,Suspended Sediment Concentration,1,south.xlsx
USGS-05471040,2001-05-06,148.0,mg/l,80154,Suspended Sediment Concentration,1,south.xlsx
USGS-05471040,2001-05-07,136.0,mg/l,80154,Suspended Sediment Concentration,1,south.xlsx
USGS-05471040,2001-05-08,48.0,mg/l,80154,Suspended Sediment Concentration,1,south.xlsx
USGS-05471040,2001-05-09,37.0,mg/l,80154,Suspended Sediment Concentration,1,south.xlsx
USGS-05471040,2001-05-10,57.0,mg/l,80154,Suspended Sediment Concentration,1,south.xlsx
USGS-05471040,2001-05-11,101.0,mg/l,80154,Suspended Sediment Concentration,1,south.xlsx
USGS-05471040,2001-05-12,65.0,mg/l,80154,Suspended Sediment Concentration,1,south.xlsx
USGS-05471040,2001-05-14,59.0,mg/l,80154,Suspended Sediment Concentration,1,south.xlsx
USGS-05471040,2001-05-15,71.0,mg/l,80154,Suspended Sediment Concentration,1,south.xlsx
USGS-05471040,2001-05-16,66.0,mg/l,80154,Suspended Sediment Concentration,1,south.xlsx
USGS-05471040,2001-05-17,78.0,mg/l,80154,Suspended Sediment Concentration,1,south.xlsx
USGS-05471040,2001-05-20,66.0,mg/l,80154,Suspended Sediment Concentration,1,south.xlsx
USGS-05471040,2001-05-21,48.0,mg/l,80154,Suspended Sediment Concentration,1,south.xlsx
USGS-05471040,2001-05-22,37.0,mg/l,80154,Suspended Sediment Concentration,1,south.xlsx
USGS-05471040,2001-05-23,37.0,mg/l,80154,Suspended Sediment Concentration,1,south.xlsx
USGS-05471040,2001-05-24,73.0,mg/l,80154,Suspended Sediment Concentration,1,south.xlsx
USGS-05471040,2001-05-25,59.0,mg/l,80154,Suspended Sediment Concentration,1,south.xlsx
USGS-05471040,2001-05-26,58.0,mg/l,80154,Suspended Sediment Concentration,1,south.xlsx
USGS-05471040,2001-05-28,97.0,mg/l,80154,Suspended Sediment Concentration,1,south.xlsx
USGS-05471040,2001-05-29,68.0,mg/l,80154,Suspended Sediment Concentration,1,south.xlsx
USGS-05471040,2001-05-30,59.0,mg/l,80154,Suspended Sediment Concentration,1,south.xlsx
USGS-05471040,2001-05-31,362.0,mg/l,80154,Suspended Sediment Concentration,1,south.xlsx
USGS-05471040,2001-06-01,156.0,mg/l,80154,Suspended Sediment Concentration,1,south.xlsx
USGS-05471040,2001-06-03,110.0,mg/l,80154,Suspended Sediment Concentration,1,south.xlsx
USGS-05471040,2001-06-04,105.0,mg/l,80154,Suspended Sediment Concentration,1,south.xlsx
USGS-05471040,2001-06-05,184.0,mg/l,80154,Suspended Sediment Concentration,1,south.xlsx
USGS-05471040,2001-06-06,74.0,mg/l,80154,Suspended Sediment Concentration,1,south.xlsx
USGS-05471040,2001-06-07,104.0,mg/l,80154,Suspended Sediment Concentration,1,south.xlsx
USGS-05471040,2001-06-08,88.0,mg/l,80154,Suspended Sediment Concentration,1,south.xlsx
USGS-05471040,2001-06-09,92.0,mg/l,80154,Suspended Sediment Concentration,1,south.xlsx
USGS-05471040,2001-06-10,76.0,mg/l,80154,Suspended Sediment Concentration,1,south.xlsx
USGS-05471040,2001-06-11,68.0,mg/l,80154,Suspended Sediment Concentration,1,south.xlsx
USGS-05471040,2001-06-12,1680.0,mg/l,80154,Suspended Sediment Concentration,1,south.xlsx
USGS-05471040,2001-06-13,232.0,mg/l,80154,Suspended Sediment Concentration,1,south.xlsx
USGS-05471040,2001-06-14,356.0,mg/l,80154,Suspended Sediment Concentration,1,south.xlsx
USGS-05471040,2001-06-15,380.0,mg/l,80154,Suspended Sediment Concentration,1,south.xlsx
USGS-05471040,2001-06-17,166.0,mg/l,80154,Suspended Sediment Concentration,1,south.xlsx
USGS-05471040,2001-06-18,161.0,mg/l,80154,Suspended Sediment Concentration,1,south.xlsx
USGS-05471040,2001-06-19,112.0,mg/l,80154,Suspended Sediment Concentration,1,south.xlsx
USGS-05471040,2001-06-20,84.0,mg/l,80154,Suspended Sediment Concentration,1,south.xlsx
USGS-05471040,2001-06-21,98.0,mg/l,80154,Suspended Sediment Concentration,1,south.xlsx
USGS-05471040,2001-06-22,63.0,mg/l,80154,Suspended Sediment Concentration,1,south.xlsx
USGS-05471040,2001-07-01,59.0,mg/l,80154,Suspended Sediment Concentration,1,south.xlsx
USGS-05471040,2001-07-02,39.0,mg/l,80154,Suspended Sediment Concentration,1,south.xlsx
USGS-05471040,2001-07-03,81.0,mg/l,80154,Suspended Sediment Concentration,1,south.xlsx
USGS-05471040,2001-07-05,110.0,mg/l,80154,Suspended Sediment Concentration,1,south.xlsx
USGS-05471040,2001-07-06,42.0,mg/l,80154,Suspended Sediment Concentration,1,south.xlsx
USGS-05471040,2001-07-07,42.0,mg/l,80154,Suspended Sediment Concentration,1,south.xlsx
USGS-05471040,2001-07-08,104.0,mg/l,80154,Suspended Sediment Concentration,1,south.xlsx
USGS-05471040,2001-07-09,98.0,mg/l,80154,Suspended Sediment Concentration,1,south.xlsx
USGS-05471040,2001-07-11,64.0,mg/l,80154,Suspended Sediment Concentration,1,south.xlsx
USGS-05471040,2001-07-12,37.0,mg/l,80154,Suspended Sediment Concentration,1,south.xlsx
USGS-05471040,2001-07-13,54.0,mg/l,80154,Suspended Sediment Concentration,1,south.xlsx
USGS-05471040,2001-07-23,43.0,mg/l,80154,Suspended Sediment Concentration,1,south.xlsx
USGS-05471040,2001-07-24,37.0,mg/l,80154,Suspended Sediment Concentration,1,south.xlsx
USGS-05471040,2001-07-25,78.0,mg/l,80154,Suspended Sediment Concentration,1,south.xlsx
USGS-05471040,2001-07-26,30.0,mg/l,80154,Suspended Sediment Concentration,1,south.xlsx
USGS-05471040,2001-07-27,28.0,mg/l,80154,Suspended Sediment Concentration,1,south.xlsx
USGS-05471040,2001-07-28,52.0,mg/l,80154,Suspended Sediment Concentration,1,south.xlsx
USGS-05471040,2001-07-29,46.0,mg/l,80154,Suspended Sediment Concentration,1,south.xlsx
USGS-05471040,2001-07-30,51.0,mg/l,80154,Suspended Sediment Concentration,1,south.xlsx
USGS-05471040,2001-07-31,32.0,mg/l,80154,Suspended Sediment Concentration,1,south.xlsx
USGS-05471040,2001-08-01,43.0,mg/l,80154,Suspended Sediment Concentration,1,south.xlsx
USGS-05471040,2001-08-02,42.0,mg/l,80154,Suspended Sediment Concentration,1,south.xlsx
USGS-05471040,2001-08-03,187.0,mg/l,80154,Suspended Sediment Concentration,1,south.xlsx
USGS-05471040,2001-08-04,95.0,mg/l,80154,Suspended Sediment Concentration,1,south.xlsx
USGS-05471040,2001-08-05,44.0,mg/l,80154,Suspended Sediment Concentration,1,south.xlsx
USGS-05471040,2001-08-06,39.0,mg/l,80154,Suspended Sediment Concentration,1,south.xlsx
USGS-05471040,2001-08-07,36.0,mg/l,80154,Suspended Sediment Concentration,1,south.xlsx
USGS-05471040,2001-08-08,29.0,mg/l,80154,Suspended Sediment Concentration,1,south.xlsx
USGS-05471040,2001-08-09,30.0,mg/l,80154,Suspended Sediment Concentration,1,south.xlsx
USGS-05471040,2001-08-10,22.0,mg/l,80154,Suspended Sediment Concentration,1,south.xlsx
USGS-05471040,2001-08-11,20.0,mg/l,80154,Suspended Sediment Concentration,1,south.xlsx
USGS-05471040,2001-08-12,30.0,mg/l,80154,Suspended Sediment Concentration,1,south.xlsx
USGS-05471040,2001-08-13,15.0,mg/l,80154,Suspended Sediment Concentration,1,south.xlsx
USGS-05471040,2001-08-14,14.0,mg/l,80154,Suspended Sediment Concentration,1,south.xlsx
USGS-05471040,2001-08-15,81.0,mg/l,80154,Suspended Sediment Concentration,1,south.xlsx
USGS-05471040,2001-08-17,20.0,mg/l,80154,Suspended Sediment Concentration,1,south.xlsx
USGS-05471040,2001-08-26,23.0,mg/l,80154,Suspended Sediment Concentration,1,south.xlsx
USGS-05471040,2001-08-27,28.0,mg/l,80154,Suspended Sediment Concentration,1,south.xlsx
USGS-05471040,2001-08-28,22.0,mg/l,80154,Suspended Sediment Concentration,1,south.xlsx
USGS-05471040,2001-08-29,20.0,mg/l,80154,Suspended Sediment Concentration,1,south.xlsx
USGS-05471040,2001-08-30,15.0,mg/l,80154,Suspended Sediment Concentration,1,south.xlsx
USGS-05471040,2001-08-31,18.0,mg/l,80154,Suspended Sediment Concentration,1,south.xlsx
USGS-05471040,2001-09-02,19.0,mg/l,80154,Suspended Sediment Concentration,1,south.xlsx
USGS-05471040,2001-09-03,13.0,mg/l,80154,Suspended Sediment Concentration,1,south.xlsx
USGS-05471040,2001-09-04,20.0,mg/l,80154,Suspended Sediment Concentration,1,south.xlsx
USGS-05471040,2001-09-05,50.0,mg/l,80154,Suspended Sediment Concentration,1,south.xlsx
USGS-05471040,2001-09-09,32.0,mg/l,80154,Suspended Sediment Concentration,1,south.xlsx
USGS-05471040,2001-09-10,22.0,mg/l,80154,Suspended Sediment Concentration,1,south.xlsx
USGS-05471040,2001-09-11,24.0,mg/l,80154,Suspended Sediment Concentration,1,south.xlsx
USGS-05471040,2001-09-12,21.0,mg/l,80154,Suspended Sediment Concentration,1,south.xlsx
USGS-05471040,2001-09-13,19.0,mg/l,80154,Suspended Sediment Concentration,1,south.xlsx
USGS-05471040,2001-09-14,18.0,mg/l,80154,Suspended Sediment Concentration,1,south.xlsx
USGS-05471040,2001-09-15,21.0,mg/l,80154,Suspended Sediment Concentration,1,south.xlsx
USGS-05471040,2001-09-16,29.0,mg/l,80154,Suspended Sediment Concentration,1,south.xlsx
USGS-05471040,2001-09-17,12.0,mg/l,80154,Suspended Sediment Concentration,1,south.xlsx
USGS-05471040,2001-09-18,9.0,mg/l,80154,Suspended Sediment Concentration,1,south.xlsx
USGS-05471040,2001-09-19,25.0,mg/l,80154,Suspended Sediment Concentration,1,south.xlsx
USGS-05471040,2001-09-20,21.0,mg/l,80154,Suspended Sediment Concentration,1,south.xlsx
USGS-05471040,2001-09-21,13.0,mg/l,80154,Suspended Sediment Concentration,1,south.xlsx
USGS-05471040,2001-09-22,10.0,mg/l,80154,Suspended Sediment Concentration,1,south.xlsx
USGS-05471040,2001-09-23,24.0,mg/l,80154,Suspended Sediment Concentration,1,south.xlsx
USGS-05471040,2001-09-24,42.0,mg/l,80154,Suspended Sediment Concentration,1,south.xlsx
USGS-05471040,2001-09-25,18.0,mg/l,80154,Suspended Sediment Concentration,1,south.xlsx
USGS-05471040,2001-10-01,18.0,mg/l,80154,Suspended Sediment Concentration,1,south.xlsx
USGS-05471040,2001-10-02,9.0,mg/l,80154,Suspended Sediment Concentration,1,south.xlsx
USGS-05471040,2001-10-03,11.0,mg/l,80154,Suspended Sediment Concentration,1,south.xlsx
USGS-05471040,2001-10-04,8.0,mg/l,80154,Suspended Sediment Concentration,1,south.xlsx
USGS-05471040,2001-10-05,9.0,mg/l,80154,Suspended Sediment Concentration,1,south.xlsx
USGS-05471040,2001-10-06,13.0,mg/l,80154,Suspended Sediment Concentration,1,south.xlsx
USGS-05471040,2001-10-07,12.0,mg/l,80154,Suspended Sediment Concentration,1,south.xlsx
USGS-05471040,2001-10-08,9.0,mg/l,80154,Suspended Sediment Concentration,1,south.xlsx
USGS-05471040,2001-10-09,21.0,mg/l,80154,Suspended Sediment Concentration,1,south.xlsx
USGS-05471040,2001-10-10,12.0,mg/l,80154,Suspended Sediment Concentration,1,south.xlsx
USGS-05471040,2001-10-11,11.0,mg/l,80154,Suspended Sediment Concentration,1,south.xlsx
USGS-05471040,2001-10-12,9.0,mg/l,80154,Suspended Sediment Concentration,1,south.xlsx
USGS-05471040,2001-10-13,9.0,mg/l,80154,Suspended Sediment Concentration,1,south.xlsx
USGS-05471040,2001-10-14,8.0,mg/l,80154,Suspended Sediment Concentration,1,south.xlsx
USGS-05471040,2001-10-15,13.0,mg/l,80154,Suspended Sediment Concentration,1,south.xlsx
USGS-05471040,2001-10-16,16.0,mg/l,80154,Suspended Sediment Concentration,1,south.xlsx
USGS-05471040,2001-10-17,10.0,mg/l,80154,Suspended Sediment Concentration,1,south.xlsx
USGS-05471040,2001-10-18,8.0,mg/l,80154,Suspended Sediment Concentration,1,south.xlsx
USGS-05471040,2001-10-19,10.0,mg/l,80154,Suspended Sediment Concentration,1,south.xlsx
USGS-05471040,2001-10-20,16.0,mg/l,80154,Suspended Sediment Concentration,1,south.xlsx
USGS-05471040,2001-10-21,16.0,mg/l,80154,Suspended Sediment Concentration,1,south.xlsx
USGS-05471040,2001-10-22,42.0,mg/l,80154,Suspended Sediment Concentration,1,south.xlsx
USGS-05471040,2001-10-23,41.0,mg/l,80154,Suspended Sediment Concentration,1,south.xlsx
USGS-05471040,2001-10-24,11.0,mg/l,80154,Suspended Sediment Concentration,1,south.xlsx
USGS-05471040,2001-10-25,8.0,mg/l,80154,Suspended Sediment Concentration,1,south.xlsx
USGS-05471040,2001-10-26,9.0,mg/l,80154,Suspended Sediment Concentration,1,south.xlsx
USGS-05471040,2001-10-27,22.0,mg/l,80154,Suspended Sediment Concentration,1,south.xlsx
USGS-05471040,2001-10-28,18.0,mg/l,80154,Suspended Sediment Concentration,1,south.xlsx
USGS-05471040,2001-10-29,18.0,mg/l,80154,Suspended Sediment Concentration,1,south.xlsx
USGS-05471040,2001-10-30,11.0,mg/l,80154,Suspended Sediment Concentration,1,south.xlsx
USGS-05471040,2001-10-31,12.0,mg/l,80154,Suspended Sediment Concentration,1,south.xlsx
USGS-05471040,2001-11-01,27.0,mg/l,80154,Suspended Sediment Concentration,1,south.xlsx
USGS-05471040,2001-11-02,8.0,mg/l,80154,Suspended Sediment Concentration,1,south.xlsx
USGS-05471040,2001-11-03,98.0,mg/l,80154,Suspended Sediment Concentration,1,south.xlsx
USGS-05471040,2001-11-04,6.0,mg/l,80154,Suspended Sediment Concentration,1,south.xlsx
USGS-05471040,2001-11-05,10.0,mg/l,80154,Suspended Sediment Concentration,1,south.xlsx
USGS-05471040,2001-11-06,12.0,mg/l,80154,Suspended Sediment Concentration,1,south.xlsx
USGS-05471040,2001-11-07,10.0,mg/l,80154,Suspended Sediment Concentration,1,south.xlsx
USGS-05471040,2001-11-12,16.0,mg/l,80154,Suspended Sediment Concentration,1,south.xlsx
USGS-05471040,2001-11-13,12.0,mg/l,80154,Suspended Sediment Concentration,1,south.xlsx
USGS-05471040,2001-11-14,18.0,mg/l,80154,Suspended Sediment Concentration,1,south.xlsx
USGS-05471040,2001-11-15,15.0,mg/l,80154,Suspended Sediment Concentration,1,south.xlsx
USGS-05471040,2001-11-16,15.0,mg/l,80154,Suspended Sediment Concentration,1,south.xlsx
USGS-05471040,2001-11-20,28.0,mg/l,80154,Suspended Sediment Concentration,1,south.xlsx
USGS-05471040,2001-11-21,23.0,mg/l,80154,Suspended Sediment Concentration,1,south.xlsx
USGS-05471040,2001-11-22,12.0,mg/l,80154,Suspended Sediment Concentration,1,south.xlsx
USGS-05471040,2001-11-23,15.0,mg/l,80154,Suspended Sediment Concentration,1,south.xlsx
USGS-05471040,2001-11-24,15.0,mg/l,80154,Suspended Sediment Concentration,1,south.xlsx
USGS-05471040,2001-11-25,24.0,mg/l,80154,Suspended Sediment Concentration,1,south.xlsx
USGS-05471040,2001-11-26,23.0,mg/l,80154,Suspended Sediment Concentration,1,south.xlsx
USGS-05471040,2001-11-27,32.0,mg/l,80154,Suspended Sediment Concentration,1,south.xlsx
USGS-05471040,2001-11-28,13.0,mg/l,80154,Suspended Sediment Concentration,1,south.xlsx
USGS-05471040,2001-11-29,15.0,mg/l,80154,Suspended Sediment Concentration,1,south.xlsx
USGS-05471040,2001-11-30,15.0,mg/l,80154,Suspended Sediment Concentration,1,south.xlsx
USGS-05471040,2001-12-01,8.0,mg/l,80154,Suspended Sediment Concentration,1,south.xlsx
USGS-05471040,2001-12-02,39.0,mg/l,80154,Suspended Sediment Concentration,1,south.xlsx
USGS-05471040,2001-12-03,16.0,mg/l,80154,Suspended Sediment Concentration,1,south.xlsx
USGS-05471040,2001-12-04,16.0,mg/l,80154,Suspended Sediment Concentration,1,south.xlsx
USGS-05471040,2001-12-05,31.0,mg/l,80154,Suspended Sediment Concentration,1,south.xlsx
USGS-05471040,2001-12-06,22.0,mg/l,80154,Suspended Sediment Concentration,1,south.xlsx
USGS-05471040,2001-12-07,18.0,mg/l,80154,Suspended Sediment Concentration,1,south.xlsx
USGS-05471040,2001-12-08,16.0,mg/l,80154,Suspended Sediment Concentration,1,south.xlsx
USGS-05471040,2001-12-09,17.0,mg/l,80154,Suspended Sediment Concentration,1,south.xlsx
USGS-05471040,2001-12-10,13.0,mg/l,80154,Suspended Sediment Concentration,1,south.xlsx
USGS-05471040,2001-12-11,19.0,mg/l,80154,Suspended Sediment Concentration,1,south.xlsx
USGS-05471040,2001-12-12,9.0,mg/l,80154,Suspended Sediment Concentration,1,south.xlsx
USGS-05471040,2001-12-13,11.0,mg/l,80154,Suspended Sediment Concentration,1,south.xlsx
USGS-05471040,2001-12-14,18.0,mg/l,80154,Suspended Sediment Concentration,1,south.xlsx
USGS-05471040,2001-12-17,10.0,mg/l,80154,Suspended Sediment Concentration,1,south.xlsx
USGS-05471040,2001-12-18,13.0,mg/l,80154,Suspended Sediment Concentration,1,south.xlsx
USGS-05471040,2001-12-19,14.0,mg/l,80154,Suspended Sediment Concentration,1,south.xlsx
USGS-05471040,2001-12-20,29.0,mg/l,80154,Suspended Sediment Concentration,1,south.xlsx
USGS-05471040,2001-12-21,18.0,mg/l,80154,Suspended Sediment Concentration,1,south.xlsx
USGS-05471040,2001-12-22,14.0,mg/l,80154,Suspended Sediment Concentration,1,south.xlsx
USGS-05471040,2001-12-23,9.0,mg/l,80154,Suspended Sediment Concentration,1,south.xlsx
USGS-05471040,2001-12-24,16.0,mg/l,80154,Suspended Sediment Concentration,1,south.xlsx
USGS-05471040,2001-12-25,15.0,mg/l,80154,Suspended Sediment Concentration,1,south.xlsx
USGS-05471040,2001-12-26,22.0,mg/l,80154,Suspended Sediment Concentration,1,south.xlsx
USGS-05471040,2001-12-27,15.0,mg/l,80154,Suspended Sediment Concentration,1,south.xlsx
USGS-05471040,2001-12-28,19.0,mg/l,80154,Suspended Sediment Concentration,1,south.xlsx
USGS-05471040,2001-12-29,40.0,mg/l,80154,Suspended Sediment Concentration,1,south.xlsx
USGS-05471040,2001-12-30,55.0,mg/l,80154,Suspended Sediment Concentration,1,south.xlsx
USGS-05471040,2001-12-31,44.0,mg/l,80154,Suspended Sediment Concentration,1,south.xlsx
USGS-05471040,2002-01-02,57.0,mg/l,80154,Suspended Sediment Concentration,1,south.xlsx
USGS-05471040,2002-01-03,53.0,mg/l,80154,Suspended Sediment Concentration,1,south.xlsx
USGS-05471040,2002-01-04,38.0,mg/l,80154,Suspended Sediment Concentration,1,south.xlsx
USGS-05471040,2002-01-05,38.0,mg/l,80154,Suspended Sediment Concentration,1,south.xlsx
USGS-05471040,2002-01-07,34.0,mg/l,80154,Suspended Sediment Concentration,1,south.xlsx
USGS-05471040,2002-01-08,33.0,mg/l,80154,Suspended Sediment Concentration,1,south.xlsx
USGS-05471040,2002-01-09,41.0,mg/l,80154,Suspended Sediment Concentration,1,south.xlsx
USGS-05471040,2002-01-10,36.0,mg/l,80154,Suspended Sediment Concentration,1,south.xlsx
USGS-05471040,2002-01-11,38.0,mg/l,80154,Suspended Sediment Concentration,1,south.xlsx
USGS-05471040,2002-01-12,20.0,mg/l,80154,Suspended Sediment Concentration,1,south.xlsx
USGS-05471040,2002-01-13,26.0,mg/l,80154,Suspended Sediment Concentration,1,south.xlsx
USGS-05471040,2002-01-14,31.0,mg/l,80154,Suspended Sediment Concentration,1,south.xlsx
USGS-05471040,2002-01-15,16.0,mg/l,80154,Suspended Sediment Concentration,1,south.xlsx
USGS-05471040,2002-01-16,44.0,mg/l,80154,Suspended Sediment Concentration,1,south.xlsx
USGS-05471040,2002-01-17,43.0,mg/l,80154,Suspended Sediment Concentration,1,south.xlsx
USGS-05471040,2002-01-18,29.0,mg/l,80154,Suspended Sediment Concentration,1,south.xlsx
USGS-05471040,2002-01-21,31.0,mg/l,80154,Suspended Sediment Concentration,1,south.xlsx
USGS-05471040,2002-01-22,10.0,mg/l,80154,Suspended Sediment Concentration,1,south.xlsx
USGS-05471040,2002-01-23,5.0,mg/l,80154,Suspended Sediment Concentration,1,south.xlsx
USGS-05471040,2002-01-24,38.0,mg/l,80154,Suspended Sediment Concentration,1,south.xlsx
USGS-05471040,2002-01-27,12.0,mg/l,80154,Suspended Sediment Concentration,1,south.xlsx
USGS-05471040,2002-01-28,8.0,mg/l,80154,Suspended Sediment Concentration,1,south.xlsx
USGS-05471040,2002-01-29,18.0,mg/l,80154,Suspended Sediment Concentration,1,south.xlsx
USGS-05471040,2002-01-30,29.0,mg/l,80154,Suspended Sediment Concentration,1,south.xlsx
USGS-05471040,2002-01-31,24.0,mg/l,80154,Suspended Sediment Concentration,1,south.xlsx
USGS-05471040,2002-02-01,20.0,mg/l,80154,Suspended Sediment Concentration,1,south.xlsx
USGS-05471040,2002-02-02,22.0,mg/l,80154,Suspended Sediment Concentration,1,south.xlsx
USGS-05471040,2002-02-03,33.0,mg/l,80154,Suspended Sediment Concentration,1,south.xlsx
USGS-05471040,2002-02-04,66.0,mg/l,80154,Suspended Sediment Concentration,1,south.xlsx
USGS-05471040,2002-02-06,31.0,mg/l,80154,Suspended Sediment Concentration,1,south.xlsx
USGS-05471040,2002-02-07,30.0,mg/l,80154,Suspended Sediment Concentration,1,south.xlsx
USGS-05471040,2002-02-10,50.0,mg/l,80154,Suspended Sediment Concentration,1,south.xlsx
USGS-05471040,2002-02-11,26.0,mg/l,80154,Suspended Sediment Concentration,1,south.xlsx
USGS-05471040,2002-02-12,20.0,mg/l,80154,Suspended Sediment Concentration,1,south.xlsx
USGS-05471040,2002-02-13,12.0,mg/l,80154,Suspended Sediment Concentration,1,south.xlsx
USGS-05471040,2002-02-14,11.0,mg/l,80154,Suspended Sediment Concentration,1,south.xlsx
USGS-05471040,2002-02-15,12.0,mg/l,80154,Suspended Sediment Concentration,1,south.xlsx
USGS-05471040,2002-02-16,13.0,mg/l,80154,Suspended Sediment Concentration,1,south.xlsx
USGS-05471040,2002-02-17,18.0,mg/l,80154,Suspended Sediment Concentration,1,south.xlsx
USGS-05471040,2002-02-18,24.0,mg/l,80154,Suspended Sediment Concentration,1,south.xlsx
USGS-05471040,2002-02-19,22.0,mg/l,80154,Suspended Sediment Concentration,1,south.xlsx
USGS-05471040,2002-02-20,14.0,mg/l,80154,Suspended Sediment Concentration,1,south.xlsx
USGS-05471040,2002-02-21,27.0,mg/l,80154,Suspended Sediment Concentration,1,south.xlsx
USGS-05471040,2002-02-22,50.0,mg/l,80154,Suspended Sediment Concentration,1,south.xlsx
USGS-05471040,2002-02-24,12.0,mg/l,80154,Suspended Sediment Concentration,1,south.xlsx
USGS-05471040,2002-02-25,13.0,mg/l,80154,Suspended Sediment Concentration,1,south.xlsx
USGS-05471040,2002-02-26,19.0,mg/l,80154,Suspended Sediment Concentration,1,south.xlsx
USGS-05471040,2002-02-27,57.0,mg/l,80154,Suspended Sediment Concentration,1,south.xlsx
USGS-05471040,2002-02-28,27.0,mg/l,80154,Suspended Sediment Concentration,1,south.xlsx
USGS-05471040,2002-03-01,37.0,mg/l,80154,Suspended Sediment Concentration,1,south.xlsx
USGS-05471040,2002-03-02,13.0,mg/l,80154,Suspended Sediment Concentration,1,south.xlsx
USGS-05471040,2002-03-03,34.0,mg/l,80154,Suspended Sediment Concentration,1,south.xlsx
USGS-05471040,2002-03-04,69.0,mg/l,80154,Suspended Sediment Concentration,1,south.xlsx
USGS-05471040,2002-03-05,86.0,mg/l,80154,Suspended Sediment Concentration,1,south.xlsx
USGS-05471040,2002-03-06,22.0,mg/l,80154,Suspended Sediment Concentration,1,south.xlsx
USGS-05471040,2002-03-07,17.0,mg/l,80154,Suspended Sediment Concentration,1,south.xlsx
USGS-05471040,2002-03-08,42.0,mg/l,80154,Suspended Sediment Concentration,1,south.xlsx
USGS-05471040,2002-03-10,34.0,mg/l,80154,Suspended Sediment Concentration,1,south.xlsx
USGS-05471040,2002-03-11,15.0,mg/l,80154,Suspended Sediment Concentration,1,south.xlsx
USGS-05471040,2002-03-12,24.0,mg/l,80154,Suspended Sediment Concentration,1,south.xlsx
USGS-05471040,2002-03-13,14.0,mg/l,80154,Suspended Sediment Concentration,1,south.xlsx
USGS-05471040,2002-03-14,18.0,mg/l,80154,Suspended Sediment Concentration,1,south.xlsx
USGS-05471040,2002-03-15,18.0,mg/l,80154,Suspended Sediment Concentration,1,south.xlsx
USGS-05471040,2002-03-16,44.0,mg/l,80154,Suspended Sediment Concentration,1,south.xlsx
USGS-05471040,2002-03-17,20.0,mg/l,80154,Suspended Sediment Concentration,1,south.xlsx
USGS-05471040,2002-03-18,8.0,mg/l,80154,Suspended Sediment Concentration,1,south.xlsx
USGS-05471040,2002-03-19,26.0,mg/l,80154,Suspended Sediment Concentration,1,south.xlsx
USGS-05471040,2002-03-20,9.0,mg/l,80154,Suspended Sediment Concentration,1,south.xlsx
USGS-05471040,2002-03-22,14.0,mg/l,80154,Suspended Sediment Concentration,1,south.xlsx
USGS-05471040,2002-03-23,12.0,mg/l,80154,Suspended Sediment Concentration,1,south.xlsx
USGS-05471040,2002-03-24,16.0,mg/l,80154,Suspended Sediment Concentration,1,south.xlsx
USGS-05471040,2002-03-25,20.0,mg/l,80154,Suspended Sediment Concentration,1,south.xlsx
USGS-05471040,2002-03-26,19.0,mg/l,80154,Suspended Sediment Concentration,1,south.xlsx
USGS-05471040,2002-03-27,13.0,mg/l,80154,Suspended Sediment Concentration,1,south.xlsx
USGS-05471040,2002-03-28,21.0,mg/l,80154,Suspended Sediment Concentration,1,south.xlsx
USGS-05471040,2002-03-29,10.0,mg/l,80154,Suspended Sediment Concentration,1,south.xlsx
USGS-05471040,2002-03-30,10.0,mg/l,80154,Suspended Sediment Concentration,1,south.xlsx
USGS-05471040,2002-03-31,6.0,mg/l,80154,Suspended Sediment Concentration,1,south.xlsx
USGS-05471040,2002-04-01,7.0,mg/l,80154,Suspended Sediment Concentration,1,south.xlsx
USGS-05471040,2002-04-02,19.0,mg/l,80154,Suspended Sediment Concentration,1,south.xlsx
USGS-05471040,2002-04-03,16.0,mg/l,80154,Suspended Sediment Concentration,1,south.xlsx
USGS-05471040,2002-04-04,10.0,mg/l,80154,Suspended Sediment Concentration,1,south.xlsx
USGS-05471040,2002-04-05,13.0,mg/l,80154,Suspended Sediment Concentration,1,south.xlsx
USGS-05471040,2002-04-06,10.0,mg/l,80154,Suspended Sediment Concentration,1,south.xlsx
USGS-05471040,2002-04-08,28.0,mg/l,80154,Suspended Sediment Concentration,1,south.xlsx
USGS-05471040,2002-04-09,14.0,mg/l,80154,Suspended Sediment Concentration,1,south.xlsx
USGS-05471040,2002-04-10,22.0,mg/l,80154,Suspended Sediment Concentration,1,south.xlsx
USGS-05471040,2002-04-11,13.0,mg/l,80154,Suspended Sediment Concentration,1,south.xlsx
USGS-05471040,2002-04-12,27.0,mg/l,80154,Suspended Sediment Concentration,1,south.xlsx
USGS-05471040,2002-04-14,17.0,mg/l,80154,Suspended Sediment Concentration,1,south.xlsx
USGS-05471040,2002-04-15,17.0,mg/l,80154,Suspended Sediment Concentration,1,south.xlsx
USGS-05471040,2002-04-16,26.0,mg/l,80154,Suspended Sediment Concentration,1,south.xlsx
USGS-05471040,2002-04-17,20.0,mg/l,80154,Suspended Sediment Concentration,1,south.xlsx
USGS-05471040,2002-04-18,23.0,mg/l,80154,Suspended Sediment Concentration,1,south.xlsx
USGS-05471040,2002-04-19,30.0,mg/l,80154,Suspended Sediment Concentration,1,south.xlsx
USGS-05471040,2002-04-20,19.0,mg/l,80154,Suspended Sediment Concentration,1,south.xlsx
USGS-05471040,2002-04-21,28.0,mg/l,80154,Suspended Sediment Concentration,1,south.xlsx
USGS-05471040,2002-04-22,25.0,mg/l,80154,Suspended Sediment Concentration,1,south.xlsx
USGS-05471040,2002-04-23,28.0,mg/l,80154,Suspended Sediment Concentration,1,south.xlsx
USGS-05471040,2002-04-24,55.0,mg/l,80154,Suspended Sediment Concentration,1,south.xlsx
USGS-05471040,2002-04-25,37.0,mg/l,80154,Suspended Sediment Concentration,1,south.xlsx
USGS-05471040,2002-04-26,42.0,mg/l,80154,Suspended Sediment Concentration,1,south.xlsx
USGS-05471040,2002-04-28,110.0,mg/l,80154,Suspended Sediment Concentration,1,south.xlsx
USGS-05471040,2002-04-29,69.0,mg/l,80154,Suspended Sediment Concentration,1,south.xlsx
USGS-05471040,2002-04-30,53.0,mg/l,80154,Suspended Sediment Concentration,1,south.xlsx
USGS-05471040,2002-05-01,56.0,mg/l,80154,Suspended Sediment Concentration,1,south.xlsx
USGS-05471040,2002-05-02,47.0,mg/l,80154,Suspended Sediment Concentration,1,south.xlsx
USGS-05471040,2002-05-03,68.0,mg/l,80154,Suspended Sediment Concentration,1,south.xlsx
USGS-05471040,2002-05-04,60.0,mg/l,80154,Suspended Sediment Concentration,1,south.xlsx
USGS-05471040,2002-05-05,51.0,mg/l,80154,Suspended Sediment Concentration,1,south.xlsx
USGS-05471040,2002-05-06,62.0,mg/l,80154,Suspended Sediment Concentration,1,south.xlsx
USGS-05471040,2002-05-10,67.0,mg/l,80154,Suspended Sediment Concentration,1,south.xlsx
USGS-05471040,2002-05-12,152.0,mg/l,80154,Suspended Sediment Concentration,1,south.xlsx
USGS-05471040,2002-05-13,164.0,mg/l,80154,Suspended Sediment Concentration,1,south.xlsx
USGS-05471040,2002-05-14,113.0,mg/l,80154,Suspended Sediment Concentration,1,south.xlsx
USGS-05471040,2002-05-15,99.0,mg/l,80154,Suspended Sediment Concentration,1,south.xlsx
USGS-05471040,2002-05-16,81.0,mg/l,80154,Suspended Sediment Concentration,1,south.xlsx
USGS-05471040,2002-05-17,66.0,mg/l,80154,Suspended Sediment Concentration,1,south.xlsx
USGS-05471040,2002-05-18,62.0,mg/l,80154,Suspended Sediment Concentration,1,south.xlsx
USGS-05471040,2002-05-20,59.0,mg/l,80154,Suspended Sediment Concentration,1,south.xlsx
USGS-05471040,2002-05-21,65.0,mg/l,80154,Suspended Sediment Concentration,1,south.xlsx
USGS-05471040,2002-05-22,63.0,mg/l,80154,Suspended Sediment Concentration,1,south.xlsx
USGS-05471040,2002-05-24,47.0,mg/l,80154,Suspended Sediment Concentration,1,south.xlsx
USGS-05471040,2002-05-25,87.0,mg/l,80154,Suspended Sediment Concentration,1,south.xlsx
USGS-05471040,2002-05-26,52.0,mg/l,80154,Suspended Sediment Concentration,1,south.xlsx
USGS-05471040,2002-05-27,62.0,mg/l,80154,Suspended Sediment Concentration,1,south.xlsx
USGS-05471040,2002-05-28,66.0,mg/l,80154,Suspended Sediment Concentration,1,south.xlsx
USGS-05471040,2002-05-29,53.0,mg/l,80154,Suspended Sediment Concentration,1,south.xlsx
USGS-05471040,2002-05-31,241.0,mg/l,80154,Suspended Sediment Concentration,1,south.xlsx
USGS-05471040,2002-06-01,335.0,mg/l,80154,Suspended Sediment Concentration,1,south.xlsx
USGS-05471040,2002-06-02,150.0,mg/l,80154,Suspended Sediment Concentration,1,south.xlsx
USGS-05471040,2002-06-03,136.0,mg/l,80154,Suspended Sediment Concentration,1,south.xlsx
USGS-05471040,2002-06-04,133.0,mg/l,80154,Suspended Sediment Concentration,1,south.xlsx
USGS-05471040,2002-06-05,115.0,mg/l,80154,Suspended Sediment Concentration,1,south.xlsx
USGS-05471040,2002-06-06,150.0,mg/l,80154,Suspended Sediment Concentration,1,south.xlsx
USGS-05471040,2002-06-07,140.0,mg/l,80154,Suspended Sediment Concentration,1,south.xlsx
USGS-05471040,2002-06-10,155.0,mg/l,80154,Suspended Sediment Concentration,1,south.xlsx
USGS-05471040,2002-06-11,153.0,mg/l,80154,Suspended Sediment Concentration,1,south.xlsx
USGS-05471040,2002-06-12,123.0,mg/l,80154,Suspended Sediment Concentration,1,south.xlsx
USGS-05471040,2002-06-13,395.0,mg/l,80154,Suspended Sediment Concentration,1,south.xlsx
USGS-05471040,2002-06-14,246.0,mg/l,80154,Suspended Sediment Concentration,1,south.xlsx
USGS-05471040,2002-06-17,114.0,mg/l,80154,Suspended Sediment Concentration,1,south.xlsx
USGS-05471040,2002-06-18,129.0,mg/l,80154,Suspended Sediment Concentration,1,south.xlsx
USGS-05471040,2002-06-19,81.0,mg/l,80154,Suspended Sediment Concentration,1,south.xlsx
USGS-05471040,2002-06-20,112.0,mg/l,80154,Suspended Sediment Concentration,1,south.xlsx
USGS-05471040,2002-06-21,92.0,mg/l,80154,Suspended Sediment Concentration,1,south.xlsx
USGS-05471040,2002-07-01,52.0,mg/l,80154,Suspended Sediment Concentration,1,south.xlsx
USGS-05471040,2002-07-02,66.0,mg/l,80154,Suspended Sediment Concentration,1,south.xlsx
USGS-05471040,2002-07-03,39.0,mg/l,80154,Suspended Sediment Concentration,1,south.xlsx
USGS-05471040,2002-07-07,325.0,mg/l,80154,Suspended Sediment Concentration,1,south.xlsx
USGS-05471040,2002-07-08,63.0,mg/l,80154,Suspended Sediment Concentration,1,south.xlsx
USGS-05471040,2002-07-09,58.0,mg/l,80154,Suspended Sediment Concentration,1,south.xlsx
USGS-05471040,2002-07-10,883.0,mg/l,80154,Suspended Sediment Concentration,1,south.xlsx
USGS-05471040,2002-07-11,305.0,mg/l,80154,Suspended Sediment Concentration,1,south.xlsx
USGS-05471040,2002-07-12,142.0,mg/l,80154,Suspended Sediment Concentration,1,south.xlsx
USGS-05471040,2002-07-21,29.0,mg/l,80154,Suspended Sediment Concentration,1,south.xlsx
USGS-05471040,2002-07-22,44.0,mg/l,80154,Suspended Sediment Concentration,1,south.xlsx
USGS-05471040,2002-07-23,22.0,mg/l,80154,Suspended Sediment Concentration,1,south.xlsx
USGS-05471040,2002-07-24,24.0,mg/l,80154,Suspended Sediment Concentration,1,south.xlsx
USGS-05471040,2002-07-25,82.0,mg/l,80154,Suspended Sediment Concentration,1,south.xlsx
USGS-05471040,2002-07-26,112.0,mg/l,80154,Suspended Sediment Concentration,1,south.xlsx
USGS-05471040,2002-07-28,74.0,mg/l,80154,Suspended Sediment Concentration,1,south.xlsx
USGS-05471040,2002-07-30,31.0,mg/l,80154,Suspended Sediment Concentration,1,south.xlsx
USGS-05471040,2002-07-31,22.0,mg/l,80154,Suspended Sediment Concentration,1,south.xlsx
USGS-05471040,2002-08-01,50.0,mg/l,80154,Suspended Sediment Concentration,1,south.xlsx
USGS-05471040,2002-08-02,49.0,mg/l,80154,Suspended Sediment Concentration,1,south.xlsx
USGS-05471040,2002-08-04,23.0,mg/l,80154,Suspended Sediment Concentration,1,south.xlsx
USGS-05471040,2002-08-05,67.0,mg/l,80154,Suspended Sediment Concentration,1,south.xlsx
USGS-05471040,2002-08-06,21.0,mg/l,80154,Suspended Sediment Concentration,1,south.xlsx
USGS-05471040,2002-08-07,30.0,mg/l,80154,Suspended Sediment Concentration,1,south.xlsx
USGS-05471040,2002-08-08,50.0,mg/l,80154,Suspended Sediment Concentration,1,south.xlsx
USGS-05471040,2002-08-09,30.0,mg/l,80154,Suspended Sediment Concentration,1,south.xlsx
USGS-05471040,2002-08-12,263.0,mg/l,80154,Suspended Sediment Concentration,1,south.xlsx
USGS-05471040,2002-08-13,43.0,mg/l,80154,Suspended Sediment Concentration,1,south.xlsx
USGS-05471040,2002-08-14,17.0,mg/l,80154,Suspended Sediment Concentration,1,south.xlsx
USGS-05471040,2002-08-15,22.0,mg/l,80154,Suspended Sediment Concentration,1,south.xlsx
USGS-05471040,2002-08-16,34.0,mg/l,80154,Suspended Sediment Concentration,1,south.xlsx
USGS-05471040,2002-08-26,32.0,mg/l,80154,Suspended Sediment Concentration,1,south.xlsx
USGS-05471040,2002-08-27,49.0,mg/l,80154,Suspended Sediment Concentration,1,south.xlsx
USGS-05471040,2002-08-28,69.0,mg/l,80154,Suspended Sediment Concentration,1,south.xlsx
USGS-05471040,2002-08-29,51.0,mg/l,80154,Suspended Sediment Concentration,1,south.xlsx
USGS-05471040,2002-08-30,24.0,mg/l,80154,Suspended Sediment Concentration,1,south.xlsx
USGS-05471040,2002-09-02,168.0,mg/l,80154,Suspended Sediment Concentration,1,south.xlsx
USGS-05471040,2002-09-03,31.0,mg/l,80154,Suspended Sediment Concentration,1,south.xlsx
USGS-05471040,2002-09-04,20.0,mg/l,80154,Suspended Sediment Concentration,1,south.xlsx
USGS-05471040,2002-09-08,28.0,mg/l,80154,Suspended Sediment Concentration,1,south.xlsx
USGS-05471040,2002-09-09,21.0,mg/l,80154,Suspended Sediment Concentration,1,south.xlsx
USGS-05471040,2002-09-10,42.0,mg/l,80154,Suspended Sediment Concentration,1,south.xlsx
USGS-05471040,2002-09-11,36.0,mg/l,80154,Suspended Sediment Concentration,1,south.xlsx
USGS-05471040,2002-09-12,20.0,mg/l,80154,Suspended Sediment Concentration,1,south.xlsx
USGS-05471040,2002-09-13,20.0,mg/l,80154,Suspended Sediment Concentration,1,south.xlsx
USGS-05471040,2002-09-16,19.0,mg/l,80154,Suspended Sediment Concentration,1,south.xlsx
USGS-05471040,2002-09-17,44.0,mg/l,80154,Suspended Sediment Concentration,1,south.xlsx
USGS-05471040,2002-09-18,29.0,mg/l,80154,Suspended Sediment Concentration,1,south.xlsx
USGS-05471040,2002-09-19,66.0,mg/l,80154,Suspended Sediment Concentration,1,south.xlsx
USGS-05471040,2002-09-20,43.0,mg/l,80154,Suspended Sediment Concentration,1,south.xlsx
USGS-05471040,2002-09-22,26.0,mg/l,80154,Suspended Sediment Concentration,1,south.xlsx
USGS-05471040,2002-09-23,32.0,mg/l,80154,Suspended Sediment Concentration,1,south.xlsx
USGS-05471040,2002-09-24,39.0,mg/l,80154,Suspended Sediment Concentration,1,south.xlsx
USGS-05471040,2002-09-29,12.0,mg/l,80154,Suspended Sediment Concentration,1,south.xlsx
USGS-05471040,2002-09-30,9.0,mg/l,80154,Suspended Sediment Concentration,1,south.xlsx
USGS-05471040,2002-10-01,455.0,mg/l,80154,Suspended Sediment Concentration,1,south.xlsx
USGS-05471040,2002-10-02,388.0,mg/l,80154,Suspended Sediment Concentration,1,south.xlsx
USGS-05471040,2002-10-03,93.0,mg/l,80154,Suspended Sediment Concentration,1,south.xlsx
USGS-05471040,2002-10-04,49.0,mg/l,80154,Suspended Sediment Concentration,1,south.xlsx
USGS-05471040,2002-10-06,55.0,mg/l,80154,Suspended Sediment Concentration,1,south.xlsx
USGS-05471040,2002-10-07,83.0,mg/l,80154,Suspended Sediment Concentration,1,south.xlsx
USGS-05471040,2002-10-08,56.0,mg/l,80154,Suspended Sediment Concentration,1,south.xlsx
USGS-05471040,2002-10-09,83.0,mg/l,80154,Suspended Sediment Concentration,1,south.xlsx
USGS-05471040,2002-10-10,98.0,mg/l,80154,Suspended Sediment Concentration,1,south.xlsx
USGS-05471040,2002-10-11,65.0,mg/l,80154,Suspended Sediment Concentration,1,south.xlsx
USGS-05471040,2002-10-14,97.0,mg/l,80154,Suspended Sediment Concentration,1,south.xlsx
USGS-05471040,2002-10-15,66.0,mg/l,80154,Suspended Sediment Concentration,1,south.xlsx
USGS-05471040,2002-10-16,110.0,mg/l,80154,Suspended Sediment Concentration,1,south.xlsx
USGS-05471040,2002-10-18,80.0,mg/l,80154,Suspended Sediment Concentration,1,south.xlsx
USGS-05471040,2002-10-19,96.0,mg/l,80154,Suspended Sediment Concentration,1,south.xlsx
USGS-05471040,2002-10-20,35.0,mg/l,80154,Suspended Sediment Concentration,1,south.xlsx
USGS-05471040,2002-10-21,57.0,mg/l,80154,Suspended Sediment Concentration,1,south.xlsx
USGS-05471040,2002-10-22,98.0,mg/l,80154,Suspended Sediment Concentration,1,south.xlsx
USGS-05471040,2002-10-23,67.0,mg/l,80154,Suspended Sediment Concentration,1,south.xlsx
USGS-05471040,2002-10-24,27.0,mg/l,80154,Suspended Sediment Concentration,1,south.xlsx
USGS-05471040,2002-10-25,40.0,mg/l,80154,Suspended Sediment Concentration,1,south.xlsx
USGS-05471040,2002-10-28,23.0,mg/l,80154,Suspended Sediment Concentration,1,south.xlsx
USGS-05471040,2002-10-29,50.0,mg/l,80154,Suspended Sediment Concentration,1,south.xlsx
USGS-05471040,2002-10-31,47.0,mg/l,80154,Suspended Sediment Concentration,1,south.xlsx
USGS-05471040,2002-11-01,87.0,mg/l,80154,Suspended Sediment Concentration,1,south.xlsx
USGS-05471040,2002-11-02,65.0,mg/l,80154,Suspended Sediment Concentration,1,south.xlsx
USGS-05471040,2002-11-03,58.0,mg/l,80154,Suspended Sediment Concentration,1,south.xlsx
USGS-05471040,2002-11-04,60.0,mg/l,80154,Suspended Sediment Concentration,1,south.xlsx
USGS-05471040,2002-11-05,46.0,mg/l,80154,Suspended Sediment Concentration,1,south.xlsx
USGS-05471040,2002-11-06,61.0,mg/l,80154,Suspended Sediment Concentration,1,south.xlsx
USGS-05471040,2002-11-11,142.0,mg/l,80154,Suspended Sediment Concentration,1,south.xlsx
USGS-05471040,2002-11-12,66.0,mg/l,80154,Suspended Sediment Concentration,1,south.xlsx
USGS-05471040,2002-11-13,68.0,mg/l,80154,Suspended Sediment Concentration,1,south.xlsx
USGS-05471040,2002-11-14,46.0,mg/l,80154,Suspended Sediment Concentration,1,south.xlsx
USGS-05471040,2002-11-15,59.0,mg/l,80154,Suspended Sediment Concentration,1,south.xlsx
USGS-05471040,2002-11-17,66.0,mg/l,80154,Suspended Sediment Concentration,1,south.xlsx
USGS-05471040,2002-11-18,27.0,mg/l,80154,Suspended Sediment Concentration,1,south.xlsx
USGS-05471040,2002-11-19,25.0,mg/l,80154,Suspended Sediment Concentration,1,south.xlsx
USGS-05471040,2002-11-20,15.0,mg/l,80154,Suspended Sediment Concentration,1,south.xlsx
USGS-05471040,2002-11-21,13.0,mg/l,80154,Suspended Sediment Concentration,1,south.xlsx
USGS-05471040,2002-11-22,27.0,mg/l,80154,Suspended Sediment Concentration,1,south.xlsx
USGS-05471040,2002-11-23,14.0,mg/l,80154,Suspended Sediment Concentration,1,south.xlsx
USGS-05471040,2002-11-24,14.0,mg/l,80154,Suspended Sediment Concentration,1,south.xlsx
USGS-05471040,2002-11-25,17.0,mg/l,80154,Suspended Sediment Concentration,1,south.xlsx
USGS-05471040,2002-11-26,20.0,mg/l,80154,Suspended Sediment Concentration,1,south.xlsx
USGS-05471040,2002-11-27,22.0,mg/l,80154,Suspended Sediment Concentration,1,south.xlsx
USGS-05471040,2002-11-29,16.0,mg/l,80154,Suspended Sediment Concentration,1,south.xlsx
USGS-05471040,2002-12-01,19.0,mg/l,80154,Suspended Sediment Concentration,1,south.xlsx
USGS-05471040,2002-12-02,16.0,mg/l,80154,Suspended Sediment Concentration,1,south.xlsx
USGS-05471040,2002-12-03,11.0,mg/l,80154,Suspended Sediment Concentration,1,south.xlsx
USGS-05471040,2002-12-04,13.0,mg/l,80154,Suspended Sediment Concentration,1,south.xlsx
USGS-05471040,2002-12-05,8.0,mg/l,80154,Suspended Sediment Concentration,1,south.xlsx
USGS-05471040,2002-12-06,29.0,mg/l,80154,Suspended Sediment Concentration,1,south.xlsx
USGS-05471040,2002-12-08,10.0,mg/l,80154,Suspended Sediment Concentration,1,south.xlsx
USGS-05471040,2002-12-09,14.0,mg/l,80154,Suspended Sediment Concentration,1,south.xlsx
USGS-05471040,2002-12-10,8.0,mg/l,80154,Suspended Sediment Concentration,1,south.xlsx
USGS-05471040,2002-12-11,50.0,mg/l,80154,Suspended Sediment Concentration,1,south.xlsx
USGS-05471040,2002-12-12,12.0,mg/l,80154,Suspended Sediment Concentration,1,south.xlsx
USGS-05471040,2002-12-13,51.0,mg/l,80154,Suspended Sediment Concentration,1,south.xlsx
USGS-05471040,2002-12-15,58.0,mg/l,80154,Suspended Sediment Concentration,1,south.xlsx
USGS-05471040,2002-12-16,60.0,mg/l,80154,Suspended Sediment Concentration,1,south.xlsx
USGS-05471040,2002-12-17,64.0,mg/l,80154,Suspended Sediment Concentration,1,south.xlsx
USGS-05471040,2002-12-18,41.0,mg/l,80154,Suspended Sediment Concentration,1,south.xlsx
USGS-05471040,2002-12-19,44.0,mg/l,80154,Suspended Sediment Concentration,1,south.xlsx
USGS-05471040,2002-12-20,73.0,mg/l,80154,Suspended Sediment Concentration,1,south.xlsx
USGS-05471040,2002-12-21,71.0,mg/l,80154,Suspended Sediment Concentration,1,south.xlsx
USGS-05471040,2002-12-23,88.0,mg/l,80154,Suspended Sediment Concentration,1,south.xlsx
USGS-05471040,2002-12-24,67.0,mg/l,80154,Suspended Sediment Concentration,1,south.xlsx
USGS-05471040,2002-12-26,53.0,mg/l,80154,Suspended Sediment Concentration,1,south.xlsx
USGS-05471040,2002-12-27,51.0,mg/l,80154,Suspended Sediment Concentration,1,south.xlsx
USGS-05471040,2002-12-29,42.0,mg/l,80154,Suspended Sediment Concentration,1,south.xlsx
USGS-05471040,2002-12-30,63.0,mg/l,80154,Suspended Sediment Concentration,1,south.xlsx
USGS-05471040,2002-12-31,69.0,mg/l,80154,Suspended Sediment Concentration,1,south.xlsx
USGS-05471040,2003-01-01,60.0,mg/l,80154,Suspended Sediment Concentration,1,south.xlsx
USGS-05471040,2003-01-02,40.0,mg/l,80154,Suspended Sediment Concentration,1,south.xlsx
USGS-05471040,2003-01-03,70.0,mg/l,80154,Suspended Sediment Concentration,1,south.xlsx
USGS-05471040,2003-01-04,80.0,mg/l,80154,Suspended Sediment Concentration,1,south.xlsx
USGS-05471040,2003-01-05,86.0,mg/l,80154,Suspended Sediment Concentration,1,south.xlsx
USGS-05471040,2003-01-06,59.0,mg/l,80154,Suspended Sediment Concentration,1,south.xlsx
USGS-05471040,2003-01-07,48.0,mg/l,80154,Suspended Sediment Concentration,1,south.xlsx
USGS-05471040,2003-01-08,55.0,mg/l,80154,Suspended Sediment Concentration,1,south.xlsx
USGS-05471040,2003-01-09,66.0,mg/l,80154,Suspended Sediment Concentration,1,south.xlsx
USGS-05471040,2003-01-10,69.0,mg/l,80154,Suspended Sediment Concentration,1,south.xlsx
USGS-05471040,2003-01-11,77.0,mg/l,80154,Suspended Sediment Concentration,1,south.xlsx
USGS-05471040,2003-01-12,98.0,mg/l,80154,Suspended Sediment Concentration,1,south.xlsx
USGS-05471040,2003-01-13,82.0,mg/l,80154,Suspended Sediment Concentration,1,south.xlsx
USGS-05471040,2003-01-14,52.0,mg/l,80154,Suspended Sediment Concentration,1,south.xlsx
USGS-05471040,2003-01-15,89.0,mg/l,80154,Suspended Sediment Concentration,1,south.xlsx
USGS-05471040,2003-01-16,76.0,mg/l,80154,Suspended Sediment Concentration,1,south.xlsx
USGS-05471040,2003-01-17,12.0,mg/l,80154,Suspended Sediment Concentration,1,south.xlsx
USGS-05471040,2003-01-18,56.0,mg/l,80154,Suspended Sediment Concentration,1,south.xlsx
USGS-05471040,2003-01-19,79.0,mg/l,80154,Suspended Sediment Concentration,1,south.xlsx
USGS-05471040,2003-01-20,103.0,mg/l,80154,Suspended Sediment Concentration,1,south.xlsx
USGS-05471040,2003-01-21,79.0,mg/l,80154,Suspended Sediment Concentration,1,south.xlsx
USGS-05471040,2003-01-22,23.0,mg/l,80154,Suspended Sediment Concentration,1,south.xlsx
USGS-05471040,2003-01-26,24.0,mg/l,80154,Suspended Sediment Concentration,1,south.xlsx
USGS-05471040,2003-01-27,19.0,mg/l,80154,Suspended Sediment Concentration,1,south.xlsx
USGS-05471040,2003-01-28,7.0,mg/l,80154,Suspended Sediment Concentration,1,south.xlsx
USGS-05471040,2003-01-29,30.0,mg/l,80154,Suspended Sediment Concentration,1,south.xlsx
USGS-05471040,2003-01-30,32.0,mg/l,80154,Suspended Sediment Concentration,1,south.xlsx
USGS-05471040,2003-01-31,39.0,mg/l,80154,Suspended Sediment Concentration,1,south.xlsx
USGS-05471040,2003-02-01,28.0,mg/l,80154,Suspended Sediment Concentration,1,south.xlsx
USGS-05471040,2003-02-02,15.0,mg/l,80154,Suspended Sediment Concentration,1,south.xlsx
USGS-05471040,2003-02-03,20.0,mg/l,80154,Suspended Sediment Concentration,1,south.xlsx
USGS-05471040,2003-02-04,19.0,mg/l,80154,Suspended Sediment Concentration,1,south.xlsx
USGS-05471040,2003-02-05,44.0,mg/l,80154,Suspended Sediment Concentration,1,south.xlsx
USGS-05471040,2003-02-06,19.0,mg/l,80154,Suspended Sediment Concentration,1,south.xlsx
USGS-05471040,2003-02-10,19.0,mg/l,80154,Suspended Sediment Concentration,1,south.xlsx
USGS-05471040,2003-02-11,34.0,mg/l,80154,Suspended Sediment Concentration,1,south.xlsx
USGS-05471040,2003-02-12,31.0,mg/l,80154,Suspended Sediment Concentration,1,south.xlsx
USGS-05471040,2003-02-13,25.0,mg/l,80154,Suspended Sediment Concentration,1,south.xlsx
USGS-05471040,2003-02-14,18.0,mg/l,80154,Suspended Sediment Concentration,1,south.xlsx
USGS-05471040,2003-02-16,38.0,mg/l,80154,Suspended Sediment Concentration,1,south.xlsx
USGS-05471040,2003-02-17,27.0,mg/l,80154,Suspended Sediment Concentration,1,south.xlsx
USGS-05471040,2003-02-18,44.0,mg/l,80154,Suspended Sediment Concentration,1,south.xlsx
USGS-05471040,2003-02-19,19.0,mg/l,80154,Suspended Sediment Concentration,1,south.xlsx
USGS-05471040,2003-02-20,78.0,mg/l,80154,Suspended Sediment Concentration,1,south.xlsx
USGS-05471040,2003-02-21,35.0,mg/l,80154,Suspended Sediment Concentration,1,south.xlsx
USGS-05471040,2003-02-23,64.0,mg/l,80154,Suspended Sediment Concentration,1,south.xlsx
USGS-05471040,2003-02-24,13.0,mg/l,80154,Suspended Sediment Concentration,1,south.xlsx
USGS-05471040,2003-02-25,9.0,mg/l,80154,Suspended Sediment Concentration,1,south.xlsx
USGS-05471040,2003-02-26,9.0,mg/l,80154,Suspended Sediment Concentration,1,south.xlsx
USGS-05471040,2003-02-27,8.0,mg/l,80154,Suspended Sediment Concentration,1,south.xlsx
USGS-05471040,2003-02-28,10.0,mg/l,80154,Suspended Sediment Concentration,1,south.xlsx
USGS-05471040,2003-03-03,16.0,mg/l,80154,Suspended Sediment Concentration,1,south.xlsx
USGS-05471040,2003-03-04,15.0,mg/l,80154,Suspended Sediment Concentration,1,south.xlsx
USGS-05471040,2003-03-05,36.0,mg/l,80154,Suspended Sediment Concentration,1,south.xlsx
USGS-05471040,2003-03-06,32.0,mg/l,80154,Suspended Sediment Concentration,1,south.xlsx
USGS-05471040,2003-03-07,19.0,mg/l,80154,Suspended Sediment Concentration,1,south.xlsx
USGS-05471040,2003-03-09,33.0,mg/l,80154,Suspended Sediment Concentration,1,south.xlsx
USGS-05471040,2003-03-10,14.0,mg/l,80154,Suspended Sediment Concentration,1,south.xlsx
USGS-05471040,2003-03-11,48.0,mg/l,80154,Suspended Sediment Concentration,1,south.xlsx
USGS-05471040,2003-03-12,170.0,mg/l,80154,Suspended Sediment Concentration,1,south.xlsx
USGS-05471040,2003-03-13,877.0,mg/l,80154,Suspended Sediment Concentration,1,south.xlsx
USGS-05471040,2003-03-14,1560.0,mg/l,80154,Suspended Sediment Concentration,1,south.xlsx
USGS-05471040,2003-03-15,498.0,mg/l,80154,Suspended Sediment Concentration,1,south.xlsx
USGS-05471040,2003-03-16,249.0,mg/l,80154,Suspended Sediment Concentration,1,south.xlsx
USGS-05471040,2003-03-17,93.0,mg/l,80154,Suspended Sediment Concentration,1,south.xlsx
USGS-05471040,2003-03-18,45.0,mg/l,80154,Suspended Sediment Concentration,1,south.xlsx
USGS-05471040,2003-03-19,36.0,mg/l,80154,Suspended Sediment Concentration,1,south.xlsx
USGS-05471040,2003-03-20,29.0,mg/l,80154,Suspended Sediment Concentration,1,south.xlsx
USGS-05471040,2003-03-21,22.0,mg/l,80154,Suspended Sediment Concentration,1,south.xlsx
USGS-05471040,2003-03-24,19.0,mg/l,80154,Suspended Sediment Concentration,1,south.xlsx
USGS-05471040,2003-03-30,14.0,mg/l,80154,Suspended Sediment Concentration,1,south.xlsx
USGS-05471040,2003-03-31,21.0,mg/l,80154,Suspended Sediment Concentration,1,south.xlsx
USGS-05471040,2003-04-01,14.0,mg/l,80154,Suspended Sediment Concentration,1,south.xlsx
USGS-05471040,2003-04-02,17.0,mg/l,80154,Suspended Sediment Concentration,1,south.xlsx
USGS-05471040,2003-04-03,18.0,mg/l,80154,Suspended Sediment Concentration,1,south.xlsx
USGS-05471040,2003-04-04,25.0,mg/l,80154,Suspended Sediment Concentration,1,south.xlsx
USGS-05471040,2003-04-05,16.0,mg/l,80154,Suspended Sediment Concentration,1,south.xlsx
USGS-05471040,2003-04-07,30.0,mg/l,80154,Suspended Sediment Concentration,1,south.xlsx
USGS-05471040,2003-04-08,16.0,mg/l,80154,Suspended Sediment Concentration,1,south.xlsx
USGS-05471040,2003-04-09,10.0,mg/l,80154,Suspended Sediment Concentration,1,south.xlsx
USGS-05471040,2003-04-10,12.0,mg/l,80154,Suspended Sediment Concentration,1,south.xlsx
USGS-05471040,2003-04-11,10.0,mg/l,80154,Suspended Sediment Concentration,1,south.xlsx
USGS-05471040,2003-04-12,10.0,mg/l,80154,Suspended Sediment Concentration,1,south.xlsx
USGS-05471040,2003-04-13,8.0,mg/l,80154,Suspended Sediment Concentration,1,south.xlsx
USGS-05471040,2003-04-14,17.0,mg/l,80154,Suspended Sediment Concentration,1,south.xlsx
USGS-05471040,2003-04-16,30.0,mg/l,80154,Suspended Sediment Concentration,1,south.xlsx
USGS-05471040,2003-04-17,17.0,mg/l,80154,Suspended Sediment Concentration,1,south.xlsx
USGS-05471040,2003-04-18,7.0,mg/l,80154,Suspended Sediment Concentration,1,south.xlsx
USGS-05471040,2003-04-20,77.0,mg/l,80154,Suspended Sediment Concentration,1,south.xlsx
USGS-05471040,2003-04-21,40.0,mg/l,80154,Suspended Sediment Concentration,1,south.xlsx
USGS-05471040,2003-04-22,33.0,mg/l,80154,Suspended Sediment Concentration,1,south.xlsx
USGS-05471040,2003-04-23,25.0,mg/l,80154,Suspended Sediment Concentration,1,south.xlsx
USGS-05471040,2003-04-24,35.0,mg/l,80154,Suspended Sediment Concentration,1,south.xlsx
USGS-05471040,2003-04-25,30.0,mg/l,80154,Suspended Sediment Concentration,1,south.xlsx
USGS-05471040,2003-04-26,33.0,mg/l,80154,Suspended Sediment Concentration,1,south.xlsx
USGS-05471040,2003-04-27,30.0,mg/l,80154,Suspended Sediment Concentration,1,south.xlsx
USGS-05471040,2003-04-28,27.0,mg/l,80154,Suspended Sediment Concentration,1,south.xlsx
USGS-05471040,2003-04-29,37.0,mg/l,80154,Suspended Sediment Concentration,1,south.xlsx
USGS-05471040,2003-04-30,979.0,mg/l,80154,Suspended Sediment Concentration,1,south.xlsx
USGS-05471040,2003-05-01,348.0,mg/l,80154,Suspended Sediment Concentration,1,south.xlsx
USGS-05471040,2003-05-02,120.0,mg/l,80154,Suspended Sediment Concentration,1,south.xlsx
USGS-05471040,2003-05-04,3560.0,mg/l,80154,Suspended Sediment Concentration,1,south.xlsx
USGS-05471040,2003-05-05,568.0,mg/l,80154,Suspended Sediment Concentration,1,south.xlsx
USGS-05471040,2003-05-06,256.0,mg/l,80154,Suspended Sediment Concentration,1,south.xlsx
USGS-05471040,2003-05-07,672.0,mg/l,80154,Suspended Sediment Concentration,1,south.xlsx
USGS-05471040,2003-05-08,379.0,mg/l,80154,Suspended Sediment Concentration,1,south.xlsx
USGS-05471040,2003-05-09,923.0,mg/l,80154,Suspended Sediment Concentration,1,south.xlsx
USGS-05471040,2003-05-10,576.0,mg/l,80154,Suspended Sediment Concentration,1,south.xlsx
USGS-05471040,2003-05-11,291.0,mg/l,80154,Suspended Sediment Concentration,1,south.xlsx
USGS-05471040,2003-05-12,205.0,mg/l,80154,Suspended Sediment Concentration,1,south.xlsx
USGS-05471040,2003-05-13,157.0,mg/l,80154,Suspended Sediment Concentration,1,south.xlsx
USGS-05471040,2003-05-14,219.0,mg/l,80154,Suspended Sediment Concentration,1,south.xlsx
USGS-05471040,2003-05-15,122.0,mg/l,80154,Suspended Sediment Concentration,1,south.xlsx
USGS-05471040,2003-05-16,115.0,mg/l,80154,Suspended Sediment Concentration,1,south.xlsx
USGS-05471040,2003-05-17,142.0,mg/l,80154,Suspended Sediment Concentration,1,south.xlsx
USGS-05471040,2003-05-19,868.0,mg/l,80154,Suspended Sediment Concentration,1,south.xlsx
USGS-05471040,2003-05-20,83.0,mg/l,80154,Suspended Sediment Concentration,1,south.xlsx
USGS-05471040,2003-05-21,62.0,mg/l,80154,Suspended Sediment Concentration,1,south.xlsx
USGS-05471040,2003-05-22,61.0,mg/l,80154,Suspended Sediment Concentration,1,south.xlsx
USGS-05471040,2003-05-23,68.0,mg/l,80154,Suspended Sediment Concentration,1,south.xlsx
USGS-05471040,2003-05-26,41.0,mg/l,80154,Suspended Sediment Concentration,1,south.xlsx
USGS-05471040,2003-05-27,60.0,mg/l,80154,Suspended Sediment Concentration,1,south.xlsx
USGS-05471040,2003-05-28,32.0,mg/l,80154,Suspended Sediment Concentration,1,south.xlsx
USGS-05471040,2003-05-29,62.0,mg/l,80154,Suspended Sediment Concentration,1,south.xlsx
USGS-05471040,2003-05-30,38.0,mg/l,80154,Suspended Sediment Concentration,1,south.xlsx
USGS-05471040,2003-06-01,46.0,mg/l,80154,Suspended Sediment Concentration,1,south.xlsx
USGS-05471040,2003-06-02,1930.0,mg/l,80154,Suspended Sediment Concentration,1,south.xlsx
USGS-05471040,2003-06-03,24.0,mg/l,80154,Suspended Sediment Concentration,1,south.xlsx
USGS-05471040,2003-06-04,29.0,mg/l,80154,Suspended Sediment Concentration,1,south.xlsx
USGS-05471040,2003-06-05,25.0,mg/l,80154,Suspended Sediment Concentration,1,south.xlsx
USGS-05471040,2003-06-06,244.0,mg/l,80154,Suspended Sediment Concentration,1,south.xlsx
USGS-05471040,2003-06-08,138.0,mg/l,80154,Suspended Sediment Concentration,1,south.xlsx
USGS-05471040,2003-06-09,77.0,mg/l,80154,Suspended Sediment Concentration,1,south.xlsx
USGS-05471040,2003-06-10,101.0,mg/l,80154,Suspended Sediment Concentration,1,south.xlsx
USGS-05471040,2003-06-11,68.0,mg/l,80154,Suspended Sediment Concentration,1,south.xlsx
USGS-05471040,2003-06-12,61.0,mg/l,80154,Suspended Sediment Concentration,1,south.xlsx
USGS-05471040,2003-06-13,78.0,mg/l,80154,Suspended Sediment Concentration,1,south.xlsx
USGS-05471040,2003-06-15,56.0,mg/l,80154,Suspended Sediment Concentration,1,south.xlsx
USGS-05471040,2003-06-16,62.0,mg/l,80154,Suspended Sediment Concentration,1,south.xlsx
USGS-05471040,2003-06-17,75.0,mg/l,80154,Suspended Sediment Concentration,1,south.xlsx
USGS-05471040,2003-06-18,70.0,mg/l,80154,Suspended Sediment Concentration,1,south.xlsx
USGS-05471040,2003-06-19,40.0,mg/l,80154,Suspended Sediment Concentration,1,south.xlsx
USGS-05471040,2003-06-29,79.0,mg/l,80154,Suspended Sediment Concentration,1,south.xlsx
USGS-05471040,2003-06-30,76.0,mg/l,80154,Suspended Sediment Concentration,1,south.xlsx
USGS-05471040,2003-07-01,63.0,mg/l,80154,Suspended Sediment Concentration,1,south.xlsx
USGS-05471040,2003-07-02,85.0,mg/l,80154,Suspended Sediment Concentration,1,south.xlsx
USGS-05471040,2003-07-03,74.0,mg/l,80154,Suspended Sediment Concentration,1,south.xlsx
USGS-05471040,2003-07-06,51.0,mg/l,80154,Suspended Sediment Concentration,1,south.xlsx
USGS-05471040,2003-07-07,63.0,mg/l,80154,Suspended Sediment Concentration,1,south.xlsx
USGS-05471040,2003-07-08,449.0,mg/l,80154,Suspended Sediment Concentration,1,south.xlsx
USGS-05471040,2003-07-09,320.0,mg/l,80154,Suspended Sediment Concentration,1,south.xlsx
USGS-05471040,2003-07-10,174.0,mg/l,80154,Suspended Sediment Concentration,1,south.xlsx
USGS-05471040,2003-07-11,131.0,mg/l,80154,Suspended Sediment Concentration,1,south.xlsx
USGS-05471040,2003-07-20,61.0,mg/l,80154,Suspended Sediment Concentration,1,south.xlsx
USGS-05471040,2003-07-21,44.0,mg/l,80154,Suspended Sediment Concentration,1,south.xlsx
USGS-05471040,2003-07-22,39.0,mg/l,80154,Suspended Sediment Concentration,1,south.xlsx
USGS-05471040,2003-07-23,33.0,mg/l,80154,Suspended Sediment Concentration,1,south.xlsx
USGS-05471040,2003-07-24,43.0,mg/l,80154,Suspended Sediment Concentration,1,south.xlsx
USGS-05471040,2003-07-25,189.0,mg/l,80154,Suspended Sediment Concentration,1,south.xlsx
USGS-05471040,2003-07-26,25.0,mg/l,80154,Suspended Sediment Concentration,1,south.xlsx
USGS-05471040,2003-07-27,37.0,mg/l,80154,Suspended Sediment Concentration,1,south.xlsx
USGS-05471040,2003-07-28,32.0,mg/l,80154,Suspended Sediment Concentration,1,south.xlsx
USGS-05471040,2003-07-29,52.0,mg/l,80154,Suspended Sediment Concentration,1,south.xlsx
USGS-05471040,2003-07-30,23.0,mg/l,80154,Suspended Sediment Concentration,1,south.xlsx
USGS-05471040,2003-07-31,18.0,mg/l,80154,Suspended Sediment Concentration,1,south.xlsx
USGS-05471040,2003-08-01,19.0,mg/l,80154,Suspended Sediment Concentration,1,south.xlsx
USGS-05471040,2003-08-02,20.0,mg/l,80154,Suspended Sediment Concentration,1,south.xlsx
USGS-05471040,2003-08-04,14.0,mg/l,80154,Suspended Sediment Concentration,1,south.xlsx
USGS-05471040,2003-08-05,17.0,mg/l,80154,Suspended Sediment Concentration,1,south.xlsx
USGS-05471040,2003-08-06,15.0,mg/l,80154,Suspended Sediment Concentration,1,south.xlsx
USGS-05471040,2003-08-07,18.0,mg/l,80154,Suspended Sediment Concentration,1,south.xlsx
USGS-05471040,2003-08-08,13.0,mg/l,80154,Suspended Sediment Concentration,1,south.xlsx
USGS-05471040,2003-08-09,15.0,mg/l,80154,Suspended Sediment Concentration,1,south.xlsx
USGS-05471040,2003-08-10,12.0,mg/l,80154,Suspended Sediment Concentration,1,south.xlsx
USGS-05471040,2003-08-11,10.0,mg/l,80154,Suspended Sediment Concentration,1,south.xlsx
USGS-05471040,2003-08-12,96.0,mg/l,80154,Suspended Sediment Concentration,1,south.xlsx
USGS-05471040,2003-08-13,68.0,mg/l,80154,Suspended Sediment Concentration,1,south.xlsx
USGS-05471040,2003-08-14,65.0,mg/l,80154,Suspended Sediment Concentration,1,south.xlsx
USGS-05471040,2003-08-24,40.0,mg/l,80154,Suspended Sediment Concentration,1,south.xlsx
USGS-05471040,2003-08-25,19.0,mg/l,80154,Suspended Sediment Concentration,1,south.xlsx
USGS-05471040,2003-08-26,24.0,mg/l,80154,Suspended Sediment Concentration,1,south.xlsx
USGS-05471040,2003-08-27,27.0,mg/l,80154,Suspended Sediment Concentration,1,south.xlsx
USGS-05471040,2003-08-28,25.0,mg/l,80154,Suspended Sediment Concentration,1,south.xlsx
USGS-05471040,2003-08-29,19.0,mg/l,80154,Suspended Sediment Concentration,1,south.xlsx
USGS-05471040,2003-08-30,17.0,mg/l,80154,Suspended Sediment Concentration,1,south.xlsx
USGS-05471040,2003-09-01,14.0,mg/l,80154,Suspended Sediment Concentration,1,south.xlsx
USGS-05471040,2003-09-02,17.0,mg/l,80154,Suspended Sediment Concentration,1,south.xlsx
USGS-05471040,2003-09-03,723.0,mg/l,80154,Suspended Sediment Concentration,1,south.xlsx
USGS-05471040,2003-09-07,14.0,mg/l,80154,Suspended Sediment Concentration,1,south.xlsx
USGS-05471040,2003-09-08,20.0,mg/l,80154,Suspended Sediment Concentration,1,south.xlsx
USGS-05471040,2003-09-09,19.0,mg/l,80154,Suspended Sediment Concentration,1,south.xlsx
USGS-05471040,2003-09-10,16.0,mg/l,80154,Suspended Sediment Concentration,1,south.xlsx
USGS-05471040,2003-09-11,18.0,mg/l,80154,Suspended Sediment Concentration,1,south.xlsx
USGS-05471040,2003-09-12,130.0,mg/l,80154,Suspended Sediment Concentration,1,south.xlsx
USGS-05471040,2003-09-14,25.0,mg/l,80154,Suspended Sediment Concentration,1,south.xlsx
USGS-05471040,2003-09-15,22.0,mg/l,80154,Suspended Sediment Concentration,1,south.xlsx
USGS-05471040,2003-09-16,26.0,mg/l,80154,Suspended Sediment Concentration,1,south.xlsx
USGS-05471040,2003-09-17,20.0,mg/l,80154,Suspended Sediment Concentration,1,south.xlsx
USGS-05471040,2003-09-19,17.0,mg/l,80154,Suspended Sediment Concentration,1,south.xlsx
USGS-05471040,2003-09-20,28.0,mg/l,80154,Suspended Sediment Concentration,1,south.xlsx
USGS-05471040,2003-09-22,24.0,mg/l,80154,Suspended Sediment Concentration,1,south.xlsx
USGS-05471040,2003-09-23,26.0,mg/l,80154,Suspended Sediment Concentration,1,south.xlsx
USGS-05471040,2003-09-24,11.0,mg/l,80154,Suspended Sediment Concentration,1,south.xlsx
USGS-05471040,2003-09-28,27.0,mg/l,80154,Suspended Sediment Concentration,1,south.xlsx
USGS-05471040,2003-09-29,18.0,mg/l,80154,Suspended Sediment Concentration,1,south.xlsx
USGS-05471040,2003-10-01,31.0,mg/l,80154,Suspended Sediment Concentration,1,south.xlsx
USGS-05471040,2003-10-02,49.0,mg/l,80154,Suspended Sediment Concentration,2,south.xlsx
USGS-05471040,2003-10-03,38.0,mg/l,80154,Suspended Sediment Concentration,1,south.xlsx
USGS-05471040,2003-10-04,22.0,mg/l,80154,Suspended Sediment Concentration,1,south.xlsx
USGS-05471040,2003-10-06,7.0,mg/l,80154,Suspended Sediment Concentration,1,south.xlsx
USGS-05471040,2003-10-07,12.0,mg/l,80154,Suspended Sediment Concentration,1,south.xlsx
USGS-05471040,2003-10-08,12.0,mg/l,80154,Suspended Sediment Concentration,1,south.xlsx
USGS-05471040,2003-10-09,9.0,mg/l,80154,Suspended Sediment Concentration,1,south.xlsx
USGS-05471040,2003-10-10,18.0,mg/l,80154,Suspended Sediment Concentration,1,south.xlsx
USGS-05471040,2003-10-12,17.0,mg/l,80154,Suspended Sediment Concentration,1,south.xlsx
USGS-05471040,2003-10-13,20.0,mg/l,80154,Suspended Sediment Concentration,1,south.xlsx
USGS-05471040,2003-10-14,19.0,mg/l,80154,Suspended Sediment Concentration,1,south.xlsx
USGS-05471040,2003-10-15,18.0,mg/l,80154,Suspended Sediment Concentration,1,south.xlsx
USGS-05471040,2003-10-16,23.0,mg/l,80154,Suspended Sediment Concentration,1,south.xlsx
USGS-05471040,2003-10-17,9.0,mg/l,80154,Suspended Sediment Concentration,1,south.xlsx
USGS-05471040,2003-10-20,12.0,mg/l,80154,Suspended Sediment Concentration,1,south.xlsx
USGS-05471040,2003-10-21,9.0,mg/l,80154,Suspended Sediment Concentration,1,south.xlsx
USGS-05471040,2003-10-22,26.0,mg/l,80154,Suspended Sediment Concentration,1,south.xlsx
USGS-05471040,2003-10-23,21.0,mg/l,80154,Suspended Sediment Concentration,1,south.xlsx
USGS-05471040,2003-10-24,15.0,mg/l,80154,Suspended Sediment Concentration,1,south.xlsx
USGS-05471040,2003-10-25,57.0,mg/l,80154,Suspended Sediment Concentration,1,south.xlsx
USGS-05471040,2003-10-26,18.0,mg/l,80154,Suspended Sediment Concentration,1,south.xlsx
USGS-05471040,2003-10-27,16.0,mg/l,80154,Suspended Sediment Concentration,1,south.xlsx
USGS-05471040,2003-10-28,15.0,mg/l,80154,Suspended Sediment Concentration,1,south.xlsx
USGS-05471040,2003-10-29,42.0,mg/l,80154,Suspended Sediment Concentration,1,south.xlsx
USGS-05471040,2003-10-30,31.0,mg/l,80154,Suspended Sediment Concentration,1,south.xlsx
USGS-05471040,2003-10-31,37.0,mg/l,80154,Suspended Sediment Concentration,1,south.xlsx
USGS-05471040,2003-11-02,36.0,mg/l,80154,Suspended Sediment Concentration,1,south.xlsx
USGS-05471040,2003-11-03,400.0,mg/l,80154,Suspended Sediment Concentration,2,south.xlsx
USGS-05471040,2003-11-04,432.0,mg/l,80154,Suspended Sediment Concentration,1,south.xlsx
USGS-05471040,2003-11-05,117.0,mg/l,80154,Suspended Sediment Concentration,1,south.xlsx
USGS-05471040,2003-11-10,33.0,mg/l,80154,Suspended Sediment Concentration,1,south.xlsx
USGS-05471040,2003-11-11,25.0,mg/l,80154,Suspended Sediment Concentration,1,south.xlsx
USGS-05471040,2003-11-13,25.5,mg/l,80154,Suspended Sediment Concentration,2,south.xlsx
USGS-05471040,2003-11-16,86.0,mg/l,80154,Suspended Sediment Concentration,1,south.xlsx
USGS-05471040,2003-11-17,20.0,mg/l,80154,Suspended Sediment Concentration,1,south.xlsx
USGS-05471040,2003-11-18,14.0,mg/l,80154,Suspended Sediment Concentration,1,south.xlsx
USGS-05471040,2003-11-19,289.0,mg/l,80154,Suspended Sediment Concentration,1,south.xlsx
USGS-05471040,2003-11-20,14.0,mg/l,80154,Suspended Sediment Concentration,1,south.xlsx
USGS-05471040,2003-11-21,18.0,mg/l,80154,Suspended Sediment Concentration,1,south.xlsx
USGS-05471040,2003-11-22,15.0,mg/l,80154,Suspended Sediment Concentration,1,south.xlsx
USGS-05471040,2003-11-23,22.0,mg/l,80154,Suspended Sediment Concentration,1,south.xlsx
USGS-05471040,2003-11-24,23.0,mg/l,80154,Suspended Sediment Concentration,1,south.xlsx
USGS-05471040,2003-11-25,16.0,mg/l,80154,Suspended Sediment Concentration,1,south.xlsx
USGS-05471040,2003-11-26,19.0,mg/l,80154,Suspended Sediment Concentration,1,south.xlsx
USGS-05471040,2003-11-28,15.0,mg/l,80154,Suspended Sediment Concentration,1,south.xlsx
USGS-05471040,2003-11-30,22.0,mg/l,80154,Suspended Sediment Concentration,1,south.xlsx
USGS-05471040,2003-12-01,10.0,mg/l,80154,Suspended Sediment Concentration,1,south.xlsx
USGS-05471040,2003-12-02,14.0,mg/l,80154,Suspended Sediment Concentration,1,south.xlsx
USGS-05471040,2003-12-03,9.0,mg/l,80154,Suspended Sediment Concentration,1,south.xlsx
USGS-05471040,2003-12-04,10.0,mg/l,80154,Suspended Sediment Concentration,1,south.xlsx
USGS-05471040,2003-12-05,8.0,mg/l,80154,Suspended Sediment Concentration,1,south.xlsx
USGS-05471040,2003-12-07,11.0,mg/l,80154,Suspended Sediment Concentration,1,south.xlsx
USGS-05471040,2003-12-08,11.0,mg/l,80154,Suspended Sediment Concentration,1,south.xlsx
USGS-05471040,2003-12-09,22.0,mg/l,80154,Suspended Sediment Concentration,1,south.xlsx
USGS-05471040,2003-12-10,39.0,mg/l,80154,Suspended Sediment Concentration,1,south.xlsx
USGS-05471040,2003-12-11,36.0,mg/l,80154,Suspended Sediment Concentration,1,south.xlsx
USGS-05471040,2003-12-12,19.0,mg/l,80154,Suspended Sediment Concentration,1,south.xlsx
USGS-05471040,2003-12-15,18.0,mg/l,80154,Suspended Sediment Concentration,1,south.xlsx
USGS-05471040,2003-12-16,86.0,mg/l,80154,Suspended Sediment Concentration,2,south.xlsx
USGS-05471040,2003-12-17,40.0,mg/l,80154,Suspended Sediment Concentration,1,south.xlsx
USGS-05471040,2003-12-18,38.0,mg/l,80154,Suspended Sediment Concentration,1,south.xlsx
USGS-05471040,2003-12-19,76.0,mg/l,80154,Suspended Sediment Concentration,1,south.xlsx
USGS-05471040,2003-12-21,72.0,mg/l,80154,Suspended Sediment Concentration,1,south.xlsx
USGS-05471040,2003-12-22,16.0,mg/l,80154,Suspended Sediment Concentration,1,south.xlsx
USGS-05471040,2003-12-23,56.0,mg/l,80154,Suspended Sediment Concentration,1,south.xlsx
USGS-05471040,2003-12-24,74.0,mg/l,80154,Suspended Sediment Concentration,1,south.xlsx
USGS-05471040,2003-12-26,15.0,mg/l,80154,Suspended Sediment Concentration,1,south.xlsx
USGS-05471040,2003-12-28,29.0,mg/l,80154,Suspended Sediment Concentration,1,south.xlsx
USGS-05471040,2003-12-29,42.0,mg/l,80154,Suspended Sediment Concentration,1,south.xlsx
USGS-05471040,2003-12-30,73.0,mg/l,80154,Suspended Sediment Concentration,1,south.xlsx
USGS-05471040,2003-12-31,67.0,mg/l,80154,Suspended Sediment Concentration,1,south.xlsx
USGS-05471040,2004-01-01,60.0,mg/l,80154,Suspended Sediment Concentration,1,south.xlsx
USGS-05471040,2004-01-02,71.0,mg/l,80154,Suspended Sediment Concentration,1,south.xlsx
USGS-05471040,2004-01-03,31.0,mg/l,80154,Suspended Sediment Concentration,1,south.xlsx
USGS-05471040,2004-01-05,81.0,mg/l,80154,Suspended Sediment Concentration,1,south.xlsx
USGS-05471040,2004-01-06,87.0,mg/l,80154,Suspended Sediment Concentration,1,south.xlsx
USGS-05471040,2004-01-07,79.0,mg/l,80154,Suspended Sediment Concentration,1,south.xlsx
USGS-05471040,2004-01-08,70.0,mg/l,80154,Suspended Sediment Concentration,1,south.xlsx
USGS-05471040,2004-01-09,47.0,mg/l,80154,Suspended Sediment Concentration,1,south.xlsx
USGS-05471040,2004-01-12,52.0,mg/l,80154,Suspended Sediment Concentration,1,south.xlsx
USGS-05471040,2004-01-13,20.0,mg/l,80154,Suspended Sediment Concentration,1,south.xlsx
USGS-05471040,2004-01-14,44.0,mg/l,80154,Suspended Sediment Concentration,1,south.xlsx
USGS-05471040,2004-01-15,84.0,mg/l,80154,Suspended Sediment Concentration,1,south.xlsx
USGS-05471040,2004-01-16,53.0,mg/l,80154,Suspended Sediment Concentration,1,south.xlsx
USGS-05471040,2004-01-17,59.0,mg/l,80154,Suspended Sediment Concentration,1,south.xlsx
USGS-05471040,2004-01-18,34.0,mg/l,80154,Suspended Sediment Concentration,1,south.xlsx
USGS-05471040,2004-01-19,57.0,mg/l,80154,Suspended Sediment Concentration,1,south.xlsx
USGS-05471040,2004-01-20,41.0,mg/l,80154,Suspended Sediment Concentration,1,south.xlsx
USGS-05471040,2004-01-21,20.0,mg/l,80154,Suspended Sediment Concentration,1,south.xlsx
USGS-05471040,2004-01-22,63.0,mg/l,80154,Suspended Sediment Concentration,1,south.xlsx
USGS-05471040,2004-01-25,74.0,mg/l,80154,Suspended Sediment Concentration,1,south.xlsx
USGS-05471040,2004-01-26,51.0,mg/l,80154,Suspended Sediment Concentration,1,south.xlsx
USGS-05471040,2004-01-27,57.0,mg/l,80154,Suspended Sediment Concentration,1,south.xlsx
USGS-05471040,2004-01-28,98.0,mg/l,80154,Suspended Sediment Concentration,1,south.xlsx
USGS-05471040,2004-01-29,30.0,mg/l,80154,Suspended Sediment Concentration,1,south.xlsx
USGS-05471040,2004-01-30,47.0,mg/l,80154,Suspended Sediment Concentration,1,south.xlsx
USGS-05471040,2004-01-31,63.0,mg/l,80154,Suspended Sediment Concentration,1,south.xlsx
USGS-05471040,2004-02-02,42.0,mg/l,80154,Suspended Sediment Concentration,1,south.xlsx
USGS-05471040,2004-02-03,40.0,mg/l,80154,Suspended Sediment Concentration,1,south.xlsx
USGS-05471040,2004-02-04,71.0,mg/l,80154,Suspended Sediment Concentration,1,south.xlsx
USGS-05471040,2004-02-05,63.0,mg/l,80154,Suspended Sediment Concentration,1,south.xlsx
USGS-05471040,2004-02-09,58.0,mg/l,80154,Suspended Sediment Concentration,1,south.xlsx
USGS-05471040,2004-02-10,53.5,mg/l,80154,Suspended Sediment Concentration,2,south.xlsx
USGS-05471040,2004-02-11,29.0,mg/l,80154,Suspended Sediment Concentration,1,south.xlsx
USGS-05471040,2004-02-12,24.0,mg/l,80154,Suspended Sediment Concentration,1,south.xlsx
USGS-05471040,2004-02-13,26.0,mg/l,80154,Suspended Sediment Concentration,1,south.xlsx
USGS-05471040,2004-02-15,31.0,mg/l,80154,Suspended Sediment Concentration,1,south.xlsx
USGS-05471040,2004-02-16,36.0,mg/l,80154,Suspended Sediment Concentration,1,south.xlsx
USGS-05471040,2004-02-17,23.0,mg/l,80154,Suspended Sediment Concentration,1,south.xlsx
USGS-05471040,2004-02-18,33.0,mg/l,80154,Suspended Sediment Concentration,1,south.xlsx
USGS-05471040,2004-02-19,30.0,mg/l,80154,Suspended Sediment Concentration,1,south.xlsx
USGS-05471040,2004-02-20,938.0,mg/l,80154,Suspended Sediment Concentration,1,south.xlsx
USGS-05471040,2004-02-22,3040.0,mg/l,80154,Suspended Sediment Concentration,1,south.xlsx
USGS-05471040,2004-02-23,299.0,mg/l,80154,Suspended Sediment Concentration,1,south.xlsx
USGS-05471040,2004-02-24,137.0,mg/l,80154,Suspended Sediment Concentration,1,south.xlsx
USGS-05471040,2004-02-25,105.0,mg/l,80154,Suspended Sediment Concentration,1,south.xlsx
USGS-05471040,2004-02-26,88.0,mg/l,80154,Suspended Sediment Concentration,1,south.xlsx
USGS-05471040,2004-02-27,91.0,mg/l,80154,Suspended Sediment Concentration,1,south.xlsx
USGS-05471040,2004-02-29,99.0,mg/l,80154,Suspended Sediment Concentration,1,south.xlsx
USGS-05471040,2004-03-01,68.0,mg/l,80154,Suspended Sediment Concentration,1,south.xlsx
USGS-05471040,2004-03-02,51.0,mg/l,80154,Suspended Sediment Concentration,1,south.xlsx
USGS-05471040,2004-03-03,44.0,mg/l,80154,Suspended Sediment Concentration,1,south.xlsx
USGS-05471040,2004-03-04,53.0,mg/l,80154,Suspended Sediment Concentration,1,south.xlsx
USGS-05471040,2004-03-05,784.0,mg/l,80154,Suspended Sediment Concentration,1,south.xlsx
USGS-05471040,2004-03-07,171.0,mg/l,80154,Suspended Sediment Concentration,1,south.xlsx
USGS-05471040,2004-03-08,96.5,mg/l,80154,Suspended Sediment Concentration,2,south.xlsx
USGS-05471040,2004-03-09,190.0,mg/l,80154,Suspended Sediment Concentration,1,south.xlsx
USGS-05471040,2004-03-10,73.0,mg/l,80154,Suspended Sediment Concentration,1,south.xlsx
USGS-05471040,2004-03-11,71.0,mg/l,80154,Suspended Sediment Concentration,1,south.xlsx
USGS-05471040,2004-03-12,72.0,mg/l,80154,Suspended Sediment Concentration,1,south.xlsx
USGS-05471040,2004-03-14,41.0,mg/l,80154,Suspended Sediment Concentration,1,south.xlsx
USGS-05471040,2004-03-15,45.0,mg/l,80154,Suspended Sediment Concentration,1,south.xlsx
USGS-05471040,2004-03-16,102.0,mg/l,80154,Suspended Sediment Concentration,1,south.xlsx
USGS-05471040,2004-03-17,50.0,mg/l,80154,Suspended Sediment Concentration,1,south.xlsx
USGS-05471040,2004-03-18,225.0,mg/l,80154,Suspended Sediment Concentration,1,south.xlsx
USGS-05471040,2004-03-19,170.0,mg/l,80154,Suspended Sediment Concentration,1,south.xlsx
USGS-05471040,2004-03-21,84.0,mg/l,80154,Suspended Sediment Concentration,1,south.xlsx
USGS-05471040,2004-03-22,56.0,mg/l,80154,Suspended Sediment Concentration,1,south.xlsx
USGS-05471040,2004-03-23,49.0,mg/l,80154,Suspended Sediment Concentration,1,south.xlsx
USGS-05471040,2004-03-24,47.0,mg/l,80154,Suspended Sediment Concentration,1,south.xlsx
USGS-05471040,2004-03-25,966.0,mg/l,80154,Suspended Sediment Concentration,1,south.xlsx
USGS-05471040,2004-03-26,227.0,mg/l,80154,Suspended Sediment Concentration,1,south.xlsx
USGS-05471040,2004-03-27,39.0,mg/l,80154,Suspended Sediment Concentration,1,south.xlsx
USGS-05471040,2004-03-28,57.0,mg/l,80154,Suspended Sediment Concentration,1,south.xlsx
USGS-05471040,2004-03-29,121.0,mg/l,80154,Suspended Sediment Concentration,1,south.xlsx
USGS-05471040,2004-03-30,48.5,mg/l,80154,Suspended Sediment Concentration,2,south.xlsx
USGS-05471040,2004-03-31,32.0,mg/l,80154,Suspended Sediment Concentration,1,south.xlsx
USGS-05471040,2004-04-01,73.0,mg/l,80154,Suspended Sediment Concentration,1,south.xlsx
USGS-05471040,2004-04-02,87.0,mg/l,80154,Suspended Sediment Concentration,1,south.xlsx
USGS-05471040,2004-04-03,42.0,mg/l,80154,Suspended Sediment Concentration,1,south.xlsx
USGS-05471040,2004-04-04,45.0,mg/l,80154,Suspended Sediment Concentration,1,south.xlsx
USGS-05471040,2004-04-05,31.0,mg/l,80154,Suspended Sediment Concentration,1,south.xlsx
USGS-05471040,2004-04-06,18.0,mg/l,80154,Suspended Sediment Concentration,1,south.xlsx
USGS-05471040,2004-04-07,20.0,mg/l,80154,Suspended Sediment Concentration,1,south.xlsx
USGS-05471040,2004-04-08,18.0,mg/l,80154,Suspended Sediment Concentration,1,south.xlsx
USGS-05471040,2004-04-09,19.0,mg/l,80154,Suspended Sediment Concentration,1,south.xlsx
USGS-05471040,2004-04-10,18.0,mg/l,80154,Suspended Sediment Concentration,1,south.xlsx
USGS-05471040,2004-04-11,16.0,mg/l,80154,Suspended Sediment Concentration,1,south.xlsx
USGS-05471040,2004-04-12,40.0,mg/l,80154,Suspended Sediment Concentration,1,south.xlsx
USGS-05471040,2004-04-13,17.0,mg/l,80154,Suspended Sediment Concentration,1,south.xlsx
USGS-05471040,2004-04-14,15.0,mg/l,80154,Suspended Sediment Concentration,1,south.xlsx
USGS-05471040,2004-04-15,24.0,mg/l,80154,Suspended Sediment Concentration,1,south.xlsx
USGS-05471040,2004-04-16,24.0,mg/l,80154,Suspended Sediment Concentration,1,south.xlsx
USGS-05471040,2004-04-17,53.0,mg/l,80154,Suspended Sediment Concentration,1,south.xlsx
USGS-05471040,2004-04-18,55.0,mg/l,80154,Suspended Sediment Concentration,1,south.xlsx
USGS-05471040,2004-04-19,20.0,mg/l,80154,Suspended Sediment Concentration,1,south.xlsx
USGS-05471040,2004-04-20,856.0,mg/l,80154,Suspended Sediment Concentration,1,south.xlsx
USGS-05471040,2004-04-21,117.0,mg/l,80154,Suspended Sediment Concentration,1,south.xlsx
USGS-05471040,2004-04-22,61.0,mg/l,80154,Suspended Sediment Concentration,1,south.xlsx
USGS-05471040,2004-04-23,46.0,mg/l,80154,Suspended Sediment Concentration,1,south.xlsx
USGS-05471040,2004-04-25,32.0,mg/l,80154,Suspended Sediment Concentration,1,south.xlsx
USGS-05471040,2004-04-26,29.0,mg/l,80154,Suspended Sediment Concentration,1,south.xlsx
USGS-05471040,2004-04-27,48.5,mg/l,80154,Suspended Sediment Concentration,2,south.xlsx
USGS-05471040,2004-04-28,51.0,mg/l,80154,Suspended Sediment Concentration,1,south.xlsx
USGS-05471040,2004-04-29,26.0,mg/l,80154,Suspended Sediment Concentration,1,south.xlsx
USGS-05471040,2004-04-30,57.0,mg/l,80154,Suspended Sediment Concentration,1,south.xlsx
USGS-05471040,2004-05-01,18.0,mg/l,80154,Suspended Sediment Concentration,1,south.xlsx
USGS-05471040,2004-05-03,23.0,mg/l,80154,Suspended Sediment Concentration,1,south.xlsx
USGS-05471040,2004-05-04,25.0,mg/l,80154,Suspended Sediment Concentration,1,south.xlsx
USGS-05471040,2004-05-05,27.0,mg/l,80154,Suspended Sediment Concentration,1,south.xlsx
USGS-05471040,2004-05-06,27.0,mg/l,80154,Suspended Sediment Concentration,1,south.xlsx
USGS-05471040,2004-05-07,22.0,mg/l,80154,Suspended Sediment Concentration,1,south.xlsx
USGS-05471040,2004-05-09,30.0,mg/l,80154,Suspended Sediment Concentration,1,south.xlsx
USGS-05471040,2004-05-10,63.0,mg/l,80154,Suspended Sediment Concentration,1,south.xlsx
USGS-05471040,2004-05-11,34.0,mg/l,80154,Suspended Sediment Concentration,1,south.xlsx
USGS-05471040,2004-05-12,43.0,mg/l,80154,Suspended Sediment Concentration,1,south.xlsx
USGS-05471040,2004-05-13,57.0,mg/l,80154,Suspended Sediment Concentration,1,south.xlsx
USGS-05471040,2004-05-14,43.0,mg/l,80154,Suspended Sediment Concentration,1,south.xlsx
USGS-05471040,2004-05-15,42.0,mg/l,80154,Suspended Sediment Concentration,1,south.xlsx
USGS-05471040,2004-05-16,50.0,mg/l,80154,Suspended Sediment Concentration,1,south.xlsx
USGS-05471040,2004-05-17,45.0,mg/l,80154,Suspended Sediment Concentration,1,south.xlsx
USGS-05471040,2004-05-18,191.0,mg/l,80154,Suspended Sediment Concentration,1,south.xlsx
USGS-05471040,2004-05-19,122.0,mg/l,80154,Suspended Sediment Concentration,1,south.xlsx
USGS-05471040,2004-05-20,95.0,mg/l,80154,Suspended Sediment Concentration,1,south.xlsx
USGS-05471040,2004-05-21,88.0,mg/l,80154,Suspended Sediment Concentration,1,south.xlsx
USGS-05471040,2004-05-22,602.0,mg/l,80154,Suspended Sediment Concentration,1,south.xlsx
USGS-05471040,2004-05-23,463.0,mg/l,80154,Suspended Sediment Concentration,1,south.xlsx
USGS-05471040,2004-05-24,181.0,mg/l,80154,Suspended Sediment Concentration,1,south.xlsx
USGS-05471040,2004-05-25,487.0,mg/l,80154,Suspended Sediment Concentration,1,south.xlsx
USGS-05471040,2004-05-26,250.0,mg/l,80154,Suspended Sediment Concentration,1,south.xlsx
USGS-05471040,2004-05-27,229.0,mg/l,80154,Suspended Sediment Concentration,1,south.xlsx
USGS-05471040,2004-05-28,165.0,mg/l,80154,Suspended Sediment Concentration,1,south.xlsx
USGS-05471040,2004-05-30,145.0,mg/l,80154,Suspended Sediment Concentration,1,south.xlsx
USGS-05471040,2004-05-31,130.0,mg/l,80154,Suspended Sediment Concentration,1,south.xlsx
USGS-05471040,2004-06-01,93.0,mg/l,80154,Suspended Sediment Concentration,1,south.xlsx
USGS-05471040,2004-06-02,74.0,mg/l,80154,Suspended Sediment Concentration,1,south.xlsx
USGS-05471040,2004-06-03,77.0,mg/l,80154,Suspended Sediment Concentration,1,south.xlsx
USGS-05471040,2004-06-04,88.0,mg/l,80154,Suspended Sediment Concentration,1,south.xlsx
USGS-05471040,2004-06-06,70.0,mg/l,80154,Suspended Sediment Concentration,1,south.xlsx
USGS-05471040,2004-06-07,62.0,mg/l,80154,Suspended Sediment Concentration,1,south.xlsx
USGS-05471040,2004-06-08,43.0,mg/l,80154,Suspended Sediment Concentration,1,south.xlsx
USGS-05471040,2004-06-09,57.0,mg/l,80154,Suspended Sediment Concentration,1,south.xlsx
USGS-05471040,2004-06-10,38.0,mg/l,80154,Suspended Sediment Concentration,1,south.xlsx
USGS-05471040,2004-06-11,43.0,mg/l,80154,Suspended Sediment Concentration,1,south.xlsx
USGS-05471040,2004-06-13,29.0,mg/l,80154,Suspended Sediment Concentration,1,south.xlsx
USGS-05471040,2004-06-14,142.0,mg/l,80154,Suspended Sediment Concentration,1,south.xlsx
USGS-05471040,2004-06-15,39.0,mg/l,80154,Suspended Sediment Concentration,1,south.xlsx
USGS-05471040,2004-06-21,69.0,mg/l,80154,Suspended Sediment Concentration,1,south.xlsx
USGS-05471040,2004-06-27,23.0,mg/l,80154,Suspended Sediment Concentration,1,south.xlsx
USGS-05471040,2004-06-28,27.0,mg/l,80154,Suspended Sediment Concentration,1,south.xlsx
USGS-05471040,2004-06-29,26.0,mg/l,80154,Suspended Sediment Concentration,1,south.xlsx
USGS-05471040,2004-06-30,42.0,mg/l,80154,Suspended Sediment Concentration,1,south.xlsx
USGS-05471040,2004-07-01,23.0,mg/l,80154,Suspended Sediment Concentration,1,south.xlsx
USGS-05471040,2004-07-02,56.0,mg/l,80154,Suspended Sediment Concentration,1,south.xlsx
USGS-05471040,2004-07-03,20.0,mg/l,80154,Suspended Sediment Concentration,1,south.xlsx
USGS-05471040,2004-07-04,23.0,mg/l,80154,Suspended Sediment Concentration,1,south.xlsx
USGS-05471040,2004-07-05,45.0,mg/l,80154,Suspended Sediment Concentration,1,south.xlsx
USGS-05471040,2004-07-06,29.0,mg/l,80154,Suspended Sediment Concentration,1,south.xlsx
USGS-05471040,2004-07-07,29.0,mg/l,80154,Suspended Sediment Concentration,1,south.xlsx
USGS-05471040,2004-07-08,16.0,mg/l,80154,Suspended Sediment Concentration,1,south.xlsx
USGS-05471040,2004-07-18,29.0,mg/l,80154,Suspended Sediment Concentration,1,south.xlsx
USGS-05471040,2004-07-19,28.0,mg/l,80154,Suspended Sediment Concentration,1,south.xlsx
USGS-05471040,2004-07-20,24.0,mg/l,80154,Suspended Sediment Concentration,1,south.xlsx
USGS-05471040,2004-07-21,20.0,mg/l,80154,Suspended Sediment Concentration,1,south.xlsx
USGS-05471040,2004-07-22,1840.0,mg/l,80154,Suspended Sediment Concentration,1,south.xlsx
USGS-05471040,2004-07-23,92.0,mg/l,80154,Suspended Sediment Concentration,1,south.xlsx
USGS-05471040,2004-07-24,42.0,mg/l,80154,Suspended Sediment Concentration,1,south.xlsx
USGS-05471040,2004-07-25,34.0,mg/l,80154,Suspended Sediment Concentration,1,south.xlsx
USGS-05471040,2004-07-26,40.0,mg/l,80154,Suspended Sediment Concentration,1,south.xlsx
USGS-05471040,2004-07-27,24.0,mg/l,80154,Suspended Sediment Concentration,1,south.xlsx
USGS-05471040,2004-07-28,26.0,mg/l,80154,Suspended Sediment Concentration,1,south.xlsx
USGS-05471040,2004-07-29,23.0,mg/l,80154,Suspended Sediment Concentration,1,south.xlsx
USGS-05471040,2004-07-30,27.0,mg/l,80154,Suspended Sediment Concentration,1,south.xlsx
USGS-05471040,2004-07-31,29.0,mg/l,80154,Suspended Sediment Concentration,1,south.xlsx
USGS-05471040,2004-08-01,20.0,mg/l,80154,Suspended Sediment Concentration,1,south.xlsx
USGS-05471040,2004-08-02,16.0,mg/l,80154,Suspended Sediment Concentration,1,south.xlsx
USGS-05471040,2004-08-03,180.0,mg/l,80154,Suspended Sediment Concentration,1,south.xlsx
USGS-05471040,2004-08-04,120.0,mg/l,80154,Suspended Sediment Concentration,1,south.xlsx
USGS-05471040,2004-08-05,46.0,mg/l,80154,Suspended Sediment Concentration,1,south.xlsx
USGS-05471040,2004-08-06,30.0,mg/l,80154,Suspended Sediment Concentration,1,south.xlsx
USGS-05471040,2004-08-07,42.0,mg/l,80154,Suspended Sediment Concentration,1,south.xlsx
USGS-05471040,2004-08-08,19.0,mg/l,80154,Suspended Sediment Concentration,1,south.xlsx
USGS-05471040,2004-08-09,21.0,mg/l,80154,Suspended Sediment Concentration,1,south.xlsx
USGS-05471040,2004-08-10,13.0,mg/l,80154,Suspended Sediment Concentration,1,south.xlsx
USGS-05471040,2004-08-18,69.0,mg/l,80154,Suspended Sediment Concentration,1,south.xlsx
USGS-05471040,2004-08-22,11.0,mg/l,80154,Suspended Sediment Concentration,1,south.xlsx
USGS-05471040,2004-08-23,63.0,mg/l,80154,Suspended Sediment Concentration,1,south.xlsx
USGS-05471040,2004-08-24,20.0,mg/l,80154,Suspended Sediment Concentration,1,south.xlsx
USGS-05471040,2004-08-25,12.0,mg/l,80154,Suspended Sediment Concentration,1,south.xlsx
USGS-05471040,2004-08-26,34.0,mg/l,80154,Suspended Sediment Concentration,1,south.xlsx
USGS-05471040,2004-08-27,31.0,mg/l,80154,Suspended Sediment Concentration,1,south.xlsx
USGS-05471040,2004-08-29,48.0,mg/l,80154,Suspended Sediment Concentration,1,south.xlsx
USGS-05471040,2004-08-30,30.0,mg/l,80154,Suspended Sediment Concentration,1,south.xlsx
USGS-05471040,2004-08-31,11.0,mg/l,80154,Suspended Sediment Concentration,1,south.xlsx
USGS-05471040,2004-09-01,12.0,mg/l,80154,Suspended Sediment Concentration,1,south.xlsx
USGS-05471040,2004-09-02,24.0,mg/l,80154,Suspended Sediment Concentration,1,south.xlsx
USGS-05471040,2004-09-03,11.0,mg/l,80154,Suspended Sediment Concentration,1,south.xlsx
USGS-05471040,2004-09-07,14.0,mg/l,80154,Suspended Sediment Concentration,1,south.xlsx
USGS-05471040,2004-09-08,21.0,mg/l,80154,Suspended Sediment Concentration,1,south.xlsx
USGS-05471040,2004-09-12,13.0,mg/l,80154,Suspended Sediment Concentration,1,south.xlsx
USGS-05471040,2004-09-13,31.0,mg/l,80154,Suspended Sediment Concentration,1,south.xlsx
USGS-05471040,2004-09-14,32.0,mg/l,80154,Suspended Sediment Concentration,1,south.xlsx
USGS-05471040,2004-09-15,27.0,mg/l,80154,Suspended Sediment Concentration,1,south.xlsx
USGS-05471040,2004-09-16,27.0,mg/l,80154,Suspended Sediment Concentration,1,south.xlsx
USGS-05471040,2004-09-17,34.0,mg/l,80154,Suspended Sediment Concentration,1,south.xlsx
USGS-05471040,2004-09-18,30.0,mg/l,80154,Suspended Sediment Concentration,1,south.xlsx
USGS-05471040,2004-09-19,15.0,mg/l,80154,Suspended Sediment Concentration,1,south.xlsx
USGS-05471040,2004-09-20,35.0,mg/l,80154,Suspended Sediment Concentration,1,south.xlsx
USGS-05471040,2004-09-21,23.0,mg/l,80154,Suspended Sediment Concentration,1,south.xlsx
USGS-05471040,2004-09-22,29.0,mg/l,80154,Suspended Sediment Concentration,1,south.xlsx
USGS-05471040,2004-09-26,30.0,mg/l,80154,Suspended Sediment Concentration,1,south.xlsx
USGS-05471040,2004-09-27,28.0,mg/l,80154,Suspended Sediment Concentration,1,south.xlsx
USGS-05471040,2004-09-28,59.5,mg/l,80154,Suspended Sediment Concentration,2,south.xlsx
USGS-05471040,2004-09-29,25.0,mg/l,80154,Suspended Sediment Concentration,1,south.xlsx
USGS-05471040,2004-09-30,28.0,mg/l,80154,Suspended Sediment Concentration,1,south.xlsx
USGS-05471040,2004-10-01,30.0,mg/l,80154,Suspended Sediment Concentration,1,south.xlsx
USGS-05471040,2004-10-02,21.0,mg/l,80154,Suspended Sediment Concentration,1,south.xlsx
USGS-05471040,2004-10-03,53.0,mg/l,80154,Suspended Sediment Concentration,1,south.xlsx
USGS-05471040,2004-10-04,28.0,mg/l,80154,Suspended Sediment Concentration,1,south.xlsx
USGS-05471040,2004-10-05,28.0,mg/l,80154,Suspended Sediment Concentration,1,south.xlsx
USGS-05471040,2004-10-06,17.0,mg/l,80154,Suspended Sediment Concentration,1,south.xlsx
USGS-05471040,2004-10-07,29.0,mg/l,80154,Suspended Sediment Concentration,1,south.xlsx
USGS-05471040,2004-10-10,24.0,mg/l,80154,Suspended Sediment Concentration,1,south.xlsx
USGS-05471040,2004-10-11,22.0,mg/l,80154,Suspended Sediment Concentration,1,south.xlsx
USGS-05471040,2004-10-12,14.0,mg/l,80154,Suspended Sediment Concentration,1,south.xlsx
USGS-05471040,2004-10-13,14.0,mg/l,80154,Suspended Sediment Concentration,1,south.xlsx
USGS-05471040,2004-10-14,20.0,mg/l,80154,Suspended Sediment Concentration,1,south.xlsx
USGS-05471040,2004-10-15,14.0,mg/l,80154,Suspended Sediment Concentration,1,south.xlsx
USGS-05471040,2004-10-18,26.0,mg/l,80154,Suspended Sediment Concentration,1,south.xlsx
USGS-05471040,2004-10-19,68.0,mg/l,80154,Suspended Sediment Concentration,1,south.xlsx
USGS-05471040,2004-10-20,24.0,mg/l,80154,Suspended Sediment Concentration,1,south.xlsx
USGS-05471040,2004-10-21,17.0,mg/l,80154,Suspended Sediment Concentration,1,south.xlsx
USGS-05471040,2004-10-22,22.0,mg/l,80154,Suspended Sediment Concentration,1,south.xlsx
USGS-05471040,2004-10-24,15.0,mg/l,80154,Suspended Sediment Concentration,1,south.xlsx
USGS-05471040,2004-10-25,15.0,mg/l,80154,Suspended Sediment Concentration,1,south.xlsx
USGS-05471040,2004-10-26,34.0,mg/l,80154,Suspended Sediment Concentration,1,south.xlsx
USGS-05471040,2004-10-27,26.0,mg/l,80154,Suspended Sediment Concentration,1,south.xlsx
USGS-05471040,2004-10-28,18.0,mg/l,80154,Suspended Sediment Concentration,1,south.xlsx
USGS-05471040,2004-10-29,27.0,mg/l,80154,Suspended Sediment Concentration,1,south.xlsx
USGS-05471040,2004-11-01,177.0,mg/l,80154,Suspended Sediment Concentration,1,south.xlsx
USGS-05471040,2004-11-02,45.0,mg/l,80154,Suspended Sediment Concentration,1,south.xlsx
USGS-05471040,2004-11-03,63.0,mg/l,80154,Suspended Sediment Concentration,2,south.xlsx
USGS-05471040,2004-11-05,31.0,mg/l,80154,Suspended Sediment Concentration,1,south.xlsx
USGS-05471040,2004-11-08,41.0,mg/l,80154,Suspended Sediment Concentration,1,south.xlsx
USGS-05471040,2004-11-09,66.0,mg/l,80154,Suspended Sediment Concentration,1,south.xlsx
USGS-05471040,2004-11-13,54.0,mg/l,80154,Suspended Sediment Concentration,1,south.xlsx
USGS-05471040,2004-11-15,67.0,mg/l,80154,Suspended Sediment Concentration,1,south.xlsx
USGS-05471040,2004-11-16,64.0,mg/l,80154,Suspended Sediment Concentration,1,south.xlsx
USGS-05471040,2004-11-17,53.0,mg/l,80154,Suspended Sediment Concentration,1,south.xlsx
USGS-05471040,2004-11-18,81.0,mg/l,80154,Suspended Sediment Concentration,1,south.xlsx
USGS-05471040,2004-11-19,34.0,mg/l,80154,Suspended Sediment Concentration,1,south.xlsx
USGS-05471040,2004-11-20,60.0,mg/l,80154,Suspended Sediment Concentration,1,south.xlsx
USGS-05471040,2004-11-21,76.0,mg/l,80154,Suspended Sediment Concentration,1,south.xlsx
USGS-05471040,2004-11-22,50.0,mg/l,80154,Suspended Sediment Concentration,1,south.xlsx
USGS-05471040,2004-11-23,89.0,mg/l,80154,Suspended Sediment Concentration,1,south.xlsx
USGS-05471040,2004-11-24,56.0,mg/l,80154,Suspended Sediment Concentration,1,south.xlsx
USGS-05471040,2004-11-26,54.0,mg/l,80154,Suspended Sediment Concentration,1,south.xlsx
USGS-05471040,2004-11-28,54.0,mg/l,80154,Suspended Sediment Concentration,1,south.xlsx
USGS-05471040,2004-11-29,75.0,mg/l,80154,Suspended Sediment Concentration,1,south.xlsx
USGS-05471040,2004-11-30,65.0,mg/l,80154,Suspended Sediment Concentration,1,south.xlsx
USGS-05471040,2004-12-01,77.0,mg/l,80154,Suspended Sediment Concentration,1,south.xlsx
USGS-05471040,2004-12-02,53.0,mg/l,80154,Suspended Sediment Concentration,1,south.xlsx
USGS-05471040,2004-12-03,49.0,mg/l,80154,Suspended Sediment Concentration,1,south.xlsx
USGS-05471040,2004-12-04,55.0,mg/l,80154,Suspended Sediment Concentration,1,south.xlsx
USGS-05471040,2004-12-05,68.0,mg/l,80154,Suspended Sediment Concentration,1,south.xlsx
USGS-05471040,2004-12-06,40.0,mg/l,80154,Suspended Sediment Concentration,1,south.xlsx
USGS-05471040,2004-12-07,40.0,mg/l,80154,Suspended Sediment Concentration,1,south.xlsx
USGS-05471040,2004-12-08,59.0,mg/l,80154,Suspended Sediment Concentration,1,south.xlsx
USGS-05471040,2004-12-09,51.0,mg/l,80154,Suspended Sediment Concentration,1,south.xlsx
USGS-05471040,2004-12-10,48.0,mg/l,80154,Suspended Sediment Concentration,1,south.xlsx
USGS-05471040,2004-12-11,47.0,mg/l,80154,Suspended Sediment Concentration,1,south.xlsx
USGS-05471040,2004-12-12,46.0,mg/l,80154,Suspended Sediment Concentration,1,south.xlsx
USGS-05471040,2004-12-13,75.0,mg/l,80154,Suspended Sediment Concentration,1,south.xlsx
USGS-05471040,2004-12-14,56.0,mg/l,80154,Suspended Sediment Concentration,1,south.xlsx
USGS-05471040,2004-12-15,72.0,mg/l,80154,Suspended Sediment Concentration,1,south.xlsx
USGS-05471040,2004-12-16,52.0,mg/l,80154,Suspended Sediment Concentration,1,south.xlsx
USGS-05471040,2004-12-17,47.0,mg/l,80154,Suspended Sediment Concentration,1,south.xlsx
USGS-05471040,2004-12-18,53.0,mg/l,80154,Suspended Sediment Concentration,1,south.xlsx
USGS-05471040,2004-12-20,70.0,mg/l,80154,Suspended Sediment Concentration,1,south.xlsx
USGS-05471040,2004-12-21,57.0,mg/l,80154,Suspended Sediment Concentration,1,south.xlsx
USGS-05471040,2004-12-22,66.0,mg/l,80154,Suspended Sediment Concentration,1,south.xlsx
USGS-05471040,2004-12-23,78.0,mg/l,80154,Suspended Sediment Concentration,1,south.xlsx
USGS-05471040,2004-12-24,113.0,mg/l,80154,Suspended Sediment Concentration,1,south.xlsx
USGS-05471040,2004-12-26,99.0,mg/l,80154,Suspended Sediment Concentration,1,south.xlsx
USGS-05471040,2004-12-27,47.0,mg/l,80154,Suspended Sediment Concentration,1,south.xlsx
USGS-05471040,2004-12-28,50.0,mg/l,80154,Suspended Sediment Concentration,1,south.xlsx
USGS-05471040,2004-12-29,56.0,mg/l,80154,Suspended Sediment Concentration,1,south.xlsx
USGS-05471040,2004-12-30,73.0,mg/l,80154,Suspended Sediment Concentration,1,south.xlsx
USGS-05471040,2004-12-31,69.0,mg/l,80154,Suspended Sediment Concentration,1,south.xlsx
USGS-05471040,2005-01-02,42.0,mg/l,80154,Suspended Sediment Concentration,1,south.xlsx
USGS-05471040,2005-01-03,40.0,mg/l,80154,Suspended Sediment Concentration,1,south.xlsx
USGS-05471040,2005-01-04,37.0,mg/l,80154,Suspended Sediment Concentration,1,south.xlsx
USGS-05471040,2005-01-05,74.0,mg/l,80154,Suspended Sediment Concentration,1,south.xlsx
USGS-05471040,2005-01-06,67.0,mg/l,80154,Suspended Sediment Concentration,1,south.xlsx
USGS-05471040,2005-01-07,49.0,mg/l,80154,Suspended Sediment Concentration,1,south.xlsx
USGS-05471040,2005-01-09,30.0,mg/l,80154,Suspended Sediment Concentration,1,south.xlsx
USGS-05471040,2005-01-10,21.0,mg/l,80154,Suspended Sediment Concentration,1,south.xlsx
USGS-05471040,2005-01-11,31.0,mg/l,80154,Suspended Sediment Concentration,1,south.xlsx
USGS-05471040,2005-01-12,15.0,mg/l,80154,Suspended Sediment Concentration,1,south.xlsx
USGS-05471040,2005-01-13,69.0,mg/l,80154,Suspended Sediment Concentration,1,south.xlsx
USGS-05471040,2005-01-14,106.0,mg/l,80154,Suspended Sediment Concentration,1,south.xlsx
USGS-05471040,2005-01-15,50.0,mg/l,80154,Suspended Sediment Concentration,1,south.xlsx
USGS-05471040,2005-01-16,61.0,mg/l,80154,Suspended Sediment Concentration,1,south.xlsx
USGS-05471040,2005-01-17,43.0,mg/l,80154,Suspended Sediment Concentration,1,south.xlsx
USGS-05471040,2005-01-18,39.0,mg/l,80154,Suspended Sediment Concentration,1,south.xlsx
USGS-05471040,2005-01-19,89.0,mg/l,80154,Suspended Sediment Concentration,1,south.xlsx
USGS-05471040,2005-01-20,53.0,mg/l,80154,Suspended Sediment Concentration,1,south.xlsx
USGS-05471040,2005-01-23,34.0,mg/l,80154,Suspended Sediment Concentration,1,south.xlsx
USGS-05471040,2005-01-24,40.0,mg/l,80154,Suspended Sediment Concentration,1,south.xlsx
USGS-05471040,2005-01-25,32.0,mg/l,80154,Suspended Sediment Concentration,1,south.xlsx
USGS-05471040,2005-01-26,44.5,mg/l,80154,Suspended Sediment Concentration,2,south.xlsx
USGS-05471040,2005-01-27,20.0,mg/l,80154,Suspended Sediment Concentration,1,south.xlsx
USGS-05471040,2005-01-28,24.0,mg/l,80154,Suspended Sediment Concentration,1,south.xlsx
USGS-05471040,2005-01-29,31.0,mg/l,80154,Suspended Sediment Concentration,1,south.xlsx
USGS-05471040,2005-01-30,64.0,mg/l,80154,Suspended Sediment Concentration,1,south.xlsx
USGS-05471040,2005-01-31,26.0,mg/l,80154,Suspended Sediment Concentration,1,south.xlsx
USGS-05471040,2005-02-01,27.0,mg/l,80154,Suspended Sediment Concentration,1,south.xlsx
USGS-05471040,2005-02-03,229.0,mg/l,80154,Suspended Sediment Concentration,1,south.xlsx
USGS-05471040,2005-02-04,472.0,mg/l,80154,Suspended Sediment Concentration,1,south.xlsx
USGS-05471040,2005-02-07,56.0,mg/l,80154,Suspended Sediment Concentration,1,south.xlsx
USGS-05471040,2005-02-08,45.0,mg/l,80154,Suspended Sediment Concentration,1,south.xlsx
USGS-05471040,2005-02-10,60.0,mg/l,80154,Suspended Sediment Concentration,1,south.xlsx
USGS-05471040,2005-02-11,32.0,mg/l,80154,Suspended Sediment Concentration,1,south.xlsx
USGS-05471040,2005-02-13,923.0,mg/l,80154,Suspended Sediment Concentration,1,south.xlsx
USGS-05471040,2005-02-14,410.0,mg/l,80154,Suspended Sediment Concentration,1,south.xlsx
USGS-05471040,2005-02-15,153.0,mg/l,80154,Suspended Sediment Concentration,1,south.xlsx
USGS-05471040,2005-02-16,109.0,mg/l,80154,Suspended Sediment Concentration,1,south.xlsx
USGS-05471040,2005-02-17,81.0,mg/l,80154,Suspended Sediment Concentration,1,south.xlsx
USGS-05471040,2005-02-18,46.0,mg/l,80154,Suspended Sediment Concentration,1,south.xlsx
USGS-05471040,2005-02-19,68.0,mg/l,80154,Suspended Sediment Concentration,1,south.xlsx
USGS-05471040,2005-03-08,60.0,mg/l,80154,Suspended Sediment Concentration,1,south.xlsx
USGS-05471040,2005-03-09,34.0,mg/l,80154,Suspended Sediment Concentration,1,south.xlsx
USGS-05471040,2005-03-10,67.0,mg/l,80154,Suspended Sediment Concentration,1,south.xlsx
USGS-05471040,2005-03-11,57.0,mg/l,80154,Suspended Sediment Concentration,1,south.xlsx
USGS-05471040,2005-03-12,21.0,mg/l,80154,Suspended Sediment Concentration,1,south.xlsx
USGS-05471040,2005-03-13,53.0,mg/l,80154,Suspended Sediment Concentration,1,south.xlsx
USGS-05471040,2005-03-14,43.0,mg/l,80154,Suspended Sediment Concentration,1,south.xlsx
USGS-05471040,2005-03-15,52.0,mg/l,80154,Suspended Sediment Concentration,1,south.xlsx
USGS-05471040,2005-03-16,46.0,mg/l,80154,Suspended Sediment Concentration,1,south.xlsx
USGS-05471040,2005-03-17,39.0,mg/l,80154,Suspended Sediment Concentration,1,south.xlsx
USGS-05471040,2005-03-18,30.0,mg/l,80154,Suspended Sediment Concentration,1,south.xlsx
USGS-05471040,2005-03-19,26.0,mg/l,80154,Suspended Sediment Concentration,1,south.xlsx
USGS-05471040,2005-03-20,17.0,mg/l,80154,Suspended Sediment Concentration,1,south.xlsx
USGS-05471040,2005-03-21,17.0,mg/l,80154,Suspended Sediment Concentration,1,south.xlsx
USGS-05471040,2005-03-22,26.0,mg/l,80154,Suspended Sediment Concentration,1,south.xlsx
USGS-05471040,2005-03-25,33.0,mg/l,80154,Suspended Sediment Concentration,1,south.xlsx
USGS-05471040,2005-03-26,20.0,mg/l,80154,Suspended Sediment Concentration,1,south.xlsx
USGS-05471040,2005-03-27,26.0,mg/l,80154,Suspended Sediment Concentration,1,south.xlsx
USGS-05471040,2005-03-28,29.0,mg/l,80154,Suspended Sediment Concentration,1,south.xlsx
USGS-05471040,2005-03-29,46.0,mg/l,80154,Suspended Sediment Concentration,2,south.xlsx
USGS-05471040,2005-03-30,43.0,mg/l,80154,Suspended Sediment Concentration,1,south.xlsx
USGS-05471040,2005-03-31,37.0,mg/l,80154,Suspended Sediment Concentration,1,south.xlsx
USGS-05471040,2005-04-01,18.0,mg/l,80154,Suspended Sediment Concentration,1,south.xlsx
USGS-05471040,2005-04-02,35.0,mg/l,80154,Suspended Sediment Concentration,1,south.xlsx
USGS-05471040,2005-04-03,36.0,mg/l,80154,Suspended Sediment Concentration,1,south.xlsx
USGS-05471040,2005-04-04,33.0,mg/l,80154,Suspended Sediment Concentration,1,south.xlsx
USGS-05471040,2005-04-05,50.0,mg/l,80154,Suspended Sediment Concentration,1,south.xlsx
USGS-05471040,2005-04-06,54.0,mg/l,80154,Suspended Sediment Concentration,1,south.xlsx
USGS-05471040,2005-04-07,30.0,mg/l,80154,Suspended Sediment Concentration,1,south.xlsx
USGS-05471040,2005-04-08,30.0,mg/l,80154,Suspended Sediment Concentration,1,south.xlsx
USGS-05471040,2005-04-09,41.0,mg/l,80154,Suspended Sediment Concentration,1,south.xlsx
USGS-05471040,2005-04-10,45.0,mg/l,80154,Suspended Sediment Concentration,1,south.xlsx
USGS-05471040,2005-04-12,897.0,mg/l,80154,Suspended Sediment Concentration,1,south.xlsx
USGS-05471040,2005-04-13,360.0,mg/l,80154,Suspended Sediment Concentration,1,south.xlsx
USGS-05471040,2005-04-14,247.0,mg/l,80154,Suspended Sediment Concentration,1,south.xlsx
USGS-05471040,2005-04-15,188.0,mg/l,80154,Suspended Sediment Concentration,1,south.xlsx
USGS-05471040,2005-04-16,126.0,mg/l,80154,Suspended Sediment Concentration,1,south.xlsx
USGS-05471040,2005-04-17,133.0,mg/l,80154,Suspended Sediment Concentration,1,south.xlsx
USGS-05471040,2005-04-18,116.0,mg/l,80154,Suspended Sediment Concentration,1,south.xlsx
USGS-05471040,2005-04-19,89.0,mg/l,80154,Suspended Sediment Concentration,1,south.xlsx
USGS-05471040,2005-04-20,96.0,mg/l,80154,Suspended Sediment Concentration,1,south.xlsx
USGS-05471040,2005-04-21,58.0,mg/l,80154,Suspended Sediment Concentration,1,south.xlsx
USGS-05471040,2005-04-22,219.0,mg/l,80154,Suspended Sediment Concentration,1,south.xlsx
USGS-05471040,2005-04-23,113.0,mg/l,80154,Suspended Sediment Concentration,1,south.xlsx
USGS-05471040,2005-04-24,103.0,mg/l,80154,Suspended Sediment Concentration,1,south.xlsx
USGS-05471040,2005-04-25,86.0,mg/l,80154,Suspended Sediment Concentration,1,south.xlsx
USGS-05471040,2005-04-26,72.0,mg/l,80154,Suspended Sediment Concentration,1,south.xlsx
USGS-05471040,2005-04-27,73.0,mg/l,80154,Suspended Sediment Concentration,2,south.xlsx
USGS-05471040,2005-04-28,71.0,mg/l,80154,Suspended Sediment Concentration,1,south.xlsx
USGS-05471040,2005-04-29,47.0,mg/l,80154,Suspended Sediment Concentration,1,south.xlsx
USGS-05471040,2005-04-30,51.0,mg/l,80154,Suspended Sediment Concentration,1,south.xlsx
USGS-05471040,2005-05-01,45.0,mg/l,80154,Suspended Sediment Concentration,1,south.xlsx
USGS-05471040,2005-05-02,61.0,mg/l,80154,Suspended Sediment Concentration,1,south.xlsx
USGS-05471040,2005-05-03,44.0,mg/l,80154,Suspended Sediment Concentration,1,south.xlsx
USGS-05471040,2005-05-05,61.0,mg/l,80154,Suspended Sediment Concentration,1,south.xlsx
USGS-05471040,2005-05-08,55.0,mg/l,80154,Suspended Sediment Concentration,1,south.xlsx
USGS-05471040,2005-05-09,31.0,mg/l,80154,Suspended Sediment Concentration,1,south.xlsx
USGS-05471040,2005-05-10,34.0,mg/l,80154,Suspended Sediment Concentration,1,south.xlsx
USGS-05471040,2005-05-11,974.0,mg/l,80154,Suspended Sediment Concentration,1,south.xlsx
USGS-05471040,2005-05-12,1080.0,mg/l,80154,Suspended Sediment Concentration,1,south.xlsx
USGS-05471040,2005-05-13,861.5,mg/l,80154,Suspended Sediment Concentration,2,south.xlsx
USGS-05471040,2005-05-15,360.0,mg/l,80154,Suspended Sediment Concentration,1,south.xlsx
USGS-05471040,2005-05-16,191.0,mg/l,80154,Suspended Sediment Concentration,1,south.xlsx
USGS-05471040,2005-05-17,149.0,mg/l,80154,Suspended Sediment Concentration,1,south.xlsx
USGS-05471040,2005-05-18,124.0,mg/l,80154,Suspended Sediment Concentration,1,south.xlsx
USGS-05471040,2005-05-19,111.0,mg/l,80154,Suspended Sediment Concentration,1,south.xlsx
USGS-05471040,2005-05-20,102.0,mg/l,80154,Suspended Sediment Concentration,1,south.xlsx
USGS-05471040,2005-05-21,69.0,mg/l,80154,Suspended Sediment Concentration,1,south.xlsx
USGS-05471040,2005-05-22,64.0,mg/l,80154,Suspended Sediment Concentration,1,south.xlsx
USGS-05471040,2005-05-23,66.0,mg/l,80154,Suspended Sediment Concentration,1,south.xlsx
USGS-05471040,2005-05-24,70.0,mg/l,80154,Suspended Sediment Concentration,1,south.xlsx
USGS-05471040,2005-05-25,68.0,mg/l,80154,Suspended Sediment Concentration,1,south.xlsx
USGS-05471040,2005-05-26,61.0,mg/l,80154,Suspended Sediment Concentration,1,south.xlsx
USGS-05471040,2005-05-27,66.0,mg/l,80154,Suspended Sediment Concentration,1,south.xlsx
USGS-05471040,2005-05-28,63.0,mg/l,80154,Suspended Sediment Concentration,1,south.xlsx
USGS-05471040,2005-05-30,47.0,mg/l,80154,Suspended Sediment Concentration,1,south.xlsx
USGS-05471040,2005-05-31,48.0,mg/l,80154,Suspended Sediment Concentration,1,south.xlsx
USGS-05471040,2005-06-01,60.5,mg/l,80154,Suspended Sediment Concentration,2,south.xlsx
USGS-05471040,2005-06-02,80.0,mg/l,80154,Suspended Sediment Concentration,1,south.xlsx
USGS-05471040,2005-06-03,102.0,mg/l,80154,Suspended Sediment Concentration,1,south.xlsx
USGS-05471040,2005-06-04,86.0,mg/l,80154,Suspended Sediment Concentration,1,south.xlsx
USGS-05471040,2005-06-05,127.0,mg/l,80154,Suspended Sediment Concentration,1,south.xlsx
USGS-05471040,2005-06-06,141.0,mg/l,80154,Suspended Sediment Concentration,1,south.xlsx
USGS-05471040,2005-06-07,65.0,mg/l,80154,Suspended Sediment Concentration,1,south.xlsx
USGS-05471040,2005-06-08,2373.0,mg/l,80154,Suspended Sediment Concentration,2,south.xlsx
USGS-05471040,2005-06-09,241.0,mg/l,80154,Suspended Sediment Concentration,1,south.xlsx
USGS-05471040,2005-06-10,2600.0,mg/l,80154,Suspended Sediment Concentration,1,south.xlsx
USGS-05471040,2005-06-11,114.0,mg/l,80154,Suspended Sediment Concentration,1,south.xlsx
USGS-05471040,2005-06-12,83.0,mg/l,80154,Suspended Sediment Concentration,1,south.xlsx
USGS-05471040,2005-06-13,75.0,mg/l,80154,Suspended Sediment Concentration,1,south.xlsx
USGS-05471040,2005-06-14,174.0,mg/l,80154,Suspended Sediment Concentration,1,south.xlsx
USGS-05471040,2005-06-26,35.0,mg/l,80154,Suspended Sediment Concentration,1,south.xlsx
USGS-05471040,2005-06-27,40.0,mg/l,80154,Suspended Sediment Concentration,1,south.xlsx
USGS-05471040,2005-06-28,96.0,mg/l,80154,Suspended Sediment Concentration,1,south.xlsx
USGS-05471040,2005-06-29,69.0,mg/l,80154,Suspended Sediment Concentration,1,south.xlsx
USGS-05471040,2005-06-30,49.0,mg/l,80154,Suspended Sediment Concentration,1,south.xlsx
USGS-05471040,2005-07-01,57.0,mg/l,80154,Suspended Sediment Concentration,1,south.xlsx
USGS-05471040,2005-07-02,39.0,mg/l,80154,Suspended Sediment Concentration,1,south.xlsx
USGS-05471040,2005-07-03,69.0,mg/l,80154,Suspended Sediment Concentration,1,south.xlsx
USGS-05471040,2005-07-04,178.0,mg/l,80154,Suspended Sediment Concentration,1,south.xlsx
USGS-05471040,2005-07-05,31.0,mg/l,80154,Suspended Sediment Concentration,1,south.xlsx
USGS-05471040,2005-07-06,35.0,mg/l,80154,Suspended Sediment Concentration,1,south.xlsx
USGS-05471040,2005-07-07,53.0,mg/l,80154,Suspended Sediment Concentration,1,south.xlsx
USGS-05471040,2005-07-17,30.0,mg/l,80154,Suspended Sediment Concentration,1,south.xlsx
USGS-05471040,2005-07-18,52.0,mg/l,80154,Suspended Sediment Concentration,1,south.xlsx
USGS-05471040,2005-07-19,63.0,mg/l,80154,Suspended Sediment Concentration,1,south.xlsx
USGS-05471040,2005-07-20,40.0,mg/l,80154,Suspended Sediment Concentration,1,south.xlsx
USGS-05471040,2005-07-21,43.0,mg/l,80154,Suspended Sediment Concentration,1,south.xlsx
USGS-05471040,2005-07-22,29.0,mg/l,80154,Suspended Sediment Concentration,1,south.xlsx
USGS-05471040,2005-07-23,83.0,mg/l,80154,Suspended Sediment Concentration,1,south.xlsx
USGS-05471040,2005-07-24,41.0,mg/l,80154,Suspended Sediment Concentration,1,south.xlsx
USGS-05471040,2005-07-25,51.0,mg/l,80154,Suspended Sediment Concentration,1,south.xlsx
USGS-05471040,2005-07-26,70.0,mg/l,80154,Suspended Sediment Concentration,1,south.xlsx
USGS-05471040,2005-07-27,18.0,mg/l,80154,Suspended Sediment Concentration,1,south.xlsx
USGS-05471040,2005-07-28,32.0,mg/l,80154,Suspended Sediment Concentration,1,south.xlsx
USGS-05471040,2005-07-29,19.0,mg/l,80154,Suspended Sediment Concentration,1,south.xlsx
USGS-05471040,2005-07-30,49.0,mg/l,80154,Suspended Sediment Concentration,1,south.xlsx
USGS-05471040,2005-07-31,35.0,mg/l,80154,Suspended Sediment Concentration,1,south.xlsx
USGS-05471040,2005-08-01,20.0,mg/l,80154,Suspended Sediment Concentration,1,south.xlsx
USGS-05471040,2005-08-02,23.0,mg/l,80154,Suspended Sediment Concentration,1,south.xlsx
USGS-05471040,2005-08-03,52.0,mg/l,80154,Suspended Sediment Concentration,1,south.xlsx
USGS-05471040,2005-08-04,30.0,mg/l,80154,Suspended Sediment Concentration,1,south.xlsx
USGS-05471040,2005-08-05,70.0,mg/l,80154,Suspended Sediment Concentration,1,south.xlsx
USGS-05471040,2005-08-06,41.0,mg/l,80154,Suspended Sediment Concentration,1,south.xlsx
USGS-05471040,2005-08-07,30.0,mg/l,80154,Suspended Sediment Concentration,1,south.xlsx
USGS-05471040,2005-08-08,32.0,mg/l,80154,Suspended Sediment Concentration,1,south.xlsx
USGS-05471040,2005-08-09,36.0,mg/l,80154,Suspended Sediment Concentration,1,south.xlsx
USGS-05471040,2005-08-17,69.0,mg/l,80154,Suspended Sediment Concentration,1,south.xlsx
USGS-05471040,2005-08-21,39.0,mg/l,80154,Suspended Sediment Concentration,1,south.xlsx
USGS-05471040,2005-08-22,46.0,mg/l,80154,Suspended Sediment Concentration,1,south.xlsx
USGS-05471040,2005-08-23,76.0,mg/l,80154,Suspended Sediment Concentration,1,south.xlsx
USGS-05471040,2005-08-24,103.0,mg/l,80154,Suspended Sediment Concentration,1,south.xlsx
USGS-05471040,2005-08-25,112.0,mg/l,80154,Suspended Sediment Concentration,1,south.xlsx
USGS-05471040,2005-08-26,59.0,mg/l,80154,Suspended Sediment Concentration,1,south.xlsx
USGS-05471040,2005-08-27,58.0,mg/l,80154,Suspended Sediment Concentration,1,south.xlsx
USGS-05471040,2005-08-28,62.0,mg/l,80154,Suspended Sediment Concentration,1,south.xlsx
USGS-05471040,2005-08-29,97.0,mg/l,80154,Suspended Sediment Concentration,1,south.xlsx
USGS-05471040,2005-08-30,110.0,mg/l,80154,Suspended Sediment Concentration,1,south.xlsx
USGS-05471040,2005-08-31,37.0,mg/l,80154,Suspended Sediment Concentration,1,south.xlsx
USGS-05471040,2005-09-01,141.0,mg/l,80154,Suspended Sediment Concentration,1,south.xlsx
USGS-05471040,2005-09-02,80.0,mg/l,80154,Suspended Sediment Concentration,1,south.xlsx
USGS-05471040,2005-09-05,34.0,mg/l,80154,Suspended Sediment Concentration,1,south.xlsx
USGS-05471040,2005-09-06,82.0,mg/l,80154,Suspended Sediment Concentration,1,south.xlsx
USGS-05471040,2005-09-07,43.0,mg/l,80154,Suspended Sediment Concentration,1,south.xlsx
USGS-05471040,2005-09-11,42.0,mg/l,80154,Suspended Sediment Concentration,1,south.xlsx
USGS-05471040,2005-09-12,55.0,mg/l,80154,Suspended Sediment Concentration,1,south.xlsx
USGS-05471040,2005-09-13,69.0,mg/l,80154,Suspended Sediment Concentration,1,south.xlsx
USGS-05471040,2005-09-14,36.0,mg/l,80154,Suspended Sediment Concentration,1,south.xlsx
USGS-05471040,2005-09-15,43.0,mg/l,80154,Suspended Sediment Concentration,1,south.xlsx
USGS-05471040,2005-09-16,17.0,mg/l,80154,Suspended Sediment Concentration,1,south.xlsx
USGS-05471040,2005-09-17,34.0,mg/l,80154,Suspended Sediment Concentration,1,south.xlsx
USGS-05471040,2005-09-18,35.0,mg/l,80154,Suspended Sediment Concentration,1,south.xlsx
USGS-05471040,2005-09-19,27.0,mg/l,80154,Suspended Sediment Concentration,1,south.xlsx
USGS-05471040,2005-09-20,18.0,mg/l,80154,Suspended Sediment Concentration,1,south.xlsx
USGS-05471040,2005-09-25,18.0,mg/l,80154,Suspended Sediment Concentration,1,south.xlsx
USGS-05471040,2005-09-26,14.0,mg/l,80154,Suspended Sediment Concentration,1,south.xlsx
USGS-05471040,2005-09-27,9.0,mg/l,80154,Suspended Sediment Concentration,1,south.xlsx
USGS-05471040,2005-09-28,31.0,mg/l,80154,Suspended Sediment Concentration,1,south.xlsx
USGS-05471040,2005-09-29,21.0,mg/l,80154,Suspended Sediment Concentration,1,south.xlsx
USGS-05471040,2005-09-30,21.0,mg/l,80154,Suspended Sediment Concentration,1,south.xlsx
USGS-05471050,1989-03-16,29.666666666666668,%,80154,Suspended Sediment Concentration,3,south.xlsx
USGS-05471050,1989-03-16,12.0,tons/day,80155,Suspended Sediment Discharge,1,south.xlsx
USGS-05471050,1989-04-27,99.375,%,80154,Suspended Sediment Concentration,8,south.xlsx
USGS-05471050,1989-04-27,68.0,tons/day,80155,Suspended Sediment Discharge,1,south.xlsx
USGS-05471050,1989-06-08,144.5,%,80154,Suspended Sediment Concentration,2,south.xlsx
USGS-05471050,1989-06-08,119.0,tons/day,80155,Suspended Sediment Discharge,1,south.xlsx
USGS-05471050,1989-07-20,69.0,%,80154,Suspended Sediment Concentration,2,south.xlsx
USGS-05471050,1989-07-20,12.0,tons/day,80155,Suspended Sediment Discharge,1,south.xlsx
USGS-05471050,1989-08-31,42.333333333333336,%,80154,Suspended Sediment Concentration,3,south.xlsx
USGS-05471050,1989-08-31,2.3,tons/day,80155,Suspended Sediment Discharge,1,south.xlsx
USGS-05471050,1989-10-11,49.0,%,80154,Suspended Sediment Concentration,2,south.xlsx
USGS-05471050,1989-10-11,0.32,tons/day,80155,Suspended Sediment Discharge,1,south.xlsx
USGS-05471050,1989-11-13,48.0,%,80154,Suspended Sediment Concentration,2,south.xlsx
USGS-05471050,1989-11-13,0.65,tons/day,80155,Suspended Sediment Discharge,1,south.xlsx
USGS-05471050,1990-03-08,279.0,%,80154,Suspended Sediment Concentration,2,south.xlsx
USGS-05471050,1990-03-08,721.0,tons/day,80155,Suspended Sediment Discharge,1,south.xlsx
USGS-05471050,1990-03-13,428.25,%,80154,Suspended Sediment Concentration,8,south.xlsx
USGS-05471050,1990-03-13,21500.0,tons/day,80155,Suspended Sediment Discharge,1,south.xlsx
USGS-05471050,1990-03-29,65.5,%,80154,Suspended Sediment Concentration,2,south.xlsx
USGS-05471050,1990-03-29,81.0,tons/day,80155,Suspended Sediment Discharge,1,south.xlsx
USGS-05471050,1990-05-10,281.875,%,80154,Suspended Sediment Concentration,8,south.xlsx
USGS-05471050,1990-05-10,8510.0,tons/day,80155,Suspended Sediment Discharge,1,south.xlsx
USGS-05471050,1990-05-21,147.55555555555554,%,80154,Suspended Sediment Concentration,9,south.xlsx
USGS-05471050,1990-05-21,10700.0,tons/day,80155,Suspended Sediment Discharge,1,south.xlsx
USGS-05471050,1990-09-27,51.0,%,80154,Suspended Sediment Concentration,2,south.xlsx
USGS-05471050,1990-09-27,9.6,tons/day,80155,Suspended Sediment Discharge,1,south.xlsx
USGS-05471050,1990-10-25,44.0,%,80154,Suspended Sediment Concentration,2,south.xlsx
USGS-05471050,1990-10-25,1.2,tons/day,80155,Suspended Sediment Discharge,1,south.xlsx
USGS-05471050,1991-02-27,0.0,mg/l,80154,Suspended Sediment Concentration,1,south.xlsx
USGS-05471050,1991-02-27,0.0,tons/day,80155,Suspended Sediment Discharge,1,south.xlsx
USGS-05471050,1991-04-08,104.0,%,80154,Suspended Sediment Concentration,2,south.xlsx
USGS-05471050,1991-04-08,239.0,tons/day,80155,Suspended Sediment Discharge,1,south.xlsx
USGS-05471050,1991-04-15,141.9,%,80154,Suspended Sediment Concentration,10,south.xlsx
USGS-05471050,1991-04-15,13500.0,tons/day,80155,Suspended Sediment Discharge,1,south.xlsx
USGS-05471050,1991-05-23,141.0,%,80154,Suspended Sediment Concentration,5,south.xlsx
USGS-05471050,1991-05-23,2870.0,tons/day,80155,Suspended Sediment Discharge,1,south.xlsx
USGS-05471050,1991-08-14,53.5,%,80154,Suspended Sediment Concentration,2,south.xlsx
USGS-05471050,1991-08-14,8.1,tons/day,80155,Suspended Sediment Discharge,1,south.xlsx
USGS-05471050,1991-09-20,47.0,%,80154,Suspended Sediment Concentration,2,south.xlsx
USGS-05471050,1991-09-20,1.5,tons/day,80155,Suspended Sediment Discharge,1,south.xlsx
USGS-05471050,1991-10-30,47.0,%,80154,Suspended Sediment Concentration,2,south.xlsx
USGS-05471050,1991-10-30,1.8,tons/day,80155,Suspended Sediment Discharge,1,south.xlsx
USGS-05471050,1992-03-16,88.0,%,80154,Suspended Sediment Concentration,2,south.xlsx
USGS-05471050,1992-03-16,250.0,tons/day,80155,Suspended Sediment Discharge,1,south.xlsx
USGS-05471050,1992-04-23,173.8,%,80154,Suspended Sediment Concentration,5,south.xlsx
USGS-05471050,1992-04-23,3640.0,tons/day,80155,Suspended Sediment Discharge,1,south.xlsx
USGS-05471050,1992-06-18,84.5,%,80154,Suspended Sediment Concentration,2,south.xlsx
USGS-05471050,1992-06-18,46.0,tons/day,80155,Suspended Sediment Discharge,1,south.xlsx
USGS-05471050,1992-07-27,189.0,%,80154,Suspended Sediment Concentration,2,south.xlsx
USGS-05471050,1992-07-27,1550.0,tons/day,80155,Suspended Sediment Discharge,1,south.xlsx
USGS-05471050,1992-09-04,57.5,%,80154,Suspended Sediment Concentration,2,south.xlsx
USGS-05471050,1992-09-04,8.7,tons/day,80155,Suspended Sediment Discharge,1,south.xlsx
USGS-05471050,1992-10-23,53.5,%,80154,Suspended Sediment Concentration,2,south.xlsx
USGS-05471050,1992-10-23,2.9,tons/day,80155,Suspended Sediment Discharge,1,south.xlsx
USGS-05471050,1992-12-02,74.5,%,80154,Suspended Sediment Concentration,2,south.xlsx
USGS-05471050,1992-12-02,107.0,tons/day,80155,Suspended Sediment Discharge,1,south.xlsx
USGS-05471050,1993-03-18,170.5,%,80154,Suspended Sediment Concentration,2,south.xlsx
USGS-05471050,1993-03-18,803.0,tons/day,80155,Suspended Sediment Discharge,1,south.xlsx
USGS-05471050,1993-04-26,104.5,%,80154,Suspended Sediment Concentration,2,south.xlsx
USGS-05471050,1993-04-26,489.0,tons/day,80155,Suspended Sediment Discharge,1,south.xlsx
USGS-05471050,1993-06-08,309.5,%,80154,Suspended Sediment Concentration,2,south.xlsx
USGS-05471050,1993-06-08,3910.0,tons/day,80155,Suspended Sediment Discharge,1,south.xlsx
USGS-05471050,1993-06-18,141.11111111111111,%,80154,Suspended Sediment Concentration,9,south.xlsx
USGS-05471050,1993-06-18,9240.0,tons/day,80155,Suspended Sediment Discharge,1,south.xlsx
USGS-05471050,1993-07-09,162.55555555555554,%,80154,Suspended Sediment Concentration,9,south.xlsx
USGS-05471050,1993-07-09,16200.0,tons/day,80155,Suspended Sediment Discharge,1,south.xlsx
USGS-05471050,1993-07-26,120.5,%,80154,Suspended Sediment Concentration,2,south.xlsx
USGS-05471050,1993-07-26,1410.0,tons/day,80155,Suspended Sediment Discharge,1,south.xlsx
USGS-05471050,1993-09-08,120.0,%,80154,Suspended Sediment Concentration,2,south.xlsx
USGS-05471050,1993-09-08,889.0,tons/day,80155,Suspended Sediment Discharge,1,south.xlsx
USGS-05471090,2013-05-08,43.5,%,80154,Suspended Sediment Concentration,2,south.xlsx
USGS-05471090,2013-05-15,32.0,%,80154,Suspended Sediment Concentration,2,south.xlsx
USGS-05471090,2013-05-22,45.0,%,80154,Suspended Sediment Concentration,2,south.xlsx
USGS-05471090,2013-06-05,142.5,%,80154,Suspended Sediment Concentration,2,south.xlsx
USGS-05471090,2013-06-12,59.0,%,80154,Suspended Sediment Concentration,2,south.xlsx
USGS-05471090,2013-06-19,59.0,%,80154,Suspended Sediment Concentration,2,south.xlsx
USGS-05471090,2013-06-26,75.0,%,80154,Suspended Sediment Concentration,2,south.xlsx
USGS-05471090,2013-07-10,46.0,%,80154,Suspended Sediment Concentration,2,south.xlsx
USGS-05471090,2013-07-17,36.5,%,80154,Suspended Sediment Concentration,2,south.xlsx
USGS-05471090,2013-07-24,41.5,%,80154,Suspended Sediment Concentration,2,south.xlsx
USGS-05471090,2013-07-31,40.0,%,80154,Suspended Sediment Concentration,2,south.xlsx
USGS-05471090,2013-08-07,64.5,%,80154,Suspended Sediment Concentration,2,south.xlsx
USGS-05471120,1997-08-18,37.0,mg/l,80154,Suspended Sediment Concentration,1,south.xlsx
USGS-05471120,1997-08-18,0.39,tons/day,80155,Suspended Sediment Discharge,1,south.xlsx
USGS-05471120,1998-05-21,86.0,mg/l,80154,Suspended Sediment Concentration,1,south.xlsx
USGS-05471120,1998-05-21,22.0,tons/day,80155,Suspended Sediment Discharge,1,south.xlsx
USGS-05471382,2021-05-18,24.0,mg/l,80154,Suspended Sediment Concentration,1,south.xlsx
USGS-05471382,2021-05-18,0.51,tons/day,80155,Suspended Sediment Discharge,1,south.xlsx
USGS-05471500,1946-05-23,3780.0,mg/l,80154,Suspended Sediment Concentration,1,south.xlsx
USGS-05471500,1946-06-13,10500.0,mg/l,80154,Suspended Sediment Concentration,1,south.xlsx
USGS-05471500,1947-06-03,1240.0,mg/l,80154,Suspended Sediment Concentration,1,south.xlsx
USGS-05471500,1956-06-18,52.0,mg/l,00530,Total Suspended Solids,1,south.xlsx
USGS-05471500,1956-10-29,3.0,mg/l,00530,Total Suspended Solids,1,south.xlsx
USGS-05471500,1957-02-18,38.0,mg/l,00530,Total Suspended Solids,1,south.xlsx
USGS-05471500,1957-05-13,431.0,mg/l,00530,Total Suspended Solids,1,south.xlsx
USGS-05471500,1957-08-26,101.0,mg/l,00530,Total Suspended Solids,1,south.xlsx
USGS-05471500,1957-09-23,37.0,mg/l,00530,Total Suspended Solids,1,south.xlsx
USGS-05471500,1958-02-17,5.0,mg/l,00530,Total Suspended Solids,1,south.xlsx
USGS-05471500,1958-05-19,85.0,mg/l,00530,Total Suspended Solids,1,south.xlsx
USGS-05471500,1958-08-11,179.0,mg/l,00530,Total Suspended Solids,1,south.xlsx
USGS-05471500,1959-01-26,22.0,mg/l,00530,Total Suspended Solids,1,south.xlsx
USGS-05471500,1959-04-27,161.0,mg/l,00530,Total Suspended Solids,1,south.xlsx
USGS-05471500,1959-06-23,76.0,mg/l,00530,Total Suspended Solids,1,south.xlsx
USGS-05471500,1959-10-12,106.0,mg/l,00530,Total Suspended Solids,1,south.xlsx
USGS-05471500,1960-01-04,23.0,mg/l,00530,Total Suspended Solids,1,south.xlsx
USGS-05471500,1960-04-04,102.0,mg/l,00530,Total Suspended Solids,1,south.xlsx
USGS-05471500,1960-06-27,131.0,mg/l,00530,Total Suspended Solids,1,south.xlsx
USGS-05471500,1960-09-26,518.0,mg/l,00530,Total Suspended Solids,1,south.xlsx
USGS-05471500,1961-01-03,14.0,mg/l,00530,Total Suspended Solids,1,south.xlsx
USGS-05471500,1961-06-06,60.0,mg/l,00530,Total Suspended Solids,1,south.xlsx
USGS-05471500,1961-11-27,139.0,mg/l,00530,Total Suspended Solids,1,south.xlsx
USGS-05471500,1962-01-29,77.0,mg/l,00530,Total Suspended Solids,1,south.xlsx
USGS-05471500,1963-06-03,204.0,mg/l,00530,Total Suspended Solids,1,south.xlsx
USGS-05471500,1964-02-04,19.0,mg/l,00530,Total Suspended Solids,1,south.xlsx
USGS-05471500,1964-08-31,92.0,mg/l,00530,Total Suspended Solids,1,south.xlsx
USGS-05471500,1965-04-07,670.0,mg/l,80154,Suspended Sediment Concentration,1,south.xlsx
USGS-05471500,1965-06-28,135.0,mg/l,00530,Total Suspended Solids,1,south.xlsx
USGS-05471500,1966-03-28,429.0,mg/l,00530,Total Suspended Solids,1,south.xlsx
USGS-05471500,1967-04-03,40.0,mg/l,00530,Total Suspended Solids,1,south.xlsx
USGS-05471500,1967-07-17,73.0,mg/l,00530,Total Suspended Solids,1,south.xlsx
USGS-05471500,1968-02-20,38.0,mg/l,00530,Total Suspended Solids,1,south.xlsx
USGS-05471500,1969-07-07,563.0,mg/l,80154,Suspended Sediment Concentration,1,south.xlsx
USGS-05472010,1969-05-22,102.0,mg/l,00530,Total Suspended Solids,1,south.xlsx
USGS-05472010,2008-06-13,180.0,mg/l,80154,Suspended Sediment Concentration,1,south.xlsx
USGS-05472010,2008-06-13,8260.0,tons/day,80155,Suspended Sediment Discharge,1,south.xlsx
USGS-21IOWA-10500001,1999-10-18,6.0,mg/l,00530,Total Suspended Solids,1,south.xlsx
USGS-21IOWA-10500001,1999-11-17,2.0,mg/l,00530,Total Suspended Solids,1,south.xlsx
USGS-21IOWA-10500001,1999-12-07,7.0,mg/l,00530,Total Suspended Solids,1,south.xlsx
USGS-21IOWA-10500001,2000-01-10,6.0,mg/l,00530,Total Suspended Solids,1,south.xlsx
USGS-21IOWA-10500001,2000-02-08,3.0,mg/l,00530,Total Suspended Solids,1,south.xlsx
USGS-21IOWA-10500001,2000-03-13,8.0,mg/l,00530,Total Suspended Solids,1,south.xlsx
USGS-21IOWA-10500001,2000-04-17,7.0,mg/l,00530,Total Suspended Solids,1,south.xlsx
USGS-21IOWA-10500001,2000-05-08,20.0,mg/l,00530,Total Suspended Solids,1,south.xlsx
USGS-21IOWA-10500001,2000-06-06,31.0,mg/l,00530,Total Suspended Solids,1,south.xlsx
USGS-21IOWA-10500001,2000-07-18,47.0,mg/l,00530,Total Suspended Solids,1,south.xlsx
USGS-21IOWA-10500001,2000-08-01,18.0,mg/l,00530,Total Suspended Solids,1,south.xlsx
USGS-21IOWA-10500001,2000-09-11,18.0,mg/l,00530,Total Suspended Solids,1,south.xlsx
USGS-21IOWA-10500001,2000-10-18,7.0,mg/l,00530,Total Suspended Solids,1,south.xlsx
USGS-21IOWA-10500001,2000-11-28,4.0,mg/l,00530,Total Suspended Solids,1,south.xlsx
USGS-21IOWA-10500001,2000-12-20,2.0,mg/l,00530,Total Suspended Solids,1,south.xlsx
USGS-21IOWA-10500001,2001-01-16,2.0,mg/l,00530,Total Suspended Solids,1,south.xlsx
USGS-21IOWA-10500001,2001-02-21,30.0,mg/l,00530,Total Suspended Solids,1,south.xlsx
USGS-21IOWA-10500001,2001-03-21,460.0,mg/l,00530,Total Suspended Solids,1,south.xlsx
USGS-21IOWA-10500001,2001-04-17,57.0,mg/l,00530,Total Suspended Solids,1,south.xlsx
USGS-21IOWA-10500001,2001-05-15,140.0,mg/l,00530,Total Suspended Solids,1,south.xlsx
USGS-21IOWA-10500001,2001-06-19,150.0,mg/l,00530,Total Suspended Solids,1,south.xlsx
USGS-21IOWA-10500001,2001-07-17,25.0,mg/l,00530,Total Suspended Solids,1,south.xlsx
USGS-21IOWA-10500001,2001-08-21,22.0,mg/l,00530,Total Suspended Solids,1,south.xlsx
USGS-21IOWA-10500001,2001-09-17,470.0,mg/l,00530,Total Suspended Solids,1,south.xlsx
USGS-21IOWA-10500001,2001-10-15,22.0,mg/l,00530,Total Suspended Solids,1,south.xlsx
USGS-21IOWA-10500001,2001-11-13,12.0,mg/l,00530,Total Suspended Solids,1,south.xlsx
USGS-21IOWA-10500001,2001-12-10,14.0,mg/l,00530,Total Suspended Solids,1,south.xlsx
USGS-21IOWA-10500001,2002-01-15,5.0,mg/l,00530,Total Suspended Solids,1,south.xlsx
USGS-21IOWA-10500001,2002-02-13,12.0,mg/l,00530,Total Suspended Solids,1,south.xlsx
USGS-21IOWA-10500001,2002-03-12,54.0,mg/l,00530,Total Suspended Solids,1,south.xlsx
USGS-21IOWA-10500001,2002-04-10,29.0,mg/l,00530,Total Suspended Solids,1,south.xlsx
USGS-21IOWA-10500001,2002-05-15,180.0,mg/l,00530,Total Suspended Solids,1,south.xlsx
USGS-21IOWA-10500001,2002-06-11,680.0,mg/l,00530,Total Suspended Solids,1,south.xlsx
USGS-21IOWA-10500001,2002-07-09,130.0,mg/l,00530,Total Suspended Solids,1,south.xlsx
USGS-21IOWA-10500001,2002-08-13,290.0,mg/l,00530,Total Suspended Solids,1,south.xlsx
USGS-21IOWA-10500001,2002-09-10,13.0,mg/l,00530,Total Suspended Solids,1,south.xlsx
USGS-21IOWA-10500001,2002-10-08,9.0,mg/l,00530,Total Suspended Solids,1,south.xlsx
USGS-21IOWA-10500001,2002-11-12,7.0,mg/l,00530,Total Suspended Solids,1,south.xlsx
USGS-21IOWA-10500001,2002-12-10,5.0,mg/l,00530,Total Suspended Solids,1,south.xlsx
USGS-21IOWA-10500001,2003-01-15,3.0,mg/l,00530,Total Suspended Solids,1,south.xlsx
USGS-21IOWA-10500001,2003-02-13,2.0,mg/l,00530,Total Suspended Solids,1,south.xlsx
USGS-21IOWA-10500001,2003-03-10,4.0,mg/l,00530,Total Suspended Solids,1,south.xlsx
USGS-21IOWA-10500001,2003-04-07,8.0,mg/l,00530,Total Suspended Solids,1,south.xlsx
USGS-21IOWA-10500001,2003-05-13,160.0,mg/l,00530,Total Suspended Solids,1,south.xlsx
USGS-21IOWA-10500001,2003-06-10,92.0,mg/l,00530,Total Suspended Solids,1,south.xlsx
USGS-21IOWA-10500001,2003-07-09,770.0,mg/l,00530,Total Suspended Solids,1,south.xlsx
USGS-21IOWA-10500001,2003-08-12,9.0,mg/l,00530,Total Suspended Solids,1,south.xlsx
USGS-21IOWA-10500001,2003-09-09,9.0,mg/l,00530,Total Suspended Solids,1,south.xlsx
USGS-21IOWA-10500001,2003-10-08,8.0,mg/l,00530,Total Suspended Solids,1,south.xlsx
USGS-21IOWA-10500001,2003-11-11,38.0,mg/l,00530,Total Suspended Solids,1,south.xlsx
USGS-21IOWA-10500001,2003-12-09,17.0,mg/l,00530,Total Suspended Solids,1,south.xlsx
USGS-21IOWA-10500001,2004-01-13,6.0,mg/l,00530,Total Suspended Solids,1,south.xlsx
USGS-21IOWA-10500001,2004-02-10,4.0,mg/l,00530,Total Suspended Solids,1,south.xlsx
USGS-21IOWA-10500001,2004-03-09,140.0,mg/l,00530,Total Suspended Solids,1,south.xlsx
USGS-21IOWA-10500001,2004-04-14,22.0,mg/l,00530,Total Suspended Solids,1,south.xlsx
USGS-21IOWA-10500001,2004-05-11,40.0,mg/l,00530,Total Suspended Solids,1,south.xlsx
USGS-21IOWA-10500001,2004-06-09,69.0,mg/l,00530,Total Suspended Solids,1,south.xlsx
USGS-21IOWA-10500001,2004-07-13,230.0,mg/l,00530,Total Suspended Solids,1,south.xlsx
USGS-21IOWA-10500001,2004-08-12,14.0,mg/l,00530,Total Suspended Solids,1,south.xlsx
USGS-21IOWA-10500001,2004-09-08,88.0,mg/l,00530,Total Suspended Solids,1,south.xlsx
USGS-21IOWA-10500001,2004-10-13,11.0,mg/l,00530,Total Suspended Solids,1,south.xlsx
USGS-21IOWA-10500001,2004-11-09,1.0,mg/l,00530,Total Suspended Solids,1,south.xlsx
USGS-21IOWA-10500001,2004-12-14,5.0,mg/l,00530,Total Suspended Solids,1,south.xlsx
USGS-21IOWA-10500001,2005-01-18,4.0,mg/l,00530,Total Suspended Solids,1,south.xlsx
USGS-21IOWA-10500001,2005-02-08,19.0,mg/l,00530,Total Suspended Solids,1,south.xlsx
USGS-21IOWA-10500001,2005-03-08,32.0,mg/l,00530,Total Suspended Solids,1,south.xlsx
USGS-21IOWA-10500001,2005-04-12,2295.0,mg/l,00530,Total Suspended Solids,2,south.xlsx
USGS-21IOWA-10500001,2005-05-02,22.5,mg/l,00530,Total Suspended Solids,2,south.xlsx
USGS-21IOWA-10500001,2005-06-08,46.0,mg/l,00530,Total Suspended Solids,2,south.xlsx
USGS-21IOWA-10500001,2005-07-13,25.0,mg/l,00530,Total Suspended Solids,2,south.xlsx
USGS-21IOWA-10500001,2005-08-09,9.5,mg/l,00530,Total Suspended Solids,2,south.xlsx
USGS-21IOWA-10500001,2005-09-15,12.5,mg/l,00530,Total Suspended Solids,2,south.xlsx
USGS-21IOWA-10500001,2005-10-10,5.5,mg/l,00530,Total Suspended Solids,2,south.xlsx
USGS-21IOWA-10500001,2005-11-08,3.5,mg/l,00530,Total Suspended Solids,2,south.xlsx
USGS-21IOWA-10500001,2005-12-13,2.0,mg/l,00530,Total Suspended Solids,2,south.xlsx
USGS-21IOWA-10500001,2006-01-11,7.0,mg/l,00530,Total Suspended Solids,2,south.xlsx
USGS-21IOWA-10500001,2006-02-08,5.5,mg/l,00530,Total Suspended Solids,2,south.xlsx
USGS-21IOWA-10500001,2006-03-08,10.0,mg/l,00530,Total Suspended Solids,2,south.xlsx
USGS-21IOWA-10500001,2006-04-11,39.5,mg/l,00530,Total Suspended Solids,2,south.xlsx
USGS-21IOWA-10500001,2006-05-09,47.5,mg/l,00530,Total Suspended Solids,2,south.xlsx
USGS-21IOWA-10500001,2006-06-06,31.5,mg/l,00530,Total Suspended Solids,2,south.xlsx
USGS-21IOWA-10500001,2006-07-06,11.5,mg/l,00530,Total Suspended Solids,2,south.xlsx
USGS-21IOWA-10500001,2006-08-09,217.0,mg/l,00530,Total Suspended Solids,2,south.xlsx
USGS-21IOWA-10500001,2006-09-12,183.0,mg/l,00530,Total Suspended Solids,2,south.xlsx
USGS-21IOWA-10500001,2006-10-10,11.0,mg/l,00530,Total Suspended Solids,2,south.xlsx
USGS-21IOWA-10500001,2006-11-07,6.0,mg/l,00530,Total Suspended Solids,2,south.xlsx
USGS-21IOWA-10500001,2006-12-12,28.0,mg/l,00530,Total Suspended Solids,2,south.xlsx
USGS-21IOWA-10500001,2007-01-10,15.5,mg/l,00530,Total Suspended Solids,2,south.xlsx
USGS-21IOWA-10500001,2007-02-14,3.0,mg/l,00530,Total Suspended Solids,2,south.xlsx
USGS-21IOWA-10500001,2007-03-13,499.0,mg/l,00530,Total Suspended Solids,2,south.xlsx
USGS-21IOWA-10500001,2007-04-10,27.5,mg/l,00530,Total Suspended Solids,2,south.xlsx
USGS-21IOWA-10500001,2007-05-09,72.0,mg/l,00530,Total Suspended Solids,2,south.xlsx
USGS-21IOWA-10500001,2007-06-12,34.0,mg/l,00530,Total Suspended Solids,2,south.xlsx
USGS-21IOWA-10500001,2007-07-10,25.5,mg/l,00530,Total Suspended Solids,2,south.xlsx
USGS-21IOWA-10500001,2007-08-08,8.5,mg/l,00530,Total Suspended Solids,2,south.xlsx
USGS-21IOWA-10500001,2007-09-12,17.5,mg/l,00530,Total Suspended Solids,2,south.xlsx
USGS-21IOWA-10500001,2007-10-10,63.5,mg/l,00530,Total Suspended Solids,2,south.xlsx
USGS-21IOWA-10500001,2007-11-13,5.5,mg/l,00530,Total Suspended Solids,2,south.xlsx
USGS-21IOWA-10500001,2007-12-12,8.0,mg/l,00530,Total Suspended Solids,2,south.xlsx
USGS-21IOWA-10500001,2008-01-15,7.0,mg/l,00530,Total Suspended Solids,2,south.xlsx
USGS-21IOWA-10500001,2008-02-13,2.5,mg/l,00530,Total Suspended Solids,2,south.xlsx
USGS-21IOWA-10500001,2008-03-11,27.5,mg/l,00530,Total Suspended Solids,2,south.xlsx
USGS-21IOWA-10500001,2008-04-08,37.0,mg/l,00530,Total Suspended Solids,2,south.xlsx
USGS-21IOWA-10500001,2008-05-14,30.5,mg/l,00530,Total Suspended Solids,2,south.xlsx
USGS-21IOWA-10500001,2008-06-09,280.0,mg/l,00530,Total Suspended Solids,2,south.xlsx
USGS-21IOWA-10500001,2008-07-15,24.5,mg/l,00530,Total Suspended Solids,2,south.xlsx
USGS-21IOWA-10500001,2008-08-12,35.5,mg/l,00530,Total Suspended Solids,2,south.xlsx
USGS-21IOWA-10500001,2009-04-07,110.0,mg/l,00530,Total Suspended Solids,1,south.xlsx
USGS-21IOWA-10500001,2009-05-12,71.0,mg/l,00530,Total Suspended Solids,1,south.xlsx
USGS-21IOWA-10500001,2009-06-09,460.0,mg/l,00530,Total Suspended Solids,1,south.xlsx
USGS-21IOWA-10500001,2009-07-08,40.0,mg/l,00530,Total Suspended Solids,2,south.xlsx
USGS-21IOWA-10500001,2009-08-10,107.0,mg/l,00530,Total Suspended Solids,2,south.xlsx
USGS-21IOWA-10500001,2009-09-09,5.0,mg/l,00530,Total Suspended Solids,2,south.xlsx
USGS-21IOWA-10620001,1999-10-11,18.0,mg/l,00530,Total Suspended Solids,1,south.xlsx
USGS-21IOWA-10620001,1999-11-02,5.0,mg/l,00530,Total Suspended Solids,1,south.xlsx
USGS-21IOWA-10620001,1999-12-07,4.0,mg/l,00530,Total Suspended Solids,1,south.xlsx
USGS-21IOWA-10620001,2000-01-06,4.0,mg/l,00530,Total Suspended Solids,1,south.xlsx
USGS-21IOWA-10620001,2000-02-01,1.0,mg/l,00530,Total Suspended Solids,1,south.xlsx
USGS-21IOWA-10620001,2000-03-02,25.0,mg/l,00530,Total Suspended Solids,1,south.xlsx
USGS-21IOWA-10620001,2000-04-04,24.0,mg/l,00530,Total Suspended Solids,1,south.xlsx
USGS-21IOWA-10620001,2000-05-02,25.0,mg/l,00530,Total Suspended Solids,1,south.xlsx
USGS-21IOWA-10620001,2000-06-01,1500.0,mg/l,00530,Total Suspended Solids,1,south.xlsx
USGS-21IOWA-10620001,2000-07-05,480.0,mg/l,00530,Total Suspended Solids,1,south.xlsx
USGS-21IOWA-10620001,2000-08-03,110.0,mg/l,00530,Total Suspended Solids,1,south.xlsx
USGS-21IOWA-10620001,2000-09-21,7.0,mg/l,00530,Total Suspended Solids,1,south.xlsx
USGS-21IOWA-10620001,2000-10-09,3.0,mg/l,00530,Total Suspended Solids,1,south.xlsx
USGS-21IOWA-10620001,2000-11-07,60.0,mg/l,00530,Total Suspended Solids,1,south.xlsx
USGS-21IOWA-10620001,2000-12-14,3.0,mg/l,00530,Total Suspended Solids,1,south.xlsx
USGS-21IOWA-10620001,2001-01-10,3.0,mg/l,00530,Total Suspended Solids,1,south.xlsx
USGS-21IOWA-10620001,2001-02-08,5.0,mg/l,00530,Total Suspended Solids,1,south.xlsx
USGS-21IOWA-10620001,2001-03-12,990.0,mg/l,00530,Total Suspended Solids,1,south.xlsx
USGS-21IOWA-10620001,2001-04-04,110.0,mg/l,00530,Total Suspended Solids,1,south.xlsx
USGS-21IOWA-10620001,2001-05-02,47.0,mg/l,00530,Total Suspended Solids,1,south.xlsx
USGS-21IOWA-10620001,2001-06-04,130.0,mg/l,00530,Total Suspended Solids,1,south.xlsx
USGS-21IOWA-10620001,2001-07-02,74.0,mg/l,00530,Total Suspended Solids,1,south.xlsx
USGS-21IOWA-10620001,2001-08-01,44.0,mg/l,00530,Total Suspended Solids,1,south.xlsx
USGS-21IOWA-10620001,2001-09-04,61.0,mg/l,00530,Total Suspended Solids,1,south.xlsx
USGS-21IOWA-10620001,2001-10-01,9.0,mg/l,00530,Total Suspended Solids,1,south.xlsx
USGS-21IOWA-10620001,2001-11-01,39.0,mg/l,00530,Total Suspended Solids,1,south.xlsx
USGS-21IOWA-10620001,2001-12-03,17.0,mg/l,00530,Total Suspended Solids,1,south.xlsx
USGS-21IOWA-10620001,2002-01-03,4.0,mg/l,00530,Total Suspended Solids,1,south.xlsx
USGS-21IOWA-10620001,2002-02-04,4.0,mg/l,00530,Total Suspended Solids,1,south.xlsx
USGS-21IOWA-10620001,2002-03-04,4.0,mg/l,00530,Total Suspended Solids,1,south.xlsx
USGS-21IOWA-10620001,2002-04-02,21.0,mg/l,00530,Total Suspended Solids,1,south.xlsx
USGS-21IOWA-10620001,2002-05-01,450.0,mg/l,00530,Total Suspended Solids,1,south.xlsx
USGS-21IOWA-10620001,2002-06-04,510.0,mg/l,00530,Total Suspended Solids,1,south.xlsx
USGS-21IOWA-10620001,2002-07-02,88.0,mg/l,00530,Total Suspended Solids,1,south.xlsx
USGS-21IOWA-10620001,2002-08-01,76.0,mg/l,00530,Total Suspended Solids,1,south.xlsx
USGS-21IOWA-10620001,2002-09-05,28.0,mg/l,00530,Total Suspended Solids,1,south.xlsx
USGS-21IOWA-10620001,2002-10-02,39.0,mg/l,00530,Total Suspended Solids,1,south.xlsx
USGS-21IOWA-10620001,2002-11-06,10.0,mg/l,00530,Total Suspended Solids,1,south.xlsx
USGS-21IOWA-10620001,2002-12-05,4.0,mg/l,00530,Total Suspended Solids,1,south.xlsx
USGS-21IOWA-10620001,2003-01-06,2.0,mg/l,00530,Total Suspended Solids,1,south.xlsx
USGS-21IOWA-10620001,2003-02-03,3.0,mg/l,00530,Total Suspended Solids,1,south.xlsx
USGS-21IOWA-10620001,2003-03-03,1.0,mg/l,00530,Total Suspended Solids,1,south.xlsx
USGS-21IOWA-10620001,2003-04-02,23.0,mg/l,00530,Total Suspended Solids,1,south.xlsx
USGS-21IOWA-10620001,2003-05-05,1580.0,mg/l,00530,Total Suspended Solids,1,south.xlsx
USGS-21IOWA-10620001,2003-06-02,45.0,mg/l,00530,Total Suspended Solids,1,south.xlsx
USGS-21IOWA-10620001,2003-07-01,120.0,mg/l,00530,Total Suspended Solids,1,south.xlsx
USGS-21IOWA-10620001,2003-08-06,26.0,mg/l,00530,Total Suspended Solids,1,south.xlsx
USGS-21IOWA-10620001,2003-09-09,12.0,mg/l,00530,Total Suspended Solids,1,south.xlsx
USGS-21IOWA-10620001,2003-10-06,3.0,mg/l,00530,Total Suspended Solids,1,south.xlsx
USGS-21IOWA-10620001,2003-11-03,73.0,mg/l,00530,Total Suspended Solids,1,south.xlsx
USGS-21IOWA-10620001,2003-12-01,11.0,mg/l,00530,Total Suspended Solids,1,south.xlsx
USGS-21IOWA-10620001,2004-01-07,5.0,mg/l,00530,Total Suspended Solids,1,south.xlsx
USGS-21IOWA-10620001,2004-02-04,2.0,mg/l,00530,Total Suspended Solids,1,south.xlsx
USGS-21IOWA-10620001,2004-03-01,550.0,mg/l,00530,Total Suspended Solids,1,south.xlsx
USGS-21IOWA-10620001,2004-04-01,120.0,mg/l,00530,Total Suspended Solids,1,south.xlsx
USGS-21IOWA-10620001,2004-05-03,58.0,mg/l,00530,Total Suspended Solids,1,south.xlsx
USGS-21IOWA-10620001,2004-06-01,160.0,mg/l,00530,Total Suspended Solids,1,south.xlsx
USGS-21IOWA-10620001,2004-07-08,190.0,mg/l,00530,Total Suspended Solids,1,south.xlsx
USGS-21IOWA-10620001,2004-08-02,280.0,mg/l,00530,Total Suspended Solids,1,south.xlsx
USGS-21IOWA-10620001,2004-09-02,51.0,mg/l,00530,Total Suspended Solids,1,south.xlsx
USGS-21IOWA-10620001,2004-10-05,4.0,mg/l,00530,Total Suspended Solids,1,south.xlsx
USGS-21IOWA-10620001,2004-11-01,5.0,mg/l,00530,Total Suspended Solids,1,south.xlsx
USGS-21IOWA-10620001,2004-12-06,36.0,mg/l,00530,Total Suspended Solids,1,south.xlsx
USGS-21IOWA-10620001,2005-01-12,2.0,mg/l,00530,Total Suspended Solids,1,south.xlsx
USGS-21IOWA-10620001,2005-02-09,32.0,mg/l,00530,Total Suspended Solids,1,south.xlsx
USGS-21IOWA-10620001,2005-03-10,27.0,mg/l,00530,Total Suspended Solids,1,south.xlsx
USGS-21IOWA-10620001,2005-04-13,865.0,mg/l,00530,Total Suspended Solids,2,south.xlsx
USGS-21IOWA-10620001,2005-05-11,61.5,mg/l,00530,Total Suspended Solids,2,south.xlsx
USGS-21IOWA-10620001,2005-06-01,41.5,mg/l,00530,Total Suspended Solids,2,south.xlsx
USGS-21IOWA-10620001,2005-07-07,68.5,mg/l,00530,Total Suspended Solids,2,south.xlsx
USGS-21IOWA-10620001,2005-08-04,37.5,mg/l,00530,Total Suspended Solids,2,south.xlsx
USGS-21IOWA-10620001,2005-09-01,13.0,mg/l,00530,Total Suspended Solids,2,south.xlsx
USGS-21IOWA-10620001,2005-10-03,28.5,mg/l,00530,Total Suspended Solids,2,south.xlsx
USGS-21IOWA-10620001,2005-11-03,4.0,mg/l,00530,Total Suspended Solids,2,south.xlsx
USGS-21IOWA-10620001,2005-12-07,1.0,mg/l,00530,Total Suspended Solids,2,south.xlsx
USGS-21IOWA-10620001,2006-01-04,7.5,mg/l,00530,Total Suspended Solids,2,south.xlsx
USGS-21IOWA-10620001,2006-02-02,8.0,mg/l,00530,Total Suspended Solids,2,south.xlsx
USGS-21IOWA-10620001,2006-03-02,19.0,mg/l,00530,Total Suspended Solids,2,south.xlsx
USGS-21IOWA-10620001,2006-04-05,270.0,mg/l,00530,Total Suspended Solids,2,south.xlsx
USGS-21IOWA-10620001,2006-05-03,260.0,mg/l,00530,Total Suspended Solids,2,south.xlsx
USGS-21IOWA-10620001,2006-06-07,37.0,mg/l,00530,Total Suspended Solids,2,south.xlsx
USGS-21IOWA-10620001,2006-07-05,28.0,mg/l,00530,Total Suspended Solids,2,south.xlsx
USGS-21IOWA-10620001,2006-08-03,45.0,mg/l,00530,Total Suspended Solids,2,south.xlsx
USGS-21IOWA-10620001,2006-09-12,309.0,mg/l,00530,Total Suspended Solids,2,south.xlsx
USGS-21IOWA-10620001,2006-10-02,31.0,mg/l,00530,Total Suspended Solids,2,south.xlsx
USGS-21IOWA-10620001,2006-11-01,7.5,mg/l,00530,Total Suspended Solids,2,south.xlsx
USGS-21IOWA-10620001,2006-12-04,10.0,mg/l,00530,Total Suspended Solids,2,south.xlsx
USGS-21IOWA-10620001,2007-01-02,180.0,mg/l,00530,Total Suspended Solids,2,south.xlsx
USGS-21IOWA-10620001,2007-02-05,8.0,mg/l,00530,Total Suspended Solids,2,south.xlsx
USGS-21IOWA-10620001,2007-03-05,26.0,mg/l,00530,Total Suspended Solids,2,south.xlsx
USGS-21IOWA-10620001,2007-04-03,145.0,mg/l,00530,Total Suspended Solids,2,south.xlsx
USGS-21IOWA-10620001,2007-05-01,49.0,mg/l,00530,Total Suspended Solids,2,south.xlsx
USGS-21IOWA-10620001,2007-06-04,145.5,mg/l,00530,Total Suspended Solids,2,south.xlsx
USGS-21IOWA-10620001,2007-07-03,42.0,mg/l,00530,Total Suspended Solids,2,south.xlsx
USGS-21IOWA-10620001,2007-08-01,26.5,mg/l,00530,Total Suspended Solids,2,south.xlsx
USGS-21IOWA-10620001,2007-09-11,39.5,mg/l,00530,Total Suspended Solids,2,south.xlsx
USGS-21IOWA-10620001,2007-10-08,107.5,mg/l,00530,Total Suspended Solids,2,south.xlsx
USGS-21IOWA-10620001,2007-11-08,10.5,mg/l,00530,Total Suspended Solids,2,south.xlsx
USGS-21IOWA-10620001,2007-12-10,2.0,mg/l,00530,Total Suspended Solids,2,south.xlsx
USGS-21IOWA-10620001,2008-01-07,79.0,mg/l,00530,Total Suspended Solids,2,south.xlsx
USGS-21IOWA-10620001,2008-02-12,9.0,mg/l,00530,Total Suspended Solids,2,south.xlsx
USGS-21IOWA-10620001,2008-03-10,45.0,mg/l,00530,Total Suspended Solids,2,south.xlsx
USGS-21IOWA-10620001,2008-04-10,60.5,mg/l,00530,Total Suspended Solids,2,south.xlsx
USGS-21IOWA-10620001,2008-05-14,37.5,mg/l,00530,Total Suspended Solids,2,south.xlsx
USGS-21IOWA-10620001,2008-06-12,64.0,mg/l,00530,Total Suspended Solids,2,south.xlsx
USGS-21IOWA-10620001,2008-07-14,56.0,mg/l,00530,Total Suspended Solids,2,south.xlsx
USGS-21IOWA-10620001,2008-08-06,50.5,mg/l,00530,Total Suspended Solids,2,south.xlsx
USGS-21IOWA-10620001,2008-09-02,17.0,mg/l,00530,Total Suspended Solids,2,south.xlsx
USGS-21IOWA-10620001,2009-04-02,130.0,mg/l,00530,Total Suspended Solids,1,south.xlsx
USGS-21IOWA-10620001,2009-05-05,200.0,mg/l,00530,Total Suspended Solids,1,south.xlsx
USGS-21IOWA-10620001,2009-06-03,240.0,mg/l,00530,Total Suspended Solids,1,south.xlsx
USGS-21IOWA-10620001,2009-07-01,62.0,mg/l,00530,Total Suspended Solids,2,south.xlsx
USGS-21IOWA-10620001,2009-08-04,27.5,mg/l,00530,Total Suspended Solids,2,south.xlsx
USGS-21IOWA-10620001,2009-09-03,26.0,mg/l,00530,Total Suspended Solids,2,south.xlsx
USGS-21IOWA-10850001,1998-10-26,17.0,mg/l,00530,Total Suspended Solids,1,south.xlsx
USGS-21IOWA-10850001,1999-01-11,2.0,mg/l,00530,Total Suspended Solids,1,south.xlsx
USGS-21IOWA-10850001,1999-04-20,110.0,mg/l,00530,Total Suspended Solids,1,south.xlsx
USGS-21IOWA-10850001,1999-07-15,24.0,mg/l,00530,Total Suspended Solids,1,south.xlsx
USGS-21IOWA-10850001,1999-10-07,8.0,mg/l,00530,Total Suspended Solids,1,south.xlsx
USGS-21IOWA-10850001,1999-11-08,6.0,mg/l,00530,Total Suspended Solids,1,south.xlsx
USGS-21IOWA-10850001,1999-12-06,3.0,mg/l,00530,Total Suspended Solids,1,south.xlsx
USGS-21IOWA-10850001,2000-01-10,18.0,mg/l,00530,Total Suspended Solids,1,south.xlsx
USGS-21IOWA-10850001,2000-02-08,2.0,mg/l,00530,Total Suspended Solids,1,south.xlsx
USGS-21IOWA-10850001,2000-03-13,4.0,mg/l,00530,Total Suspended Solids,1,south.xlsx
USGS-21IOWA-10850001,2000-04-04,6.0,mg/l,00530,Total Suspended Solids,1,south.xlsx
USGS-21IOWA-10850001,2000-05-08,37.0,mg/l,00530,Total Suspended Solids,1,south.xlsx
USGS-21IOWA-10850001,2000-06-06,41.0,mg/l,00530,Total Suspended Solids,1,south.xlsx
USGS-21IOWA-10850001,2000-07-18,17.0,mg/l,00530,Total Suspended Solids,1,south.xlsx
USGS-21IOWA-10850001,2000-08-01,11.0,mg/l,00530,Total Suspended Solids,1,south.xlsx
USGS-21IOWA-10850001,2000-09-11,5.0,mg/l,00530,Total Suspended Solids,1,south.xlsx
USGS-21IOWA-10850002,1998-10-26,19.0,mg/l,00530,Total Suspended Solids,1,south.xlsx
USGS-21IOWA-10850002,1998-11-09,8.0,mg/l,00530,Total Suspended Solids,1,south.xlsx
USGS-21IOWA-10850002,1998-12-02,11.0,mg/l,00530,Total Suspended Solids,1,south.xlsx
USGS-21IOWA-10850002,1999-01-11,4.0,mg/l,00530,Total Suspended Solids,1,south.xlsx
USGS-21IOWA-10850002,1999-02-01,7.0,mg/l,00530,Total Suspended Solids,1,south.xlsx
USGS-21IOWA-10850002,1999-03-03,21.0,mg/l,00530,Total Suspended Solids,1,south.xlsx
USGS-21IOWA-10850002,1999-04-20,110.0,mg/l,00530,Total Suspended Solids,1,south.xlsx
USGS-21IOWA-10850002,1999-05-27,59.0,mg/l,00530,Total Suspended Solids,1,south.xlsx
USGS-21IOWA-10850002,1999-06-15,140.0,mg/l,00530,Total Suspended Solids,1,south.xlsx
USGS-21IOWA-10850002,1999-07-15,30.0,mg/l,00530,Total Suspended Solids,1,south.xlsx
USGS-21IOWA-10850002,1999-08-06,14.0,mg/l,00530,Total Suspended Solids,1,south.xlsx
USGS-21IOWA-10850002,1999-09-02,15.0,mg/l,00530,Total Suspended Solids,1,south.xlsx
USGS-21IOWA-10850002,1999-10-07,4.0,mg/l,00530,Total Suspended Solids,1,south.xlsx
USGS-21IOWA-10850002,1999-11-08,3.0,mg/l,00530,Total Suspended Solids,1,south.xlsx
USGS-21IOWA-10850002,1999-12-06,2.0,mg/l,00530,Total Suspended Solids,1,south.xlsx
USGS-21IOWA-10850002,2000-01-10,5.0,mg/l,00530,Total Suspended Solids,1,south.xlsx
USGS-21IOWA-10850002,2000-02-08,4.0,mg/l,00530,Total Suspended Solids,1,south.xlsx
USGS-21IOWA-10850002,2000-03-13,5.0,mg/l,00530,Total Suspended Solids,1,south.xlsx
USGS-21IOWA-10850002,2000-04-04,6.0,mg/l,00530,Total Suspended Solids,1,south.xlsx
USGS-21IOWA-10850002,2000-05-08,11.0,mg/l,00530,Total Suspended Solids,1,south.xlsx
USGS-21IOWA-10850002,2000-06-06,45.0,mg/l,00530,Total Suspended Solids,1,south.xlsx
USGS-21IOWA-10850002,2000-07-18,13.0,mg/l,00530,Total Suspended Solids,1,south.xlsx
USGS-21IOWA-10850002,2000-08-01,13.0,mg/l,00530,Total Suspended Solids,1,south.xlsx
USGS-21IOWA-10850002,2000-09-11,7.0,mg/l,00530,Total Suspended Solids,1,south.xlsx
USGS-21IOWA-10850002,2000-10-17,12.0,mg/l,00530,Total Suspended Solids,1,south.xlsx
USGS-21IOWA-10850002,2000-11-27,6.0,mg/l,00530,Total Suspended Solids,1,south.xlsx
USGS-21IOWA-10850002,2000-12-21,3.0,mg/l,00530,Total Suspended Solids,1,south.xlsx
USGS-21IOWA-10850002,2001-01-16,5.0,mg/l,00530,Total Suspended Solids,1,south.xlsx
USGS-21IOWA-10850002,2001-02-20,4.0,mg/l,00530,Total Suspended Solids,1,south.xlsx
USGS-21IOWA-10850002,2001-03-22,440.0,mg/l,00530,Total Suspended Solids,1,south.xlsx
USGS-21IOWA-10850002,2001-04-18,30.0,mg/l,00530,Total Suspended Solids,1,south.xlsx
USGS-21IOWA-10850002,2001-05-16,36.0,mg/l,00530,Total Suspended Solids,1,south.xlsx
USGS-21IOWA-10850002,2001-06-20,57.0,mg/l,00530,Total Suspended Solids,1,south.xlsx
USGS-21IOWA-10850002,2001-07-17,5.0,mg/l,00530,Total Suspended Solids,1,south.xlsx
USGS-21IOWA-10850002,2001-08-14,4.0,mg/l,00530,Total Suspended Solids,1,south.xlsx
USGS-21IOWA-10850002,2001-09-18,43.0,mg/l,00530,Total Suspended Solids,1,south.xlsx
USGS-21IOWA-10850002,2001-10-15,6.0,mg/l,00530,Total Suspended Solids,1,south.xlsx
USGS-21IOWA-10850002,2001-11-14,6.0,mg/l,00530,Total Suspended Solids,1,south.xlsx
USGS-21IOWA-10850002,2001-12-11,8.0,mg/l,00530,Total Suspended Solids,1,south.xlsx
USGS-21IOWA-10850002,2002-01-16,2.0,mg/l,00530,Total Suspended Solids,1,south.xlsx
USGS-21IOWA-10850002,2002-02-12,17.0,mg/l,00530,Total Suspended Solids,1,south.xlsx
USGS-21IOWA-10850002,2002-03-13,26.0,mg/l,00530,Total Suspended Solids,1,south.xlsx
USGS-21IOWA-10850002,2002-04-10,11.0,mg/l,00530,Total Suspended Solids,1,south.xlsx
USGS-21IOWA-10850002,2002-05-14,110.0,mg/l,00530,Total Suspended Solids,1,south.xlsx
USGS-21IOWA-10850002,2002-06-12,86.0,mg/l,00530,Total Suspended Solids,1,south.xlsx
USGS-21IOWA-10850002,2002-07-09,57.0,mg/l,00530,Total Suspended Solids,1,south.xlsx
USGS-21IOWA-10850002,2002-08-14,65.0,mg/l,00530,Total Suspended Solids,1,south.xlsx
USGS-21IOWA-10850002,2002-09-11,7.0,mg/l,00530,Total Suspended Solids,1,south.xlsx
USGS-21IOWA-10850002,2002-10-09,39.0,mg/l,00530,Total Suspended Solids,1,south.xlsx
USGS-21IOWA-10850002,2002-11-13,5.0,mg/l,00530,Total Suspended Solids,1,south.xlsx
USGS-21IOWA-10850002,2002-12-11,5.0,mg/l,00530,Total Suspended Solids,1,south.xlsx
USGS-21IOWA-10850002,2003-01-15,4.0,mg/l,00530,Total Suspended Solids,1,south.xlsx
USGS-21IOWA-10850002,2003-02-12,4.0,mg/l,00530,Total Suspended Solids,1,south.xlsx
USGS-21IOWA-10850002,2003-03-11,4.0,mg/l,00530,Total Suspended Solids,1,south.xlsx
USGS-21IOWA-10850002,2003-04-14,27.0,mg/l,00530,Total Suspended Solids,1,south.xlsx
USGS-21IOWA-10850002,2003-05-14,280.0,mg/l,00530,Total Suspended Solids,1,south.xlsx
USGS-21IOWA-10850002,2003-06-11,55.0,mg/l,00530,Total Suspended Solids,1,south.xlsx
USGS-21IOWA-10850002,2003-07-08,110.0,mg/l,00530,Total Suspended Solids,1,south.xlsx
USGS-21IOWA-10850002,2003-08-13,8.0,mg/l,00530,Total Suspended Solids,1,south.xlsx
USGS-21IOWA-10850002,2003-09-10,5.0,mg/l,00530,Total Suspended Solids,1,south.xlsx
USGS-21IOWA-10850002,2003-10-06,5.0,mg/l,00530,Total Suspended Solids,1,south.xlsx
USGS-21IOWA-10850002,2003-11-12,17.0,mg/l,00530,Total Suspended Solids,1,south.xlsx
USGS-21IOWA-10850002,2003-12-09,8.0,mg/l,00530,Total Suspended Solids,1,south.xlsx
USGS-21IOWA-10850002,2004-01-14,3.0,mg/l,00530,Total Suspended Solids,1,south.xlsx
USGS-21IOWA-10850002,2004-02-11,7.0,mg/l,00530,Total Suspended Solids,1,south.xlsx
USGS-21IOWA-10850002,2004-03-10,56.0,mg/l,00530,Total Suspended Solids,1,south.xlsx
USGS-21IOWA-10850002,2004-04-14,14.0,mg/l,00530,Total Suspended Solids,1,south.xlsx
USGS-21IOWA-10850002,2004-05-12,30.0,mg/l,00530,Total Suspended Solids,1,south.xlsx
USGS-21IOWA-10850002,2004-06-07,69.0,mg/l,00530,Total Suspended Solids,1,south.xlsx
USGS-21IOWA-10850002,2004-07-14,84.0,mg/l,00530,Total Suspended Solids,1,south.xlsx
USGS-21IOWA-10850002,2004-08-11,22.0,mg/l,00530,Total Suspended Solids,1,south.xlsx
USGS-21IOWA-10850002,2004-09-08,11.0,mg/l,00530,Total Suspended Solids,1,south.xlsx
USGS-21IOWA-10850002,2004-10-14,5.0,mg/l,00530,Total Suspended Solids,1,south.xlsx
USGS-21IOWA-10850002,2004-11-10,6.0,mg/l,00530,Total Suspended Solids,1,south.xlsx
USGS-21IOWA-10850002,2004-12-08,6.0,mg/l,00530,Total Suspended Solids,1,south.xlsx
USGS-21IOWA-10850002,2005-01-18,5.0,mg/l,00530,Total Suspended Solids,1,south.xlsx
USGS-21IOWA-10850002,2005-02-09,50.0,mg/l,00530,Total Suspended Solids,1,south.xlsx
USGS-21IOWA-10850002,2005-03-09,15.0,mg/l,00530,Total Suspended Solids,1,south.xlsx
USGS-21IOWA-10850002,2005-04-13,470.0,mg/l,00530,Total Suspended Solids,1,south.xlsx
USGS-21IOWA-10850002,2005-05-02,22.0,mg/l,00530,Total Suspended Solids,1,south.xlsx
USGS-21IOWA-10850002,2005-06-08,42.0,mg/l,00530,Total Suspended Solids,1,south.xlsx
USGS-21IOWA-10850002,2005-07-13,38.0,mg/l,00530,Total Suspended Solids,1,south.xlsx
USGS-21IOWA-10850002,2005-08-10,36.0,mg/l,00530,Total Suspended Solids,1,south.xlsx
USGS-21IOWA-10850002,2005-09-14,17.0,mg/l,00530,Total Suspended Solids,1,south.xlsx
USGS-21IOWA-10850002,2005-10-12,5.0,mg/l,00530,Total Suspended Solids,1,south.xlsx
USGS-21IOWA-10850002,2005-11-08,4.0,mg/l,00530,Total Suspended Solids,1,south.xlsx
USGS-21IOWA-10850002,2005-12-13,5.0,mg/l,00530,Total Suspended Solids,1,south.xlsx
USGS-21IOWA-10850002,2006-01-10,19.0,mg/l,00530,Total Suspended Solids,1,south.xlsx
USGS-21IOWA-10850002,2006-02-07,14.0,mg/l,00530,Total Suspended Solids,1,south.xlsx
USGS-21IOWA-10850002,2006-03-08,9.0,mg/l,00530,Total Suspended Solids,1,south.xlsx
USGS-21IOWA-10850002,2006-04-12,55.0,mg/l,00530,Total Suspended Solids,1,south.xlsx
USGS-21IOWA-10850002,2006-05-09,70.0,mg/l,00530,Total Suspended Solids,1,south.xlsx
USGS-21IOWA-10850002,2006-06-07,31.0,mg/l,00530,Total Suspended Solids,1,south.xlsx
USGS-21IOWA-10850002,2006-07-12,340.0,mg/l,00530,Total Suspended Solids,1,south.xlsx
USGS-21IOWA-10850002,2006-08-09,180.0,mg/l,00530,Total Suspended Solids,1,south.xlsx
USGS-21IOWA-10850002,2006-09-12,260.0,mg/l,00530,Total Suspended Solids,1,south.xlsx
USGS-21IOWA-10850002,2006-10-11,14.0,mg/l,00530,Total Suspended Solids,1,south.xlsx
USGS-21IOWA-10850002,2006-11-07,8.0,mg/l,00530,Total Suspended Solids,1,south.xlsx
USGS-21IOWA-10850002,2006-12-12,22.0,mg/l,00530,Total Suspended Solids,1,south.xlsx
USGS-21IOWA-10850002,2007-01-10,32.0,mg/l,00530,Total Suspended Solids,1,south.xlsx
USGS-21IOWA-10850002,2007-02-14,7.0,mg/l,00530,Total Suspended Solids,1,south.xlsx
USGS-21IOWA-10850002,2007-03-13,510.0,mg/l,00530,Total Suspended Solids,1,south.xlsx
USGS-21IOWA-10850002,2007-04-10,36.0,mg/l,00530,Total Suspended Solids,1,south.xlsx
USGS-21IOWA-10850002,2007-05-09,90.0,mg/l,00530,Total Suspended Solids,1,south.xlsx
USGS-21IOWA-10850002,2007-06-12,44.0,mg/l,00530,Total Suspended Solids,1,south.xlsx
USGS-21IOWA-10850002,2007-07-10,30.0,mg/l,00530,Total Suspended Solids,1,south.xlsx
USGS-21IOWA-10850002,2007-08-08,10.0,mg/l,00530,Total Suspended Solids,1,south.xlsx
USGS-21IOWA-10850002,2007-09-12,7.0,mg/l,00530,Total Suspended Solids,2,south.xlsx
USGS-21IOWA-10850002,2007-10-10,84.5,mg/l,00530,Total Suspended Solids,2,south.xlsx
USGS-21IOWA-10850002,2007-11-13,6.0,mg/l,00530,Total Suspended Solids,2,south.xlsx
USGS-21IOWA-10850002,2007-12-12,3.0,mg/l,00530,Total Suspended Solids,2,south.xlsx
USGS-21IOWA-10850002,2008-01-15,2.0,mg/l,00530,Total Suspended Solids,2,south.xlsx
USGS-21IOWA-10850002,2008-02-13,2.0,mg/l,00530,Total Suspended Solids,2,south.xlsx
USGS-21IOWA-10850002,2008-03-11,9.5,mg/l,00530,Total Suspended Solids,2,south.xlsx
USGS-21IOWA-10850002,2008-04-08,41.0,mg/l,00530,Total Suspended Solids,2,south.xlsx
USGS-21IOWA-10850002,2008-05-14,31.5,mg/l,00530,Total Suspended Solids,2,south.xlsx
USGS-21IOWA-10850002,2008-06-09,390.0,mg/l,00530,Total Suspended Solids,2,south.xlsx
USGS-21IOWA-10850002,2008-07-15,32.5,mg/l,00530,Total Suspended Solids,2,south.xlsx
USGS-21IOWA-10850002,2008-08-12,11.0,mg/l,00530,Total Suspended Solids,2,south.xlsx
USGS-21IOWA-10850002,2009-04-07,72.0,mg/l,00530,Total Suspended Solids,1,south.xlsx
USGS-21IOWA-10850002,2009-05-12,48.0,mg/l,00530,Total Suspended Solids,1,south.xlsx
USGS-21IOWA-10850002,2009-06-09,45.0,mg/l,00530,Total Suspended Solids,1,south.xlsx
USGS-21IOWA-10850002,2009-07-08,20.0,mg/l,00530,Total Suspended Solids,2,south.xlsx
USGS-21IOWA-10850002,2009-08-10,18.5,mg/l,00530,Total Suspended Solids,2,south.xlsx
USGS-21IOWA-10850002,2009-09-09,3.5,mg/l,00530,Total Suspended Solids,2,south.xlsx
USGS-21IOWA-10850003,1999-10-07,22.0,mg/l,00530,Total Suspended Solids,1,south.xlsx
USGS-21IOWA-10850003,2000-04-04,10.0,mg/l,00530,Total Suspended Solids,1,south.xlsx
USGS-21IOWA-10850003,2000-10-17,25.0,mg/l,00530,Total Suspended Solids,1,south.xlsx
USGS-21IOWA-10850003,2000-11-27,2.0,mg/l,00530,Total Suspended Solids,1,south.xlsx
USGS-21IOWA-10850003,2000-12-21,2.0,mg/l,00530,Total Suspended Solids,1,south.xlsx
USGS-21IOWA-10850003,2001-01-16,2.0,mg/l,00530,Total Suspended Solids,1,south.xlsx
USGS-21IOWA-10850003,2001-02-20,2.0,mg/l,00530,Total Suspended Solids,1,south.xlsx
USGS-21IOWA-10850003,2001-03-22,320.0,mg/l,00530,Total Suspended Solids,1,south.xlsx
USGS-21IOWA-10850003,2001-04-18,16.0,mg/l,00530,Total Suspended Solids,1,south.xlsx
USGS-21IOWA-10850003,2001-05-16,17.0,mg/l,00530,Total Suspended Solids,1,south.xlsx
USGS-21IOWA-10850003,2001-06-20,43.0,mg/l,00530,Total Suspended Solids,1,south.xlsx
USGS-21IOWA-10850003,2001-07-17,7.0,mg/l,00530,Total Suspended Solids,1,south.xlsx
USGS-21IOWA-10850003,2001-08-14,5.0,mg/l,00530,Total Suspended Solids,1,south.xlsx
USGS-21IOWA-10850003,2001-09-18,13.0,mg/l,00530,Total Suspended Solids,1,south.xlsx
USGS-21IOWA-10850003,2001-10-15,4.0,mg/l,00530,Total Suspended Solids,1,south.xlsx
USGS-21IOWA-10850003,2001-11-14,4.0,mg/l,00530,Total Suspended Solids,1,south.xlsx
USGS-21IOWA-10850003,2001-12-11,3.0,mg/l,00530,Total Suspended Solids,1,south.xlsx
USGS-21IOWA-10850003,2002-01-16,3.0,mg/l,00530,Total Suspended Solids,1,south.xlsx
USGS-21IOWA-10850003,2002-02-12,3.0,mg/l,00530,Total Suspended Solids,1,south.xlsx
USGS-21IOWA-10850003,2002-03-13,7.0,mg/l,00530,Total Suspended Solids,1,south.xlsx
USGS-21IOWA-10850003,2002-04-10,8.0,mg/l,00530,Total Suspended Solids,1,south.xlsx
USGS-21IOWA-10850003,2002-05-14,110.0,mg/l,00530,Total Suspended Solids,1,south.xlsx
USGS-21IOWA-10850003,2002-06-12,67.0,mg/l,00530,Total Suspended Solids,1,south.xlsx
USGS-21IOWA-10850003,2002-07-09,33.0,mg/l,00530,Total Suspended Solids,1,south.xlsx
USGS-21IOWA-10850003,2002-08-14,98.0,mg/l,00530,Total Suspended Solids,1,south.xlsx
USGS-21IOWA-10850003,2002-09-11,21.0,mg/l,00530,Total Suspended Solids,1,south.xlsx
USGS-21IOWA-10850003,2002-10-09,39.0,mg/l,00530,Total Suspended Solids,1,south.xlsx
USGS-21IOWA-10850003,2002-11-13,3.0,mg/l,00530,Total Suspended Solids,1,south.xlsx
USGS-21IOWA-10850003,2002-12-11,0.0,mg/l,00530,Total Suspended Solids,1,south.xlsx
USGS-21IOWA-10850003,2003-01-15,2.0,mg/l,00530,Total Suspended Solids,1,south.xlsx
USGS-21IOWA-10850003,2003-02-12,1.0,mg/l,00530,Total Suspended Solids,1,south.xlsx
USGS-21IOWA-10850003,2003-03-11,2.0,mg/l,00530,Total Suspended Solids,1,south.xlsx
USGS-21IOWA-10850003,2003-04-14,12.0,mg/l,00530,Total Suspended Solids,1,south.xlsx
USGS-21IOWA-10850003,2003-05-14,110.0,mg/l,00530,Total Suspended Solids,1,south.xlsx
USGS-21IOWA-10850003,2003-06-11,38.0,mg/l,00530,Total Suspended Solids,1,south.xlsx
USGS-21IOWA-10850003,2003-07-08,85.0,mg/l,00530,Total Suspended Solids,1,south.xlsx
USGS-21IOWA-10850003,2003-08-13,10.0,mg/l,00530,Total Suspended Solids,1,south.xlsx
USGS-21IOWA-10850003,2003-09-10,30.0,mg/l,00530,Total Suspended Solids,1,south.xlsx
USGS-21IOWA-10850003,2003-10-06,9.0,mg/l,00530,Total Suspended Solids,1,south.xlsx
USGS-21IOWA-10850003,2003-11-12,12.0,mg/l,00530,Total Suspended Solids,1,south.xlsx
USGS-21IOWA-10850003,2003-12-09,6.0,mg/l,00530,Total Suspended Solids,1,south.xlsx
USGS-21IOWA-10850003,2004-01-14,0.0,mg/l,00530,Total Suspended Solids,1,south.xlsx
USGS-21IOWA-10850003,2004-02-11,2.0,mg/l,00530,Total Suspended Solids,1,south.xlsx
USGS-21IOWA-10850003,2004-03-10,31.0,mg/l,00530,Total Suspended Solids,1,south.xlsx
USGS-21IOWA-10850003,2004-04-14,9.0,mg/l,00530,Total Suspended Solids,1,south.xlsx
USGS-21IOWA-10850003,2004-05-12,18.0,mg/l,00530,Total Suspended Solids,1,south.xlsx
USGS-21IOWA-10850003,2004-06-07,62.0,mg/l,00530,Total Suspended Solids,1,south.xlsx
USGS-21IOWA-10850003,2004-07-14,62.0,mg/l,00530,Total Suspended Solids,1,south.xlsx
USGS-21IOWA-10850003,2004-08-11,14.0,mg/l,00530,Total Suspended Solids,1,south.xlsx
USGS-21IOWA-10850003,2004-09-08,10.0,mg/l,00530,Total Suspended Solids,1,south.xlsx
USGS-21IOWA-10850003,2004-10-14,4.0,mg/l,00530,Total Suspended Solids,1,south.xlsx
USGS-21IOWA-10850003,2004-11-10,5.0,mg/l,00530,Total Suspended Solids,1,south.xlsx
USGS-21IOWA-10850003,2004-12-08,12.0,mg/l,00530,Total Suspended Solids,1,south.xlsx
USGS-21IOWA-10850003,2005-01-18,3.0,mg/l,00530,Total Suspended Solids,1,south.xlsx
USGS-21IOWA-10850003,2005-02-09,9.0,mg/l,00530,Total Suspended Solids,1,south.xlsx
USGS-21IOWA-10850003,2005-03-09,5.0,mg/l,00530,Total Suspended Solids,1,south.xlsx
USGS-21IOWA-10850003,2005-04-13,320.0,mg/l,00530,Total Suspended Solids,1,south.xlsx
USGS-21IOWA-10850003,2005-05-02,6.0,mg/l,00530,Total Suspended Solids,1,south.xlsx
USGS-21IOWA-10850003,2005-06-08,12.0,mg/l,00530,Total Suspended Solids,1,south.xlsx
USGS-21IOWA-10850003,2005-07-13,29.0,mg/l,00530,Total Suspended Solids,1,south.xlsx
USGS-21IOWA-10850003,2005-08-10,16.0,mg/l,00530,Total Suspended Solids,1,south.xlsx
USGS-21IOWA-10850003,2005-09-14,36.0,mg/l,00530,Total Suspended Solids,1,south.xlsx
USGS-21IOWA-10850003,2005-10-12,8.0,mg/l,00530,Total Suspended Solids,1,south.xlsx
USGS-21IOWA-10850003,2005-11-08,4.0,mg/l,00530,Total Suspended Solids,1,south.xlsx
USGS-21IOWA-10850003,2005-12-13,0.0,mg/l,00530,Total Suspended Solids,1,south.xlsx
USGS-21IOWA-10850003,2006-01-10,5.0,mg/l,00530,Total Suspended Solids,1,south.xlsx
USGS-21IOWA-10850003,2006-02-07,4.0,mg/l,00530,Total Suspended Solids,1,south.xlsx
USGS-21IOWA-10850003,2006-03-08,2.0,mg/l,00530,Total Suspended Solids,1,south.xlsx
USGS-21IOWA-10850003,2006-04-12,42.0,mg/l,00530,Total Suspended Solids,1,south.xlsx
USGS-21IOWA-10850003,2006-05-09,99.0,mg/l,00530,Total Suspended Solids,1,south.xlsx
USGS-21IOWA-10850003,2006-06-07,17.0,mg/l,00530,Total Suspended Solids,1,south.xlsx
USGS-21IOWA-10850003,2006-07-12,430.0,mg/l,00530,Total Suspended Solids,1,south.xlsx
USGS-21IOWA-10850003,2006-08-09,52.0,mg/l,00530,Total Suspended Solids,1,south.xlsx
USGS-21IOWA-10850003,2006-09-12,150.0,mg/l,00530,Total Suspended Solids,1,south.xlsx
USGS-21IOWA-10850003,2006-10-11,5.0,mg/l,00530,Total Suspended Solids,1,south.xlsx
USGS-21IOWA-10850003,2006-11-07,4.0,mg/l,00530,Total Suspended Solids,1,south.xlsx
USGS-21IOWA-10850003,2006-12-12,13.0,mg/l,00530,Total Suspended Solids,1,south.xlsx
USGS-21IOWA-10850003,2007-01-10,24.0,mg/l,00530,Total Suspended Solids,1,south.xlsx
USGS-21IOWA-10850003,2007-02-14,3.0,mg/l,00530,Total Suspended Solids,1,south.xlsx
USGS-21IOWA-10850003,2007-03-13,390.0,mg/l,00530,Total Suspended Solids,1,south.xlsx
USGS-21IOWA-10850003,2007-04-10,27.0,mg/l,00530,Total Suspended Solids,1,south.xlsx
USGS-21IOWA-10850003,2007-05-09,57.0,mg/l,00530,Total Suspended Solids,1,south.xlsx
USGS-21IOWA-10850003,2007-06-12,42.0,mg/l,00530,Total Suspended Solids,1,south.xlsx
USGS-21IOWA-10850003,2007-07-10,17.0,mg/l,00530,Total Suspended Solids,1,south.xlsx
USGS-21IOWA-10850003,2007-08-08,29.0,mg/l,00530,Total Suspended Solids,1,south.xlsx
USGS-21IOWA-10850003,2007-09-12,5.5,mg/l,00530,Total Suspended Solids,2,south.xlsx
USGS-21IOWA-10850003,2007-10-10,56.5,mg/l,00530,Total Suspended Solids,2,south.xlsx
USGS-21IOWA-10850003,2007-11-13,4.0,mg/l,00530,Total Suspended Solids,2,south.xlsx
USGS-21IOWA-10850003,2007-12-12,1.5,mg/l,00530,Total Suspended Solids,2,south.xlsx
USGS-21IOWA-10850003,2008-01-15,2.0,mg/l,00530,Total Suspended Solids,2,south.xlsx
USGS-21IOWA-10850003,2008-02-13,1.0,mg/l,00530,Total Suspended Solids,2,south.xlsx
USGS-21IOWA-10850003,2008-03-11,6.5,mg/l,00530,Total Suspended Solids,2,south.xlsx
USGS-21IOWA-10850003,2008-04-08,30.5,mg/l,00530,Total Suspended Solids,2,south.xlsx
USGS-21IOWA-10850003,2008-05-14,25.0,mg/l,00530,Total Suspended Solids,2,south.xlsx
USGS-21IOWA-10850003,2008-06-09,385.0,mg/l,00530,Total Suspended Solids,2,south.xlsx
USGS-21IOWA-10850003,2008-07-15,26.5,mg/l,00530,Total Suspended Solids,2,south.xlsx
USGS-21IOWA-10850003,2008-08-12,7.0,mg/l,00530,Total Suspended Solids,2,south.xlsx
USGS-21IOWA-10850003,2009-04-07,59.0,mg/l,00530,Total Suspended Solids,1,south.xlsx
USGS-21IOWA-10850003,2009-05-12,33.0,mg/l,00530,Total Suspended Solids,1,south.xlsx
USGS-21IOWA-10850003,2009-06-09,28.0,mg/l,00530,Total Suspended Solids,1,south.xlsx
USGS-21IOWA-10850003,2009-07-08,13.5,mg/l,00530,Total Suspended Solids,2,south.xlsx
USGS-21IOWA-10850003,2009-08-10,26.0,mg/l,00530,Total Suspended Solids,2,south.xlsx
USGS-21IOWA-10850003,2009-09-09,9.0,mg/l,00530,Total Suspended Solids,2,south.xlsx
USGS-21IOWA-11400004,2007-07-10,5.5,mg/l,00530,Total Suspended Solids,2,south.xlsx
USGS-21IOWA-11400004,2007-07-26,7.5,mg/l,00530,Total Suspended Solids,2,south.xlsx
USGS-21IOWA-11400004,2007-08-08,9.0,mg/l,00530,Total Suspended Solids,2,south.xlsx
USGS-21IOWA-11400004,2007-08-21,16.5,mg/l,00530,Total Suspended Solids,2,south.xlsx
USGS-21IOWA-11400004,2007-09-06,12.5,mg/l,00530,Total Suspended Solids,2,south.xlsx
USGS-21IOWA-11400004,2007-09-17,6.0,mg/l,00530,Total Suspended Solids,2,south.xlsx
USGS-21IOWA-11400004,2007-10-02,10.5,mg/l,00530,Total Suspended Solids,2,south.xlsx
USGS-21IOWA-11400004,2007-10-17,15.0,mg/l,00530,Total Suspended Solids,2,south.xlsx
USGS-21IOWA-11400004,2007-11-05,4.5,mg/l,00530,Total Suspended Solids,2,south.xlsx
USGS-21IOWA-11400004,2007-12-03,6.0,mg/l,00530,Total Suspended Solids,2,south.xlsx
USGS-21IOWA-11400004,2008-01-07,10.0,mg/l,00530,Total Suspended Solids,2,south.xlsx
USGS-21IOWA-11400004,2008-02-12,11.0,mg/l,00530,Total Suspended Solids,2,south.xlsx
USGS-21IOWA-11400004,2008-03-06,10.5,mg/l,00530,Total Suspended Solids,2,south.xlsx
USGS-21IOWA-11400004,2008-03-18,28.0,mg/l,00530,Total Suspended Solids,2,south.xlsx
USGS-21IOWA-11400004,2008-04-01,99.5,mg/l,00530,Total Suspended Solids,2,south.xlsx
USGS-21IOWA-11400004,2008-04-23,18.0,mg/l,00530,Total Suspended Solids,2,south.xlsx
USGS-21IOWA-11400004,2008-05-13,9.5,mg/l,00530,Total Suspended Solids,2,south.xlsx
USGS-21IOWA-11400004,2008-05-27,9.5,mg/l,00530,Total Suspended Solids,2,south.xlsx
USGS-21IOWA-11400004,2008-06-11,81.0,mg/l,00530,Total Suspended Solids,2,south.xlsx
USGS-21IOWA-11400004,2008-06-24,25.0,mg/l,00530,Total Suspended Solids,2,south.xlsx
USGS-21IOWA-11400004,2008-07-08,12.5,mg/l,00530,Total Suspended Solids,2,south.xlsx
USGS-21IOWA-11400004,2008-07-24,34.0,mg/l,00530,Total Suspended Solids,2,south.xlsx
USGS-21IOWA-11400004,2008-08-04,12.0,mg/l,00530,Total Suspended Solids,2,south.xlsx
USGS-21IOWA-11400004,2008-08-18,10.0,mg/l,00530,Total Suspended Solids,2,south.xlsx
USGS-21IOWA-11400004,2008-09-04,6.5,mg/l,00530,Total Suspended Solids,2,south.xlsx
USGS-21IOWA-11400004,2008-09-16,9.5,mg/l,00530,Total Suspended Solids,2,south.xlsx
USGS-21IOWA-11400004,2008-10-01,16.0,mg/l,00530,Total Suspended Solids,2,south.xlsx
USGS-21IOWA-11400004,2008-10-06,11.0,mg/l,00530,Total Suspended Solids,2,south.xlsx
USGS-21IOWA-11400004,2008-10-22,8.5,mg/l,00530,Total Suspended Solids,2,south.xlsx
USGS-21IOWA-11400004,2008-11-06,197.0,mg/l,00530,Total Suspended Solids,2,south.xlsx
USGS-21IOWA-11400004,2008-11-19,9.5,mg/l,00530,Total Suspended Solids,2,south.xlsx
USGS-21IOWA-11400004,2008-12-03,5.5,mg/l,00530,Total Suspended Solids,2,south.xlsx
USGS-21IOWA-16500001,2003-04-16,6.5,mg/l,00530,Total Suspended Solids,2,south.xlsx
USGS-21IOWA-16500001,2003-04-23,20.5,mg/l,00530,Total Suspended Solids,2,south.xlsx
USGS-21IOWA-16500001,2003-05-19,33.0,mg/l,00530,Total Suspended Solids,2,south.xlsx
USGS-21IOWA-16500001,2003-05-27,19.5,mg/l,00530,Total Suspended Solids,2,south.xlsx
USGS-21IOWA-16500001,2003-06-03,14.0,mg/l,00530,Total Suspended Solids,2,south.xlsx
USGS-21IOWA-16500001,2003-06-19,51.5,mg/l,00530,Total Suspended Solids,2,south.xlsx
USGS-21IOWA-16500001,2003-06-26,62.0,mg/l,00530,Total Suspended Solids,2,south.xlsx
USGS-21IOWA-16500001,2003-07-17,30.0,mg/l,00530,Total Suspended Solids,2,south.xlsx
USGS-21IOWA-16500001,2003-07-24,7.5,mg/l,00530,Total Suspended Solids,2,south.xlsx
USGS-21IOWA-16500001,2003-08-08,4.5,mg/l,00530,Total Suspended Solids,2,south.xlsx
USGS-21IOWA-16500001,2003-08-15,5.0,mg/l,00530,Total Suspended Solids,2,south.xlsx
USGS-21IOWA-16500001,2003-09-17,8.0,mg/l,00530,Total Suspended Solids,2,south.xlsx
USGS-21IOWA-16500001,2003-09-24,5.0,mg/l,00530,Total Suspended Solids,2,south.xlsx
USGS-21IOWA-16850001,2002-06-06,32.0,mg/l,00530,Total Suspended Solids,1,south.xlsx
USGS-21IOWA-16850001,2002-06-20,22.0,mg/l,00530,Total Suspended Solids,2,south.xlsx
USGS-21IOWA_WQX-10500001,1999-10-18,6.0,mg/L,00530,Total Suspended Solids,1,south.xlsx
USGS-21IOWA_WQX-10500001,1999-11-17,2.0,mg/L,00530,Total Suspended Solids,1,south.xlsx
USGS-21IOWA_WQX-10500001,1999-12-07,7.0,mg/L,00530,Total Suspended Solids,1,south.xlsx
USGS-21IOWA_WQX-10500001,2000-01-10,6.0,mg/L,00530,Total Suspended Solids,1,south.xlsx
USGS-21IOWA_WQX-10500001,2000-02-08,3.0,mg/L,00530,Total Suspended Solids,1,south.xlsx
USGS-21IOWA_WQX-10500001,2000-03-13,8.0,mg/L,00530,Total Suspended Solids,1,south.xlsx
USGS-21IOWA_WQX-10500001,2000-04-17,7.0,mg/L,00530,Total Suspended Solids,1,south.xlsx
USGS-21IOWA_WQX-10500001,2000-05-08,20.0,mg/L,00530,Total Suspended Solids,1,south.xlsx
USGS-21IOWA_WQX-10500001,2000-06-06,31.0,mg/L,00530,Total Suspended Solids,1,south.xlsx
USGS-21IOWA_WQX-10500001,2000-07-18,47.0,mg/L,00530,Total Suspended Solids,1,south.xlsx
USGS-21IOWA_WQX-10500001,2000-08-01,18.0,mg/L,00530,Total Suspended Solids,1,south.xlsx
USGS-21IOWA_WQX-10500001,2000-09-11,18.0,mg/L,00530,Total Suspended Solids,1,south.xlsx
USGS-21IOWA_WQX-10500001,2000-10-18,7.0,mg/L,00530,Total Suspended Solids,1,south.xlsx
USGS-21IOWA_WQX-10500001,2000-11-28,4.0,mg/L,00530,Total Suspended Solids,1,south.xlsx
USGS-21IOWA_WQX-10500001,2000-12-20,2.0,mg/L,00530,Total Suspended Solids,1,south.xlsx
USGS-21IOWA_WQX-10500001,2001-01-16,2.0,mg/L,00530,Total Suspended Solids,1,south.xlsx
USGS-21IOWA_WQX-10500001,2001-02-21,30.0,mg/L,00530,Total Suspended Solids,1,south.xlsx
USGS-21IOWA_WQX-10500001,2001-03-21,460.0,mg/L,00530,Total Suspended Solids,1,south.xlsx
USGS-21IOWA_WQX-10500001,2001-04-17,57.0,mg/L,00530,Total Suspended Solids,1,south.xlsx
USGS-21IOWA_WQX-10500001,2001-05-15,140.0,mg/L,00530,Total Suspended Solids,1,south.xlsx
USGS-21IOWA_WQX-10500001,2001-06-19,150.0,mg/L,00530,Total Suspended Solids,1,south.xlsx
USGS-21IOWA_WQX-10500001,2001-07-17,25.0,mg/L,00530,Total Suspended Solids,1,south.xlsx
USGS-21IOWA_WQX-10500001,2001-08-21,22.0,mg/L,00530,Total Suspended Solids,1,south.xlsx
USGS-21IOWA_WQX-10500001,2001-09-17,470.0,mg/L,00530,Total Suspended Solids,1,south.xlsx
USGS-21IOWA_WQX-10500001,2001-10-15,22.0,mg/L,00530,Total Suspended Solids,1,south.xlsx
USGS-21IOWA_WQX-10500001,2001-11-13,12.0,mg/L,00530,Total Suspended Solids,1,south.xlsx
USGS-21IOWA_WQX-10500001,2001-12-10,14.0,mg/L,00530,Total Suspended Solids,1,south.xlsx
USGS-21IOWA_WQX-10500001,2002-01-15,5.0,mg/L,00530,Total Suspended Solids,1,south.xlsx
USGS-21IOWA_WQX-10500001,2002-02-13,12.0,mg/L,00530,Total Suspended Solids,1,south.xlsx
USGS-21IOWA_WQX-10500001,2002-03-12,54.0,mg/L,00530,Total Suspended Solids,1,south.xlsx
USGS-21IOWA_WQX-10500001,2002-04-10,29.0,mg/L,00530,Total Suspended Solids,1,south.xlsx
USGS-21IOWA_WQX-10500001,2002-05-15,180.0,mg/L,00530,Total Suspended Solids,1,south.xlsx
USGS-21IOWA_WQX-10500001,2002-06-11,680.0,mg/L,00530,Total Suspended Solids,1,south.xlsx
USGS-21IOWA_WQX-10500001,2002-07-09,130.0,mg/L,00530,Total Suspended Solids,1,south.xlsx
USGS-21IOWA_WQX-10500001,2002-08-13,290.0,mg/L,00530,Total Suspended Solids,1,south.xlsx
USGS-21IOWA_WQX-10500001,2002-09-10,13.0,mg/L,00530,Total Suspended Solids,1,south.xlsx
USGS-21IOWA_WQX-10500001,2002-10-08,9.0,mg/L,00530,Total Suspended Solids,1,south.xlsx
USGS-21IOWA_WQX-10500001,2002-11-12,7.0,mg/L,00530,Total Suspended Solids,1,south.xlsx
USGS-21IOWA_WQX-10500001,2002-12-10,5.0,mg/L,00530,Total Suspended Solids,1,south.xlsx
USGS-21IOWA_WQX-10500001,2003-01-15,3.0,mg/L,00530,Total Suspended Solids,1,south.xlsx
USGS-21IOWA_WQX-10500001,2003-02-13,2.0,mg/L,00530,Total Suspended Solids,1,south.xlsx
USGS-21IOWA_WQX-10500001,2003-03-10,4.0,mg/L,00530,Total Suspended Solids,1,south.xlsx
USGS-21IOWA_WQX-10500001,2003-04-07,8.0,mg/L,00530,Total Suspended Solids,1,south.xlsx
USGS-21IOWA_WQX-10500001,2003-05-13,160.0,mg/L,00530,Total Suspended Solids,1,south.xlsx
USGS-21IOWA_WQX-10500001,2003-06-10,92.0,mg/L,00530,Total Suspended Solids,1,south.xlsx
USGS-21IOWA_WQX-10500001,2003-07-09,770.0,mg/L,00530,Total Suspended Solids,1,south.xlsx
USGS-21IOWA_WQX-10500001,2003-08-12,9.0,mg/L,00530,Total Suspended Solids,1,south.xlsx
USGS-21IOWA_WQX-10500001,2003-09-09,9.0,mg/L,00530,Total Suspended Solids,1,south.xlsx
USGS-21IOWA_WQX-10500001,2003-10-08,8.0,mg/L,00530,Total Suspended Solids,1,south.xlsx
USGS-21IOWA_WQX-10500001,2003-11-11,38.0,mg/L,00530,Total Suspended Solids,1,south.xlsx
USGS-21IOWA_WQX-10500001,2003-12-09,17.0,mg/L,00530,Total Suspended Solids,1,south.xlsx
USGS-21IOWA_WQX-10500001,2004-01-13,6.0,mg/L,00530,Total Suspended Solids,1,south.xlsx
USGS-21IOWA_WQX-10500001,2004-02-10,4.0,mg/L,00530,Total Suspended Solids,1,south.xlsx
USGS-21IOWA_WQX-10500001,2004-03-09,140.0,mg/L,00530,Total Suspended Solids,1,south.xlsx
USGS-21IOWA_WQX-10500001,2004-04-14,22.0,mg/L,00530,Total Suspended Solids,1,south.xlsx
USGS-21IOWA_WQX-10500001,2004-05-11,40.0,mg/L,00530,Total Suspended Solids,1,south.xlsx
USGS-21IOWA_WQX-10500001,2004-06-09,69.0,mg/L,00530,Total Suspended Solids,1,south.xlsx
USGS-21IOWA_WQX-10500001,2004-07-13,230.0,mg/L,00530,Total Suspended Solids,1,south.xlsx
USGS-21IOWA_WQX-10500001,2004-08-12,14.0,mg/L,00530,Total Suspended Solids,1,south.xlsx
USGS-21IOWA_WQX-10500001,2004-09-08,88.0,mg/L,00530,Total Suspended Solids,1,south.xlsx
USGS-21IOWA_WQX-10500001,2004-10-13,11.0,mg/L,00530,Total Suspended Solids,1,south.xlsx
USGS-21IOWA_WQX-10500001,2004-11-09,1.0,mg/L,00530,Total Suspended Solids,1,south.xlsx
USGS-21IOWA_WQX-10500001,2004-12-14,5.0,mg/L,00530,Total Suspended Solids,1,south.xlsx
USGS-21IOWA_WQX-10500001,2005-01-18,4.0,mg/L,00530,Total Suspended Solids,1,south.xlsx
USGS-21IOWA_WQX-10500001,2005-02-08,19.0,mg/L,00530,Total Suspended Solids,1,south.xlsx
USGS-21IOWA_WQX-10500001,2005-03-08,32.0,mg/L,00530,Total Suspended Solids,1,south.xlsx
USGS-21IOWA_WQX-10500001,2005-04-12,2295.0,mg/L,00530,Total Suspended Solids,2,south.xlsx
USGS-21IOWA_WQX-10500001,2005-05-02,22.5,mg/L,00530,Total Suspended Solids,2,south.xlsx
USGS-21IOWA_WQX-10500001,2005-06-08,46.0,mg/L,00530,Total Suspended Solids,2,south.xlsx
USGS-21IOWA_WQX-10500001,2005-07-13,25.0,mg/L,00530,Total Suspended Solids,2,south.xlsx
USGS-21IOWA_WQX-10500001,2005-08-09,9.5,mg/L,00530,Total Suspended Solids,2,south.xlsx
USGS-21IOWA_WQX-10500001,2005-09-15,12.5,mg/L,00530,Total Suspended Solids,2,south.xlsx
USGS-21IOWA_WQX-10500001,2005-10-10,5.5,mg/L,00530,Total Suspended Solids,2,south.xlsx
USGS-21IOWA_WQX-10500001,2005-11-08,3.5,mg/L,00530,Total Suspended Solids,2,south.xlsx
USGS-21IOWA_WQX-10500001,2005-12-13,2.0,mg/L,00530,Total Suspended Solids,2,south.xlsx
USGS-21IOWA_WQX-10500001,2006-01-11,7.0,mg/L,00530,Total Suspended Solids,2,south.xlsx
USGS-21IOWA_WQX-10500001,2006-02-08,5.5,mg/L,00530,Total Suspended Solids,2,south.xlsx
USGS-21IOWA_WQX-10500001,2006-03-08,10.0,mg/L,00530,Total Suspended Solids,2,south.xlsx
USGS-21IOWA_WQX-10500001,2006-04-11,39.5,mg/L,00530,Total Suspended Solids,2,south.xlsx
USGS-21IOWA_WQX-10500001,2006-05-09,47.5,mg/L,00530,Total Suspended Solids,2,south.xlsx
USGS-21IOWA_WQX-10500001,2006-06-06,31.5,mg/L,00530,Total Suspended Solids,2,south.xlsx
USGS-21IOWA_WQX-10500001,2006-07-06,11.5,mg/L,00530,Total Suspended Solids,2,south.xlsx
USGS-21IOWA_WQX-10500001,2006-08-09,217.0,mg/L,00530,Total Suspended Solids,2,south.xlsx
USGS-21IOWA_WQX-10500001,2006-09-12,183.0,mg/L,00530,Total Suspended Solids,2,south.xlsx
USGS-21IOWA_WQX-10500001,2006-10-10,11.0,mg/L,00530,Total Suspended Solids,2,south.xlsx
USGS-21IOWA_WQX-10500001,2006-11-07,6.0,mg/L,00530,Total Suspended Solids,2,south.xlsx
USGS-21IOWA_WQX-10500001,2006-12-12,28.0,mg/L,00530,Total Suspended Solids,2,south.xlsx
USGS-21IOWA_WQX-10500001,2008-01-15,7.0,mg/L,00530,Total Suspended Solids,2,south.xlsx
USGS-21IOWA_WQX-10500001,2008-02-13,2.5,mg/L,00530,Total Suspended Solids,2,south.xlsx
USGS-21IOWA_WQX-10500001,2008-03-11,27.5,mg/L,00530,Total Suspended Solids,2,south.xlsx
USGS-21IOWA_WQX-10500001,2008-04-08,37.0,mg/L,00530,Total Suspended Solids,2,south.xlsx
USGS-21IOWA_WQX-10500001,2008-05-14,30.5,mg/L,00530,Total Suspended Solids,2,south.xlsx
USGS-21IOWA_WQX-10500001,2008-06-09,280.0,mg/L,00530,Total Suspended Solids,2,south.xlsx
USGS-21IOWA_WQX-10500001,2008-07-15,24.5,mg/L,00530,Total Suspended Solids,2,south.xlsx
USGS-21IOWA_WQX-10500001,2008-08-12,35.5,mg/L,00530,Total Suspended Solids,2,south.xlsx
USGS-21IOWA_WQX-10500001,2009-04-07,110.0,mg/L,00530,Total Suspended Solids,1,south.xlsx
USGS-21IOWA_WQX-10500001,2009-05-12,71.0,mg/L,00530,Total Suspended Solids,1,south.xlsx
USGS-21IOWA_WQX-10500001,2009-06-09,460.0,mg/L,00530,Total Suspended Solids,1,south.xlsx
USGS-21IOWA_WQX-10500001,2009-07-08,40.0,mg/L,00530,Total Suspended Solids,2,south.xlsx
USGS-21IOWA_WQX-10500001,2009-08-10,107.0,mg/L,00530,Total Suspended Solids,2,south.xlsx
USGS-21IOWA_WQX-10500001,2009-09-09,5.0,mg/L,00530,Total Suspended Solids,2,south.xlsx
USGS-21IOWA_WQX-10500001,2009-10-12,15.0,mg/L,00530,Total Suspended Solids,2,south.xlsx
USGS-21IOWA_WQX-10500001,2009-11-10,22.0,mg/L,00530,Total Suspended Solids,2,south.xlsx
USGS-21IOWA_WQX-10500001,2009-12-17,6.5,mg/L,00530,Total Suspended Solids,2,south.xlsx
USGS-21IOWA_WQX-10500001,2010-01-12,39.5,mg/L,00530,Total Suspended Solids,2,south.xlsx
USGS-21IOWA_WQX-10500001,2010-02-16,20.5,mg/L,00530,Total Suspended Solids,2,south.xlsx
USGS-21IOWA_WQX-10500001,2010-03-09,340.0,mg/L,00530,Total Suspended Solids,2,south.xlsx
USGS-21IOWA_WQX-10500001,2010-04-13,36.5,mg/L,00530,Total Suspended Solids,2,south.xlsx
USGS-21IOWA_WQX-10500001,2010-05-11,237.0,mg/L,00530,Total Suspended Solids,2,south.xlsx
USGS-21IOWA_WQX-10500001,2010-06-08,85.5,mg/L,00530,Total Suspended Solids,2,south.xlsx
USGS-21IOWA_WQX-10500001,2010-07-13,406.0,mg/L,00530,Total Suspended Solids,2,south.xlsx
USGS-21IOWA_WQX-10500001,2010-08-09,430.0,mg/L,00530,Total Suspended Solids,2,south.xlsx
USGS-21IOWA_WQX-10500001,2010-09-07,35.5,mg/L,00530,Total Suspended Solids,2,south.xlsx
USGS-21IOWA_WQX-10500001,2010-10-12,19.0,mg/L,00530,Total Suspended Solids,2,south.xlsx
USGS-21IOWA_WQX-10500001,2010-11-09,5.5,mg/L,00530,Total Suspended Solids,2,south.xlsx
USGS-21IOWA_WQX-10500001,2010-12-07,5.5,mg/L,00530,Total Suspended Solids,2,south.xlsx
USGS-21IOWA_WQX-10500001,2011-01-13,3.0,mg/L,00530,Total Suspended Solids,2,south.xlsx
USGS-21IOWA_WQX-10500001,2011-02-09,3.5,mg/L,00530,Total Suspended Solids,2,south.xlsx
USGS-21IOWA_WQX-10500001,2011-03-09,60.5,mg/L,00530,Total Suspended Solids,2,south.xlsx
USGS-21IOWA_WQX-10500001,2011-04-13,33.0,mg/L,00530,Total Suspended Solids,2,south.xlsx
USGS-21IOWA_WQX-10500001,2011-05-10,32.5,mg/L,00530,Total Suspended Solids,2,south.xlsx
USGS-21IOWA_WQX-10500001,2011-06-15,222.5,mg/L,00530,Total Suspended Solids,2,south.xlsx
USGS-21IOWA_WQX-10500001,2011-07-12,182.0,mg/L,00530,Total Suspended Solids,2,south.xlsx
USGS-21IOWA_WQX-10500001,2011-08-08,404.0,mg/L,00530,Total Suspended Solids,2,south.xlsx
USGS-21IOWA_WQX-10500001,2011-09-13,4.0,mg/L,00530,Total Suspended Solids,2,south.xlsx
USGS-21IOWA_WQX-10500001,2011-10-11,6.0,mg/L,00530,Total Suspended Solids,2,south.xlsx
USGS-21IOWA_WQX-10500001,2011-11-09,12.0,mg/L,00530,Total Suspended Solids,2,south.xlsx
USGS-21IOWA_WQX-10500001,2011-12-13,2.0,mg/L,00530,Total Suspended Solids,2,south.xlsx
USGS-21IOWA_WQX-10500001,2012-01-10,2.5,mg/L,00530,Total Suspended Solids,2,south.xlsx
USGS-21IOWA_WQX-10500001,2012-02-07,4.0,mg/L,00530,Total Suspended Solids,2,south.xlsx
USGS-21IOWA_WQX-10500001,2012-03-12,6.5,mg/L,00530,Total Suspended Solids,2,south.xlsx
USGS-21IOWA_WQX-10500001,2012-04-10,8.0,mg/L,00530,Total Suspended Solids,2,south.xlsx
USGS-21IOWA_WQX-10500001,2012-05-09,45.0,mg/L,00530,Total Suspended Solids,2,south.xlsx
USGS-21IOWA_WQX-10500001,2012-06-05,27.0,mg/L,00530,Total Suspended Solids,2,south.xlsx
USGS-21IOWA_WQX-10500001,2012-07-09,8.5,mg/L,00530,Total Suspended Solids,2,south.xlsx
USGS-21IOWA_WQX-10500001,2012-08-06,5.5,mg/L,00530,Total Suspended Solids,2,south.xlsx
USGS-21IOWA_WQX-10500001,2012-09-11,2.5,mg/L,00530,Total Suspended Solids,2,south.xlsx
USGS-21IOWA_WQX-10500001,2012-10-09,1.0,mg/L,00530,Total Suspended Solids,1,south.xlsx
USGS-21IOWA_WQX-10500001,2012-11-13,5.0,mg/L,00530,Total Suspended Solids,2,south.xlsx
USGS-21IOWA_WQX-10500001,2012-12-10,3.5,mg/L,00530,Total Suspended Solids,2,south.xlsx
USGS-21IOWA_WQX-10500001,2013-01-15,2.0,mg/L,00530,Total Suspended Solids,1,south.xlsx
USGS-21IOWA_WQX-10500001,2013-02-13,11.0,mg/L,00530,Total Suspended Solids,1,south.xlsx
USGS-21IOWA_WQX-10500001,2013-03-14,31.0,mg/L,00530,Total Suspended Solids,1,south.xlsx
USGS-21IOWA_WQX-10500001,2013-04-08,9.0,mg/L,00530,Total Suspended Solids,1,south.xlsx
USGS-21IOWA_WQX-10500001,2013-05-01,26.0,mg/L,00530,Total Suspended Solids,1,south.xlsx
USGS-21IOWA_WQX-10500001,2013-06-05,490.0,mg/L,00530,Total Suspended Solids,1,south.xlsx
USGS-21IOWA_WQX-10500001,2013-07-09,42.0,mg/L,00530,Total Suspended Solids,1,south.xlsx
USGS-21IOWA_WQX-10500001,2013-08-07,34.0,mg/L,00530,Total Suspended Solids,1,south.xlsx
USGS-21IOWA_WQX-10500001,2013-09-09,7.0,mg/L,00530,Total Suspended Solids,1,south.xlsx
USGS-21IOWA_WQX-10500001,2013-10-10,6.0,mg/L,00530,Total Suspended Solids,1,south.xlsx
USGS-21IOWA_WQX-10500001,2013-11-12,3.0,mg/L,00530,Total Suspended Solids,1,south.xlsx
USGS-21IOWA_WQX-10500001,2013-12-12,2.0,mg/L,00530,Total Suspended Solids,1,south.xlsx
USGS-21IOWA_WQX-10500001,2014-01-15,1.0,mg/L,00530,Total Suspended Solids,1,south.xlsx
USGS-21IOWA_WQX-10500001,2014-02-11,3.0,mg/L,00530,Total Suspended Solids,1,south.xlsx
USGS-21IOWA_WQX-10500001,2014-03-11,320.0,mg/L,00530,Total Suspended Solids,1,south.xlsx
USGS-21IOWA_WQX-10500001,2014-04-07,6.0,mg/L,00530,Total Suspended Solids,1,south.xlsx
USGS-21IOWA_WQX-10500001,2014-05-05,98.0,mg/L,00530,Total Suspended Solids,1,south.xlsx
USGS-21IOWA_WQX-10500001,2014-06-05,140.0,mg/L,00530,Total Suspended Solids,1,south.xlsx
USGS-21IOWA_WQX-10500001,2014-07-02,610.0,mg/L,00530,Total Suspended Solids,1,south.xlsx
USGS-21IOWA_WQX-10500001,2014-08-07,15.0,mg/L,00530,Total Suspended Solids,1,south.xlsx
USGS-21IOWA_WQX-10500001,2014-09-04,100.0,mg/L,00530,Total Suspended Solids,1,south.xlsx
USGS-21IOWA_WQX-10500001,2014-10-01,19.0,mg/L,00530,Total Suspended Solids,1,south.xlsx
USGS-21IOWA_WQX-10500001,2014-11-03,15.0,mg/L,00530,Total Suspended Solids,1,south.xlsx
USGS-21IOWA_WQX-10500001,2014-12-01,9.0,mg/L,00530,Total Suspended Solids,1,south.xlsx
USGS-21IOWA_WQX-10500001,2015-01-08,13.0,mg/L,00530,Total Suspended Solids,1,south.xlsx
USGS-21IOWA_WQX-10500001,2015-02-05,5.0,mg/L,00530,Total Suspended Solids,1,south.xlsx
USGS-21IOWA_WQX-10500001,2015-03-02,3.0,mg/L,00530,Total Suspended Solids,1,south.xlsx
USGS-21IOWA_WQX-10500001,2015-04-02,23.0,mg/L,00530,Total Suspended Solids,1,south.xlsx
USGS-21IOWA_WQX-10500001,2015-05-13,50.0,mg/L,00530,Total Suspended Solids,1,south.xlsx
USGS-21IOWA_WQX-10500001,2015-06-02,100.0,mg/L,00530,Total Suspended Solids,1,south.xlsx
USGS-21IOWA_WQX-10500001,2015-07-07,730.0,mg/L,00530,Total Suspended Solids,1,south.xlsx
USGS-21IOWA_WQX-10500001,2015-08-05,68.0,mg/L,00530,Total Suspended Solids,1,south.xlsx
USGS-21IOWA_WQX-10500001,2015-09-03,97.0,mg/L,00530,Total Suspended Solids,1,south.xlsx
USGS-21IOWA_WQX-10500001,2015-10-01,57.0,mg/L,00530,Total Suspended Solids,1,south.xlsx
USGS-21IOWA_WQX-10500001,2015-11-11,18.0,mg/L,00530,Total Suspended Solids,1,south.xlsx
USGS-21IOWA_WQX-10500001,2015-12-03,64.0,mg/L,00530,Total Suspended Solids,1,south.xlsx
USGS-21IOWA_WQX-10500001,2016-01-07,36.0,mg/L,00530,Total Suspended Solids,1,south.xlsx
USGS-21IOWA_WQX-10500001,2016-02-01,170.0,mg/L,00530,Total Suspended Solids,1,south.xlsx
USGS-21IOWA_WQX-10500001,2016-03-02,43.0,mg/L,00530,Total Suspended Solids,1,south.xlsx
USGS-21IOWA_WQX-10500001,2016-04-12,26.0,mg/L,00530,Total Suspended Solids,1,south.xlsx
USGS-21IOWA_WQX-10500001,2016-05-04,130.0,mg/L,00530,Total Suspended Solids,1,south.xlsx
USGS-21IOWA_WQX-10500001,2016-06-02,170.0,mg/L,00530,Total Suspended Solids,1,south.xlsx
USGS-21IOWA_WQX-10500001,2016-07-12,45.0,mg/L,00530,Total Suspended Solids,1,south.xlsx
USGS-21IOWA_WQX-10500001,2016-08-10,22.0,mg/L,00530,Total Suspended Solids,1,south.xlsx
USGS-21IOWA_WQX-10500001,2016-09-01,56.0,mg/L,00530,Total Suspended Solids,1,south.xlsx
USGS-21IOWA_WQX-10500001,2016-10-04,51.0,mg/L,00530,Total Suspended Solids,1,south.xlsx
USGS-21IOWA_WQX-10500001,2016-11-03,10.0,mg/L,00530,Total Suspended Solids,1,south.xlsx
USGS-21IOWA_WQX-10500001,2016-12-07,15.0,mg/L,00530,Total Suspended Solids,1,south.xlsx
USGS-21IOWA_WQX-10500001,2017-01-03,16.0,mg/L,00530,Total Suspended Solids,1,south.xlsx
USGS-21IOWA_WQX-10500001,2017-02-01,48.0,mg/L,00530,Total Suspended Solids,1,south.xlsx
USGS-21IOWA_WQX-10500001,2017-03-01,70.0,mg/L,00530,Total Suspended Solids,1,south.xlsx
USGS-21IOWA_WQX-10500001,2017-04-05,180.0,mg/L,00530,Total Suspended Solids,1,south.xlsx
USGS-21IOWA_WQX-10500001,2017-05-10,61.0,mg/L,00530,Total Suspended Solids,1,south.xlsx
USGS-21IOWA_WQX-10500001,2017-06-01,70.0,mg/L,00530,Total Suspended Solids,1,south.xlsx
USGS-21IOWA_WQX-10500001,2017-07-06,22.0,mg/L,00530,Total Suspended Solids,1,south.xlsx
USGS-21IOWA_WQX-10500001,2017-08-02,14.0,mg/L,00530,Total Suspended Solids,1,south.xlsx
USGS-21IOWA_WQX-10500001,2017-09-07,6.0,mg/L,00530,Total Suspended Solids,1,south.xlsx
USGS-21IOWA_WQX-10500001,2017-10-05,33.0,mg/L,00530,Total Suspended Solids,1,south.xlsx
USGS-21IOWA_WQX-10500001,2017-11-09,8.0,mg/L,00530,Total Suspended Solids,1,south.xlsx
USGS-21IOWA_WQX-10500001,2017-12-07,26.0,mg/L,00530,Total Suspended Solids,1,south.xlsx
USGS-21IOWA_WQX-10500001,2018-01-04,3.0,mg/L,00530,Total Suspended Solids,1,south.xlsx
USGS-21IOWA_WQX-10500001,2018-02-01,4.0,mg/L,00530,Total Suspended Solids,1,south.xlsx
USGS-21IOWA_WQX-10500001,2018-03-01,38.0,mg/L,00530,Total Suspended Solids,1,south.xlsx
USGS-21IOWA_WQX-10500001,2018-04-04,17.0,mg/L,00530,Total Suspended Solids,1,south.xlsx
USGS-21IOWA_WQX-10500001,2018-05-02,48.0,mg/L,00530,Total Suspended Solids,1,south.xlsx
USGS-21IOWA_WQX-10500001,2018-06-05,46.0,mg/L,00530,Total Suspended Solids,1,south.xlsx
USGS-21IOWA_WQX-10500001,2018-07-06,360.0,mg/L,00530,Total Suspended Solids,1,south.xlsx
USGS-21IOWA_WQX-10500001,2018-08-07,2040.0,mg/L,00530,Total Suspended Solids,1,south.xlsx
USGS-21IOWA_WQX-10500001,2018-09-04,680.0,mg/L,00530,Total Suspended Solids,1,south.xlsx
USGS-21IOWA_WQX-10500001,2018-10-01,59.0,mg/L,00530,Total Suspended Solids,1,south.xlsx
USGS-21IOWA_WQX-10500001,2018-11-08,39.0,mg/L,00530,Total Suspended Solids,1,south.xlsx
USGS-21IOWA_WQX-10500001,2018-12-05,30.0,mg/L,00530,Total Suspended Solids,1,south.xlsx
USGS-21IOWA_WQX-10500001,2019-01-07,62.0,mg/L,00530,Total Suspended Solids,1,south.xlsx
USGS-21IOWA_WQX-10500001,2019-02-06,35.0,mg/L,00530,Total Suspended Solids,1,south.xlsx
USGS-21IOWA_WQX-10500001,2019-03-06,9.0,mg/L,00530,Total Suspended Solids,1,south.xlsx
USGS-21IOWA_WQX-10500001,2019-04-03,40.0,mg/L,00530,Total Suspended Solids,1,south.xlsx
USGS-21IOWA_WQX-10500001,2019-05-02,35.0,mg/L,00530,Total Suspended Solids,1,south.xlsx
USGS-21IOWA_WQX-10500001,2019-06-05,130.0,mg/L,00530,Total Suspended Solids,1,south.xlsx
USGS-21IOWA_WQX-10500001,2019-07-03,300.0,mg/L,00530,Total Suspended Solids,1,south.xlsx
USGS-21IOWA_WQX-10500001,2019-08-01,11.0,mg/L,00530,Total Suspended Solids,1,south.xlsx
USGS-21IOWA_WQX-10500001,2019-09-10,29.0,mg/L,00530,Total Suspended Solids,1,south.xlsx
USGS-21IOWA_WQX-10500001,2019-10-02,1340.0,mg/L,00530,Total Suspended Solids,1,south.xlsx
USGS-21IOWA_WQX-10500001,2019-11-14,13.0,mg/L,00530,Total Suspended Solids,1,south.xlsx
USGS-21IOWA_WQX-10500001,2019-12-09,15.0,mg/L,00530,Total Suspended Solids,1,south.xlsx
USGS-21IOWA_WQX-10500001,2020-01-13,15.0,mg/L,00530,Total Suspended Solids,1,south.xlsx
USGS-21IOWA_WQX-10500001,2020-02-05,7.0,mg/L,00530,Total Suspended Solids,1,south.xlsx
USGS-21IOWA_WQX-10500001,2020-03-02,55.0,mg/L,00530,Total Suspended Solids,1,south.xlsx
USGS-21IOWA_WQX-10500001,2020-04-08,44.0,mg/L,00530,Total Suspended Solids,1,south.xlsx
USGS-21IOWA_WQX-10500001,2020-05-12,20.0,mg/L,00530,Total Suspended Solids,1,south.xlsx
USGS-21IOWA_WQX-10500001,2020-06-02,93.0,mg/L,00530,Total Suspended Solids,1,south.xlsx
USGS-21IOWA_WQX-10500001,2020-07-07,46.0,mg/L,00530,Total Suspended Solids,1,south.xlsx
USGS-21IOWA_WQX-10500001,2020-08-10,10.0,mg/L,00530,Total Suspended Solids,1,south.xlsx
USGS-21IOWA_WQX-10500001,2020-09-08,60.0,mg/L,00530,Total Suspended Solids,1,south.xlsx
USGS-21IOWA_WQX-10500001,2020-10-01,6.0,mg/L,00530,Total Suspended Solids,1,south.xlsx
USGS-21IOWA_WQX-10500001,2020-11-03,3.0,mg/L,00530,Total Suspended Solids,1,south.xlsx
USGS-21IOWA_WQX-10500001,2020-12-02,3.0,mg/L,00530,Total Suspended Solids,1,south.xlsx
USGS-21IOWA_WQX-10500001,2021-01-12,2.0,mg/L,00530,Total Suspended Solids,1,south.xlsx
USGS-21IOWA_WQX-10500001,2021-02-03,2.0,mg/L,00530,Total Suspended Solids,1,south.xlsx
USGS-21IOWA_WQX-10500001,2021-03-09,30.0,mg/L,00530,Total Suspended Solids,1,south.xlsx
USGS-21IOWA_WQX-10500001,2021-04-12,7.0,mg/L,00530,Total Suspended Solids,1,south.xlsx
USGS-21IOWA_WQX-10500001,2021-05-10,8.0,mg/L,00530,Total Suspended Solids,1,south.xlsx
USGS-21IOWA_WQX-10500001,2021-06-03,18.0,mg/L,00530,Total Suspended Solids,1,south.xlsx
USGS-21IOWA_WQX-10500001,2021-07-01,14.0,mg/L,00530,Total Suspended Solids,1,south.xlsx
USGS-21IOWA_WQX-10500001,2021-08-09,6.0,mg/L,00530,Total Suspended Solids,1,south.xlsx
USGS-21IOWA_WQX-10500001,2021-09-02,9.0,mg/L,00530,Total Suspended Solids,1,south.xlsx
USGS-21IOWA_WQX-10500001,2021-10-07,5.0,mg/L,00530,Total Suspended Solids,1,south.xlsx
USGS-21IOWA_WQX-10500001,2021-11-04,9.0,mg/L,00530,Total Suspended Solids,1,south.xlsx
USGS-21IOWA_WQX-10500001,2021-12-01,6.0,mg/L,00530,Total Suspended Solids,1,south.xlsx
USGS-21IOWA_WQX-10500001,2022-01-06,3.0,mg/L,00530,Total Suspended Solids,1,south.xlsx
USGS-21IOWA_WQX-10500001,2022-02-09,7.0,mg/L,00530,Total Suspended Solids,1,south.xlsx
USGS-21IOWA_WQX-10500001,2022-03-15,24.0,mg/L,00530,Total Suspended Solids,1,south.xlsx
USGS-21IOWA_WQX-10500001,2022-04-12,12.0,mg/L,00530,Total Suspended Solids,1,south.xlsx
USGS-21IOWA_WQX-10500001,2022-05-05,57.0,mg/L,00530,Total Suspended Solids,1,south.xlsx
USGS-21IOWA_WQX-10500001,2022-06-07,100.0,mg/L,00530,Total Suspended Solids,1,south.xlsx
USGS-21IOWA_WQX-10500001,2022-07-14,44.0,mg/L,00530,Total Suspended Solids,1,south.xlsx
USGS-21IOWA_WQX-10500001,2022-08-10,10.0,mg/L,00530,Total Suspended Solids,1,south.xlsx
USGS-21IOWA_WQX-10500001,2022-09-07,7.0,mg/L,00530,Total Suspended Solids,1,south.xlsx
USGS-21IOWA_WQX-10500001,2022-10-03,3.0,mg/L,00530,Total Suspended Solids,1,south.xlsx
USGS-21IOWA_WQX-10500001,2022-11-08,4.0,mg/L,00530,Total Suspended Solids,1,south.xlsx
USGS-21IOWA_WQX-10500001,2022-12-06,3.0,mg/L,00530,Total Suspended Solids,1,south.xlsx
USGS-21IOWA_WQX-10500001,2023-01-05,22.0,mg/L,00530,Total Suspended Solids,1,south.xlsx
USGS-21IOWA_WQX-10500001,2023-02-09,15.0,mg/L,00530,Total Suspended Solids,1,south.xlsx
USGS-21IOWA_WQX-10500001,2023-03-06,37.0,mg/L,00530,Total Suspended Solids,1,south.xlsx
USGS-21IOWA_WQX-10500001,2023-04-05,890.0,mg/L,00530,Total Suspended Solids,1,south.xlsx
USGS-21IOWA_WQX-10500001,2023-05-04,18.0,mg/L,00530,Total Suspended Solids,1,south.xlsx
USGS-21IOWA_WQX-10500001,2023-06-07,300.0,mg/L,00530,Total Suspended Solids,1,south.xlsx
USGS-21IOWA_WQX-10500001,2023-07-11,17.0,mg/L,00530,Total Suspended Solids,1,south.xlsx
USGS-21IOWA_WQX-10500001,2023-08-03,6.0,mg/L,00530,Total Suspended Solids,1,south.xlsx
USGS-21IOWA_WQX-10500001,2023-09-07,8.0,mg/L,00530,Total Suspended Solids,1,south.xlsx
USGS-21IOWA_WQX-10500001,2023-10-04,6.0,mg/L,00530,Total Suspended Solids,1,south.xlsx
USGS-21IOWA_WQX-10500001,2023-11-08,5.0,mg/L,00530,Total Suspended Solids,1,south.xlsx
USGS-21IOWA_WQX-10500001,2023-12-12,8.0,mg/L,00530,Total Suspended Solids,1,south.xlsx
USGS-21IOWA_WQX-10500001,2024-01-10,9.0,mg/L,00530,Total Suspended Solids,1,south.xlsx
USGS-21IOWA_WQX-10500001,2024-02-13,15.0,mg/L,00530,Total Suspended Solids,1,south.xlsx
USGS-21IOWA_WQX-10500001,2024-03-14,4.0,mg/L,00530,Total Suspended Solids,1,south.xlsx
USGS-21IOWA_WQX-10500001,2024-04-03,21.0,mg/L,00530,Total Suspended Solids,1,south.xlsx
USGS-21IOWA_WQX-10500001,2024-05-02,42.0,mg/L,00530,Total Suspended Solids,1,south.xlsx
USGS-21IOWA_WQX-10500001,2024-06-05,92.0,mg/L,00530,Total Suspended Solids,1,south.xlsx
USGS-21IOWA_WQX-10500001,2024-07-03,180.0,mg/L,00530,Total Suspended Solids,1,south.xlsx
USGS-21IOWA_WQX-10500001,2024-08-06,20.0,mg/L,00530,Total Suspended Solids,1,south.xlsx
USGS-21IOWA_WQX-10500001,2024-09-05,6.0,mg/L,00530,Total Suspended Solids,1,south.xlsx
USGS-21IOWA_WQX-10500001,2024-10-08,2.0,mg/L,00530,Total Suspended Solids,1,south.xlsx
USGS-21IOWA_WQX-10500001,2024-11-12,8.0,mg/L,00530,Total Suspended Solids,1,south.xlsx
USGS-21IOWA_WQX-10500001,2024-12-03,4.0,mg/L,00530,Total Suspended Solids,1,south.xlsx
USGS-21IOWA_WQX-10500001,2025-01-07,6.0,mg/L,00530,Total Suspended Solids,1,south.xlsx
USGS-21IOWA_WQX-10500001,2025-02-04,4.0,mg/L,00530,Total Suspended Solids,1,south.xlsx
USGS-21IOWA_WQX-10500001,2025-03-03,13.0,mg/L,00530,Total Suspended Solids,1,south.xlsx
USGS-21IOWA_WQX-10500001,2025-04-03,51.0,mg/L,00530,Total Suspended Solids,1,south.xlsx
USGS-21IOWA_WQX-10620001,1999-10-11,18.0,mg/L,00530,Total Suspended Solids,1,south.xlsx
USGS-21IOWA_WQX-10620001,1999-11-02,5.0,mg/L,00530,Total Suspended Solids,1,south.xlsx
USGS-21IOWA_WQX-10620001,1999-12-07,4.0,mg/L,00530,Total Suspended Solids,1,south.xlsx
USGS-21IOWA_WQX-10620001,2000-01-06,4.0,mg/L,00530,Total Suspended Solids,1,south.xlsx
USGS-21IOWA_WQX-10620001,2000-02-01,1.0,mg/L,00530,Total Suspended Solids,1,south.xlsx
USGS-21IOWA_WQX-10620001,2000-03-02,25.0,mg/L,00530,Total Suspended Solids,1,south.xlsx
USGS-21IOWA_WQX-10620001,2000-04-04,24.0,mg/L,00530,Total Suspended Solids,1,south.xlsx
USGS-21IOWA_WQX-10620001,2000-05-02,25.0,mg/L,00530,Total Suspended Solids,1,south.xlsx
USGS-21IOWA_WQX-10620001,2000-06-01,1500.0,mg/L,00530,Total Suspended Solids,1,south.xlsx
USGS-21IOWA_WQX-10620001,2000-07-05,480.0,mg/L,00530,Total Suspended Solids,1,south.xlsx
USGS-21IOWA_WQX-10620001,2000-08-03,110.0,mg/L,00530,Total Suspended Solids,1,south.xlsx
USGS-21IOWA_WQX-10620001,2000-09-21,7.0,mg/L,00530,Total Suspended Solids,1,south.xlsx
USGS-21IOWA_WQX-10620001,2000-10-09,3.0,mg/L,00530,Total Suspended Solids,1,south.xlsx
USGS-21IOWA_WQX-10620001,2000-11-07,60.0,mg/L,00530,Total Suspended Solids,1,south.xlsx
USGS-21IOWA_WQX-10620001,2000-12-14,3.0,mg/L,00530,Total Suspended Solids,1,south.xlsx
USGS-21IOWA_WQX-10620001,2001-01-10,3.0,mg/L,00530,Total Suspended Solids,1,south.xlsx
USGS-21IOWA_WQX-10620001,2001-02-08,5.0,mg/L,00530,Total Suspended Solids,1,south.xlsx
USGS-21IOWA_WQX-10620001,2001-03-12,990.0,mg/L,00530,Total Suspended Solids,1,south.xlsx
USGS-21IOWA_WQX-10620001,2001-04-04,110.0,mg/L,00530,Total Suspended Solids,1,south.xlsx
USGS-21IOWA_WQX-10620001,2001-05-02,47.0,mg/L,00530,Total Suspended Solids,1,south.xlsx
USGS-21IOWA_WQX-10620001,2001-06-04,130.0,mg/L,00530,Total Suspended Solids,1,south.xlsx
USGS-21IOWA_WQX-10620001,2001-07-02,74.0,mg/L,00530,Total Suspended Solids,1,south.xlsx
USGS-21IOWA_WQX-10620001,2001-08-01,44.0,mg/L,00530,Total Suspended Solids,1,south.xlsx
USGS-21IOWA_WQX-10620001,2001-09-04,61.0,mg/L,00530,Total Suspended Solids,1,south.xlsx
USGS-21IOWA_WQX-10620001,2001-10-01,9.0,mg/L,00530,Total Suspended Solids,1,south.xlsx
USGS-21IOWA_WQX-10620001,2001-11-01,39.0,mg/L,00530,Total Suspended Solids,1,south.xlsx
USGS-21IOWA_WQX-10620001,2001-12-03,17.0,mg/L,00530,Total Suspended Solids,1,south.xlsx
USGS-21IOWA_WQX-10620001,2002-01-03,4.0,mg/L,00530,Total Suspended Solids,1,south.xlsx
USGS-21IOWA_WQX-10620001,2002-02-04,4.0,mg/L,00530,Total Suspended Solids,1,south.xlsx
USGS-21IOWA_WQX-10620001,2002-03-04,4.0,mg/L,00530,Total Suspended Solids,1,south.xlsx
USGS-21IOWA_WQX-10620001,2002-04-02,21.0,mg/L,00530,Total Suspended Solids,1,south.xlsx
USGS-21IOWA_WQX-10620001,2002-05-01,450.0,mg/L,00530,Total Suspended Solids,1,south.xlsx
USGS-21IOWA_WQX-10620001,2002-06-04,510.0,mg/L,00530,Total Suspended Solids,1,south.xlsx
USGS-21IOWA_WQX-10620001,2002-07-02,88.0,mg/L,00530,Total Suspended Solids,1,south.xlsx
USGS-21IOWA_WQX-10620001,2002-08-01,76.0,mg/L,00530,Total Suspended Solids,1,south.xlsx
USGS-21IOWA_WQX-10620001,2002-09-05,28.0,mg/L,00530,Total Suspended Solids,1,south.xlsx
USGS-21IOWA_WQX-10620001,2002-10-02,39.0,mg/L,00530,Total Suspended Solids,1,south.xlsx
USGS-21IOWA_WQX-10620001,2002-11-06,10.0,mg/L,00530,Total Suspended Solids,1,south.xlsx
USGS-21IOWA_WQX-10620001,2002-12-05,4.0,mg/L,00530,Total Suspended Solids,1,south.xlsx
USGS-21IOWA_WQX-10620001,2003-01-06,2.0,mg/L,00530,Total Suspended Solids,1,south.xlsx
USGS-21IOWA_WQX-10620001,2003-02-03,3.0,mg/L,00530,Total Suspended Solids,1,south.xlsx
USGS-21IOWA_WQX-10620001,2003-03-03,1.0,mg/L,00530,Total Suspended Solids,1,south.xlsx
USGS-21IOWA_WQX-10620001,2003-04-02,23.0,mg/L,00530,Total Suspended Solids,1,south.xlsx
USGS-21IOWA_WQX-10620001,2003-05-05,1580.0,mg/L,00530,Total Suspended Solids,1,south.xlsx
USGS-21IOWA_WQX-10620001,2003-06-02,45.0,mg/L,00530,Total Suspended Solids,1,south.xlsx
USGS-21IOWA_WQX-10620001,2003-07-01,120.0,mg/L,00530,Total Suspended Solids,1,south.xlsx
USGS-21IOWA_WQX-10620001,2003-08-06,26.0,mg/L,00530,Total Suspended Solids,1,south.xlsx
USGS-21IOWA_WQX-10620001,2003-09-09,12.0,mg/L,00530,Total Suspended Solids,1,south.xlsx
USGS-21IOWA_WQX-10620001,2003-10-06,3.0,mg/L,00530,Total Suspended Solids,1,south.xlsx
USGS-21IOWA_WQX-10620001,2003-11-03,73.0,mg/L,00530,Total Suspended Solids,1,south.xlsx
USGS-21IOWA_WQX-10620001,2003-12-01,11.0,mg/L,00530,Total Suspended Solids,1,south.xlsx
USGS-21IOWA_WQX-10620001,2004-01-07,5.0,mg/L,00530,Total Suspended Solids,1,south.xlsx
USGS-21IOWA_WQX-10620001,2004-02-04,2.0,mg/L,00530,Total Suspended Solids,1,south.xlsx
USGS-21IOWA_WQX-10620001,2004-03-01,550.0,mg/L,00530,Total Suspended Solids,1,south.xlsx
USGS-21IOWA_WQX-10620001,2004-04-01,120.0,mg/L,00530,Total Suspended Solids,1,south.xlsx
USGS-21IOWA_WQX-10620001,2004-05-03,58.0,mg/L,00530,Total Suspended Solids,1,south.xlsx
USGS-21IOWA_WQX-10620001,2004-06-01,160.0,mg/L,00530,Total Suspended Solids,1,south.xlsx
USGS-21IOWA_WQX-10620001,2004-07-08,190.0,mg/L,00530,Total Suspended Solids,1,south.xlsx
USGS-21IOWA_WQX-10620001,2004-08-02,280.0,mg/L,00530,Total Suspended Solids,1,south.xlsx
USGS-21IOWA_WQX-10620001,2004-09-02,51.0,mg/L,00530,Total Suspended Solids,1,south.xlsx
USGS-21IOWA_WQX-10620001,2004-10-05,4.0,mg/L,00530,Total Suspended Solids,1,south.xlsx
USGS-21IOWA_WQX-10620001,2004-11-01,5.0,mg/L,00530,Total Suspended Solids,1,south.xlsx
USGS-21IOWA_WQX-10620001,2004-12-06,36.0,mg/L,00530,Total Suspended Solids,1,south.xlsx
USGS-21IOWA_WQX-10620001,2005-01-12,2.0,mg/L,00530,Total Suspended Solids,1,south.xlsx
USGS-21IOWA_WQX-10620001,2005-02-09,32.0,mg/L,00530,Total Suspended Solids,1,south.xlsx
USGS-21IOWA_WQX-10620001,2005-03-10,27.0,mg/L,00530,Total Suspended Solids,1,south.xlsx
USGS-21IOWA_WQX-10620001,2005-04-13,865.0,mg/L,00530,Total Suspended Solids,2,south.xlsx
USGS-21IOWA_WQX-10620001,2005-05-11,61.5,mg/L,00530,Total Suspended Solids,2,south.xlsx
USGS-21IOWA_WQX-10620001,2005-06-01,41.5,mg/L,00530,Total Suspended Solids,2,south.xlsx
USGS-21IOWA_WQX-10620001,2005-07-07,68.5,mg/L,00530,Total Suspended Solids,2,south.xlsx
USGS-21IOWA_WQX-10620001,2005-08-04,37.5,mg/L,00530,Total Suspended Solids,2,south.xlsx
USGS-21IOWA_WQX-10620001,2005-09-01,13.0,mg/L,00530,Total Suspended Solids,2,south.xlsx
USGS-21IOWA_WQX-10620001,2005-10-03,28.5,mg/L,00530,Total Suspended Solids,2,south.xlsx
USGS-21IOWA_WQX-10620001,2005-11-03,4.0,mg/L,00530,Total Suspended Solids,2,south.xlsx
USGS-21IOWA_WQX-10620001,2005-12-07,2.0,mg/L,00530,Total Suspended Solids,1,south.xlsx
USGS-21IOWA_WQX-10620001,2006-01-04,7.5,mg/L,00530,Total Suspended Solids,2,south.xlsx
USGS-21IOWA_WQX-10620001,2006-02-02,8.0,mg/L,00530,Total Suspended Solids,2,south.xlsx
USGS-21IOWA_WQX-10620001,2006-03-02,19.0,mg/L,00530,Total Suspended Solids,2,south.xlsx
USGS-21IOWA_WQX-10620001,2006-04-05,270.0,mg/L,00530,Total Suspended Solids,2,south.xlsx
USGS-21IOWA_WQX-10620001,2006-05-03,260.0,mg/L,00530,Total Suspended Solids,2,south.xlsx
USGS-21IOWA_WQX-10620001,2006-06-07,37.0,mg/L,00530,Total Suspended Solids,2,south.xlsx
USGS-21IOWA_WQX-10620001,2006-07-05,28.0,mg/L,00530,Total Suspended Solids,2,south.xlsx
USGS-21IOWA_WQX-10620001,2006-08-03,45.0,mg/L,00530,Total Suspended Solids,2,south.xlsx
USGS-21IOWA_WQX-10620001,2006-09-12,309.0,mg/L,00530,Total Suspended Solids,2,south.xlsx
USGS-21IOWA_WQX-10620001,2006-10-02,31.0,mg/L,00530,Total Suspended Solids,2,south.xlsx
USGS-21IOWA_WQX-10620001,2006-11-01,7.5,mg/L,00530,Total Suspended Solids,2,south.xlsx
USGS-21IOWA_WQX-10620001,2006-12-04,10.0,mg/L,00530,Total Suspended Solids,2,south.xlsx
USGS-21IOWA_WQX-10620001,2008-01-07,79.0,mg/L,00530,Total Suspended Solids,2,south.xlsx
USGS-21IOWA_WQX-10620001,2008-02-12,9.0,mg/L,00530,Total Suspended Solids,2,south.xlsx
USGS-21IOWA_WQX-10620001,2008-03-10,45.0,mg/L,00530,Total Suspended Solids,2,south.xlsx
USGS-21IOWA_WQX-10620001,2008-04-10,60.5,mg/L,00530,Total Suspended Solids,2,south.xlsx
USGS-21IOWA_WQX-10620001,2008-05-14,37.5,mg/L,00530,Total Suspended Solids,2,south.xlsx
USGS-21IOWA_WQX-10620001,2008-06-12,64.0,mg/L,00530,Total Suspended Solids,2,south.xlsx
USGS-21IOWA_WQX-10620001,2008-07-14,56.0,mg/L,00530,Total Suspended Solids,2,south.xlsx
USGS-21IOWA_WQX-10620001,2008-08-06,50.5,mg/L,00530,Total Suspended Solids,2,south.xlsx
USGS-21IOWA_WQX-10620001,2008-09-02,17.0,mg/L,00530,Total Suspended Solids,2,south.xlsx
USGS-21IOWA_WQX-10620001,2009-04-02,130.0,mg/L,00530,Total Suspended Solids,1,south.xlsx
USGS-21IOWA_WQX-10620001,2009-05-05,200.0,mg/L,00530,Total Suspended Solids,1,south.xlsx
USGS-21IOWA_WQX-10620001,2009-06-03,240.0,mg/L,00530,Total Suspended Solids,1,south.xlsx
USGS-21IOWA_WQX-10620001,2009-07-01,62.0,mg/L,00530,Total Suspended Solids,2,south.xlsx
USGS-21IOWA_WQX-10620001,2009-08-04,27.5,mg/L,00530,Total Suspended Solids,2,south.xlsx
USGS-21IOWA_WQX-10620001,2009-09-03,26.0,mg/L,00530,Total Suspended Solids,2,south.xlsx
USGS-21IOWA_WQX-10620001,2009-10-05,56.0,mg/L,00530,Total Suspended Solids,2,south.xlsx
USGS-21IOWA_WQX-10620001,2009-11-04,72.5,mg/L,00530,Total Suspended Solids,2,south.xlsx
USGS-21IOWA_WQX-10620001,2009-12-01,16.5,mg/L,00530,Total Suspended Solids,2,south.xlsx
USGS-21IOWA_WQX-10620001,2010-01-04,3.5,mg/L,00530,Total Suspended Solids,2,south.xlsx
USGS-21IOWA_WQX-10620001,2010-02-04,13.0,mg/L,00530,Total Suspended Solids,2,south.xlsx
USGS-21IOWA_WQX-10620001,2010-03-04,11.5,mg/L,00530,Total Suspended Solids,2,south.xlsx
USGS-21IOWA_WQX-10620001,2010-04-06,34.5,mg/L,00530,Total Suspended Solids,2,south.xlsx
USGS-21IOWA_WQX-10620001,2010-05-05,63.0,mg/L,00530,Total Suspended Solids,2,south.xlsx
USGS-21IOWA_WQX-10620001,2010-06-01,75.0,mg/L,00530,Total Suspended Solids,2,south.xlsx
USGS-21IOWA_WQX-10620001,2010-07-01,67.0,mg/L,00530,Total Suspended Solids,2,south.xlsx
USGS-21IOWA_WQX-10620001,2010-08-10,175.0,mg/L,00530,Total Suspended Solids,2,south.xlsx
USGS-21IOWA_WQX-10620001,2010-09-08,55.0,mg/L,00530,Total Suspended Solids,2,south.xlsx
USGS-21IOWA_WQX-10620001,2010-10-07,23.5,mg/L,00530,Total Suspended Solids,2,south.xlsx
USGS-21IOWA_WQX-10620001,2010-11-04,5.0,mg/L,00530,Total Suspended Solids,2,south.xlsx
USGS-21IOWA_WQX-10620001,2010-12-07,3.0,mg/L,00530,Total Suspended Solids,2,south.xlsx
USGS-21IOWA_WQX-10620001,2011-01-12,3.0,mg/L,00530,Total Suspended Solids,2,south.xlsx
USGS-21IOWA_WQX-10620001,2011-02-10,2.5,mg/L,00530,Total Suspended Solids,2,south.xlsx
USGS-21IOWA_WQX-10620001,2011-03-02,67.0,mg/L,00530,Total Suspended Solids,2,south.xlsx
USGS-21IOWA_WQX-10620001,2011-04-06,27.0,mg/L,00530,Total Suspended Solids,2,south.xlsx
USGS-21IOWA_WQX-10620001,2011-05-04,84.0,mg/L,00530,Total Suspended Solids,2,south.xlsx
USGS-21IOWA_WQX-10620001,2011-06-07,57.5,mg/L,00530,Total Suspended Solids,2,south.xlsx
USGS-21IOWA_WQX-10620001,2011-07-07,41.0,mg/L,00530,Total Suspended Solids,2,south.xlsx
USGS-21IOWA_WQX-10620001,2011-08-02,103.0,mg/L,00530,Total Suspended Solids,2,south.xlsx
USGS-21IOWA_WQX-10620001,2011-09-07,25.0,mg/L,00530,Total Suspended Solids,2,south.xlsx
USGS-21IOWA_WQX-10620001,2011-10-06,6.0,mg/L,00530,Total Suspended Solids,2,south.xlsx
USGS-21IOWA_WQX-10620001,2011-11-01,1.5,mg/L,00530,Total Suspended Solids,2,south.xlsx
USGS-21IOWA_WQX-10620001,2011-12-06,9.0,mg/L,00530,Total Suspended Solids,2,south.xlsx
USGS-21IOWA_WQX-10620001,2012-01-05,2.5,mg/L,00530,Total Suspended Solids,2,south.xlsx
USGS-21IOWA_WQX-10620001,2012-02-01,8.5,mg/L,00530,Total Suspended Solids,2,south.xlsx
USGS-21IOWA_WQX-10620001,2012-03-01,62.0,mg/L,00530,Total Suspended Solids,2,south.xlsx
USGS-21IOWA_WQX-10620001,2012-04-02,65.0,mg/L,00530,Total Suspended Solids,2,south.xlsx
USGS-21IOWA_WQX-10620001,2012-05-01,69.0,mg/L,00530,Total Suspended Solids,2,south.xlsx
USGS-21IOWA_WQX-10620001,2012-06-06,44.0,mg/L,00530,Total Suspended Solids,2,south.xlsx
USGS-21IOWA_WQX-10620001,2012-07-05,38.0,mg/L,00530,Total Suspended Solids,2,south.xlsx
USGS-21IOWA_WQX-10620001,2012-08-07,27.0,mg/L,00530,Total Suspended Solids,2,south.xlsx
USGS-21IOWA_WQX-10620001,2012-09-05,4.5,mg/L,00530,Total Suspended Solids,2,south.xlsx
USGS-21IOWA_WQX-10620001,2012-10-01,3.0,mg/L,00530,Total Suspended Solids,1,south.xlsx
USGS-21IOWA_WQX-10620001,2012-11-07,2.0,mg/L,00530,Total Suspended Solids,1,south.xlsx
USGS-21IOWA_WQX-10620001,2012-12-05,1.5,mg/L,00530,Total Suspended Solids,2,south.xlsx
USGS-21IOWA_WQX-10620001,2013-01-07,1.0,mg/L,00530,Total Suspended Solids,1,south.xlsx
USGS-21IOWA_WQX-10620001,2013-02-05,6.0,mg/L,00530,Total Suspended Solids,1,south.xlsx
USGS-21IOWA_WQX-10620001,2013-03-06,10.0,mg/L,00530,Total Suspended Solids,1,south.xlsx
USGS-21IOWA_WQX-10620001,2013-04-02,20.0,mg/L,00530,Total Suspended Solids,1,south.xlsx
USGS-21IOWA_WQX-10620001,2013-05-02,53.0,mg/L,00530,Total Suspended Solids,1,south.xlsx
USGS-21IOWA_WQX-10620001,2013-06-04,98.0,mg/L,00530,Total Suspended Solids,1,south.xlsx
USGS-21IOWA_WQX-10620001,2013-07-01,130.0,mg/L,00530,Total Suspended Solids,1,south.xlsx
USGS-21IOWA_WQX-10620001,2013-08-01,30.0,mg/L,00530,Total Suspended Solids,1,south.xlsx
USGS-21IOWA_WQX-10620001,2013-09-05,24.0,mg/L,00530,Total Suspended Solids,1,south.xlsx
USGS-21IOWA_WQX-10620001,2013-10-07,10.0,mg/L,00530,Total Suspended Solids,1,south.xlsx
USGS-21IOWA_WQX-10620001,2013-11-06,6.0,mg/L,00530,Total Suspended Solids,1,south.xlsx
USGS-21IOWA_WQX-10620001,2013-12-03,2.0,mg/L,00530,Total Suspended Solids,1,south.xlsx
USGS-21IOWA_WQX-10620001,2014-01-08,1.0,mg/L,00530,Total Suspended Solids,1,south.xlsx
USGS-21IOWA_WQX-10620001,2014-02-04,2.0,mg/L,00530,Total Suspended Solids,1,south.xlsx
USGS-21IOWA_WQX-10620001,2014-03-04,4.0,mg/L,00530,Total Suspended Solids,1,south.xlsx
USGS-21IOWA_WQX-10620001,2014-04-02,24.0,mg/L,00530,Total Suspended Solids,1,south.xlsx
USGS-21IOWA_WQX-10620001,2014-05-01,520.0,mg/L,00530,Total Suspended Solids,1,south.xlsx
USGS-21IOWA_WQX-10620001,2014-06-03,96.0,mg/L,00530,Total Suspended Solids,1,south.xlsx
USGS-21IOWA_WQX-10620001,2014-07-02,220.0,mg/L,00530,Total Suspended Solids,1,south.xlsx
USGS-21IOWA_WQX-10620001,2014-08-11,75.0,mg/L,00530,Total Suspended Solids,1,south.xlsx
USGS-21IOWA_WQX-10620001,2014-09-08,79.0,mg/L,00530,Total Suspended Solids,1,south.xlsx
USGS-21IOWA_WQX-10620001,2014-10-02,26.0,mg/L,00530,Total Suspended Solids,1,south.xlsx
USGS-21IOWA_WQX-10620001,2014-11-03,20.0,mg/L,00530,Total Suspended Solids,1,south.xlsx
USGS-21IOWA_WQX-10620001,2014-12-02,3.0,mg/L,00530,Total Suspended Solids,1,south.xlsx
USGS-21IOWA_WQX-10620001,2015-01-14,6.0,mg/L,00530,Total Suspended Solids,1,south.xlsx
USGS-21IOWA_WQX-10620001,2015-02-05,36.0,mg/L,00530,Total Suspended Solids,1,south.xlsx
USGS-21IOWA_WQX-10620001,2015-03-02,73.0,mg/L,00530,Total Suspended Solids,1,south.xlsx
USGS-21IOWA_WQX-10620001,2015-04-02,60.0,mg/L,00530,Total Suspended Solids,1,south.xlsx
USGS-21IOWA_WQX-10620001,2015-05-04,95.0,mg/L,00530,Total Suspended Solids,1,south.xlsx
USGS-21IOWA_WQX-10620001,2015-06-01,170.0,mg/L,00530,Total Suspended Solids,1,south.xlsx
USGS-21IOWA_WQX-10620001,2015-07-01,180.0,mg/L,00530,Total Suspended Solids,1,south.xlsx
USGS-21IOWA_WQX-10620001,2015-08-04,85.0,mg/L,00530,Total Suspended Solids,1,south.xlsx
USGS-21IOWA_WQX-10620001,2015-09-01,160.0,mg/L,00530,Total Suspended Solids,1,south.xlsx
USGS-21IOWA_WQX-10620001,2015-10-05,28.0,mg/L,00530,Total Suspended Solids,1,south.xlsx
USGS-21IOWA_WQX-10620001,2015-11-10,11.0,mg/L,00530,Total Suspended Solids,1,south.xlsx
USGS-21IOWA_WQX-10620001,2015-12-03,94.0,mg/L,00530,Total Suspended Solids,1,south.xlsx
USGS-21IOWA_WQX-10620001,2016-01-06,37.0,mg/L,00530,Total Suspended Solids,1,south.xlsx
USGS-21IOWA_WQX-10620001,2016-02-03,280.0,mg/L,00530,Total Suspended Solids,1,south.xlsx
USGS-21IOWA_WQX-10620001,2016-03-03,78.0,mg/L,00530,Total Suspended Solids,1,south.xlsx
USGS-21IOWA_WQX-10620001,2016-04-11,27.0,mg/L,00530,Total Suspended Solids,1,south.xlsx
USGS-21IOWA_WQX-10620001,2016-05-02,440.0,mg/L,00530,Total Suspended Solids,1,south.xlsx
USGS-21IOWA_WQX-10620001,2016-06-02,250.0,mg/L,00530,Total Suspended Solids,1,south.xlsx
USGS-21IOWA_WQX-10620001,2016-07-05,27.0,mg/L,00530,Total Suspended Solids,1,south.xlsx
USGS-21IOWA_WQX-10620001,2016-08-01,29.0,mg/L,00530,Total Suspended Solids,1,south.xlsx
USGS-21IOWA_WQX-10620001,2016-09-06,30.0,mg/L,00530,Total Suspended Solids,1,south.xlsx
USGS-21IOWA_WQX-10620001,2016-10-04,69.0,mg/L,00530,Total Suspended Solids,1,south.xlsx
USGS-21IOWA_WQX-10620001,2016-11-03,13.0,mg/L,00530,Total Suspended Solids,1,south.xlsx
USGS-21IOWA_WQX-10620001,2016-12-05,11.0,mg/L,00530,Total Suspended Solids,1,south.xlsx
USGS-21IOWA_WQX-10620001,2017-01-04,15.0,mg/L,00530,Total Suspended Solids,1,south.xlsx
USGS-21IOWA_WQX-10620001,2017-02-08,32.0,mg/L,00530,Total Suspended Solids,1,south.xlsx
USGS-21IOWA_WQX-10620001,2017-03-06,76.0,mg/L,00530,Total Suspended Solids,1,south.xlsx
USGS-21IOWA_WQX-10620001,2017-04-03,220.0,mg/L,00530,Total Suspended Solids,1,south.xlsx
USGS-21IOWA_WQX-10620001,2017-05-02,470.0,mg/L,00530,Total Suspended Solids,1,south.xlsx
USGS-21IOWA_WQX-10620001,2017-06-01,110.0,mg/L,00530,Total Suspended Solids,1,south.xlsx
USGS-21IOWA_WQX-10620001,2017-07-05,79.0,mg/L,00530,Total Suspended Solids,1,south.xlsx
USGS-21IOWA_WQX-10620001,2017-08-01,30.0,mg/L,00530,Total Suspended Solids,1,south.xlsx
USGS-21IOWA_WQX-10620001,2017-09-05,12.0,mg/L,00530,Total Suspended Solids,1,south.xlsx
USGS-21IOWA_WQX-10620001,2017-10-09,230.0,mg/L,00530,Total Suspended Solids,1,south.xlsx
USGS-21IOWA_WQX-10620001,2017-11-08,4.0,mg/L,00530,Total Suspended Solids,1,south.xlsx
USGS-21IOWA_WQX-10620001,2017-12-06,4.0,mg/L,00530,Total Suspended Solids,1,south.xlsx
USGS-21IOWA_WQX-10620001,2018-01-04,1.0,mg/L,00530,Total Suspended Solids,1,south.xlsx
USGS-21IOWA_WQX-10620001,2018-02-08,2.0,mg/L,00530,Total Suspended Solids,1,south.xlsx
USGS-21IOWA_WQX-10620001,2018-03-05,140.0,mg/L,00530,Total Suspended Solids,1,south.xlsx
USGS-21IOWA_WQX-10620001,2018-04-03,59.0,mg/L,00530,Total Suspended Solids,1,south.xlsx
USGS-21IOWA_WQX-10620001,2018-05-02,45.0,mg/L,00530,Total Suspended Solids,1,south.xlsx
USGS-21IOWA_WQX-10620001,2018-06-05,99.0,mg/L,00530,Total Suspended Solids,1,south.xlsx
USGS-21IOWA_WQX-10620001,2018-07-10,120.0,mg/L,00530,Total Suspended Solids,1,south.xlsx
USGS-21IOWA_WQX-10620001,2018-08-02,42.0,mg/L,00530,Total Suspended Solids,1,south.xlsx
USGS-21IOWA_WQX-10620001,2018-09-05,190.0,mg/L,00530,Total Suspended Solids,1,south.xlsx
USGS-21IOWA_WQX-10620001,2018-10-03,400.0,mg/L,00530,Total Suspended Solids,1,south.xlsx
USGS-21IOWA_WQX-10620001,2018-11-05,84.0,mg/L,00530,Total Suspended Solids,1,south.xlsx
USGS-21IOWA_WQX-10620001,2018-12-10,14.0,mg/L,00530,Total Suspended Solids,1,south.xlsx
USGS-21IOWA_WQX-10620001,2019-01-02,71.0,mg/L,00530,Total Suspended Solids,1,south.xlsx
USGS-21IOWA_WQX-10620001,2019-02-04,790.0,mg/L,00530,Total Suspended Solids,1,south.xlsx
USGS-21IOWA_WQX-10620001,2019-03-05,55.0,mg/L,00530,Total Suspended Solids,1,south.xlsx
USGS-21IOWA_WQX-10620001,2019-04-01,65.0,mg/L,00530,Total Suspended Solids,1,south.xlsx
USGS-21IOWA_WQX-10620001,2019-05-02,50.0,mg/L,00530,Total Suspended Solids,1,south.xlsx
USGS-21IOWA_WQX-10620001,2019-06-04,140.0,mg/L,00530,Total Suspended Solids,1,south.xlsx
USGS-21IOWA_WQX-10620001,2019-07-01,140.0,mg/L,00530,Total Suspended Solids,1,south.xlsx
USGS-21IOWA_WQX-10620001,2019-08-01,35.0,mg/L,00530,Total Suspended Solids,1,south.xlsx
USGS-21IOWA_WQX-10620001,2019-09-11,47.0,mg/L,00530,Total Suspended Solids,1,south.xlsx
USGS-21IOWA_WQX-10620001,2019-10-08,260.0,mg/L,00530,Total Suspended Solids,1,south.xlsx
USGS-21IOWA_WQX-10620001,2019-11-12,11.0,mg/L,00530,Total Suspended Solids,1,south.xlsx
USGS-21IOWA_WQX-10620001,2019-12-04,56.0,mg/L,00530,Total Suspended Solids,1,south.xlsx
USGS-21IOWA_WQX-10620001,2020-01-08,23.0,mg/L,00530,Total Suspended Solids,1,south.xlsx
USGS-21IOWA_WQX-10620001,2020-02-06,23.0,mg/L,00530,Total Suspended Solids,1,south.xlsx
USGS-21IOWA_WQX-10620001,2020-03-04,51.0,mg/L,00530,Total Suspended Solids,1,south.xlsx
USGS-21IOWA_WQX-10620001,2020-04-02,65.0,mg/L,00530,Total Suspended Solids,1,south.xlsx
USGS-21IOWA_WQX-10620001,2020-05-05,34.0,mg/L,00530,Total Suspended Solids,1,south.xlsx
USGS-21IOWA_WQX-10620001,2020-06-02,230.0,mg/L,00530,Total Suspended Solids,1,south.xlsx
USGS-21IOWA_WQX-10620001,2020-07-06,87.0,mg/L,00530,Total Suspended Solids,1,south.xlsx
USGS-21IOWA_WQX-10620001,2020-08-04,20.0,mg/L,00530,Total Suspended Solids,1,south.xlsx
USGS-21IOWA_WQX-10620001,2020-09-08,16.0,mg/L,00530,Total Suspended Solids,1,south.xlsx
USGS-21IOWA_WQX-10620001,2020-10-07,3.0,mg/L,00530,Total Suspended Solids,1,south.xlsx
USGS-21IOWA_WQX-10620001,2020-11-04,3.0,mg/L,00530,Total Suspended Solids,1,south.xlsx
USGS-21IOWA_WQX-10620001,2020-12-08,5.0,mg/L,00530,Total Suspended Solids,1,south.xlsx
USGS-21IOWA_WQX-10620001,2021-01-06,1.0,mg/L,00530,Total Suspended Solids,1,south.xlsx
USGS-21IOWA_WQX-10620001,2021-02-03,1.0,mg/L,00530,Total Suspended Solids,1,south.xlsx
USGS-21IOWA_WQX-10620001,2021-03-04,410.0,mg/L,00530,Total Suspended Solids,1,south.xlsx
USGS-21IOWA_WQX-10620001,2021-04-07,45.0,mg/L,00530,Total Suspended Solids,1,south.xlsx
USGS-21IOWA_WQX-10620001,2021-05-06,10.0,mg/L,00530,Total Suspended Solids,1,south.xlsx
USGS-21IOWA_WQX-10620001,2021-06-08,74.0,mg/L,00530,Total Suspended Solids,1,south.xlsx
USGS-21IOWA_WQX-10620001,2021-07-08,32.0,mg/L,00530,Total Suspended Solids,1,south.xlsx
USGS-21IOWA_WQX-10620001,2021-08-09,17.0,mg/L,00530,Total Suspended Solids,1,south.xlsx
USGS-21IOWA_WQX-10620001,2021-09-08,13.0,mg/L,00530,Total Suspended Solids,1,south.xlsx
USGS-21IOWA_WQX-10620001,2021-10-05,14.0,mg/L,00530,Total Suspended Solids,1,south.xlsx
USGS-21IOWA_WQX-10620001,2021-11-02,54.0,mg/L,00530,Total Suspended Solids,1,south.xlsx
USGS-21IOWA_WQX-10620001,2021-12-02,6.0,mg/L,00530,Total Suspended Solids,1,south.xlsx
USGS-21IOWA_WQX-10620001,2022-01-04,3.0,mg/L,00530,Total Suspended Solids,1,south.xlsx
USGS-21IOWA_WQX-10620001,2022-02-02,2.0,mg/L,00530,Total Suspended Solids,1,south.xlsx
USGS-21IOWA_WQX-10620001,2022-03-02,6.0,mg/L,00530,Total Suspended Solids,1,south.xlsx
USGS-21IOWA_WQX-10620001,2022-04-05,46.0,mg/L,00530,Total Suspended Solids,1,south.xlsx
USGS-21IOWA_WQX-10620001,2022-05-02,75.0,mg/L,00530,Total Suspended Solids,1,south.xlsx
USGS-21IOWA_WQX-10620001,2022-06-01,120.0,mg/L,00530,Total Suspended Solids,1,south.xlsx
USGS-21IOWA_WQX-10620001,2022-07-05,120.0,mg/L,00530,Total Suspended Solids,1,south.xlsx
USGS-21IOWA_WQX-10620001,2022-08-02,24.0,mg/L,00530,Total Suspended Solids,1,south.xlsx
USGS-21IOWA_WQX-10620001,2022-09-06,54.0,mg/L,00530,Total Suspended Solids,1,south.xlsx
USGS-21IOWA_WQX-10620001,2022-10-05,4.0,mg/L,00530,Total Suspended Solids,1,south.xlsx
USGS-21IOWA_WQX-10620001,2022-11-03,4.0,mg/L,00530,Total Suspended Solids,1,south.xlsx
USGS-21IOWA_WQX-10620001,2022-12-06,96.0,mg/L,00530,Total Suspended Solids,1,south.xlsx
USGS-21IOWA_WQX-10620001,2023-01-05,17.0,mg/L,00530,Total Suspended Solids,1,south.xlsx
USGS-21IOWA_WQX-10620001,2023-02-06,6.0,mg/L,00530,Total Suspended Solids,1,south.xlsx
USGS-21IOWA_WQX-10620001,2023-03-06,80.0,mg/L,00530,Total Suspended Solids,1,south.xlsx
USGS-21IOWA_WQX-10620001,2023-04-04,26.0,mg/L,00530,Total Suspended Solids,1,south.xlsx
USGS-21IOWA_WQX-10620001,2023-05-02,26.0,mg/L,00530,Total Suspended Solids,1,south.xlsx
USGS-21IOWA_WQX-10620001,2023-06-05,91.0,mg/L,00530,Total Suspended Solids,1,south.xlsx
USGS-21IOWA_WQX-10620001,2023-07-11,40.0,mg/L,00530,Total Suspended Solids,1,south.xlsx
USGS-21IOWA_WQX-10620001,2023-08-03,16.0,mg/L,00530,Total Suspended Solids,1,south.xlsx
USGS-21IOWA_WQX-10620001,2023-09-13,6.0,mg/L,00530,Total Suspended Solids,1,south.xlsx
USGS-21IOWA_WQX-10620001,2023-10-09,3.0,mg/L,00530,Total Suspended Solids,1,south.xlsx
USGS-21IOWA_WQX-10620001,2023-11-07,2.0,mg/L,00530,Total Suspended Solids,1,south.xlsx
USGS-21IOWA_WQX-10620001,2023-12-07,3.0,mg/L,00530,Total Suspended Solids,1,south.xlsx
USGS-21IOWA_WQX-10620001,2024-01-08,3.0,mg/L,00530,Total Suspended Solids,1,south.xlsx
USGS-21IOWA_WQX-10620001,2024-02-07,220.0,mg/L,00530,Total Suspended Solids,1,south.xlsx
USGS-21IOWA_WQX-10620001,2024-03-05,5.0,mg/L,00530,Total Suspended Solids,1,south.xlsx
USGS-21IOWA_WQX-10620001,2024-04-02,51.0,mg/L,00530,Total Suspended Solids,1,south.xlsx
USGS-21IOWA_WQX-10620001,2024-05-02,170.0,mg/L,00530,Total Suspended Solids,1,south.xlsx
USGS-21IOWA_WQX-10620001,2024-06-04,62.0,mg/L,00530,Total Suspended Solids,1,south.xlsx
USGS-21IOWA_WQX-10620001,2024-07-02,120.0,mg/L,00530,Total Suspended Solids,1,south.xlsx
USGS-21IOWA_WQX-10620001,2024-08-05,69.0,mg/L,00530,Total Suspended Solids,1,south.xlsx
USGS-21IOWA_WQX-10620001,2024-09-04,56.0,mg/L,00530,Total Suspended Solids,1,south.xlsx
USGS-21IOWA_WQX-10620001,2024-10-03,4.0,mg/L,00530,Total Suspended Solids,1,south.xlsx
USGS-21IOWA_WQX-10620001,2024-11-06,50.0,mg/L,00530,Total Suspended Solids,1,south.xlsx
USGS-21IOWA_WQX-10620001,2024-12-04,10.0,mg/L,00530,Total Suspended Solids,1,south.xlsx
USGS-21IOWA_WQX-10620001,2025-01-07,4.0,mg/L,00530,Total Suspended Solids,1,south.xlsx
USGS-21IOWA_WQX-10620001,2025-02-11,5.0,mg/L,00530,Total Suspended Solids,1,south.xlsx
USGS-21IOWA_WQX-10620001,2025-03-04,10.0,mg/L,00530,Total Suspended Solids,1,south.xlsx
USGS-21IOWA_WQX-10620001,2025-04-02,56.0,mg/L,00530,Total Suspended Solids,1,south.xlsx
USGS-21IOWA_WQX-10850001,1998-10-26,17.0,mg/L,00530,Total Suspended Solids,1,south.xlsx
USGS-21IOWA_WQX-10850001,1999-01-11,2.0,mg/L,00530,Total Suspended Solids,1,south.xlsx
USGS-21IOWA_WQX-10850001,1999-04-20,110.0,mg/L,00530,Total Suspended Solids,1,south.xlsx
USGS-21IOWA_WQX-10850001,1999-07-15,24.0,mg/L,00530,Total Suspended Solids,1,south.xlsx
USGS-21IOWA_WQX-10850001,1999-10-07,8.0,mg/L,00530,Total Suspended Solids,1,south.xlsx
USGS-21IOWA_WQX-10850001,1999-11-08,6.0,mg/L,00530,Total Suspended Solids,1,south.xlsx
USGS-21IOWA_WQX-10850001,1999-12-06,3.0,mg/L,00530,Total Suspended Solids,1,south.xlsx
USGS-21IOWA_WQX-10850001,2000-01-10,18.0,mg/L,00530,Total Suspended Solids,1,south.xlsx
USGS-21IOWA_WQX-10850001,2000-02-08,2.0,mg/L,00530,Total Suspended Solids,1,south.xlsx
USGS-21IOWA_WQX-10850001,2000-03-13,4.0,mg/L,00530,Total Suspended Solids,1,south.xlsx
USGS-21IOWA_WQX-10850001,2000-04-04,6.0,mg/L,00530,Total Suspended Solids,1,south.xlsx
USGS-21IOWA_WQX-10850001,2000-05-08,37.0,mg/L,00530,Total Suspended Solids,1,south.xlsx
USGS-21IOWA_WQX-10850001,2000-06-06,41.0,mg/L,00530,Total Suspended Solids,1,south.xlsx
USGS-21IOWA_WQX-10850001,2000-07-18,17.0,mg/L,00530,Total Suspended Solids,1,south.xlsx
USGS-21IOWA_WQX-10850001,2000-08-01,11.0,mg/L,00530,Total Suspended Solids,1,south.xlsx
USGS-21IOWA_WQX-10850001,2000-09-11,5.0,mg/L,00530,Total Suspended Solids,1,south.xlsx
USGS-21IOWA_WQX-10850002,1998-10-26,19.0,mg/L,00530,Total Suspended Solids,1,south.xlsx
USGS-21IOWA_WQX-10850002,1998-11-09,8.0,mg/L,00530,Total Suspended Solids,1,south.xlsx
USGS-21IOWA_WQX-10850002,1998-12-02,11.0,mg/L,00530,Total Suspended Solids,1,south.xlsx
USGS-21IOWA_WQX-10850002,1999-01-11,4.0,mg/L,00530,Total Suspended Solids,1,south.xlsx
USGS-21IOWA_WQX-10850002,1999-02-01,7.0,mg/L,00530,Total Suspended Solids,1,south.xlsx
USGS-21IOWA_WQX-10850002,1999-03-03,21.0,mg/L,00530,Total Suspended Solids,1,south.xlsx
USGS-21IOWA_WQX-10850002,1999-04-20,110.0,mg/L,00530,Total Suspended Solids,1,south.xlsx
USGS-21IOWA_WQX-10850002,1999-05-27,59.0,mg/L,00530,Total Suspended Solids,1,south.xlsx
USGS-21IOWA_WQX-10850002,1999-06-15,140.0,mg/L,00530,Total Suspended Solids,1,south.xlsx
USGS-21IOWA_WQX-10850002,1999-07-15,30.0,mg/L,00530,Total Suspended Solids,1,south.xlsx
USGS-21IOWA_WQX-10850002,1999-08-06,14.0,mg/L,00530,Total Suspended Solids,1,south.xlsx
USGS-21IOWA_WQX-10850002,1999-09-02,15.0,mg/L,00530,Total Suspended Solids,1,south.xlsx
USGS-21IOWA_WQX-10850002,1999-10-07,4.0,mg/L,00530,Total Suspended Solids,1,south.xlsx
USGS-21IOWA_WQX-10850002,1999-11-08,3.0,mg/L,00530,Total Suspended Solids,1,south.xlsx
USGS-21IOWA_WQX-10850002,1999-12-06,2.0,mg/L,00530,Total Suspended Solids,1,south.xlsx
USGS-21IOWA_WQX-10850002,2000-01-10,5.0,mg/L,00530,Total Suspended Solids,1,south.xlsx
USGS-21IOWA_WQX-10850002,2000-02-08,4.0,mg/L,00530,Total Suspended Solids,1,south.xlsx
USGS-21IOWA_WQX-10850002,2000-03-13,5.0,mg/L,00530,Total Suspended Solids,1,south.xlsx
USGS-21IOWA_WQX-10850002,2000-04-04,6.0,mg/L,00530,Total Suspended Solids,1,south.xlsx
USGS-21IOWA_WQX-10850002,2000-05-08,11.0,mg/L,00530,Total Suspended Solids,1,south.xlsx
USGS-21IOWA_WQX-10850002,2000-06-06,45.0,mg/L,00530,Total Suspended Solids,1,south.xlsx
USGS-21IOWA_WQX-10850002,2000-07-18,13.0,mg/L,00530,Total Suspended Solids,1,south.xlsx
USGS-21IOWA_WQX-10850002,2000-08-01,13.0,mg/L,00530,Total Suspended Solids,1,south.xlsx
USGS-21IOWA_WQX-10850002,2000-09-11,7.0,mg/L,00530,Total Suspended Solids,1,south.xlsx
USGS-21IOWA_WQX-10850002,2000-10-17,12.0,mg/L,00530,Total Suspended Solids,1,south.xlsx
USGS-21IOWA_WQX-10850002,2000-11-27,6.0,mg/L,00530,Total Suspended Solids,1,south.xlsx
USGS-21IOWA_WQX-10850002,2000-12-21,3.0,mg/L,00530,Total Suspended Solids,1,south.xlsx
USGS-21IOWA_WQX-10850002,2001-01-16,5.0,mg/L,00530,Total Suspended Solids,1,south.xlsx
USGS-21IOWA_WQX-10850002,2001-02-20,4.0,mg/L,00530,Total Suspended Solids,1,south.xlsx
USGS-21IOWA_WQX-10850002,2001-03-22,440.0,mg/L,00530,Total Suspended Solids,1,south.xlsx
USGS-21IOWA_WQX-10850002,2001-04-18,30.0,mg/L,00530,Total Suspended Solids,1,south.xlsx
USGS-21IOWA_WQX-10850002,2001-05-16,36.0,mg/L,00530,Total Suspended Solids,1,south.xlsx
USGS-21IOWA_WQX-10850002,2001-06-20,57.0,mg/L,00530,Total Suspended Solids,1,south.xlsx
USGS-21IOWA_WQX-10850002,2001-07-17,5.0,mg/L,00530,Total Suspended Solids,1,south.xlsx
USGS-21IOWA_WQX-10850002,2001-08-14,4.0,mg/L,00530,Total Suspended Solids,1,south.xlsx
USGS-21IOWA_WQX-10850002,2001-09-18,43.0,mg/L,00530,Total Suspended Solids,1,south.xlsx
USGS-21IOWA_WQX-10850002,2001-10-15,6.0,mg/L,00530,Total Suspended Solids,1,south.xlsx
USGS-21IOWA_WQX-10850002,2001-11-14,6.0,mg/L,00530,Total Suspended Solids,1,south.xlsx
USGS-21IOWA_WQX-10850002,2001-12-11,8.0,mg/L,00530,Total Suspended Solids,1,south.xlsx
USGS-21IOWA_WQX-10850002,2002-01-16,2.0,mg/L,00530,Total Suspended Solids,1,south.xlsx
USGS-21IOWA_WQX-10850002,2002-02-12,17.0,mg/L,00530,Total Suspended Solids,1,south.xlsx
USGS-21IOWA_WQX-10850002,2002-03-13,26.0,mg/L,00530,Total Suspended Solids,1,south.xlsx
USGS-21IOWA_WQX-10850002,2002-04-10,11.0,mg/L,00530,Total Suspended Solids,1,south.xlsx
USGS-21IOWA_WQX-10850002,2002-05-14,110.0,mg/L,00530,Total Suspended Solids,1,south.xlsx
USGS-21IOWA_WQX-10850002,2002-06-12,86.0,mg/L,00530,Total Suspended Solids,1,south.xlsx
USGS-21IOWA_WQX-10850002,2002-07-09,57.0,mg/L,00530,Total Suspended Solids,1,south.xlsx
USGS-21IOWA_WQX-10850002,2002-08-14,65.0,mg/L,00530,Total Suspended Solids,1,south.xlsx
USGS-21IOWA_WQX-10850002,2002-09-11,7.0,mg/L,00530,Total Suspended Solids,1,south.xlsx
USGS-21IOWA_WQX-10850002,2002-10-09,39.0,mg/L,00530,Total Suspended Solids,1,south.xlsx
USGS-21IOWA_WQX-10850002,2002-11-13,5.0,mg/L,00530,Total Suspended Solids,1,south.xlsx
USGS-21IOWA_WQX-10850002,2002-12-11,5.0,mg/L,00530,Total Suspended Solids,1,south.xlsx
USGS-21IOWA_WQX-10850002,2003-01-15,4.0,mg/L,00530,Total Suspended Solids,1,south.xlsx
USGS-21IOWA_WQX-10850002,2003-02-12,4.0,mg/L,00530,Total Suspended Solids,1,south.xlsx
USGS-21IOWA_WQX-10850002,2003-03-11,4.0,mg/L,00530,Total Suspended Solids,1,south.xlsx
USGS-21IOWA_WQX-10850002,2003-04-14,27.0,mg/L,00530,Total Suspended Solids,1,south.xlsx
USGS-21IOWA_WQX-10850002,2003-05-14,280.0,mg/L,00530,Total Suspended Solids,1,south.xlsx
USGS-21IOWA_WQX-10850002,2003-06-11,55.0,mg/L,00530,Total Suspended Solids,1,south.xlsx
USGS-21IOWA_WQX-10850002,2003-07-08,110.0,mg/L,00530,Total Suspended Solids,1,south.xlsx
USGS-21IOWA_WQX-10850002,2003-08-13,8.0,mg/L,00530,Total Suspended Solids,1,south.xlsx
USGS-21IOWA_WQX-10850002,2003-09-10,5.0,mg/L,00530,Total Suspended Solids,1,south.xlsx
USGS-21IOWA_WQX-10850002,2003-10-06,5.0,mg/L,00530,Total Suspended Solids,1,south.xlsx
USGS-21IOWA_WQX-10850002,2003-11-12,17.0,mg/L,00530,Total Suspended Solids,1,south.xlsx
USGS-21IOWA_WQX-10850002,2003-12-09,8.0,mg/L,00530,Total Suspended Solids,1,south.xlsx
USGS-21IOWA_WQX-10850002,2004-01-14,3.0,mg/L,00530,Total Suspended Solids,1,south.xlsx
USGS-21IOWA_WQX-10850002,2004-02-11,7.0,mg/L,00530,Total Suspended Solids,1,south.xlsx
USGS-21IOWA_WQX-10850002,2004-03-10,56.0,mg/L,00530,Total Suspended Solids,1,south.xlsx
USGS-21IOWA_WQX-10850002,2004-04-14,14.0,mg/L,00530,Total Suspended Solids,1,south.xlsx
USGS-21IOWA_WQX-10850002,2004-05-12,30.0,mg/L,00530,Total Suspended Solids,1,south.xlsx
USGS-21IOWA_WQX-10850002,2004-06-07,69.0,mg/L,00530,Total Suspended Solids,1,south.xlsx
USGS-21IOWA_WQX-10850002,2004-07-14,84.0,mg/L,00530,Total Suspended Solids,1,south.xlsx
USGS-21IOWA_WQX-10850002,2004-08-11,22.0,mg/L,00530,Total Suspended Solids,1,south.xlsx
USGS-21IOWA_WQX-10850002,2004-09-08,11.0,mg/L,00530,Total Suspended Solids,1,south.xlsx
USGS-21IOWA_WQX-10850002,2004-10-14,5.0,mg/L,00530,Total Suspended Solids,1,south.xlsx
USGS-21IOWA_WQX-10850002,2004-11-10,6.0,mg/L,00530,Total Suspended Solids,1,south.xlsx
USGS-21IOWA_WQX-10850002,2004-12-08,6.0,mg/L,00530,Total Suspended Solids,1,south.xlsx
USGS-21IOWA_WQX-10850002,2005-01-18,5.0,mg/L,00530,Total Suspended Solids,1,south.xlsx
USGS-21IOWA_WQX-10850002,2005-02-09,50.0,mg/L,00530,Total Suspended Solids,1,south.xlsx
USGS-21IOWA_WQX-10850002,2005-03-09,15.0,mg/L,00530,Total Suspended Solids,1,south.xlsx
USGS-21IOWA_WQX-10850002,2005-04-13,470.0,mg/L,00530,Total Suspended Solids,1,south.xlsx
USGS-21IOWA_WQX-10850002,2005-05-02,22.0,mg/L,00530,Total Suspended Solids,1,south.xlsx
USGS-21IOWA_WQX-10850002,2005-06-08,42.0,mg/L,00530,Total Suspended Solids,1,south.xlsx
USGS-21IOWA_WQX-10850002,2005-07-13,38.0,mg/L,00530,Total Suspended Solids,1,south.xlsx
USGS-21IOWA_WQX-10850002,2005-08-10,36.0,mg/L,00530,Total Suspended Solids,1,south.xlsx
USGS-21IOWA_WQX-10850002,2005-09-14,17.0,mg/L,00530,Total Suspended Solids,1,south.xlsx
USGS-21IOWA_WQX-10850002,2005-10-12,5.0,mg/L,00530,Total Suspended Solids,1,south.xlsx
USGS-21IOWA_WQX-10850002,2005-11-08,4.0,mg/L,00530,Total Suspended Solids,1,south.xlsx
USGS-21IOWA_WQX-10850002,2005-12-13,5.0,mg/L,00530,Total Suspended Solids,1,south.xlsx
USGS-21IOWA_WQX-10850002,2006-01-10,19.0,mg/L,00530,Total Suspended Solids,1,south.xlsx
USGS-21IOWA_WQX-10850002,2006-02-07,14.0,mg/L,00530,Total Suspended Solids,1,south.xlsx
USGS-21IOWA_WQX-10850002,2006-03-08,9.0,mg/L,00530,Total Suspended Solids,1,south.xlsx
USGS-21IOWA_WQX-10850002,2006-04-12,55.0,mg/L,00530,Total Suspended Solids,1,south.xlsx
USGS-21IOWA_WQX-10850002,2006-05-09,70.0,mg/L,00530,Total Suspended Solids,1,south.xlsx
USGS-21IOWA_WQX-10850002,2006-06-07,31.0,mg/L,00530,Total Suspended Solids,1,south.xlsx
USGS-21IOWA_WQX-10850002,2006-07-12,340.0,mg/L,00530,Total Suspended Solids,1,south.xlsx
USGS-21IOWA_WQX-10850002,2006-08-09,180.0,mg/L,00530,Total Suspended Solids,1,south.xlsx
USGS-21IOWA_WQX-10850002,2006-09-12,260.0,mg/L,00530,Total Suspended Solids,1,south.xlsx
USGS-21IOWA_WQX-10850002,2006-10-11,14.0,mg/L,00530,Total Suspended Solids,1,south.xlsx
USGS-21IOWA_WQX-10850002,2006-11-07,8.0,mg/L,00530,Total Suspended Solids,1,south.xlsx
USGS-21IOWA_WQX-10850002,2006-12-12,22.0,mg/L,00530,Total Suspended Solids,1,south.xlsx
USGS-21IOWA_WQX-10850002,2008-01-15,2.0,mg/L,00530,Total Suspended Solids,2,south.xlsx
USGS-21IOWA_WQX-10850002,2008-02-13,2.0,mg/L,00530,Total Suspended Solids,2,south.xlsx
USGS-21IOWA_WQX-10850002,2008-03-11,9.5,mg/L,00530,Total Suspended Solids,2,south.xlsx
USGS-21IOWA_WQX-10850002,2008-04-08,41.0,mg/L,00530,Total Suspended Solids,2,south.xlsx
USGS-21IOWA_WQX-10850002,2008-05-14,31.5,mg/L,00530,Total Suspended Solids,2,south.xlsx
USGS-21IOWA_WQX-10850002,2008-06-09,390.0,mg/L,00530,Total Suspended Solids,2,south.xlsx
USGS-21IOWA_WQX-10850002,2008-07-15,32.5,mg/L,00530,Total Suspended Solids,2,south.xlsx
USGS-21IOWA_WQX-10850002,2008-08-12,11.0,mg/L,00530,Total Suspended Solids,2,south.xlsx
USGS-21IOWA_WQX-10850002,2009-04-07,72.0,mg/L,00530,Total Suspended Solids,1,south.xlsx
USGS-21IOWA_WQX-10850002,2009-05-12,48.0,mg/L,00530,Total Suspended Solids,1,south.xlsx
USGS-21IOWA_WQX-10850002,2009-06-09,45.0,mg/L,00530,Total Suspended Solids,1,south.xlsx
USGS-21IOWA_WQX-10850002,2009-07-08,20.0,mg/L,00530,Total Suspended Solids,2,south.xlsx
USGS-21IOWA_WQX-10850002,2009-08-10,18.5,mg/L,00530,Total Suspended Solids,2,south.xlsx
USGS-21IOWA_WQX-10850002,2009-09-09,3.5,mg/L,00530,Total Suspended Solids,2,south.xlsx
USGS-21IOWA_WQX-10850002,2009-10-12,6.5,mg/L,00530,Total Suspended Solids,2,south.xlsx
USGS-21IOWA_WQX-10850002,2009-11-10,19.0,mg/L,00530,Total Suspended Solids,2,south.xlsx
USGS-21IOWA_WQX-10850002,2009-12-17,5.5,mg/L,00530,Total Suspended Solids,2,south.xlsx
USGS-21IOWA_WQX-10850002,2010-01-12,3.5,mg/L,00530,Total Suspended Solids,2,south.xlsx
USGS-21IOWA_WQX-10850002,2010-02-16,2.0,mg/L,00530,Total Suspended Solids,2,south.xlsx
USGS-21IOWA_WQX-10850002,2010-03-09,108.0,mg/L,00530,Total Suspended Solids,2,south.xlsx
USGS-21IOWA_WQX-10850002,2010-04-13,14.5,mg/L,00530,Total Suspended Solids,2,south.xlsx
USGS-21IOWA_WQX-10850002,2010-05-11,79.0,mg/L,00530,Total Suspended Solids,2,south.xlsx
USGS-21IOWA_WQX-10850002,2010-06-08,23.5,mg/L,00530,Total Suspended Solids,2,south.xlsx
USGS-21IOWA_WQX-10850002,2010-07-13,29.5,mg/L,00530,Total Suspended Solids,2,south.xlsx
USGS-21IOWA_WQX-10850002,2010-08-09,367.0,mg/L,00530,Total Suspended Solids,2,south.xlsx
USGS-21IOWA_WQX-10850002,2010-09-07,21.5,mg/L,00530,Total Suspended Solids,2,south.xlsx
USGS-21IOWA_WQX-10850002,2010-10-12,8.0,mg/L,00530,Total Suspended Solids,2,south.xlsx
USGS-21IOWA_WQX-10850002,2010-11-09,4.0,mg/L,00530,Total Suspended Solids,2,south.xlsx
USGS-21IOWA_WQX-10850002,2010-12-07,9.0,mg/L,00530,Total Suspended Solids,2,south.xlsx
USGS-21IOWA_WQX-10850002,2011-01-13,3.5,mg/L,00530,Total Suspended Solids,2,south.xlsx
USGS-21IOWA_WQX-10850002,2011-02-09,5.0,mg/L,00530,Total Suspended Solids,2,south.xlsx
USGS-21IOWA_WQX-10850002,2011-03-09,12.0,mg/L,00530,Total Suspended Solids,2,south.xlsx
USGS-21IOWA_WQX-10850002,2011-04-13,10.0,mg/L,00530,Total Suspended Solids,2,south.xlsx
USGS-21IOWA_WQX-10850002,2011-05-10,23.0,mg/L,00530,Total Suspended Solids,2,south.xlsx
USGS-21IOWA_WQX-10850002,2011-06-15,108.5,mg/L,00530,Total Suspended Solids,2,south.xlsx
USGS-21IOWA_WQX-10850002,2011-07-12,20.5,mg/L,00530,Total Suspended Solids,2,south.xlsx
USGS-21IOWA_WQX-10850002,2011-08-08,23.5,mg/L,00530,Total Suspended Solids,2,south.xlsx
USGS-21IOWA_WQX-10850002,2011-09-13,5.0,mg/L,00530,Total Suspended Solids,2,south.xlsx
USGS-21IOWA_WQX-10850002,2011-10-11,2.5,mg/L,00530,Total Suspended Solids,2,south.xlsx
USGS-21IOWA_WQX-10850002,2011-11-09,67.0,mg/L,00530,Total Suspended Solids,2,south.xlsx
USGS-21IOWA_WQX-10850002,2011-12-13,3.5,mg/L,00530,Total Suspended Solids,2,south.xlsx
USGS-21IOWA_WQX-10850002,2012-01-10,3.5,mg/L,00530,Total Suspended Solids,2,south.xlsx
USGS-21IOWA_WQX-10850002,2012-02-07,4.0,mg/L,00530,Total Suspended Solids,2,south.xlsx
USGS-21IOWA_WQX-10850002,2012-03-12,8.0,mg/L,00530,Total Suspended Solids,2,south.xlsx
USGS-21IOWA_WQX-10850002,2012-04-10,3.5,mg/L,00530,Total Suspended Solids,2,south.xlsx
USGS-21IOWA_WQX-10850002,2012-05-09,55.0,mg/L,00530,Total Suspended Solids,2,south.xlsx
USGS-21IOWA_WQX-10850002,2012-06-05,7.5,mg/L,00530,Total Suspended Solids,2,south.xlsx
USGS-21IOWA_WQX-10850002,2012-07-09,7.5,mg/L,00530,Total Suspended Solids,2,south.xlsx
USGS-21IOWA_WQX-10850002,2012-08-06,8.5,mg/L,00530,Total Suspended Solids,2,south.xlsx
USGS-21IOWA_WQX-10850002,2012-09-11,11.5,mg/L,00530,Total Suspended Solids,2,south.xlsx
USGS-21IOWA_WQX-10850002,2012-10-09,6.5,mg/L,00530,Total Suspended Solids,2,south.xlsx
USGS-21IOWA_WQX-10850002,2012-11-13,9.0,mg/L,00530,Total Suspended Solids,2,south.xlsx
USGS-21IOWA_WQX-10850002,2012-12-10,4.0,mg/L,00530,Total Suspended Solids,2,south.xlsx
USGS-21IOWA_WQX-10850002,2013-01-15,9.0,mg/L,00530,Total Suspended Solids,1,south.xlsx
USGS-21IOWA_WQX-10850002,2013-02-13,11.0,mg/L,00530,Total Suspended Solids,1,south.xlsx
USGS-21IOWA_WQX-10850002,2013-03-14,69.0,mg/L,00530,Total Suspended Solids,1,south.xlsx
USGS-21IOWA_WQX-10850002,2013-04-08,6.0,mg/L,00530,Total Suspended Solids,1,south.xlsx
USGS-21IOWA_WQX-10850002,2013-05-01,54.0,mg/L,00530,Total Suspended Solids,1,south.xlsx
USGS-21IOWA_WQX-10850002,2013-06-05,150.0,mg/L,00530,Total Suspended Solids,1,south.xlsx
USGS-21IOWA_WQX-10850002,2013-07-09,35.0,mg/L,00530,Total Suspended Solids,1,south.xlsx
USGS-21IOWA_WQX-10850002,2013-08-14,26.0,mg/L,00530,Total Suspended Solids,1,south.xlsx
USGS-21IOWA_WQX-10850002,2013-09-11,21.0,mg/L,00530,Total Suspended Solids,1,south.xlsx
USGS-21IOWA_WQX-10850002,2013-10-10,18.0,mg/L,00530,Total Suspended Solids,1,south.xlsx
USGS-21IOWA_WQX-10850002,2013-11-12,7.0,mg/L,00530,Total Suspended Solids,1,south.xlsx
USGS-21IOWA_WQX-10850002,2013-12-12,7.0,mg/L,00530,Total Suspended Solids,1,south.xlsx
USGS-21IOWA_WQX-10850002,2014-01-15,7.0,mg/L,00530,Total Suspended Solids,1,south.xlsx
USGS-21IOWA_WQX-10850002,2014-02-11,20.0,mg/L,00530,Total Suspended Solids,1,south.xlsx
USGS-21IOWA_WQX-10850002,2014-03-11,150.0,mg/L,00530,Total Suspended Solids,1,south.xlsx
USGS-21IOWA_WQX-10850002,2014-04-07,7.0,mg/L,00530,Total Suspended Solids,1,south.xlsx
USGS-21IOWA_WQX-10850002,2014-05-05,47.0,mg/L,00530,Total Suspended Solids,1,south.xlsx
USGS-21IOWA_WQX-10850002,2014-06-05,77.0,mg/L,00530,Total Suspended Solids,1,south.xlsx
USGS-21IOWA_WQX-10850002,2014-07-02,180.0,mg/L,00530,Total Suspended Solids,1,south.xlsx
USGS-21IOWA_WQX-10850002,2014-08-07,38.0,mg/L,00530,Total Suspended Solids,1,south.xlsx
USGS-21IOWA_WQX-10850002,2014-09-04,51.0,mg/L,00530,Total Suspended Solids,1,south.xlsx
USGS-21IOWA_WQX-10850002,2014-10-23,27.0,mg/L,00530,Total Suspended Solids,1,south.xlsx
USGS-21IOWA_WQX-10850002,2014-11-03,9.0,mg/L,00530,Total Suspended Solids,1,south.xlsx
USGS-21IOWA_WQX-10850002,2014-12-01,4.0,mg/L,00530,Total Suspended Solids,1,south.xlsx
USGS-21IOWA_WQX-10850002,2015-01-08,1.0,mg/L,00530,Total Suspended Solids,1,south.xlsx
USGS-21IOWA_WQX-10850002,2015-02-05,6.0,mg/L,00530,Total Suspended Solids,1,south.xlsx
USGS-21IOWA_WQX-10850002,2015-03-02,11.0,mg/L,00530,Total Suspended Solids,1,south.xlsx
USGS-21IOWA_WQX-10850002,2015-04-02,47.0,mg/L,00530,Total Suspended Solids,1,south.xlsx
USGS-21IOWA_WQX-10850002,2015-05-13,25.0,mg/L,00530,Total Suspended Solids,1,south.xlsx
USGS-21IOWA_WQX-10850002,2015-06-02,77.0,mg/L,00530,Total Suspended Solids,1,south.xlsx
USGS-21IOWA_WQX-10850002,2015-07-07,59.0,mg/L,00530,Total Suspended Solids,1,south.xlsx
USGS-21IOWA_WQX-10850002,2015-08-05,23.0,mg/L,00530,Total Suspended Solids,1,south.xlsx
USGS-21IOWA_WQX-10850002,2015-09-03,140.0,mg/L,00530,Total Suspended Solids,1,south.xlsx
USGS-21IOWA_WQX-10850002,2015-10-01,69.0,mg/L,00530,Total Suspended Solids,1,south.xlsx
USGS-21IOWA_WQX-10850002,2015-11-11,5.0,mg/L,00530,Total Suspended Solids,1,south.xlsx
USGS-21IOWA_WQX-10850002,2015-12-03,39.0,mg/L,00530,Total Suspended Solids,1,south.xlsx
USGS-21IOWA_WQX-10850002,2016-01-07,17.0,mg/L,00530,Total Suspended Solids,1,south.xlsx
USGS-21IOWA_WQX-10850002,2016-02-01,22.0,mg/L,00530,Total Suspended Solids,1,south.xlsx
USGS-21IOWA_WQX-10850002,2016-03-02,54.0,mg/L,00530,Total Suspended Solids,1,south.xlsx
USGS-21IOWA_WQX-10850002,2016-04-12,10.0,mg/L,00530,Total Suspended Solids,1,south.xlsx
USGS-21IOWA_WQX-10850002,2016-05-04,80.0,mg/L,00530,Total Suspended Solids,1,south.xlsx
USGS-21IOWA_WQX-10850002,2016-06-02,170.0,mg/L,00530,Total Suspended Solids,1,south.xlsx
USGS-21IOWA_WQX-10850002,2016-07-12,60.0,mg/L,00530,Total Suspended Solids,1,south.xlsx
USGS-21IOWA_WQX-10850002,2016-08-10,13.0,mg/L,00530,Total Suspended Solids,1,south.xlsx
USGS-21IOWA_WQX-10850002,2016-09-01,24.0,mg/L,00530,Total Suspended Solids,1,south.xlsx
USGS-21IOWA_WQX-10850002,2016-10-04,43.0,mg/L,00530,Total Suspended Solids,1,south.xlsx
USGS-21IOWA_WQX-10850002,2016-11-03,7.0,mg/L,00530,Total Suspended Solids,1,south.xlsx
USGS-21IOWA_WQX-10850002,2016-12-07,7.0,mg/L,00530,Total Suspended Solids,1,south.xlsx
USGS-21IOWA_WQX-10850002,2017-01-03,26.0,mg/L,00530,Total Suspended Solids,1,south.xlsx
USGS-21IOWA_WQX-10850002,2017-02-01,91.0,mg/L,00530,Total Suspended Solids,1,south.xlsx
USGS-21IOWA_WQX-10850002,2017-03-01,140.0,mg/L,00530,Total Suspended Solids,1,south.xlsx
USGS-21IOWA_WQX-10850002,2017-04-05,140.0,mg/L,00530,Total Suspended Solids,1,south.xlsx
USGS-21IOWA_WQX-10850002,2017-05-10,82.0,mg/L,00530,Total Suspended Solids,1,south.xlsx
USGS-21IOWA_WQX-10850002,2017-06-01,36.0,mg/L,00530,Total Suspended Solids,1,south.xlsx
USGS-21IOWA_WQX-10850002,2017-07-05,62.0,mg/L,00530,Total Suspended Solids,1,south.xlsx
USGS-21IOWA_WQX-10850002,2017-08-02,16.0,mg/L,00530,Total Suspended Solids,1,south.xlsx
USGS-21IOWA_WQX-10850002,2017-09-07,5.0,mg/L,00530,Total Suspended Solids,1,south.xlsx
USGS-21IOWA_WQX-10850002,2017-10-05,5.0,mg/L,00530,Total Suspended Solids,1,south.xlsx
USGS-21IOWA_WQX-10850002,2017-11-09,4.0,mg/L,00530,Total Suspended Solids,1,south.xlsx
USGS-21IOWA_WQX-10850002,2017-12-07,4.0,mg/L,00530,Total Suspended Solids,1,south.xlsx
USGS-21IOWA_WQX-10850002,2018-01-04,7.0,mg/L,00530,Total Suspended Solids,1,south.xlsx
USGS-21IOWA_WQX-10850002,2018-02-01,8.0,mg/L,00530,Total Suspended Solids,1,south.xlsx
USGS-21IOWA_WQX-10850002,2018-03-01,260.0,mg/L,00530,Total Suspended Solids,1,south.xlsx
USGS-21IOWA_WQX-10850002,2018-04-04,30.0,mg/L,00530,Total Suspended Solids,1,south.xlsx
USGS-21IOWA_WQX-10850002,2018-05-02,210.0,mg/L,00530,Total Suspended Solids,1,south.xlsx
USGS-21IOWA_WQX-10850002,2018-06-05,36.0,mg/L,00530,Total Suspended Solids,1,south.xlsx
USGS-21IOWA_WQX-10850002,2018-07-06,250.0,mg/L,00530,Total Suspended Solids,1,south.xlsx
USGS-21IOWA_WQX-10850002,2018-08-07,140.0,mg/L,00530,Total Suspended Solids,1,south.xlsx
USGS-21IOWA_WQX-10850002,2018-09-04,120.0,mg/L,00530,Total Suspended Solids,1,south.xlsx
USGS-21IOWA_WQX-10850002,2018-10-01,42.0,mg/L,00530,Total Suspended Solids,1,south.xlsx
USGS-21IOWA_WQX-10850002,2018-11-08,25.0,mg/L,00530,Total Suspended Solids,1,south.xlsx
USGS-21IOWA_WQX-10850002,2018-12-05,12.0,mg/L,00530,Total Suspended Solids,1,south.xlsx
USGS-21IOWA_WQX-10850002,2019-01-07,24.0,mg/L,00530,Total Suspended Solids,1,south.xlsx
USGS-21IOWA_WQX-10850002,2019-02-06,16.0,mg/L,00530,Total Suspended Solids,1,south.xlsx
USGS-21IOWA_WQX-10850002,2019-03-06,12.0,mg/L,00530,Total Suspended Solids,1,south.xlsx
USGS-21IOWA_WQX-10850002,2019-04-03,24.0,mg/L,00530,Total Suspended Solids,1,south.xlsx
USGS-21IOWA_WQX-10850002,2019-05-02,14.0,mg/L,00530,Total Suspended Solids,1,south.xlsx
USGS-21IOWA_WQX-10850002,2019-06-05,60.0,mg/L,00530,Total Suspended Solids,1,south.xlsx
USGS-21IOWA_WQX-10850002,2019-07-03,740.0,mg/L,00530,Total Suspended Solids,1,south.xlsx
USGS-21IOWA_WQX-10850002,2019-08-01,15.0,mg/L,00530,Total Suspended Solids,1,south.xlsx
USGS-21IOWA_WQX-10850002,2019-09-10,100.0,mg/L,00530,Total Suspended Solids,1,south.xlsx
USGS-21IOWA_WQX-10850002,2019-10-02,360.0,mg/L,00530,Total Suspended Solids,1,south.xlsx
USGS-21IOWA_WQX-10850002,2019-11-14,12.0,mg/L,00530,Total Suspended Solids,1,south.xlsx
USGS-21IOWA_WQX-10850002,2019-12-09,12.0,mg/L,00530,Total Suspended Solids,1,south.xlsx
USGS-21IOWA_WQX-10850002,2020-01-13,16.0,mg/L,00530,Total Suspended Solids,1,south.xlsx
USGS-21IOWA_WQX-10850002,2020-02-05,15.0,mg/L,00530,Total Suspended Solids,1,south.xlsx
USGS-21IOWA_WQX-10850002,2020-03-02,27.0,mg/L,00530,Total Suspended Solids,1,south.xlsx
USGS-21IOWA_WQX-10850002,2020-04-08,18.0,mg/L,00530,Total Suspended Solids,1,south.xlsx
USGS-21IOWA_WQX-10850002,2020-05-12,11.0,mg/L,00530,Total Suspended Solids,1,south.xlsx
USGS-21IOWA_WQX-10850002,2020-06-02,130.0,mg/L,00530,Total Suspended Solids,1,south.xlsx
USGS-21IOWA_WQX-10850002,2020-07-07,17.0,mg/L,00530,Total Suspended Solids,1,south.xlsx
USGS-21IOWA_WQX-10850002,2020-08-10,15.0,mg/L,00530,Total Suspended Solids,1,south.xlsx
USGS-21IOWA_WQX-10850002,2020-09-08,4.0,mg/L,00530,Total Suspended Solids,1,south.xlsx
USGS-21IOWA_WQX-10850002,2020-10-01,11.0,mg/L,00530,Total Suspended Solids,1,south.xlsx
USGS-21IOWA_WQX-10850002,2020-11-03,9.0,mg/L,00530,Total Suspended Solids,1,south.xlsx
USGS-21IOWA_WQX-10850002,2020-12-02,5.0,mg/L,00530,Total Suspended Solids,1,south.xlsx
USGS-21IOWA_WQX-10850002,2021-01-12,5.0,mg/L,00530,Total Suspended Solids,1,south.xlsx
USGS-21IOWA_WQX-10850002,2021-02-03,5.0,mg/L,00530,Total Suspended Solids,1,south.xlsx
USGS-21IOWA_WQX-10850002,2021-03-09,36.0,mg/L,00530,Total Suspended Solids,1,south.xlsx
USGS-21IOWA_WQX-10850002,2021-04-12,5.0,mg/L,00530,Total Suspended Solids,1,south.xlsx
USGS-21IOWA_WQX-10850002,2021-05-10,6.0,mg/L,00530,Total Suspended Solids,1,south.xlsx
USGS-21IOWA_WQX-10850002,2021-06-03,36.0,mg/L,00530,Total Suspended Solids,1,south.xlsx
USGS-21IOWA_WQX-10850002,2021-07-01,14.0,mg/L,00530,Total Suspended Solids,1,south.xlsx
USGS-21IOWA_WQX-10850002,2021-08-09,15.0,mg/L,00530,Total Suspended Solids,1,south.xlsx
USGS-21IOWA_WQX-10850002,2021-09-02,16.0,mg/L,00530,Total Suspended Solids,1,south.xlsx
USGS-21IOWA_WQX-10850002,2021-10-07,10.0,mg/L,00530,Total Suspended Solids,1,south.xlsx
USGS-21IOWA_WQX-10850002,2021-11-04,13.0,mg/L,00530,Total Suspended Solids,1,south.xlsx
USGS-21IOWA_WQX-10850002,2021-12-01,11.0,mg/L,00530,Total Suspended Solids,1,south.xlsx
USGS-21IOWA_WQX-10850002,2022-01-06,3.0,mg/L,00530,Total Suspended Solids,1,south.xlsx
USGS-21IOWA_WQX-10850002,2022-02-09,8.0,mg/L,00530,Total Suspended Solids,1,south.xlsx
USGS-21IOWA_WQX-10850002,2022-03-15,15.0,mg/L,00530,Total Suspended Solids,1,south.xlsx
USGS-21IOWA_WQX-10850002,2022-04-12,13.0,mg/L,00530,Total Suspended Solids,1,south.xlsx
USGS-21IOWA_WQX-10850002,2022-05-05,81.0,mg/L,00530,Total Suspended Solids,1,south.xlsx
USGS-21IOWA_WQX-10850002,2022-06-07,170.0,mg/L,00530,Total Suspended Solids,1,south.xlsx
USGS-21IOWA_WQX-10850002,2022-07-14,52.0,mg/L,00530,Total Suspended Solids,1,south.xlsx
USGS-21IOWA_WQX-10850002,2022-08-10,6.0,mg/L,00530,Total Suspended Solids,1,south.xlsx
USGS-21IOWA_WQX-10850002,2022-09-07,8.0,mg/L,00530,Total Suspended Solids,1,south.xlsx
USGS-21IOWA_WQX-10850002,2022-10-03,3.0,mg/L,00530,Total Suspended Solids,1,south.xlsx
USGS-21IOWA_WQX-10850002,2022-11-08,4.0,mg/L,00530,Total Suspended Solids,1,south.xlsx
USGS-21IOWA_WQX-10850002,2022-12-06,12.0,mg/L,00530,Total Suspended Solids,1,south.xlsx
USGS-21IOWA_WQX-10850002,2023-01-05,45.0,mg/L,00530,Total Suspended Solids,1,south.xlsx
USGS-21IOWA_WQX-10850002,2023-02-09,12.0,mg/L,00530,Total Suspended Solids,1,south.xlsx
USGS-21IOWA_WQX-10850002,2023-03-06,52.0,mg/L,00530,Total Suspended Solids,1,south.xlsx
USGS-21IOWA_WQX-10850002,2023-04-05,11.0,mg/L,00530,Total Suspended Solids,1,south.xlsx
USGS-21IOWA_WQX-10850002,2023-05-04,11.0,mg/L,00530,Total Suspended Solids,1,south.xlsx
USGS-21IOWA_WQX-10850002,2023-06-07,30.0,mg/L,00530,Total Suspended Solids,1,south.xlsx
USGS-21IOWA_WQX-10850002,2023-07-11,9.0,mg/L,00530,Total Suspended Solids,1,south.xlsx
USGS-21IOWA_WQX-10850002,2023-08-03,8.0,mg/L,00530,Total Suspended Solids,1,south.xlsx
USGS-21IOWA_WQX-10850002,2023-09-07,8.0,mg/L,00530,Total Suspended Solids,1,south.xlsx
USGS-21IOWA_WQX-10850002,2023-10-04,5.0,mg/L,00530,Total Suspended Solids,1,south.xlsx
USGS-21IOWA_WQX-10850002,2023-11-08,22.0,mg/L,00530,Total Suspended Solids,1,south.xlsx
USGS-21IOWA_WQX-10850002,2023-12-12,5.0,mg/L,00530,Total Suspended Solids,1,south.xlsx
USGS-21IOWA_WQX-10850002,2024-01-10,5.0,mg/L,00530,Total Suspended Solids,1,south.xlsx
USGS-21IOWA_WQX-10850002,2024-02-13,10.0,mg/L,00530,Total Suspended Solids,1,south.xlsx
USGS-21IOWA_WQX-10850002,2024-03-14,5.0,mg/L,00530,Total Suspended Solids,1,south.xlsx
USGS-21IOWA_WQX-10850002,2024-04-03,21.0,mg/L,00530,Total Suspended Solids,1,south.xlsx
USGS-21IOWA_WQX-10850002,2024-05-02,64.0,mg/L,00530,Total Suspended Solids,1,south.xlsx
USGS-21IOWA_WQX-10850002,2024-06-05,92.0,mg/L,00530,Total Suspended Solids,1,south.xlsx
USGS-21IOWA_WQX-10850002,2024-07-03,170.0,mg/L,00530,Total Suspended Solids,1,south.xlsx
USGS-21IOWA_WQX-10850002,2024-08-06,14.0,mg/L,00530,Total Suspended Solids,1,south.xlsx
USGS-21IOWA_WQX-10850002,2024-09-05,7.0,mg/L,00530,Total Suspended Solids,1,south.xlsx
USGS-21IOWA_WQX-10850002,2024-10-08,6.0,mg/L,00530,Total Suspended Solids,1,south.xlsx
USGS-21IOWA_WQX-10850002,2024-11-12,3.0,mg/L,00530,Total Suspended Solids,1,south.xlsx
USGS-21IOWA_WQX-10850002,2024-12-03,2.0,mg/L,00530,Total Suspended Solids,1,south.xlsx
USGS-21IOWA_WQX-10850002,2025-01-07,4.0,mg/L,00530,Total Suspended Solids,1,south.xlsx
USGS-21IOWA_WQX-10850002,2025-02-04,3.0,mg/L,00530,Total Suspended Solids,1,south.xlsx
USGS-21IOWA_WQX-10850002,2025-03-03,7.0,mg/L,00530,Total Suspended Solids,1,south.xlsx
USGS-21IOWA_WQX-10850002,2025-04-03,19.0,mg/L,00530,Total Suspended Solids,1,south.xlsx
USGS-21IOWA_WQX-10850003,1999-10-07,22.0,mg/L,00530,Total Suspended Solids,1,south.xlsx
USGS-21IOWA_WQX-10850003,2000-04-04,10.0,mg/L,00530,Total Suspended Solids,1,south.xlsx
USGS-21IOWA_WQX-10850003,2000-10-17,25.0,mg/L,00530,Total Suspended Solids,1,south.xlsx
USGS-21IOWA_WQX-10850003,2000-11-27,2.0,mg/L,00530,Total Suspended Solids,1,south.xlsx
USGS-21IOWA_WQX-10850003,2000-12-21,2.0,mg/L,00530,Total Suspended Solids,1,south.xlsx
USGS-21IOWA_WQX-10850003,2001-01-16,2.0,mg/L,00530,Total Suspended Solids,1,south.xlsx
USGS-21IOWA_WQX-10850003,2001-02-20,2.0,mg/L,00530,Total Suspended Solids,1,south.xlsx
USGS-21IOWA_WQX-10850003,2001-03-22,320.0,mg/L,00530,Total Suspended Solids,1,south.xlsx
USGS-21IOWA_WQX-10850003,2001-04-18,16.0,mg/L,00530,Total Suspended Solids,1,south.xlsx
USGS-21IOWA_WQX-10850003,2001-05-16,17.0,mg/L,00530,Total Suspended Solids,1,south.xlsx
USGS-21IOWA_WQX-10850003,2001-06-20,43.0,mg/L,00530,Total Suspended Solids,1,south.xlsx
USGS-21IOWA_WQX-10850003,2001-07-17,7.0,mg/L,00530,Total Suspended Solids,1,south.xlsx
USGS-21IOWA_WQX-10850003,2001-08-14,5.0,mg/L,00530,Total Suspended Solids,1,south.xlsx
USGS-21IOWA_WQX-10850003,2001-09-18,13.0,mg/L,00530,Total Suspended Solids,1,south.xlsx
USGS-21IOWA_WQX-10850003,2001-10-15,4.0,mg/L,00530,Total Suspended Solids,1,south.xlsx
USGS-21IOWA_WQX-10850003,2001-11-14,4.0,mg/L,00530,Total Suspended Solids,1,south.xlsx
USGS-21IOWA_WQX-10850003,2001-12-11,3.0,mg/L,00530,Total Suspended Solids,1,south.xlsx
USGS-21IOWA_WQX-10850003,2002-01-16,3.0,mg/L,00530,Total Suspended Solids,1,south.xlsx
USGS-21IOWA_WQX-10850003,2002-02-12,3.0,mg/L,00530,Total Suspended Solids,1,south.xlsx
USGS-21IOWA_WQX-10850003,2002-03-13,7.0,mg/L,00530,Total Suspended Solids,1,south.xlsx
USGS-21IOWA_WQX-10850003,2002-04-10,8.0,mg/L,00530,Total Suspended Solids,1,south.xlsx
USGS-21IOWA_WQX-10850003,2002-05-14,110.0,mg/L,00530,Total Suspended Solids,1,south.xlsx
USGS-21IOWA_WQX-10850003,2002-06-12,67.0,mg/L,00530,Total Suspended Solids,1,south.xlsx
USGS-21IOWA_WQX-10850003,2002-07-09,33.0,mg/L,00530,Total Suspended Solids,1,south.xlsx
USGS-21IOWA_WQX-10850003,2002-08-14,98.0,mg/L,00530,Total Suspended Solids,1,south.xlsx
USGS-21IOWA_WQX-10850003,2002-09-11,21.0,mg/L,00530,Total Suspended Solids,1,south.xlsx
USGS-21IOWA_WQX-10850003,2002-10-09,39.0,mg/L,00530,Total Suspended Solids,1,south.xlsx
USGS-21IOWA_WQX-10850003,2002-11-13,3.0,mg/L,00530,Total Suspended Solids,1,south.xlsx
USGS-21IOWA_WQX-10850003,2003-01-15,2.0,mg/L,00530,Total Suspended Solids,1,south.xlsx
USGS-21IOWA_WQX-10850003,2003-02-12,1.0,mg/L,00530,Total Suspended Solids,1,south.xlsx
USGS-21IOWA_WQX-10850003,2003-03-11,2.0,mg/L,00530,Total Suspended Solids,1,south.xlsx
USGS-21IOWA_WQX-10850003,2003-04-14,12.0,mg/L,00530,Total Suspended Solids,1,south.xlsx
USGS-21IOWA_WQX-10850003,2003-05-14,110.0,mg/L,00530,Total Suspended Solids,1,south.xlsx
USGS-21IOWA_WQX-10850003,2003-06-11,38.0,mg/L,00530,Total Suspended Solids,1,south.xlsx
USGS-21IOWA_WQX-10850003,2003-07-08,85.0,mg/L,00530,Total Suspended Solids,1,south.xlsx
USGS-21IOWA_WQX-10850003,2003-08-13,10.0,mg/L,00530,Total Suspended Solids,1,south.xlsx
USGS-21IOWA_WQX-10850003,2003-09-10,30.0,mg/L,00530,Total Suspended Solids,1,south.xlsx
USGS-21IOWA_WQX-10850003,2003-10-06,9.0,mg/L,00530,Total Suspended Solids,1,south.xlsx
USGS-21IOWA_WQX-10850003,2003-11-12,12.0,mg/L,00530,Total Suspended Solids,1,south.xlsx
USGS-21IOWA_WQX-10850003,2003-12-09,6.0,mg/L,00530,Total Suspended Solids,1,south.xlsx
USGS-21IOWA_WQX-10850003,2004-02-11,2.0,mg/L,00530,Total Suspended Solids,1,south.xlsx
USGS-21IOWA_WQX-10850003,2004-03-10,31.0,mg/L,00530,Total Suspended Solids,1,south.xlsx
USGS-21IOWA_WQX-10850003,2004-04-14,9.0,mg/L,00530,Total Suspended Solids,1,south.xlsx
USGS-21IOWA_WQX-10850003,2004-05-12,18.0,mg/L,00530,Total Suspended Solids,1,south.xlsx
USGS-21IOWA_WQX-10850003,2004-06-07,62.0,mg/L,00530,Total Suspended Solids,1,south.xlsx
USGS-21IOWA_WQX-10850003,2004-07-14,62.0,mg/L,00530,Total Suspended Solids,1,south.xlsx
USGS-21IOWA_WQX-10850003,2004-08-11,14.0,mg/L,00530,Total Suspended Solids,1,south.xlsx
USGS-21IOWA_WQX-10850003,2004-09-08,10.0,mg/L,00530,Total Suspended Solids,1,south.xlsx
USGS-21IOWA_WQX-10850003,2004-10-14,4.0,mg/L,00530,Total Suspended Solids,1,south.xlsx
USGS-21IOWA_WQX-10850003,2004-11-10,5.0,mg/L,00530,Total Suspended Solids,1,south.xlsx
USGS-21IOWA_WQX-10850003,2004-12-08,12.0,mg/L,00530,Total Suspended Solids,1,south.xlsx
USGS-21IOWA_WQX-10850003,2005-01-18,3.0,mg/L,00530,Total Suspended Solids,1,south.xlsx
USGS-21IOWA_WQX-10850003,2005-02-09,9.0,mg/L,00530,Total Suspended Solids,1,south.xlsx
USGS-21IOWA_WQX-10850003,2005-03-09,5.0,mg/L,00530,Total Suspended Solids,1,south.xlsx
USGS-21IOWA_WQX-10850003,2005-04-13,320.0,mg/L,00530,Total Suspended Solids,1,south.xlsx
USGS-21IOWA_WQX-10850003,2005-05-02,6.0,mg/L,00530,Total Suspended Solids,1,south.xlsx
USGS-21IOWA_WQX-10850003,2005-06-08,12.0,mg/L,00530,Total Suspended Solids,1,south.xlsx
USGS-21IOWA_WQX-10850003,2005-07-13,29.0,mg/L,00530,Total Suspended Solids,1,south.xlsx
USGS-21IOWA_WQX-10850003,2005-08-10,16.0,mg/L,00530,Total Suspended Solids,1,south.xlsx
USGS-21IOWA_WQX-10850003,2005-09-14,36.0,mg/L,00530,Total Suspended Solids,1,south.xlsx
USGS-21IOWA_WQX-10850003,2005-10-12,8.0,mg/L,00530,Total Suspended Solids,1,south.xlsx
USGS-21IOWA_WQX-10850003,2005-11-08,4.0,mg/L,00530,Total Suspended Solids,1,south.xlsx
USGS-21IOWA_WQX-10850003,2006-01-10,5.0,mg/L,00530,Total Suspended Solids,1,south.xlsx
USGS-21IOWA_WQX-10850003,2006-02-07,4.0,mg/L,00530,Total Suspended Solids,1,south.xlsx
USGS-21IOWA_WQX-10850003,2006-03-08,2.0,mg/L,00530,Total Suspended Solids,1,south.xlsx
USGS-21IOWA_WQX-10850003,2006-04-12,42.0,mg/L,00530,Total Suspended Solids,1,south.xlsx
USGS-21IOWA_WQX-10850003,2006-05-09,99.0,mg/L,00530,Total Suspended Solids,1,south.xlsx
USGS-21IOWA_WQX-10850003,2006-06-07,17.0,mg/L,00530,Total Suspended Solids,1,south.xlsx
USGS-21IOWA_WQX-10850003,2006-07-12,430.0,mg/L,00530,Total Suspended Solids,1,south.xlsx
USGS-21IOWA_WQX-10850003,2006-08-09,52.0,mg/L,00530,Total Suspended Solids,1,south.xlsx
USGS-21IOWA_WQX-10850003,2006-09-12,150.0,mg/L,00530,Total Suspended Solids,1,south.xlsx
USGS-21IOWA_WQX-10850003,2006-10-11,5.0,mg/L,00530,Total Suspended Solids,1,south.xlsx
USGS-21IOWA_WQX-10850003,2006-11-07,4.0,mg/L,00530,Total Suspended Solids,1,south.xlsx
USGS-21IOWA_WQX-10850003,2006-12-12,13.0,mg/L,00530,Total Suspended Solids,1,south.xlsx
USGS-21IOWA_WQX-10850003,2008-01-15,2.0,mg/L,00530,Total Suspended Solids,2,south.xlsx
USGS-21IOWA_WQX-10850003,2008-02-13,2.0,mg/L,00530,Total Suspended Solids,1,south.xlsx
USGS-21IOWA_WQX-10850003,2008-03-11,6.5,mg/L,00530,Total Suspended Solids,2,south.xlsx
USGS-21IOWA_WQX-10850003,2008-04-08,30.5,mg/L,00530,Total Suspended Solids,2,south.xlsx
USGS-21IOWA_WQX-10850003,2008-05-14,25.0,mg/L,00530,Total Suspended Solids,2,south.xlsx
USGS-21IOWA_WQX-10850003,2008-06-09,385.0,mg/L,00530,Total Suspended Solids,2,south.xlsx
USGS-21IOWA_WQX-10850003,2008-07-15,26.5,mg/L,00530,Total Suspended Solids,2,south.xlsx
USGS-21IOWA_WQX-10850003,2008-08-12,7.0,mg/L,00530,Total Suspended Solids,2,south.xlsx
USGS-21IOWA_WQX-10850003,2009-04-07,59.0,mg/L,00530,Total Suspended Solids,1,south.xlsx
USGS-21IOWA_WQX-10850003,2009-05-12,33.0,mg/L,00530,Total Suspended Solids,1,south.xlsx
USGS-21IOWA_WQX-10850003,2009-06-09,28.0,mg/L,00530,Total Suspended Solids,1,south.xlsx
USGS-21IOWA_WQX-10850003,2009-07-08,13.5,mg/L,00530,Total Suspended Solids,2,south.xlsx
USGS-21IOWA_WQX-10850003,2009-08-10,26.0,mg/L,00530,Total Suspended Solids,2,south.xlsx
USGS-21IOWA_WQX-10850003,2009-09-09,9.0,mg/L,00530,Total Suspended Solids,2,south.xlsx
USGS-21IOWA_WQX-10850003,2009-10-12,5.0,mg/L,00530,Total Suspended Solids,2,south.xlsx
USGS-21IOWA_WQX-10850003,2009-11-10,13.0,mg/L,00530,Total Suspended Solids,2,south.xlsx
USGS-21IOWA_WQX-10850003,2009-12-17,3.5,mg/L,00530,Total Suspended Solids,2,south.xlsx
USGS-21IOWA_WQX-10850003,2010-01-12,2.0,mg/L,00530,Total Suspended Solids,2,south.xlsx
USGS-21IOWA_WQX-10850003,2010-02-16,1.5,mg/L,00530,Total Suspended Solids,2,south.xlsx
USGS-21IOWA_WQX-10850003,2010-03-09,45.5,mg/L,00530,Total Suspended Solids,2,south.xlsx
USGS-21IOWA_WQX-10850003,2010-04-13,7.5,mg/L,00530,Total Suspended Solids,2,south.xlsx
USGS-21IOWA_WQX-10850003,2010-05-11,21.0,mg/L,00530,Total Suspended Solids,2,south.xlsx
USGS-21IOWA_WQX-10850003,2010-06-08,25.0,mg/L,00530,Total Suspended Solids,2,south.xlsx
USGS-21IOWA_WQX-10850003,2010-07-13,16.0,mg/L,00530,Total Suspended Solids,2,south.xlsx
USGS-21IOWA_WQX-10850003,2010-08-09,311.0,mg/L,00530,Total Suspended Solids,2,south.xlsx
USGS-21IOWA_WQX-10850003,2010-09-07,22.5,mg/L,00530,Total Suspended Solids,2,south.xlsx
USGS-21IOWA_WQX-10850003,2010-10-12,3.5,mg/L,00530,Total Suspended Solids,2,south.xlsx
USGS-21IOWA_WQX-10850003,2010-11-09,2.0,mg/L,00530,Total Suspended Solids,2,south.xlsx
USGS-21IOWA_WQX-10850003,2010-12-07,2.5,mg/L,00530,Total Suspended Solids,2,south.xlsx
USGS-21IOWA_WQX-10850003,2011-01-13,2.5,mg/L,00530,Total Suspended Solids,2,south.xlsx
USGS-21IOWA_WQX-10850003,2011-02-09,3.0,mg/L,00530,Total Suspended Solids,1,south.xlsx
USGS-21IOWA_WQX-10850003,2011-03-09,4.0,mg/L,00530,Total Suspended Solids,2,south.xlsx
USGS-21IOWA_WQX-10850003,2011-04-13,4.5,mg/L,00530,Total Suspended Solids,2,south.xlsx
USGS-21IOWA_WQX-10850003,2011-05-10,15.0,mg/L,00530,Total Suspended Solids,2,south.xlsx
USGS-21IOWA_WQX-10850003,2011-06-15,98.5,mg/L,00530,Total Suspended Solids,2,south.xlsx
USGS-21IOWA_WQX-10850003,2011-07-12,16.5,mg/L,00530,Total Suspended Solids,2,south.xlsx
USGS-21IOWA_WQX-10850003,2011-08-08,7.0,mg/L,00530,Total Suspended Solids,2,south.xlsx
USGS-21IOWA_WQX-10850003,2011-09-13,9.5,mg/L,00530,Total Suspended Solids,2,south.xlsx
USGS-21IOWA_WQX-10850003,2011-10-11,9.0,mg/L,00530,Total Suspended Solids,2,south.xlsx
USGS-21IOWA_WQX-10850003,2011-11-09,6.5,mg/L,00530,Total Suspended Solids,2,south.xlsx
USGS-21IOWA_WQX-10850003,2011-12-13,6.5,mg/L,00530,Total Suspended Solids,2,south.xlsx
USGS-21IOWA_WQX-10850003,2012-01-10,1.5,mg/L,00530,Total Suspended Solids,2,south.xlsx
USGS-21IOWA_WQX-10850003,2012-02-07,1.0,mg/L,00530,Total Suspended Solids,2,south.xlsx
USGS-21IOWA_WQX-10850003,2012-03-12,1.5,mg/L,00530,Total Suspended Solids,2,south.xlsx
USGS-21IOWA_WQX-10850003,2012-04-10,2.5,mg/L,00530,Total Suspended Solids,2,south.xlsx
USGS-21IOWA_WQX-10850003,2012-05-09,32.0,mg/L,00530,Total Suspended Solids,2,south.xlsx
USGS-21IOWA_WQX-10850003,2012-06-05,4.5,mg/L,00530,Total Suspended Solids,2,south.xlsx
USGS-21IOWA_WQX-10850003,2012-07-09,12.0,mg/L,00530,Total Suspended Solids,2,south.xlsx
USGS-21IOWA_WQX-10850003,2012-08-06,12.0,mg/L,00530,Total Suspended Solids,2,south.xlsx
USGS-21IOWA_WQX-10850003,2012-09-11,5.5,mg/L,00530,Total Suspended Solids,2,south.xlsx
USGS-21IOWA_WQX-10850003,2012-10-09,3.5,mg/L,00530,Total Suspended Solids,2,south.xlsx
USGS-21IOWA_WQX-10850003,2012-11-13,3.5,mg/L,00530,Total Suspended Solids,2,south.xlsx
USGS-21IOWA_WQX-10850003,2012-12-10,1.5,mg/L,00530,Total Suspended Solids,2,south.xlsx
USGS-21IOWA_WQX-10850003,2013-01-15,3.0,mg/L,00530,Total Suspended Solids,1,south.xlsx
USGS-21IOWA_WQX-10850003,2013-02-13,18.0,mg/L,00530,Total Suspended Solids,1,south.xlsx
USGS-21IOWA_WQX-10850003,2013-03-14,16.0,mg/L,00530,Total Suspended Solids,1,south.xlsx
USGS-21IOWA_WQX-10850003,2013-04-08,3.0,mg/L,00530,Total Suspended Solids,1,south.xlsx
USGS-21IOWA_WQX-10850003,2013-05-01,16.0,mg/L,00530,Total Suspended Solids,1,south.xlsx
USGS-21IOWA_WQX-10850003,2013-06-05,130.0,mg/L,00530,Total Suspended Solids,1,south.xlsx
USGS-21IOWA_WQX-10850003,2013-07-09,14.0,mg/L,00530,Total Suspended Solids,1,south.xlsx
USGS-21IOWA_WQX-10850003,2013-08-14,6.0,mg/L,00530,Total Suspended Solids,1,south.xlsx
USGS-21IOWA_WQX-10850003,2013-09-11,6.0,mg/L,00530,Total Suspended Solids,1,south.xlsx
USGS-21IOWA_WQX-10850003,2013-10-10,5.0,mg/L,00530,Total Suspended Solids,1,south.xlsx
USGS-21IOWA_WQX-10850003,2013-11-12,3.0,mg/L,00530,Total Suspended Solids,1,south.xlsx
USGS-21IOWA_WQX-10850003,2013-12-12,3.0,mg/L,00530,Total Suspended Solids,1,south.xlsx
USGS-21IOWA_WQX-10850003,2014-01-15,3.0,mg/L,00530,Total Suspended Solids,1,south.xlsx
USGS-21IOWA_WQX-10850003,2014-02-11,3.0,mg/L,00530,Total Suspended Solids,1,south.xlsx
USGS-21IOWA_WQX-10850003,2014-03-11,50.0,mg/L,00530,Total Suspended Solids,1,south.xlsx
USGS-21IOWA_WQX-10850003,2014-04-07,3.0,mg/L,00530,Total Suspended Solids,1,south.xlsx
USGS-21IOWA_WQX-10850003,2014-05-05,21.0,mg/L,00530,Total Suspended Solids,1,south.xlsx
USGS-21IOWA_WQX-10850003,2014-06-05,24.0,mg/L,00530,Total Suspended Solids,1,south.xlsx
USGS-21IOWA_WQX-10850003,2014-07-02,210.0,mg/L,00530,Total Suspended Solids,1,south.xlsx
USGS-21IOWA_WQX-10850003,2014-08-07,38.0,mg/L,00530,Total Suspended Solids,1,south.xlsx
USGS-21IOWA_WQX-10850003,2014-09-04,26.0,mg/L,00530,Total Suspended Solids,1,south.xlsx
USGS-21IOWA_WQX-11400004,2008-01-07,10.0,mg/L,00530,Total Suspended Solids,2,south.xlsx
USGS-21IOWA_WQX-11400004,2008-02-12,11.0,mg/L,00530,Total Suspended Solids,2,south.xlsx
USGS-21IOWA_WQX-11400004,2008-03-06,10.5,mg/L,00530,Total Suspended Solids,2,south.xlsx
USGS-21IOWA_WQX-11400004,2008-03-18,28.0,mg/L,00530,Total Suspended Solids,2,south.xlsx
USGS-21IOWA_WQX-11400004,2008-04-01,99.5,mg/L,00530,Total Suspended Solids,2,south.xlsx
USGS-21IOWA_WQX-11400004,2008-04-23,18.0,mg/L,00530,Total Suspended Solids,2,south.xlsx
USGS-21IOWA_WQX-11400004,2008-05-13,9.5,mg/L,00530,Total Suspended Solids,2,south.xlsx
USGS-21IOWA_WQX-11400004,2008-05-27,9.5,mg/L,00530,Total Suspended Solids,2,south.xlsx
USGS-21IOWA_WQX-11400004,2008-06-11,81.0,mg/L,00530,Total Suspended Solids,2,south.xlsx
USGS-21IOWA_WQX-11400004,2008-06-24,25.0,mg/L,00530,Total Suspended Solids,2,south.xlsx
USGS-21IOWA_WQX-11400004,2008-07-08,12.5,mg/L,00530,Total Suspended Solids,2,south.xlsx
USGS-21IOWA_WQX-11400004,2008-07-24,34.0,mg/L,00530,Total Suspended Solids,2,south.xlsx
USGS-21IOWA_WQX-11400004,2008-08-04,12.0,mg/L,00530,Total Suspended Solids,2,south.xlsx
USGS-21IOWA_WQX-11400004,2008-08-18,10.0,mg/L,00530,Total Suspended Solids,2,south.xlsx
USGS-21IOWA_WQX-11400004,2008-09-04,6.5,mg/L,00530,Total Suspended Solids,2,south.xlsx
USGS-21IOWA_WQX-11400004,2008-09-16,9.5,mg/L,00530,Total Suspended Solids,2,south.xlsx
USGS-21IOWA_WQX-11400004,2008-10-01,16.0,mg/L,00530,Total Suspended Solids,2,south.xlsx
USGS-21IOWA_WQX-11400004,2008-10-06,11.0,mg/L,00530,Total Suspended Solids,2,south.xlsx
USGS-21IOWA_WQX-11400004,2008-10-22,8.5,mg/L,00530,Total Suspended Solids,2,south.xlsx
USGS-21IOWA_WQX-11400004,2008-11-06,197.0,mg/L,00530,Total Suspended Solids,2,south.xlsx
USGS-21IOWA_WQX-11400004,2008-11-19,9.5,mg/L,00530,Total Suspended Solids,2,south.xlsx
USGS-21IOWA_WQX-11400004,2008-12-03,5.5,mg/L,00530,Total Suspended Solids,2,south.xlsx
USGS-21IOWA_WQX-11400004,2009-01-06,7.0,mg/L,00530,Total Suspended Solids,2,south.xlsx
USGS-21IOWA_WQX-11400004,2009-02-04,4.5,mg/L,00530,Total Suspended Solids,2,south.xlsx
USGS-21IOWA_WQX-11400004,2009-03-02,14.0,mg/L,00530,Total Suspended Solids,2,south.xlsx
USGS-21IOWA_WQX-11400004,2009-03-16,27.0,mg/L,00530,Total Suspended Solids,2,south.xlsx
USGS-21IOWA_WQX-11400004,2009-04-02,15.0,mg/L,00530,Total Suspended Solids,2,south.xlsx
USGS-21IOWA_WQX-11400004,2009-04-21,6.0,mg/L,00530,Total Suspended Solids,2,south.xlsx
USGS-21IOWA_WQX-11400004,2009-05-12,9.5,mg/L,00530,Total Suspended Solids,2,south.xlsx
USGS-21IOWA_WQX-11400004,2009-05-27,91.5,mg/L,00530,Total Suspended Solids,2,south.xlsx
USGS-21IOWA_WQX-11400004,2009-06-10,9.5,mg/L,00530,Total Suspended Solids,2,south.xlsx
USGS-21IOWA_WQX-11400004,2009-06-23,18.5,mg/L,00530,Total Suspended Solids,2,south.xlsx
USGS-21IOWA_WQX-11400004,2009-07-15,5.0,mg/L,00530,Total Suspended Solids,2,south.xlsx
USGS-21IOWA_WQX-11400004,2009-07-28,3.0,mg/L,00530,Total Suspended Solids,2,south.xlsx
USGS-21IOWA_WQX-11850005,2011-07-20,20.5,mg/L,00530,Total Suspended Solids,2,south.xlsx
USGS-21IOWA_WQX-12850006,2009-01-06,7.0,mg/L,00530,Total Suspended Solids,2,south.xlsx
USGS-21IOWA_WQX-12850006,2009-02-04,6.0,mg/L,00530,Total Suspended Solids,2,south.xlsx
USGS-21IOWA_WQX-12850006,2009-03-02,9.0,mg/L,00530,Total Suspended Solids,2,south.xlsx
USGS-21IOWA_WQX-12850006,2009-03-16,68.5,mg/L,00530,Total Suspended Solids,2,south.xlsx
USGS-21IOWA_WQX-12850006,2009-04-02,40.5,mg/L,00530,Total Suspended Solids,2,south.xlsx
USGS-21IOWA_WQX-12850006,2009-04-21,18.5,mg/L,00530,Total Suspended Solids,2,south.xlsx
USGS-21IOWA_WQX-12850006,2009-05-12,36.0,mg/L,00530,Total Suspended Solids,2,south.xlsx
USGS-21IOWA_WQX-12850006,2009-05-27,128.0,mg/L,00530,Total Suspended Solids,2,south.xlsx
USGS-21IOWA_WQX-12850006,2009-06-10,17.5,mg/L,00530,Total Suspended Solids,2,south.xlsx
USGS-21IOWA_WQX-12850006,2009-06-23,74.5,mg/L,00530,Total Suspended Solids,2,south.xlsx
USGS-21IOWA_WQX-12850006,2009-07-15,28.5,mg/L,00530,Total Suspended Solids,2,south.xlsx
USGS-21IOWA_WQX-12850006,2009-07-28,22.0,mg/L,00530,Total Suspended Solids,2,south.xlsx
USGS-21IOWA_WQX-12850017,2011-07-19,15.0,mg/L,00530,Total Suspended Solids,2,south.xlsx
USGS-21IOWA_WQX-16500001,2003-04-16,6.5,mg/L,00530,Total Suspended Solids,2,south.xlsx
USGS-21IOWA_WQX-16500001,2003-04-23,20.5,mg/L,00530,Total Suspended Solids,2,south.xlsx
USGS-21IOWA_WQX-16500001,2003-05-19,33.0,mg/L,00530,Total Suspended Solids,2,south.xlsx
USGS-21IOWA_WQX-16500001,2003-05-27,19.5,mg/L,00530,Total Suspended Solids,2,south.xlsx
USGS-21IOWA_WQX-16500001,2003-06-03,14.0,mg/L,00530,Total Suspended Solids,2,south.xlsx
USGS-21IOWA_WQX-16500001,2003-06-19,51.5,mg/L,00530,Total Suspended Solids,2,south.xlsx
USGS-21IOWA_WQX-16500001,2003-06-26,62.0,mg/L,00530,Total Suspended Solids,2,south.xlsx
USGS-21IOWA_WQX-16500001,2003-07-17,30.0,mg/L,00530,Total Suspended Solids,2,south.xlsx
USGS-21IOWA_WQX-16500001,2003-07-24,7.5,mg/L,00530,Total Suspended Solids,2,south.xlsx
USGS-21IOWA_WQX-16500001,2003-08-08,4.5,mg/L,00530,Total Suspended Solids,2,south.xlsx
USGS-21IOWA_WQX-16500001,2003-08-15,5.0,mg/L,00530,Total Suspended Solids,2,south.xlsx
USGS-21IOWA_WQX-16500001,2003-09-17,8.0,mg/L,00530,Total Suspended Solids,2,south.xlsx
USGS-21IOWA_WQX-16500001,2003-09-24,5.0,mg/L,00530,Total Suspended Solids,2,south.xlsx
USGS-21IOWA_WQX-16850001,2002-06-06,32.0,mg/L,00530,Total Suspended Solids,1,south.xlsx
USGS-21IOWA_WQX-16850001,2002-06-20,22.0,mg/L,00530,Total Suspended Solids,2,south.xlsx
USGS-421100093320002,2021-05-18,44.0,mg/l,80154,Suspended Sediment Concentration,1,south.xlsx
USGS-421100093320002,2021-05-18,0.26,tons/day,80155,Suspended Sediment Discharge,1,south.xlsx
USGS-NARS_WQX-FW08IA044,2009-08-06,16.0,mg/L,00530,Total Suspended Solids,1,south.xlsx
USGS-NARS_WQX-FW08IA049,2009-07-30,116.4,mg/L,00530,Total Suspended Solids,1,south.xlsx
USGS-NARS_WQX-IALS-1052,2014-06-25,6.1,mg/L,00530,Total Suspended Solids,1,south.xlsx
USGS-NARS_WQX-IARF-0001,2014-06-24,62.6,mg/L,00530,Total Suspended Solids,1,south.xlsx
USGS-NARS_WQX-IASS-1090,2013-07-22,4.7,mg/L,00530,Total Suspended Solids,1,south.xlsx
USGS-NARS_WQX-NRS_IA-10109,2018-09-10,27.2,mg/L,00530,Total Suspended Solids,1,south.xlsx
USGS-NARS_WQX-NRS_IA-10165,2023-06-15,41.3,mg/L,00530,Total Suspended Solids,1,south.xlsx
